,Classifier,Actual,Pred,Type,Dataset,classAnonymousClassesQty,classAssignmentsQty,classCbo,classComparisonsQty,classLambdasQty,classLcom,classLoc,classLoopQty,classMathOperationsQty,classMaxNestedBlocks,classNosi,classNumberOfAbstractMethods,classNumberOfDefaultMethods,classNumberOfFields,classNumberOfFinalFields,classNumberOfFinalMethods,classNumberOfMethods,classNumberOfPrivateFields,classNumberOfPrivateMethods,classNumberOfProtectedFields,classNumberOfProtectedMethods,classNumberOfPublicFields,classNumberOfPublicMethods,classNumberOfStaticFields,classNumberOfStaticMethods,classNumberOfSynchronizedMethods,classNumbersQty,classParenthesizedExpsQty,classReturnQty,classRfc,classStringLiteralsQty,classSubClassesQty,classTryCatchQty,classUniqueWordsQty,classVariablesQty,classWmc,authorOwnership,bugFixCount,linesAdded,linesDeleted,qtyMajorAuthors,qtyMinorAuthors,qtyOfAuthors,qtyOfCommits,refactoringsInvolved
0,TBStack-LR,0,0,TreeStacking,Extract Subclass,0.0,0.0022183879714074,0.0108161258603736,0.0017241379310344,0.0,4.291450816908317e-05,0.0022343645264162,0.0,0.0007530120481927,0.0952380952380952,0.001763668430335,0.0,0.0,0.0012110202845897,0.0006058770069675,0.0,0.0080445544554455,0.0100502512562814,0.0,0.0,0.0,0.0,0.0121722846441947,0.0006055101422948,0.0,0.0,0.0,0.0006425358749196,0.0112359550561797,0.0218093699515347,0.0021857923497267,0.0009487666034155,0.0045662100456621,0.021505376344086,0.0030275507114744,0.0047948854555141,0.4137931034482758,0.0061199510403916,0.000978564945712,7.814484146365288e-05,0.4615384615384615,0.0095238095238095,0.0660377358490566,0.008169014084507,0.0049751243781094
1,TBStack-LR,0,0,TreeStacking,Extract Subclass,0.0,0.0004929751047572,0.0,0.0,0.0,7.663305030193422e-07,0.0001828116430704,0.0,0.0,0.0476190476190476,0.0,0.0,0.0,0.0006055101422948,0.0006058770069675,0.0,0.0012376237623762,0.0,0.0053191489361702,0.0,0.0,0.0006055101422948,0.0009363295880149,0.0006055101422948,0.0009090909090909,0.0,0.0,0.0,0.0008643042350907,0.0008077544426494,0.0003122560499609,0.0009487666034155,0.0,0.0086021505376344,0.0006055101422948,0.0005327650506126,0.0,0.0,0.0,0.0,0.0,0.0,0.0,0.0,0.0
2,TBStack-LR,0,0,TreeStacking,Extract Subclass,0.0068728522336769,0.01059896475228,0.0167158308751229,0.0017241379310344,0.0,8.429635533212763e-05,0.0055655989112551,0.0049140049140049,0.0007530120481927,0.2857142857142857,0.0004409171075837,0.0,0.0,0.0036330608537693,0.0015146925174189,0.0,0.0123762376237623,0.0603015075376884,0.0212765957446808,0.0,0.0292397660818713,0.0,0.0084269662921348,0.0,0.0,0.0,0.0003511235955056,0.0002141786249732,0.0121002592912705,0.0411954765751211,0.0021857923497267,0.0018975332068311,0.0273972602739726,0.0455913978494623,0.007568876778686,0.0135855087906233,0.4711538461538461,0.040391676866585,0.132199642188848,0.0001269853673784,0.1538461538461538,0.1523809523809524,0.1698113207547169,0.0292957746478873,0.0008291873963515
3,TBStack-LR,0,0,TreeStacking,Extract Subclass,0.0,0.004929751047572,0.0019665683382497,0.0,0.0,4.981148269625724e-05,0.0019093660498466,0.0,0.003012048192771,0.0952380952380952,0.0004409171075837,0.0,0.0,0.0030275507114744,0.0012117540139351,0.0,0.0092821782178217,0.050251256281407,0.0,0.0,0.0,0.0,0.0140449438202247,0.0,0.0,0.0,0.0,0.0,0.0112359550561797,0.0088852988691437,0.004215456674473,0.0009487666034155,0.0045662100456621,0.0253763440860215,0.0051468362095065,0.0045285029302077,0.8333333333333334,0.0,0.0033316027922715,0.0073163107820345,0.1538461538461538,0.019047619047619,0.0377358490566037,0.2112676056338028,0.0
4,TBStack-LR,0,0,TreeStacking,Extract Subclass,0.0,0.0002464875523786,0.0039331366764995,0.0,0.0,3.0653220120773688e-06,0.0003249984765696,0.0,0.0,0.0952380952380952,0.0,0.0,0.0,0.0003027550711474,0.0003029385034837,0.0,0.0024752475247524,0.0050251256281407,0.0053191489361702,0.0,0.0,0.0,0.0028089887640449,0.0,0.0,0.0,0.0,0.0,0.0,0.0040387722132471,0.0003122560499609,0.0009487666034155,0.0,0.0086021505376344,0.0003027550711474,0.0013319126265316,0.0,0.0,0.0,0.0,0.0,0.0,0.0,0.0,0.0
5,TBStack-LR,0,0,TreeStacking,Extract Subclass,0.0,0.0,0.0,0.0,0.0,0.0,6.09372143568077e-05,0.0,0.0,0.0476190476190476,0.0,0.0,0.0,0.0,0.0,0.0,0.0006188118811881,0.0,0.0,0.0,0.0,0.0,0.0009363295880149,0.0,0.0,0.0,0.0,0.0,0.0008643042350907,0.0,0.0001561280249804,0.0009487666034155,0.0,0.0021505376344086,0.0,0.0002663825253063,0.7466666666666667,0.0489596083231334,0.0006237417783737,0.0014554476722605,0.2307692307692307,0.0666666666666666,0.0943396226415094,0.0422535211267605,0.0
6,TBStack-LR,0,1,TreeStacking,Extract Subclass,0.0,0.0098595020951441,0.0019665683382497,0.0198275862068965,0.0,0.0006077000888943,0.008023399890313,0.0,0.0331325301204819,0.1428571428571428,0.0207231040564373,0.0,0.0,0.0027247956403269,0.0027264465313541,0.0,0.0259900990099009,0.0452261306532663,0.0478723404255319,0.0,0.0,0.0,0.0308988764044943,0.0018165304268846,0.01,0.0,0.0074613764044943,0.0109231098736346,0.0829732065687121,0.0573505654281098,0.0035909445745511,0.0009487666034155,0.0,0.0511827956989247,0.0118074477747502,0.0367607884922749,1.0,0.0,0.0,0.0,0.0769230769230769,0.0,0.0094339622641509,0.000281690140845,0.0008291873963515
7,TBStack-LR,0,0,TreeStacking,Extract Subclass,0.0171821305841924,0.0155287157998521,0.1170108161258603,0.0051724137931034,0.0,5.211047420531527e-05,0.033779529158457,0.0098280098280098,0.0062751004016064,0.238095238095238,0.0026455026455026,0.0,0.0,0.0039358159249167,0.0033323235383217,0.0,0.010519801980198,0.0452261306532663,0.0425531914893617,0.0,0.0116959064327485,0.0009082652134423,0.0056179775280898,0.0018165304268846,0.0018181818181818,0.0,0.0007022471910112,0.0012850717498393,0.013828867761452,0.1179321486268174,0.0121779859484777,0.0512333965844402,0.0273972602739726,0.2120430107526881,0.0175597941265516,0.0199786893979754,0.5,0.0012239902080783,7.469961417649278e-06,1.953621036591322e-05,0.1538461538461538,0.0,0.0188679245283018,0.0005633802816901,0.0008291873963515
8,TBStack-LR,0,1,TreeStacking,Extract Subclass,0.0,0.0,0.0058997050147492,0.0,0.0,0.0002896729301413,0.0006703093579248,0.0,0.0,0.0,0.0,0.0,0.0,0.0,0.0,0.0,0.0173267326732673,0.0,0.0,0.0,0.0,0.0,0.0,0.0,0.0,0.0,0.0,0.0,0.0,0.0,0.0,0.0009487666034155,0.0,0.0193548387096774,0.0,0.0074587107085775,1.0,0.0,0.0007171162960943,0.0008498251509172,0.0769230769230769,0.0,0.0094339622641509,0.0011267605633802,0.0008291873963515
9,TBStack-LR,0,0,TreeStacking,Extract Subclass,0.0,0.0064086763618437,0.0904621435594887,0.0008620689655172,0.0,5.824111822947e-05,0.0044687290528325,0.0049140049140049,0.0002510040160642,0.0952380952380952,0.0,0.0,0.0,0.0003027550711474,0.0,0.0,0.0080445544554455,0.0050251256281407,0.0585106382978723,0.0,0.0,0.0,0.0018726591760299,0.0,0.0,0.0126582278481012,8.778089887640449e-05,0.0,0.0095073465859982,0.0266558966074313,0.0003122560499609,0.0009487666034155,0.0045662100456621,0.046021505376344,0.007568876778686,0.0053276505061267,0.0,0.0,0.0,0.0,0.0,0.0,0.0,0.0,0.0
10,TBStack-LR,0,0,TreeStacking,Extract Subclass,0.0,0.0,0.0019665683382497,0.0008620689655172,0.0,7.663305030193422e-07,0.0002234364526416,0.0,0.0002510040160642,0.0952380952380952,0.0008818342151675,0.0,0.0,0.0,0.0,0.0,0.0012376237623762,0.0,0.0053191489361702,0.0,0.0,0.0,0.0009363295880149,0.0,0.0018181818181818,0.0,8.778089887640449e-05,0.0,0.0025929127052722,0.0024232633279483,0.0,0.0009487666034155,0.0,0.0038709677419354,0.0,0.000799147575919,0.0,0.0,0.0,0.0,0.0,0.0,0.0,0.0,0.0
11,TBStack-LR,0,1,TreeStacking,Extract Subclass,0.0412371134020618,0.0431353216662558,0.0540806293018682,0.0396551724137931,0.0,0.0005770468687735,0.0398732505941378,0.0417690417690417,0.0007530120481927,0.238095238095238,0.0008818342151675,0.0,0.0,0.0139267332727823,0.0045440775522568,0.0,0.0414603960396039,0.2311557788944723,0.2340425531914893,0.0,0.0058479532163742,0.0,0.0205992509363295,0.0042385709960641,0.0036363636363636,0.0,0.0028967696629213,0.0017134289997858,0.0795159896283491,0.1550888529886914,0.0020296643247462,0.0075901328273244,0.0045662100456621,0.1587096774193548,0.0393581592491674,0.0711241342567927,0.7235772357723578,0.0428396572827417,0.0017180911260593,0.0021294469298845,0.2307692307692307,0.019047619047619,0.0471698113207547,0.0346478873239436,0.0124378109452736
12,TBStack-LR,0,0,TreeStacking,Extract Subclass,0.0,0.0014789253142716,0.0058997050147492,0.0,0.0,2.2989915090580268e-06,0.0035140460279092,0.0,0.0002510040160642,0.0476190476190476,0.0008818342151675,0.0,0.0,0.002119285498032,0.0015146925174189,0.0,0.0018564356435643,0.0351758793969849,0.0053191489361702,0.0,0.0,0.0,0.0018726591760299,0.0,0.0009090909090909,0.0,0.0,0.0,0.0,0.0024232633279483,0.0004683840749414,0.0056925996204933,0.0,0.0313978494623655,0.002119285498032,0.000799147575919,0.4385964912280701,0.0134638922888616,0.0015126671870739,0.0023345771387266,0.3076923076923077,0.0095238095238095,0.0471698113207547,0.016056338028169,0.0024875621890547
13,TBStack-LR,0,0,TreeStacking,Extract Subclass,0.0034364261168384,0.0098595020951441,0.0167158308751229,0.0060344827586206,0.0,0.0,0.005057788791615,0.0,0.0175702811244979,0.2857142857142857,0.0,0.0,0.0,0.0012110202845897,0.0,0.0,0.0043316831683168,0.0,0.0,0.0,0.023391812865497,0.0012110202845897,0.0028089887640449,0.0,0.0,0.0,0.0200140449438202,0.0034268579995716,0.0,0.0323101777059773,0.0064012490241998,0.0009487666034155,0.0,0.0331182795698924,0.0081743869209809,0.0263718700053276,0.0,0.0,0.0,0.0,0.0,0.0,0.0,0.0,0.0
14,TBStack-LR,0,0,TreeStacking,Extract Subclass,0.0,0.0004929751047572,0.0098328416912487,0.0008620689655172,0.0,1.6092940563406187e-05,0.0008937458105665,0.0024570024570024,0.0,0.1904761904761904,0.0004409171075837,0.0,0.0,0.0,0.0,0.0,0.0043316831683168,0.0,0.0,0.0,0.0058479532163742,0.0,0.0056179775280898,0.0,0.0009090909090909,0.0,0.0,0.0,0.0008643042350907,0.0088852988691437,0.0010928961748633,0.0009487666034155,0.0,0.0094623655913978,0.0006055101422948,0.003995737879595,0.0,0.0,0.0,0.0,0.0,0.0,0.0,0.0,0.0
15,TBStack-LR,0,0,TreeStacking,Extract Subclass,0.0,0.0,0.0216322517207472,0.0008620689655172,0.0,0.0001172485669619,0.0009140582153521,0.0,0.0,0.0952380952380952,0.0013227513227513,0.056338028169014,0.0,0.0,0.0,0.0,0.0111386138613861,0.0,0.0,0.0,0.0,0.0,0.0168539325842696,0.0,0.0063636363636363,0.0,0.0,0.0,0.010371650821089,0.0105008077544426,0.0,0.0009487666034155,0.0,0.0124731182795698,0.0,0.0053276505061267,0.7093023255813954,0.0085679314565483,0.0132591815163274,0.0001660577881102,0.1538461538461538,0.0666666666666666,0.0849056603773584,0.024225352112676,0.0041459369817578
16,TBStack-LR,0,0,TreeStacking,Extract Subclass,0.0,0.004929751047572,0.0019665683382497,0.0,0.0,4.981148269625724e-05,0.0019093660498466,0.0,0.003012048192771,0.0952380952380952,0.0004409171075837,0.0,0.0,0.0030275507114744,0.0012117540139351,0.0,0.0092821782178217,0.050251256281407,0.0,0.0,0.0,0.0,0.0140449438202247,0.0,0.0,0.0,0.0,0.0,0.0112359550561797,0.0088852988691437,0.004215456674473,0.0009487666034155,0.0045662100456621,0.0253763440860215,0.0051468362095065,0.0045285029302077,0.5486567164179105,0.0012239902080783,0.0137820788155629,0.034667005294313,0.1538461538461538,0.0571428571428571,0.0754716981132075,0.943661971830986,0.0
17,TBStack-LR,0,0,TreeStacking,Extract Subclass,0.0,0.0229233423712102,0.0049164208456243,0.0025862068965517,0.0,1.6092940563406187e-05,0.0051796632203286,0.0,0.0025100401606425,0.0952380952380952,0.0004409171075837,0.0,0.0,0.0272479564032697,0.0272644653135413,0.0,0.0086633663366336,0.0,0.0,0.0,0.0,0.0272479564032697,0.0121722846441947,0.0251286709052376,0.0036363636363636,0.0,0.0044768258426966,0.0014992503748125,0.0475367329299913,0.011308562197092,0.0015612802498048,0.0009487666034155,0.0,0.0356989247311827,0.028156221616712,0.0167820990942994,0.98,0.0012239902080783,0.0004706075693119,0.0002344345243909,0.0769230769230769,0.0095238095238095,0.0188679245283018,0.0140845070422535,0.0
18,TBStack-LR,0,0,TreeStacking,Extract Subclass,0.0,0.0184865664283953,0.0403146509341199,0.0112068965517241,0.0,0.0002843086166201,0.0113749466799374,0.0147420147420147,0.01179718875502,0.1904761904761904,0.0030864197530864,0.0140845070422535,0.0,0.0027247956403269,0.0,0.008130081300813,0.0191831683168316,0.0050251256281407,0.0106382978723404,0.0444444444444444,0.1228070175438596,0.0,0.0056179775280898,0.0003027550711474,0.0018181818181818,0.0,0.0067591292134831,0.0049261083743842,0.0233362143474503,0.0589660743134087,0.0176424668227946,0.0047438330170777,0.0045662100456621,0.1255913978494623,0.0187708144111413,0.0301012253596164,0.5263157894736842,0.04406364749082,0.0017106211646416,0.0015531287240901,0.2307692307692307,0.0761904761904762,0.1037735849056603,0.032112676056338,0.0033167495854063
19,TBStack-LR,0,0,TreeStacking,Extract Subclass,0.0,0.014296278037959,0.0245821042281219,0.0043103448275862,0.0,0.0001647610581491,0.0066218439601064,0.0171990171990172,0.009789156626506,0.2857142857142857,0.0013227513227513,0.0,0.0,0.0018165304268846,0.0,0.0,0.0142326732673267,0.0150753768844221,0.0053191489361702,0.0,0.0350877192982456,0.0009082652134423,0.0149812734082397,0.0,0.0,0.0,0.0046523876404494,0.0029985007496251,0.0086430423509075,0.0597738287560581,0.0021857923497267,0.0009487666034155,0.0091324200913242,0.0550537634408602,0.0069633666363911,0.0237080447522642,0.7,0.0097919216646266,0.0018973702000829,0.0002735069451227,0.1538461538461538,0.0,0.0188679245283018,0.0056338028169014,0.0016583747927031
20,TBStack-LR,0,0,TreeStacking,Extract Subclass,0.0,0.0,0.007866273352999,0.0,0.0,0.0020139165619348,0.0016249923828482,0.0,0.0,0.0,0.0,0.0,0.0,0.0,0.0,0.0,0.0451732673267326,0.0,0.0,0.0,0.0,0.0,0.0683520599250936,0.0,0.0,0.0,0.0,0.0,0.0,0.0,0.0,0.0009487666034155,0.0,0.035268817204301,0.0,0.0194459243473628,0.5,0.0,0.0024314724414448,0.006300427843007,0.1538461538461538,0.0,0.0188679245283018,0.0005633802816901,0.0024875621890547
21,TBStack-LR,0,1,TreeStacking,Extract Subclass,0.0068728522336769,0.0414099087996056,0.0648967551622418,0.0025862068965517,0.0,0.000161695736137,0.0144014949929922,0.0221130221130221,0.0130522088353413,0.3809523809523809,0.0079365079365079,0.0,0.0,0.0099909173478655,0.004241139048773,0.0,0.0191831683168316,0.1658291457286432,0.0638297872340425,0.0,0.0,0.0,0.0177902621722846,0.0033303057826218,0.0018181818181818,0.0,0.0096558988764044,0.0049261083743842,0.010371650821089,0.0880452342487883,0.0182669789227166,0.0009487666034155,0.0182648401826484,0.0989247311827957,0.0354223433242506,0.0255727224294086,0.6666666666666666,0.0024479804161566,0.0034548571556627,0.0090745697149666,0.1538461538461538,0.0,0.0188679245283018,0.0008450704225352,0.0008291873963515
22,TBStack-LR,0,0,TreeStacking,Extract Subclass,0.0,0.0258811929997535,0.0206489675516224,0.0086206896551724,0.0,0.0001456027955736,0.0087952712721659,0.0221130221130221,0.0007530120481927,0.1904761904761904,0.0088183421516754,0.0,0.0,0.0015137753557372,0.0003029385034837,0.0,0.0198019801980198,0.0,0.0,0.0555555555555555,0.1403508771929824,0.0,0.0074906367041198,0.0003027550711474,0.0,0.0,8.778089887640449e-05,0.0,0.0190146931719965,0.0549273021001615,0.0149882903981264,0.0009487666034155,0.0,0.0602150537634408,0.0251286709052376,0.0215769845498135,0.4166666666666667,0.0012239902080783,0.0024464123642801,0.001797331353664,0.3076923076923077,0.019047619047619,0.0566037735849056,0.0169014084507042,0.0041459369817578
23,TBStack-LR,0,0,TreeStacking,Extract Subclass,0.0034364261168384,0.0004929751047572,0.0049164208456243,0.0,0.0,0.0,0.0268733115313521,0.0,0.0,0.0,0.0,0.0,0.0,0.0006055101422948,0.0,0.0,0.0,0.0,0.0,0.0,0.0,0.0,0.0,0.0,0.0,0.0,0.0,0.0,0.0,0.0,0.0001561280249804,0.0436432637571157,0.0,0.1006451612903225,0.0006055101422948,0.0,0.55,0.0061199510403916,0.0038358251879629,0.0010940277804911,0.1538461538461538,0.0,0.0188679245283018,0.028169014084507,0.0
24,TBStack-LR,0,0,TreeStacking,Extract Subclass,0.0,0.0298249938378111,0.0324483775811209,0.0077586206896551,0.0,0.0004467706832602,0.0322357863947512,0.0171990171990172,0.0007530120481927,0.238095238095238,0.0105820105820105,0.0,0.0,0.0081743869209809,0.007270524083611,0.0,0.0340346534653465,0.0301507537688442,0.026595744680851,0.0888888888888888,0.0409356725146198,0.0018165304268846,0.0383895131086142,0.0069633666363911,0.0109090909090909,0.0,0.0007022471910112,0.0,0.0535868625756266,0.0783521809369951,0.0129586260733801,0.0180265654648956,0.0136986301369863,0.1531182795698924,0.0317892824704813,0.0277037826318593,0.5689655172413793,0.018359853121175,0.0011503740583179,0.0009572743079297,0.2307692307692307,0.019047619047619,0.0471698113207547,0.016338028169014,0.0041459369817578
25,TBStack-LR,0,0,TreeStacking,Extract Subclass,0.0378006872852233,0.0377125955139265,0.0334316617502458,0.0034482758620689,0.0,0.0001394721515495,0.0182405394974711,0.0171990171990172,0.0007530120481927,0.1904761904761904,0.0030864197530864,0.0,0.0,0.0163487738419618,0.0106028476219327,0.0,0.0247524752475247,0.1708542713567839,0.1648936170212765,0.0,0.0116959064327485,0.0060551014229488,0.0065543071161048,0.0105964274901604,0.0,0.0,0.0018433988764044,0.0004283572499464,0.0060501296456352,0.1163166397415185,0.0034348165495706,0.0037950664136622,0.0091324200913242,0.0954838709677419,0.0342113230396609,0.0343633457645178,1.0,0.0085679314565483,0.0031187088918685,0.0010451872545763,0.0769230769230769,0.0,0.0094339622641509,0.0214084507042253,0.005804311774461
26,TBStack-LR,0,0,TreeStacking,Extract Subclass,0.0,0.0414099087996056,0.1769911504424778,0.1439655172413793,0.0,0.0,0.0204545916191017,0.0,0.0,0.0476190476190476,0.0,0.0,0.0,0.0508628519527702,0.0,0.0,0.1033415841584158,0.8442211055276382,0.0,0.0,0.0,0.0,0.1563670411985018,0.0,0.0,0.0,0.0,0.0,0.1443388072601555,0.0,0.0,0.0018975332068311,0.0,0.1182795698924731,0.0508628519527702,0.0889717634523175,0.6,0.0024479804161566,0.000339883244503,9.76810518295661e-06,0.2307692307692307,0.0,0.0283018867924528,0.0028169014084507,0.0016583747927031
27,TBStack-LR,0,0,TreeStacking,Extract Subclass,0.0,0.0,0.0,0.0,0.0,0.0,0.0020109280737746,0.0,0.0,0.0,0.0,0.0,0.0,0.0,0.0,0.0,0.0,0.0,0.0,0.0,0.0,0.0,0.0,0.0,0.0,0.0,0.0,0.0,0.0,0.0,0.0,0.0,0.0,0.0,0.0,0.0,0.0,0.0,0.0,0.0,0.0,0.0,0.0,0.0,0.0
28,TBStack-LR,0,0,TreeStacking,Extract Subclass,0.0,0.3125462164160709,0.2635201573254671,0.2862068965517241,0.0,0.0095998222113233,0.3429140175905426,0.2211302211302211,0.8739959839357428,0.4761904761904761,0.0,0.0,0.0,0.0033303057826218,0.0033323235383217,0.5420054200542005,0.1324257425742574,0.0100502512562814,0.0319148936170212,0.0222222222222222,0.0,0.002119285498032,0.1947565543071161,0.0033303057826218,0.0,0.0,0.6110428370786517,0.8869136860141358,0.2005185825410544,0.1817447495961228,0.2508977361436378,0.2371916508538899,0.91324200913242,0.1776344086021505,0.2379654859218891,0.4517847629195524,0.1794871794871795,0.0195838433292533,0.2020213715596159,0.5185789360579834,0.6153846153846154,0.1047619047619047,0.1792452830188679,0.0439436619718309,0.0207296849087893
29,TBStack-LR,0,0,TreeStacking,Extract Subclass,0.0,0.0,0.0029498525073746,0.0,0.0,0.1989087453637004,0.0293311125104101,0.0,0.0015060240963855,0.0,0.0,0.0,0.0,0.0,0.0,0.0,0.4461633663366336,0.0,0.0,0.0,0.0,0.0,0.0,0.0,0.0,0.0,0.0,0.0,0.0,0.0,0.1142857142857142,0.0009487666034155,0.0,0.4778494623655914,0.0,0.192061800745871,0.13,0.0660954712362301,0.0014827873414033,0.0006349268368921,0.5384615384615385,0.2666666666666667,0.330188679245283,0.028169014084507,0.0
30,TBStack-LR,0,0,TreeStacking,Extract Subclass,0.0,0.0631008134089228,0.0570304818092428,0.0163793103448275,0.0,0.0002643840235416,0.0207592776908858,0.0761670761670761,0.0218373493975903,0.4285714285714285,0.0066137566137566,0.0,0.0,0.0033303057826218,0.0018176310209027,0.0,0.0185643564356435,0.0100502512562814,0.0053191489361702,0.0888888888888888,0.1345029239766081,0.0003027550711474,0.0056179775280898,0.0024220405691795,0.0027272727272727,0.0,0.0063202247191011,0.001927607624759,0.0233362143474503,0.1502423263327948,0.0334113973458235,0.0009487666034155,0.0821917808219178,0.1251612903225806,0.0626702997275204,0.0583377730420884,0.0,0.0,0.0,0.0,0.0,0.0,0.0,0.0,0.0
31,TBStack-LR,0,0,TreeStacking,Extract Subclass,0.0034364261168384,0.0271136307616465,0.095378564405113,0.0086206896551724,0.0,4.674616068417987e-05,0.0244358229570798,0.0098280098280098,0.0017570281124497,0.238095238095238,0.001763668430335,0.0,0.0,0.0199818346957311,0.0118146016358679,0.0,0.0086633663366336,0.3316582914572864,0.0638297872340425,0.0,0.0,0.0,0.0018726591760299,0.0009082652134423,0.0,0.0,0.000438904494382,0.0006425358749196,0.0043215211754537,0.0621970920840064,0.0106167056986729,0.0303605313092979,0.0,0.1243010752688172,0.036330608537693,0.0314331379861481,0.6571428571428571,0.0244798041615667,0.0027975005509096,0.0004786371539648,0.2307692307692307,0.0095238095238095,0.0377358490566037,0.0098591549295774,0.0008291873963515
32,TBStack-LR,0,0,TreeStacking,Extract Subclass,0.0068728522336769,0.0409169336948484,0.087512291052114,0.0491379310344827,0.0,0.0075621494037948,0.0253092563628608,0.0761670761670761,0.0122991967871485,0.1904761904761904,0.0299823633156966,0.0,0.0,0.0018165304268846,0.0012117540139351,0.0,0.0872524752475247,0.0251256281407035,0.0106382978723404,0.0,0.0,0.0003027550711474,0.1301498127340824,0.0018165304268846,0.1154545454545454,0.0,0.0066713483146067,0.0029985007496251,0.1650821089023336,0.191437802907916,0.0223263075722092,0.0056925996204933,0.0136986301369863,0.2094623655913978,0.0402664244626097,0.0940330314331379,0.5517241379310345,0.1028151774785801,0.0068126048128961,0.0031941703948268,0.2307692307692307,0.2761904761904762,0.3018867924528302,0.0735211267605633,0.0099502487562189
33,TBStack-LR,0,0,TreeStacking,Extract Subclass,0.0,0.0004929751047572,0.0029498525073746,0.0077586206896551,0.0,1.6092940563406187e-05,0.0007921837866385,0.0,0.0002510040160642,0.0952380952380952,0.0,0.0211267605633802,0.0,0.0,0.0,0.0,0.0043316831683168,0.0,0.0,0.0,0.0,0.0,0.0065543071161048,0.0,0.0036363636363636,0.0,0.0006144662921348,0.0004283572499464,0.0086430423509075,0.0008077544426494,0.0,0.0009487666034155,0.0,0.0116129032258064,0.0003027550711474,0.0045285029302077,1.0,0.0,0.0001643391511882,9.76810518295661e-06,0.0769230769230769,0.0,0.0094339622641509,0.0008450704225352,0.0008291873963515
34,TBStack-LR,0,0,TreeStacking,Extract Subclass,0.0,0.0014789253142716,0.0255653883972468,0.0,0.0,0.0,0.0024171761694867,0.0,0.0,0.0952380952380952,0.0052910052910052,0.0,0.0,0.0012110202845897,0.0,0.0,0.0018564356435643,0.0,0.0,0.0,0.0,0.0012110202845897,0.0028089887640449,0.0012110202845897,0.0009090909090909,0.0,0.0208040730337078,0.0,0.0,0.0137318255250403,0.0065573770491803,0.0009487666034155,0.0,0.0210752688172043,0.002119285498032,0.0010655301012253,0.44,0.00734394124847,0.0009673600035855,0.000879129466466,0.2307692307692307,0.0285714285714285,0.0566037735849056,0.0070422535211267,0.0016583747927031
35,TBStack-LR,0,1,TreeStacking,Extract Subclass,0.0,0.0451072220852846,0.0,0.0,0.0,0.0,0.0037171700757652,0.0,0.044929718875502,0.0,0.0,0.0,0.0,0.0554041780199818,0.055437746137534,0.0,0.0,0.2261306532663316,0.0,0.0,0.0,0.0417801998183469,0.0,0.0554041780199818,0.0,0.0,0.0,0.0,0.0,0.0,0.0285714285714285,0.0009487666034155,0.0,0.0120430107526881,0.0554041780199818,0.0,0.0,0.0,0.0,0.0,0.0,0.0,0.0,0.0,0.0
36,TBStack-LR,0,0,TreeStacking,Extract Subclass,0.0,0.0017254128666502,0.0058997050147492,0.0,0.0,0.0,0.0022140521216306,0.0,0.0035140562248995,0.1428571428571428,0.0008818342151675,0.0,0.0,0.0009082652134423,0.0003029385034837,0.0,0.0074257425742574,0.0100502512562814,0.0,0.0,0.0,0.0,0.0112359550561797,0.0003027550711474,0.0,0.0,0.0,0.0,0.0017286084701815,0.0161550888529886,0.0078064012490242,0.0009487666034155,0.0,0.0326881720430107,0.0015137753557372,0.0055940330314331,0.0,0.0,0.0,0.0,0.0,0.0,0.0,0.0,0.0
37,TBStack-LR,0,0,TreeStacking,Extract Subclass,0.0103092783505154,0.0078876016761153,0.0265486725663716,0.0,0.0,0.0003563436839039,0.0099530783449452,0.0049140049140049,0.0002510040160642,0.1904761904761904,0.0123456790123456,0.0,0.0,0.0006055101422948,0.0006058770069675,0.0,0.0191831683168316,0.0,0.026595744680851,0.0,0.0,0.0006055101422948,0.0243445692883895,0.0006055101422948,0.0272727272727272,0.0,0.0003511235955056,0.0010708931248661,0.0760587726879861,0.08562197092084,0.0196721311475409,0.0009487666034155,0.0136986301369863,0.0606451612903225,0.0090826521344232,0.0420884389984017,0.0,0.0,0.0,0.0,0.0,0.0,0.0,0.0,0.0
38,TBStack-LR,0,0,TreeStacking,Extract Subclass,0.0,0.041163421247227,0.0245821042281219,0.0232758620689655,0.0,0.0006299236734818,0.0130405638723568,0.0024570024570024,0.0072791164658634,0.238095238095238,0.0022045855379188,0.0,0.0,0.0093854072055706,0.0027264465313541,0.0,0.0278465346534653,0.1055276381909547,0.0691489361702127,0.1111111111111111,0.023391812865497,0.0,0.0262172284644194,0.002119285498032,0.0,0.0,0.0081636235955056,0.0057828228742771,0.038029386343993,0.0783521809369951,0.0020296643247462,0.0018975332068311,0.0,0.0705376344086021,0.0275507114744171,0.0578050079914757,0.5288461538461539,0.0244798041615667,0.0013931478043915,0.0014847519878094,0.2307692307692307,0.0476190476190476,0.0754716981132075,0.0292957746478873,0.0074626865671641
39,TBStack-LR,0,0,TreeStacking,Extract Subclass,0.0,0.043628296771013,0.0835791543756145,0.0327586206896551,0.0,0.0003724366244674,0.052588815989925,0.0515970515970515,0.0077811244979919,0.238095238095238,0.0171957671957671,0.0,0.0,0.0090826521344232,0.0066646470766434,0.0,0.0247524752475247,0.1407035175879397,0.0851063829787234,0.0,0.0116959064327485,0.0,0.0084269662921348,0.0006055101422948,0.0145454545454545,0.0,0.0037745786516853,0.0100663953737417,0.0942091616248919,0.1033925686591276,0.0026541764246682,0.0265654648956356,0.0045662100456621,0.1488172043010752,0.0317892824704813,0.0719232818327117,0.2195121951219512,0.0232558139534883,0.0065735660475313,0.0049621974329419,0.3846153846153846,0.0857142857142857,0.1320754716981132,0.0230985915492957,0.0132669983416252
40,TBStack-LR,0,0,TreeStacking,Extract Subclass,0.0,0.0046832634951934,0.0019665683382497,0.0,0.0,4.0615516660025137e-05,0.0018078040259186,0.0,0.003012048192771,0.0952380952380952,0.0004409171075837,0.0,0.0,0.0027247956403269,0.0009088155104513,0.0,0.0086633663366336,0.0452261306532663,0.0,0.0,0.0,0.0,0.0131086142322097,0.0,0.0,0.0,0.0,0.0,0.010371650821089,0.0088852988691437,0.0039032006245121,0.0009487666034155,0.0045662100456621,0.024516129032258,0.004844081138359,0.0042621204049014,0.7821276595744681,0.0012239902080783,0.0092776920807204,0.0229355109695821,0.1538461538461538,0.0380952380952381,0.0566037735849056,0.6619718309859155,0.0
41,TBStack-LR,0,0,TreeStacking,Extract Subclass,0.0,0.0046832634951934,0.0108161258603736,0.0,0.0,2.452257609661895e-05,0.0024781133838435,0.0,0.0,0.1428571428571428,0.0,0.0,0.0,0.0027247956403269,0.0015146925174189,0.0,0.0080445544554455,0.0251256281407035,0.0106382978723404,0.0,0.0,0.0012110202845897,0.0102996254681647,0.0006055101422948,0.0,0.0886075949367088,0.000438904494382,0.0010708931248661,0.0060501296456352,0.0016155088852988,0.0,0.0028462998102466,0.0,0.0331182795698924,0.0033303057826218,0.0047948854555141,0.4583333333333333,0.0085679314565483,0.000829165717359,0.0010549553597593,0.2307692307692307,0.0285714285714285,0.0566037735849056,0.0067605633802816,0.0024875621890547
42,TBStack-LR,0,0,TreeStacking,Extract Subclass,0.0171821305841924,0.0239092925807246,0.0255653883972468,0.021551724137931,0.0,0.0020016552738865,0.0157624261136275,0.0663390663390663,0.0128012048192771,0.238095238095238,0.027336860670194,0.0,0.0,0.0030275507114744,0.0027264465313541,0.0,0.0451732673267326,0.0402010050251256,0.0212765957446808,0.0,0.0,0.0006055101422948,0.0646067415730337,0.0030275507114744,0.0654545454545454,0.0,0.0063202247191011,0.0017134289997858,0.1019878997407087,0.1163166397415185,0.0120218579234972,0.0018975332068311,0.0547945205479452,0.1268817204301075,0.0242204056917953,0.0562067128396377,0.5950413223140496,0.0722154222766217,0.004470771908463,0.0017680270381151,0.2307692307692307,0.0285714285714285,0.0566037735849056,0.0340845070422535,0.0091210613598673
43,TBStack-LR,0,0,TreeStacking,Extract Subclass,0.0,0.024895242790239,0.0540806293018682,0.046551724137931,0.0,0.0027779480734451,0.0185655379740407,0.0565110565110565,0.0080321285140562,0.3333333333333333,0.0044091710758377,0.0,0.0,0.0009082652134423,0.0003029385034837,0.0,0.0581683168316831,0.0150753768844221,0.0957446808510638,0.0,0.0,0.0,0.0711610486891385,0.0003027550711474,0.0,0.0,0.0015800561797752,0.0032126793745984,0.0605012964563526,0.2019386106623586,0.0176424668227946,0.0009487666034155,0.0228310502283105,0.1290322580645161,0.0242204056917953,0.068193926478423,0.3673469387755102,0.0195838433292533,0.0009524200807502,0.0004200285228671,0.4615384615384615,0.0380952380952381,0.0943396226415094,0.0138028169014084,0.0273631840796019
44,TBStack-LR,0,0,TreeStacking,Extract Subclass,0.0,0.004929751047572,0.0019665683382497,0.0,0.0,4.981148269625724e-05,0.0019093660498466,0.0,0.003012048192771,0.0952380952380952,0.0004409171075837,0.0,0.0,0.0030275507114744,0.0012117540139351,0.0,0.0092821782178217,0.050251256281407,0.0,0.0,0.0,0.0,0.0140449438202247,0.0,0.0,0.0,0.0,0.0,0.0112359550561797,0.0088852988691437,0.004215456674473,0.0009487666034155,0.0045662100456621,0.0253763440860215,0.0051468362095065,0.0045285029302077,0.6428571428571429,0.0,0.0018376105087417,0.0034090687088518,0.1538461538461538,0.019047619047619,0.0377358490566037,0.0985915492957746,0.0
45,TBStack-LR,0,0,TreeStacking,Extract Subclass,0.0,0.0337687946758688,0.0294985250737463,0.0103448275862068,0.0128205128205128,0.0002620850320326,0.0111108854177246,0.0171990171990172,0.0052710843373493,0.238095238095238,0.0070546737213403,0.0,0.0,0.0078716318498334,0.0024235080278703,0.0,0.0173267326732673,0.050251256281407,0.0159574468085106,0.0444444444444444,0.0526315789473684,0.0036330608537693,0.0149812734082397,0.0012110202845897,0.0,0.0,0.0020189606741573,0.0,0.03457216940363,0.0977382875605815,0.0177985948477751,0.0009487666034155,0.0182648401826484,0.083010752688172,0.0311837723281864,0.0293020777836973,0.8620689655172413,0.00734394124847,0.0027078610138978,0.000449332838416,0.1538461538461538,0.0095238095238095,0.0283018867924528,0.008169014084507,0.0008291873963515
46,TBStack-LR,0,0,TreeStacking,Extract Subclass,0.0,0.0004929751047572,0.2025565388397247,0.0,0.0,7.663305030193422e-07,0.0043874794336901,0.0,0.0,0.0476190476190476,0.0,0.0,0.0,0.0003027550711474,0.0003029385034837,0.0,0.0018564356435643,0.0050251256281407,0.0,0.0,0.0058479532163742,0.0,0.0018726591760299,0.0,0.0,0.0,0.0,0.0,0.0008643042350907,0.0072697899838449,0.0001561280249804,0.0009487666034155,0.0,0.0081720430107526,0.0006055101422948,0.000799147575919,0.3051643192488263,0.0159118727050183,0.0035444966926745,0.0027350694512278,0.3076923076923077,0.0380952380952381,0.0754716981132075,0.06,0.0008291873963515
47,TBStack-LR,0,0,TreeStacking,Extract Subclass,0.0343642611683848,0.0054227261523293,0.0226155358898721,0.0025862068965517,0.0,2.9886889617754346e-05,0.0060124718165383,0.0,0.0005020080321285,0.1428571428571428,0.0,0.0,0.0,0.0045413260672116,0.0,0.0,0.0061881188118811,0.0753768844221105,0.026595744680851,0.0,0.0,0.0,0.0046816479400749,0.0,0.0,0.0,0.0006144662921348,0.0,0.0017286084701815,0.0266558966074313,0.0001561280249804,0.0028462998102466,0.0045662100456621,0.0468817204301075,0.0063578564940962,0.0053276505061267,0.0,0.0,0.0,0.0,0.0,0.0,0.0,0.0,0.0
48,TBStack-LR,0,0,TreeStacking,Extract Subclass,0.0068728522336769,0.001232437761893,0.0049164208456243,0.0,0.0,0.0,0.0009546830249233,0.0,0.0,0.0476190476190476,0.0,0.0,0.0,0.0006055101422948,0.0006058770069675,0.0,0.0012376237623762,0.0100502512562814,0.0,0.0,0.0,0.0,0.0018726591760299,0.0,0.0,0.0,0.0,0.0,0.0,0.0072697899838449,0.0,0.0009487666034155,0.0,0.0111827956989247,0.0012110202845897,0.0005327650506126,0.38,0.0208078335373316,0.0141256970407747,4.884052591478305e-05,0.3846153846153846,0.0952380952380952,0.1415094339622641,0.0140845070422535,0.0
49,TBStack-LR,0,0,TreeStacking,Extract Subclass,0.0,0.1173280749322159,0.272369714847591,0.0862068965517241,0.0,0.0037841400239095,0.0552091162072677,0.1031941031941031,0.0090361445783132,0.238095238095238,0.0083774250440917,0.0,0.0,0.0006055101422948,0.0006058770069675,0.0,0.0618811881188118,0.0050251256281407,0.0478723404255319,0.0,0.0,0.0003027550711474,0.0852059925093633,0.0003027550711474,0.0009090909090909,0.0,0.0055301966292134,0.0064253587491968,0.0950734658599827,0.5492730210016156,0.0199843871975019,0.0009487666034155,0.0,0.149247311827957,0.1292764153799576,0.1241342567927543,0.255859375,0.3757649938800489,0.0272578892130022,0.0438099517455604,0.2307692307692307,0.2952380952380952,0.320754716981132,0.144225352112676,0.0273631840796019
50,TBStack-LR,0,0,TreeStacking,Extract Subclass,0.0,0.0,0.0,0.0,0.0,0.0,0.0093437062013771,0.0,0.0,0.0,0.0,0.0,0.0,0.0,0.0,0.0,0.0,0.0,0.0,0.0,0.0,0.0,0.0,0.0,0.0,0.0,0.0,0.0,0.0,0.0,0.0,0.0,0.0,0.0,0.0,0.0,0.08,0.1432068543451652,0.002640631361139,0.001572664934456,0.3076923076923077,0.5142857142857143,0.5471698113207547,0.0704225352112676,0.0
51,TBStack-LR,0,1,TreeStacking,Extract Subclass,0.0,0.0041902883904362,0.0039331366764995,0.0,0.0,4.5979830181160536e-06,0.0013609311206353,0.0,0.0,0.0952380952380952,0.0004409171075837,0.0,0.0,0.0018165304268846,0.0009088155104513,0.0,0.005569306930693,0.0,0.0,0.0,0.0,0.0009082652134423,0.0084269662921348,0.0009082652134423,0.0009090909090909,0.0,0.0005266853932584,0.0,0.0060501296456352,0.0105008077544426,0.0012490241998438,0.0009487666034155,0.0,0.0189247311827957,0.0027247956403269,0.0037293553542887,0.0,0.0,0.0,0.0,0.0,0.0,0.0,0.0,0.0
52,TBStack-LR,0,0,TreeStacking,Extract Subclass,0.0206185567010309,0.0066551639142223,0.0216322517207472,0.0068965517241379,0.0,5.057781319927659e-05,0.0150514919461315,0.0122850122850122,0.0045180722891566,0.0952380952380952,0.0026455026455026,0.0,0.0,0.0015137753557372,0.0012117540139351,0.010840108401084,0.0074257425742574,0.0251256281407035,0.0319148936170212,0.0,0.0116959064327485,0.0,0.0037453183520599,0.0015137753557372,0.0072727272727272,0.0,0.0028089887640449,0.0004283572499464,0.0155574762316335,0.011308562197092,0.0001561280249804,0.0104364326375711,0.0,0.133763440860215,0.0057523463518013,0.0082578582844965,0.3333333333333333,0.0122399020807833,0.0032083484288803,0.0004102604176841,0.3846153846153846,0.0,0.0471698113207547,0.0067605633802816,0.0008291873963515
53,TBStack-LR,0,0,TreeStacking,Extract Subclass,0.0034364261168384,0.0046832634951934,0.039331366764995,0.0,0.0,4.597983018116053e-05,0.0057077857447543,0.0,0.0002510040160642,0.0952380952380952,0.0,0.0,0.0,0.0027247956403269,0.0003029385034837,0.0,0.0074257425742574,0.0452261306532663,0.0053191489361702,0.0,0.0467836257309941,0.0,0.0028089887640449,0.0006055101422948,0.0,0.0,8.778089887640449e-05,0.0,0.006914433880726,0.0250403877221324,0.0021857923497267,0.0037950664136622,0.0,0.0559139784946236,0.0057523463518013,0.0037293553542887,1.0,0.0085679314565483,0.0011877238654062,0.0001953621036591,0.0769230769230769,0.0,0.0094339622641509,0.0050704225352112,0.0016583747927031
54,TBStack-LR,0,0,TreeStacking,Extract Subclass,0.0,0.0019719004190288,0.0039331366764995,0.0008620689655172,0.0,0.0,0.0010359326440657,0.0,0.001004016064257,0.0952380952380952,0.0004409171075837,0.0,0.0,0.0009082652134423,0.0006058770069675,0.0,0.0018564356435643,0.0150753768844221,0.0,0.0,0.0,0.0,0.0028089887640449,0.0,0.0,0.0,8.778089887640449e-05,0.0004283572499464,0.0025929127052722,0.0072697899838449,0.0,0.0018975332068311,0.0,0.0090322580645161,0.0018165304268846,0.002397442727757,0.6058823529411764,0.0599755201958384,0.0678870093635966,3.907242073182644e-05,0.2307692307692307,0.1333333333333333,0.160377358490566,0.0478873239436619,0.0024875621890547
55,TBStack-LR,0,0,TreeStacking,Extract Subclass,0.0,0.0088735518856297,0.0058997050147492,0.0,0.0,0.0001678263801612,0.0026406126221283,0.0049140049140049,0.0,0.1428571428571428,0.0,0.0,0.0,0.0036330608537693,0.0003029385034837,0.0,0.016089108910891,0.0603015075376884,0.0053191489361702,0.0,0.0,0.0,0.0234082397003745,0.0003027550711474,0.0,0.0,0.0001755617977528,0.0,0.0095073465859982,0.0088852988691437,0.0004683840749414,0.0009487666034155,0.0,0.0227956989247311,0.0051468362095065,0.0074587107085775,0.6666666666666666,0.0,0.0002651836303265,4.884052591478305e-05,0.3076923076923077,0.0,0.0377358490566037,0.0025352112676056,0.0008291873963515
56,TBStack-LR,0,1,TreeStacking,Extract Subclass,0.0,0.0125708651713088,0.0137659783677482,0.0060344827586206,0.0,2.5288906599638294e-05,0.0053421624586134,0.0073710073710073,0.0057730923694779,0.2857142857142857,0.005731922398589,0.0,0.0,0.0006055101422948,0.0,0.0,0.0061881188118811,0.0050251256281407,0.0319148936170212,0.0,0.0,0.0,0.0037453183520599,0.0003027550711474,0.0,0.0,0.0006144662921348,0.016063396872992,0.0051858254105445,0.0710823909531502,0.0113973458235753,0.0009487666034155,0.0319634703196347,0.0636559139784946,0.0121102028458976,0.0167820990942994,0.0,0.0,0.0,0.0,0.0,0.0,0.0,0.0,0.0
57,TBStack-LR,0,0,TreeStacking,Extract Subclass,0.0034364261168384,0.0039438008380576,0.0088495575221238,0.0017241379310344,0.0,0.0,0.0011781194775649,0.0073710073710073,0.0,0.1904761904761904,0.0,0.0,0.0,0.0009082652134423,0.0009088155104513,0.0,0.0024752475247524,0.0150753768844221,0.0,0.0,0.0,0.0,0.0028089887640449,0.0,0.0,0.0,0.0003511235955056,0.0,0.0017286084701815,0.0064620355411954,0.0001561280249804,0.0009487666034155,0.0,0.0172043010752688,0.0039358159249167,0.003196590303676,0.0,0.0,0.0,0.0,0.0,0.0,0.0,0.0,0.0
58,TBStack-LR,0,0,TreeStacking,Extract Subclass,0.0034364261168384,0.0044367759428148,0.0108161258603736,0.0051724137931034,0.0,0.0002298991509058,0.0035546708374804,0.0,0.0002510040160642,0.1428571428571428,0.0026455026455026,0.0140845070422535,0.0,0.0036330608537693,0.0024235080278703,0.016260162601626,0.0173267326732673,0.0,0.0,0.0888888888888888,0.0467836257309941,0.0,0.0177902621722846,0.0012110202845897,0.0,0.0,0.0009655898876404,0.0,0.0181503889369057,0.0274636510500807,0.0006245120999219,0.0009487666034155,0.0136986301369863,0.0395698924731182,0.0045413260672116,0.0119872136387852,0.0,0.0,0.0,0.0,0.0,0.0,0.0,0.0,0.0
59,TBStack-LR,0,0,TreeStacking,Extract Subclass,0.0,0.0061621888094651,0.0137659783677482,0.0025862068965517,0.0,8.199736382306962e-05,0.0024374885742723,0.0073710073710073,0.0007530120481927,0.1428571428571428,0.0004409171075837,0.0,0.0,0.002119285498032,0.0006058770069675,0.0,0.0111386138613861,0.0201005025125628,0.0,0.0222222222222222,0.0175438596491228,0.0003027550711474,0.0140449438202247,0.0006055101422948,0.0018181818181818,0.0,0.0005266853932584,0.0004283572499464,0.0051858254105445,0.0266558966074313,0.0015612802498048,0.0009487666034155,0.0091324200913242,0.0490322580645161,0.0057523463518013,0.0090570058604155,1.0,0.0012239902080783,0.0010794094248503,0.0001953621036591,0.0769230769230769,0.0,0.0094339622641509,0.0016901408450704,0.0024875621890547
60,TBStack-LR,0,0,TreeStacking,Extract Subclass,0.0,0.01059896475228,0.0403146509341199,0.0094827586206896,0.0,0.0006919964442264,0.0151124291604883,0.1007371007371007,0.0005020080321285,0.1904761904761904,0.0035273368606701,0.0,0.0,0.0,0.0,0.0,0.0266089108910891,0.0,0.0,0.0,0.0,0.0,0.0402621722846441,0.0,0.039090909090909,0.0,0.000877808988764,0.0002141786249732,0.0492653414001728,0.0444264943457189,0.0001561280249804,0.0360531309297912,0.0,0.08,0.0121102028458976,0.0332978156632924,0.2884615384615384,0.018359853121175,0.0047733053458778,0.0009279699923808,0.3846153846153846,0.1523809523809524,0.1981132075471698,0.0146478873239436,0.005804311774461
61,TBStack-LR,0,1,TreeStacking,Extract Subclass,0.0103092783505154,0.0056692137047079,0.0137659783677482,0.0017241379310344,0.0,0.0,0.0024578009790579,0.0,0.0002510040160642,0.1428571428571428,0.0,0.0,0.0,0.0018165304268846,0.0006058770069675,0.0,0.0012376237623762,0.0201005025125628,0.0,0.0111111111111111,0.0116959064327485,0.0,0.0,0.0006055101422948,0.0,0.0,8.778089887640449e-05,0.0,0.003457216940363,0.0290791599353796,0.0001561280249804,0.0009487666034155,0.0,0.0288172043010752,0.0054495912806539,0.0053276505061267,0.746031746031746,0.0318237454100367,0.0746137096201898,0.000654463047258,0.1538461538461538,0.019047619047619,0.0377358490566037,0.0354929577464788,0.0016583747927031
62,TBStack-LR,0,1,TreeStacking,Extract Subclass,0.0,0.0221838797140744,0.007866273352999,0.0043103448275862,0.0,2.5288906599638294e-05,0.0042452926001909,0.0,0.0100401606425702,0.1428571428571428,0.0180776014109347,0.0,0.0,0.0009082652134423,0.0009088155104513,0.0,0.0068069306930693,0.0150753768844221,0.0106382978723404,0.0,0.0,0.0,0.0084269662921348,0.0006055101422948,0.0054545454545454,0.0,0.0061446629213483,0.0008567144998929,0.010371650821089,0.0371567043618739,0.0071818891491022,0.0009487666034155,0.0,0.0546236559139785,0.0221011201937632,0.0114544485881726,0.3269230769230769,0.03671970624235,0.1677790684211116,9.76810518295661e-05,0.3076923076923077,0.1428571428571428,0.1792452830188679,0.0292957746478873,0.0024875621890547
63,TBStack-LR,0,0,TreeStacking,Extract Subclass,0.0068728522336769,0.0,0.0029498525073746,0.0,0.0,0.0,0.0004671853100688,0.0,0.0,0.0476190476190476,0.0,0.0,0.0,0.0,0.0,0.0,0.0006188118811881,0.0,0.0,0.0,0.0,0.0,0.0009363295880149,0.0,0.0,0.0,0.0,0.0,0.0,0.0040387722132471,0.0,0.0009487666034155,0.0,0.0094623655913978,0.0,0.0002663825253063,0.28,0.011015911872705,0.0102487870650148,0.0,0.3076923076923077,0.0761904761904762,0.1132075471698113,0.0140845070422535,0.0
64,TBStack-LR,0,0,TreeStacking,Extract Subclass,0.0,0.0017254128666502,0.0,0.0017241379310344,0.0,0.0,0.0003453108813552,0.0,0.0,0.0476190476190476,0.0,0.0,0.0,0.0012110202845897,0.0009088155104513,0.0,0.0024752475247524,0.0201005025125628,0.0,0.0,0.0,0.0,0.0037453183520599,0.0009082652134423,0.0,0.0,0.0002633426966292,0.0,0.0008643042350907,0.0,0.0,0.0009487666034155,0.0,0.0103225806451612,0.0012110202845897,0.0013319126265316,0.0,0.0,0.0,0.0,0.0,0.0,0.0,0.0,0.0
65,TBStack-LR,0,1,TreeStacking,Extract Subclass,0.0515463917525773,0.0009859502095144,0.0098328416912487,0.0,0.0064102564102564,0.0001172485669619,0.011801507180435,0.0,0.0005020080321285,0.0952380952380952,0.0,0.0,0.0,0.0,0.0,0.0,0.0111386138613861,0.0,0.0159574468085106,0.0,0.0,0.0,0.0140449438202247,0.0,0.0,0.0,0.0001755617977528,0.0002141786249732,0.0008643042350907,0.024232633279483,0.0035909445745511,0.0009487666034155,0.0,0.1277419354838709,0.0012110202845897,0.0055940330314331,0.6464646464646465,0.0379436964504283,0.0020766492741064,0.0029890401859847,0.2307692307692307,0.0285714285714285,0.0566037735849056,0.0278873239436619,0.0091210613598673
66,TBStack-LR,0,0,TreeStacking,Extract Subclass,0.0584192439862542,0.0041902883904362,0.0029498525073746,0.0,0.0,0.0,0.0023765513599155,0.0,0.0,0.0,0.0,0.0,0.0,0.0051468362095065,0.0051499545592244,0.0,0.0006188118811881,0.0,0.0,0.0,0.0,0.0051468362095065,0.0009363295880149,0.0051468362095065,0.0,0.0,0.0,0.0,0.0,0.0,0.0,0.0009487666034155,0.0,0.0146236559139784,0.0051468362095065,0.0002663825253063,0.0,0.0,0.0,0.0,0.0,0.0,0.0,0.0,0.0
67,TBStack-LR,0,0,TreeStacking,Extract Subclass,0.0,0.0160216909046093,0.079646017699115,0.0008620689655172,0.0,0.0004544339882904,0.0086124596290954,0.0024570024570024,0.0015060240963855,0.1428571428571428,0.0030864197530864,0.0,0.0,0.0087798970632758,0.0018176310209027,0.0,0.0235148514851485,0.1155778894472361,0.0159574468085106,0.0,0.0116959064327485,0.0018165304268846,0.0308988764044943,0.0018165304268846,0.0027272727272727,0.0,0.0001755617977528,0.0002141786249732,0.0302506482281763,0.0767366720516962,0.0051522248243559,0.0009487666034155,0.0776255707762557,0.0787096774193548,0.0181653042688465,0.0186467767714437,0.5793650793650794,0.0354957160342717,0.0045342665805131,0.0056850372164807,0.2307692307692307,0.0666666666666666,0.0943396226415094,0.0354929577464788,0.0223880597014925
68,TBStack-LR,0,0,TreeStacking,Extract Subclass,0.0,0.0002464875523786,0.0,0.0,0.0,0.0,6.09372143568077e-05,0.0,0.0,0.0476190476190476,0.0,0.0,0.0,0.0003027550711474,0.0003029385034837,0.0,0.0006188118811881,0.0,0.0053191489361702,0.0,0.0,0.0003027550711474,0.0,0.0003027550711474,0.0,0.0,0.0,0.0,0.0,0.0,0.0001561280249804,0.0009487666034155,0.0,0.003010752688172,0.0003027550711474,0.0002663825253063,0.25,0.0354957160342717,0.0104579459847089,0.0,0.3076923076923077,0.1714285714285714,0.2075471698113207,0.028169014084507,0.0
69,TBStack-LR,0,1,TreeStacking,Extract Subclass,0.0,0.0002464875523786,0.0,0.0,0.0,0.0,2.031240478560257e-05,0.0,0.0,0.0,0.0,0.0,0.0,0.0003027550711474,0.0,0.0,0.0,0.0,0.0,0.0,0.0,0.0003027550711474,0.0,0.0,0.0,0.0,8.778089887640449e-05,0.0,0.0,0.0,0.0,0.0009487666034155,0.0,0.0068817204301075,0.0003027550711474,0.0,1.0,0.0489596083231334,0.0008216957559414,0.0010451872545763,0.0769230769230769,0.0,0.0094339622641509,0.028169014084507,0.0
70,TBStack-LR,0,0,TreeStacking,Extract Subclass,0.0171821305841924,0.0152822282474735,0.031465093411996,0.0284482758620689,0.0,0.0037174692701468,0.0263858138164977,0.0,0.0070281124497991,0.1428571428571428,0.0220458553791887,0.0,0.0,0.0,0.0,0.0,0.0612623762376237,0.0,0.0159574468085106,0.0,0.0,0.0,0.0898876404494382,0.0,0.0890909090909091,0.0,0.0042134831460674,0.0278432212465195,0.1227312013828867,0.079967689822294,0.0015612802498048,0.0132827324478178,0.0,0.0804301075268817,0.0139267332727823,0.0524773574853489,0.2181818181818181,0.011015911872705,0.0038993198600129,0.0006446949420751,0.4615384615384615,0.0857142857142857,0.1415094339622641,0.0154929577464788,0.011608623548922
71,TBStack-LR,0,0,TreeStacking,Extract Subclass,0.0,0.062361350751787,0.0009832841691248,0.0017241379310344,0.0,0.0,0.0053421624586134,0.0,0.0,0.0952380952380952,0.0,0.0,0.0,0.0765970330003027,0.0766434413813995,0.0,0.0006188118811881,0.0,0.0,0.0,0.0,0.0765970330003027,0.0009363295880149,0.0765970330003027,0.0009090909090909,0.0,0.0,0.0,0.0025929127052722,0.0,0.0396565183450429,0.0009487666034155,0.0,0.1178494623655913,0.0765970330003027,0.000799147575919,0.14,0.02203182374541,0.0011541090390268,7.814484146365288e-05,0.5384615384615385,0.1714285714285714,0.2358490566037736,0.0140845070422535,0.0008291873963515
72,TBStack-LR,0,0,TreeStacking,Extract Subclass,0.0,0.003697313285679,0.0117994100294985,0.0,0.0,1.5326610060386844e-06,0.0011578070727793,0.0024570024570024,0.0002510040160642,0.1428571428571428,0.0,0.0,0.0,0.0006055101422948,0.0003029385034837,0.0,0.0030940594059405,0.0100502512562814,0.0,0.0,0.0,0.0,0.0046816479400749,0.0,0.0,0.0,0.0001755617977528,0.0,0.0008643042350907,0.0088852988691437,0.0,0.0009487666034155,0.0,0.0180645161290322,0.0030275507114744,0.0026638252530633,0.0,0.0,0.0,0.0,0.0,0.0,0.0,0.0,0.0
73,TBStack-LR,0,0,TreeStacking,Extract Subclass,0.0,0.0029578506285432,0.0147492625368731,0.0017241379310344,0.0,9.962296539251447e-06,0.0023156141455586,0.0,0.0,0.0952380952380952,0.0,0.0,0.0,0.0012110202845897,0.0003029385034837,0.0,0.0086633663366336,0.0201005025125628,0.0,0.0,0.0058479532163742,0.0,0.0121722846441947,0.0003027550711474,0.0,0.0,0.0006144662921348,0.0,0.0112359550561797,0.0201938610662358,0.0015612802498048,0.0009487666034155,0.0,0.0266666666666666,0.0015137753557372,0.0077250932338838,0.5555555555555556,0.0012239902080783,3.361482637942175e-05,7.814484146365288e-05,0.3076923076923077,0.0,0.0377358490566037,0.0025352112676056,0.0008291873963515
74,TBStack-LR,0,0,TreeStacking,Extract Subclass,0.0,0.0064086763618437,0.0117994100294985,0.0,0.0,1.1494957545290131e-05,0.0027218622412707,0.0098280098280098,0.0007530120481927,0.1428571428571428,0.0022045855379188,0.0,0.0,0.0033303057826218,0.0,0.0,0.0043316831683168,0.0552763819095477,0.0212765957446808,0.0,0.0116959064327485,0.0,0.0009363295880149,0.0009082652134423,0.0,0.0,0.000877808988764,0.0,0.0017286084701815,0.0420032310177706,0.0067135050741608,0.0009487666034155,0.0045662100456621,0.0348387096774193,0.0060551014229488,0.0061267980820458,0.3,0.0024479804161566,0.0005378372220707,0.0003809561021353,0.6153846153846154,0.0,0.0754716981132075,0.0056338028169014,0.0016583747927031
75,TBStack-LR,0,0,TreeStacking,Extract Subclass,0.0,0.002464875523786,0.007866273352999,0.0,0.0,0.0,0.0014624931445633,0.0,0.0,0.0476190476190476,0.0,0.0,0.0,0.0027247956403269,0.0,0.0,0.0024752475247524,0.0,0.0,0.0,0.0,0.0027247956403269,0.0037453183520599,0.0,0.0,0.0,0.0,0.0,0.0,0.0008077544426494,0.0,0.0018975332068311,0.0,0.0206451612903225,0.0027247956403269,0.0010655301012253,0.0,0.0,0.0,0.0,0.0,0.0,0.0,0.0,0.0
76,TBStack-LR,0,0,TreeStacking,Extract Subclass,0.0,0.0041902883904362,0.0383480825958702,0.0060344827586206,0.0641025641025641,0.0,0.0041437305762629,0.0,0.0007530120481927,0.1904761904761904,0.0013227513227513,0.0,0.0,0.0012110202845897,0.0006058770069675,0.0,0.0068069306930693,0.0201005025125628,0.0,0.0,0.0,0.0,0.0102996254681647,0.0006055101422948,0.0,0.0,0.0029845505617977,0.0,0.0017286084701815,0.0355411954765751,0.0146760343481654,0.0009487666034155,0.0045662100456621,0.0683870967741935,0.0051468362095065,0.0063931806073521,0.4444444444444444,0.0012239902080783,0.0002577136689089,0.0005079414695137,0.3076923076923077,0.0,0.0377358490566037,0.0050704225352112,0.0024875621890547
77,TBStack-LR,0,0,TreeStacking,Extract Subclass,0.0,0.0,0.0,0.0,0.0,0.0,0.0183014767118279,0.0,0.0,0.0,0.0,0.0,0.0,0.0,0.0,0.0,0.0,0.0,0.0,0.0,0.0,0.0,0.0,0.0,0.0,0.0,0.0,0.0,0.0,0.0,0.0,0.0,0.0,0.0,0.0,0.0,0.0866666666666666,0.1040391676866585,0.0036005214033069,0.0003418836814034,0.3076923076923077,0.3333333333333333,0.3679245283018867,0.0422535211267605,0.0
78,TBStack-LR,0,0,TreeStacking,Extract Subclass,0.0,0.438501355681538,0.0009832841691248,0.0,0.0,7.663305030193422e-07,0.036440454185371,0.0,0.0150602409638554,0.0476190476190476,0.0008818342151675,0.0,0.0,0.5386012715712988,0.5389275976976674,0.0,0.0012376237623762,0.0,0.0,0.0,0.0,0.5386012715712988,0.0018726591760299,0.5386012715712988,0.0018181818181818,0.0,0.0,0.0,0.0017286084701815,0.0016155088852988,0.2807181889149102,0.0009487666034155,0.0,0.5131182795698924,0.5386012715712988,0.0005327650506126,0.0,0.0,0.0,0.0,0.0,0.0,0.0,0.0,0.0
79,TBStack-LR,0,0,TreeStacking,Extract Subclass,0.0,0.0,0.0049164208456243,0.0,0.0,0.0,4.062480957120514e-05,0.0,0.0,0.0,0.0,0.0,0.0,0.0,0.0,0.0,0.0,0.0,0.0,0.0,0.0,0.0,0.0,0.0,0.0,0.0,0.0,0.0,0.0,0.0,0.0,0.0009487666034155,0.0,0.0,0.0,0.0,0.0,0.0,0.0,0.0,0.0,0.0,0.0,0.0,0.0
80,TBStack-LR,0,0,TreeStacking,Extract Subclass,0.0,0.0007394626571358,0.0039331366764995,0.0,0.0,7.663305030193422e-07,0.0024781133838435,0.0,0.0002510040160642,0.0952380952380952,0.0,0.0,0.0,0.0006055101422948,0.0006058770069675,0.0,0.0018564356435643,0.0100502512562814,0.0,0.0,0.0,0.0,0.0028089887640449,0.0,0.0009090909090909,0.0,0.0,0.0,0.0017286084701815,0.0121163166397415,0.0248243559718969,0.0018975332068311,0.0045662100456621,0.0348387096774193,0.0009082652134423,0.0013319126265316,0.0,0.0,0.0,0.0,0.0,0.0,0.0,0.0,0.0
81,TBStack-LR,0,0,TreeStacking,Extract Subclass,0.0,0.0123243776189302,0.0353982300884955,0.0025862068965517,0.0,0.0002436930999601,0.0075359021754585,0.0024570024570024,0.0062751004016064,0.1904761904761904,0.0,0.0,0.0,0.0096881622767181,0.004241139048773,0.0,0.0173267326732673,0.0703517587939698,0.0425531914893617,0.0,0.0,0.0054495912806539,0.0187265917602996,0.0087798970632758,0.0118181818181818,0.0,0.0014044943820224,0.0002141786249732,0.0155574762316335,0.061389337641357,0.00967993754879,0.0009487666034155,0.0136986301369863,0.0903225806451612,0.0139267332727823,0.0189131592967501,0.5523809523809524,0.0501835985312117,0.0043176376994012,0.0124152616875378,0.3076923076923077,0.1238095238095238,0.160377358490566,0.0591549295774647,0.0157545605306799
82,TBStack-LR,0,0,TreeStacking,Extract Subclass,0.0206185567010309,0.0064086763618437,0.015732546705998,0.0,0.0,2.2989915090580268e-06,0.0044890414576181,0.0,0.0007530120481927,0.1428571428571428,0.0008818342151675,0.0,0.0,0.0030275507114744,0.0009088155104513,0.0,0.0037128712871287,0.0050251256281407,0.0,0.0777777777777777,0.023391812865497,0.0006055101422948,0.0018726591760299,0.0009082652134423,0.0018181818181818,0.0,0.0003511235955056,0.0,0.0008643042350907,0.0274636510500807,0.0021857923497267,0.0018975332068311,0.0136986301369863,0.0451612903225806,0.0078716318498334,0.0034629728289824,0.0,0.0,0.0,0.0,0.0,0.0,0.0,0.0,0.0
83,TBStack-LR,0,0,TreeStacking,Extract Subclass,0.0,0.0064086763618437,0.0147492625368731,0.0077586206896551,0.0,2.222358458756092e-05,0.0024578009790579,0.0,0.0007530120481927,0.238095238095238,0.0,0.0,0.0,0.0057523463518013,0.0,0.0,0.0086633663366336,0.050251256281407,0.0,0.0,0.0,0.0027247956403269,0.0131086142322097,0.0003027550711474,0.0,0.0,0.0001755617977528,0.0002141786249732,0.0,0.0282714054927302,0.0021857923497267,0.0009487666034155,0.0,0.0305376344086021,0.0078716318498334,0.0077250932338838,0.0,0.0,0.0,0.0,0.0,0.0,0.0,0.0,0.0
84,TBStack-LR,0,0,TreeStacking,Extract Subclass,0.0,0.0253882178949963,0.0,0.0,0.0,0.0,0.002092177692917,0.0,0.0002510040160642,0.0,0.0,0.0,0.0,0.0311837723281864,0.0312026658588306,0.0,0.0,0.0,0.0,0.0,0.0,0.0311837723281864,0.0,0.0311837723281864,0.0,0.0,0.0035990168539325,0.0,0.0,0.0,0.009367681498829,0.0009487666034155,0.0,0.0189247311827957,0.0311837723281864,0.0,0.0,0.0,0.0,0.0,0.0,0.0,0.0,0.0,0.0
85,TBStack-LR,0,0,TreeStacking,Extract Subclass,0.0034364261168384,0.024895242790239,0.0865290068829891,0.0017241379310344,0.0833333333333333,0.0003617079974251,0.0125124413479311,0.0491400491400491,0.0027610441767068,0.2857142857142857,0.0132275132275132,0.0,0.0,0.0066606115652437,0.0003029385034837,0.0,0.0204207920792079,0.1105527638190954,0.1063829787234042,0.0,0.0,0.0,0.0074906367041198,0.0003027550711474,0.0036363636363636,0.0,0.0,0.0006425358749196,0.031114952463267,0.1526655896607431,0.0126463700234192,0.0037950664136622,0.0319634703196347,0.1376344086021505,0.0326975476839237,0.0295684603090037,0.1129032258064516,0.0599755201958384,0.0048293300565102,0.005157559536601,0.5384615384615385,0.3428571428571428,0.4056603773584905,0.0698591549295774,0.0522388059701492
86,TBStack-LR,0,0,TreeStacking,Extract Subclass,0.0,0.0298249938378111,0.0,0.0,0.0,0.0,0.0024984257886291,0.0,0.0,0.0476190476190476,0.0,0.0,0.0,0.0366333636088404,0.0366555589215389,0.0,0.0006188118811881,0.0,0.0053191489361702,0.0,0.0,0.0366333636088404,0.0,0.0366333636088404,0.0,0.0,8.778089887640449e-05,0.0,0.0,0.0,0.018735362997658,0.0009487666034155,0.0,0.0120430107526881,0.0366333636088404,0.0002663825253063,1.0,0.0171358629130966,0.0017778508174005,0.0004981733643307,0.0769230769230769,0.0,0.0094339622641509,0.028169014084507,0.0
87,TBStack-LR,0,0,TreeStacking,Extract Subclass,0.0103092783505154,0.0027113630761646,0.0294985250737463,0.0,0.0,1.1494957545290131e-05,0.0031484227417683,0.0024570024570024,0.0,0.0952380952380952,0.0,0.0,0.0,0.0027247956403269,0.0,0.0,0.0043316831683168,0.0100502512562814,0.0,0.0,0.0,0.0003027550711474,0.0065543071161048,0.0,0.0,0.0,0.0003511235955056,0.0,0.0017286084701815,0.024232633279483,0.0,0.0018975332068311,0.0,0.043010752688172,0.0033303057826218,0.003196590303676,1.0,0.0,0.0010868793862679,2.930431554886984e-05,0.0769230769230769,0.0,0.0094339622641509,0.0014084507042253,0.0024875621890547
88,TBStack-LR,0,0,TreeStacking,Extract Subclass,0.0,0.0019719004190288,0.0029498525073746,0.0008620689655172,0.0,9.962296539251447e-06,0.0409498080477747,0.0,0.0,0.0952380952380952,0.0,0.0,0.0,0.0009082652134423,0.0,0.0,0.0068069306930693,0.0,0.0,0.0333333333333333,0.0058479532163742,0.0,0.0093632958801498,0.0,0.0,0.0,8.778089887640449e-05,0.0,0.0051858254105445,0.0032310177705977,0.0,0.0037950664136622,0.0,0.0473118279569892,0.0018165304268846,0.003196590303676,0.0,0.0,0.0,0.0,0.0,0.0,0.0,0.0,0.0
89,TBStack-LR,0,0,TreeStacking,Extract Subclass,0.0,0.0,0.0973451327433628,0.0,0.0,0.0,0.0006906217627104,0.0,0.0012550200803212,0.0476190476190476,0.0035273368606701,0.0,0.0,0.0,0.0,0.0,0.0006188118811881,0.0,0.0,0.0,0.0,0.0,0.0009363295880149,0.0,0.0,0.0,0.0,0.0,0.0008643042350907,0.0032310177705977,0.0146760343481654,0.0009487666034155,0.0,0.061505376344086,0.0,0.0002663825253063,0.2692307692307692,0.0379436964504283,0.0033577476572333,0.0058901674253228,0.3846153846153846,0.0285714285714285,0.0754716981132075,0.0512676056338028,0.0033167495854063
90,TBStack-LR,0,0,TreeStacking,Extract Subclass,0.0,0.0,0.0,0.0,0.0,0.0,0.0023562389551298,0.0,0.0,0.0,0.0,0.0,0.0,0.0,0.0,0.0,0.0,0.0,0.0,0.0,0.0,0.0,0.0,0.0,0.0,0.0,0.0,0.0,0.0,0.0,0.0,0.0,0.0,0.0,0.0,0.0,0.0,0.0,0.0,0.0,0.0,0.0,0.0,0.0,0.0
91,TBStack-LR,0,0,TreeStacking,Extract Subclass,0.0,0.0110919398570372,0.0324483775811209,0.0034482758620689,0.0,0.0008406645618122,0.0073734029371737,0.0147420147420147,0.0,0.1904761904761904,0.0008818342151675,0.0,0.0,0.0036330608537693,0.0009088155104513,0.0,0.036509900990099,0.0201005025125628,0.0053191489361702,0.0666666666666666,0.0,0.0006055101422948,0.0543071161048689,0.0009082652134423,0.0,0.0,0.0001755617977528,0.0014992503748125,0.0406222990492653,0.0525040387722132,0.0003122560499609,0.0009487666034155,0.0228310502283105,0.0520430107526881,0.0072661217075386,0.0255727224294086,0.8333333333333334,0.0085679314565483,0.0052924676644045,0.0037802567058042,0.2307692307692307,0.0,0.0283018867924528,0.0101408450704225,0.0091210613598673
92,TBStack-LR,0,0,TreeStacking,Extract Subclass,0.0,0.0,0.0009832841691248,0.0,0.0,0.0001456027955736,0.0005281225244256,0.0,0.0,0.0,0.0,0.0,0.0,0.0,0.0,0.0,0.0123762376237623,0.0,0.0,0.0,0.0,0.0,0.0168539325842696,0.0,0.0,0.0,0.0,0.0,0.0,0.0,0.0,0.0009487666034155,0.0,0.0154838709677419,0.0,0.0053276505061267,0.0,0.0,0.0,0.0,0.0,0.0,0.0,0.0,0.0
93,TBStack-LR,0,1,TreeStacking,Extract Subclass,0.0996563573883161,0.103524771999014,0.0589970501474926,0.1120689655172413,0.0576923076923076,0.0024445943046317,0.0487091466758749,0.1818181818181818,0.0223393574297188,0.3809523809523809,0.0083774250440917,0.0,0.0,0.0012110202845897,0.0003029385034837,0.0,0.057549504950495,0.0201005025125628,0.0957446808510638,0.0,0.0116959064327485,0.0,0.0683520599250936,0.0003027550711474,0.0,0.0,0.0051790730337078,0.0068537159991432,0.0881590319792567,0.2705977382875606,0.043871975019516,0.0009487666034155,0.0502283105022831,0.1901075268817204,0.1056615198304571,0.1624933404368673,0.576,0.02937576499388,0.0143572658447219,0.0055678199542852,0.3846153846153846,0.1333333333333333,0.1792452830188679,0.0352112676056338,0.0207296849087893
94,TBStack-LR,0,0,TreeStacking,Extract Subclass,0.0034364261168384,0.0039438008380576,0.0412979351032448,0.0025862068965517,0.0,6.1306440241547375e-06,0.0357092076130893,0.0073710073710073,0.0025100401606425,0.0952380952380952,0.0013227513227513,0.0,0.0,0.0012110202845897,0.0009088155104513,0.0,0.0030940594059405,0.0100502512562814,0.0,0.0222222222222222,0.023391812865497,0.0,0.0009363295880149,0.0009082652134423,0.0027272727272727,0.0,0.0006144662921348,0.0008567144998929,0.0077787381158167,0.005654281098546,0.0035909445745511,0.040796963946869,0.0045662100456621,0.16,0.0042385709960641,0.0053276505061267,0.24,0.0159118727050183,0.0010906143669767,0.0009182018871979,0.3846153846153846,0.0380952380952381,0.0849056603773584,0.0140845070422535,0.0
95,TBStack-LR,0,0,TreeStacking,Extract Subclass,0.4295532646048109,0.0492975104757209,0.0196656833824975,0.0,0.0,0.0,0.0441591680038999,0.0024570024570024,0.0002510040160642,0.0952380952380952,0.0004409171075837,0.0,0.0,0.0602482591583409,0.0602847621932747,0.0,0.0006188118811881,1.0,0.0,0.0,0.0,0.0,0.0009363295880149,0.0602482591583409,0.0009090909090909,0.0,0.0007022471910112,0.0,0.0,0.0040387722132471,0.0309133489461358,0.0009487666034155,0.0,0.1470967741935483,0.0605510142294883,0.0005327650506126,0.0,0.0,0.0,0.0,0.0,0.0,0.0,0.0,0.0
96,TBStack-LR,0,0,TreeStacking,Extract Subclass,0.0,0.0029578506285432,0.056047197640118,0.0,0.0,0.0,0.0032499847656964,0.0073710073710073,0.0002510040160642,0.1428571428571428,0.0008818342151675,0.0,0.0,0.0012110202845897,0.0009088155104513,0.0,0.0074257425742574,0.0201005025125628,0.0478723404255319,0.0,0.0,0.0,0.0009363295880149,0.0,0.0009090909090909,0.0,0.0,0.0,0.0017286084701815,0.0331179321486268,0.0017174082747853,0.0009487666034155,0.0091324200913242,0.0627956989247311,0.0036330608537693,0.0050612679808204,0.3106796116504854,0.0305997552019583,0.001426762630771,0.0030964893429972,0.3076923076923077,0.0285714285714285,0.0660377358490566,0.0290140845070422,0.0024875621890547
97,TBStack-LR,0,0,TreeStacking,Extract Subclass,0.0,0.002464875523786,0.0058997050147492,0.0,0.0,0.0,0.0074546525563161,0.0171990171990172,0.0,0.0952380952380952,0.0004409171075837,0.0,0.0,0.0018165304268846,0.0015146925174189,0.0,0.0074257425742574,0.0100502512562814,0.0053191489361702,0.0,0.0,0.0012110202845897,0.0102996254681647,0.0018165304268846,0.01,0.0,0.0,0.0,0.0043215211754537,0.0096930533117932,0.0012490241998438,0.0009487666034155,0.0,0.0266666666666666,0.0027247956403269,0.0074587107085775,0.2027027027027027,0.0122399020807833,0.0011839888846974,0.0011428683064059,0.6923076923076923,0.0476190476190476,0.1320754716981132,0.0416901408450704,0.0008291873963515
98,TBStack-LR,0,0,TreeStacking,Extract Subclass,0.0,0.0014789253142716,0.0127826941986234,0.0,0.0,2.5288906599638294e-05,0.0013203063110641,0.0,0.0,0.0952380952380952,0.0,0.0,0.0,0.0003027550711474,0.0003029385034837,0.0,0.0061881188118811,0.0050251256281407,0.0,0.0,0.0,0.0,0.0093632958801498,0.0,0.0,0.0,0.0001755617977528,0.0,0.0051858254105445,0.0048465266558966,0.0009367681498829,0.0009487666034155,0.0,0.0193548387096774,0.0012110202845897,0.0029302077783697,0.0,0.0,0.0,0.0,0.0,0.0,0.0,0.0,0.0
99,TBStack-LR,0,0,TreeStacking,Extract Subclass,0.0,0.0,0.0,0.0,0.0,0.0,0.0102577644167292,0.0,0.0,0.0,0.0,0.0,0.0,0.0,0.0,0.0,0.0,0.0,0.0,0.0,0.0,0.0,0.0,0.0,0.0,0.0,0.0,0.0,0.0,0.0,0.0,0.0,0.0,0.0,0.0,0.0,0.6231884057971014,0.0942472460220318,0.0025397868820007,0.0035555902865962,0.3076923076923077,0.0761904761904762,0.1132075471698113,0.0583098591549295,0.0016583747927031
100,TBStack-LR,0,0,TreeStacking,Extract Subclass,0.0,0.0059157012570865,0.0098328416912487,0.0034482758620689,0.0,5.900744873248935e-05,0.0026812374316995,0.0024570024570024,0.0,0.238095238095238,0.0066137566137566,0.0,0.0,0.0018165304268846,0.0006058770069675,0.0,0.0092821782178217,0.0301507537688442,0.0053191489361702,0.0,0.0,0.0,0.0131086142322097,0.0003027550711474,0.0,0.0,0.0003511235955056,0.0002141786249732,0.0008643042350907,0.0306946688206785,0.0003122560499609,0.0009487666034155,0.0,0.0305376344086021,0.0054495912806539,0.0087906233351092,0.6013071895424836,0.0575275397796817,0.1033992059431013,0.0001367534725613,0.2307692307692307,0.1523809523809524,0.1792452830188679,0.0430985915492957,0.0008291873963515
101,TBStack-LR,0,0,TreeStacking,Extract Subclass,0.0,0.0140497904855804,0.015732546705998,0.0146551724137931,0.0,4.4447169175121845e-05,0.0056874733399687,0.0171990171990172,0.0002510040160642,0.1904761904761904,0.0026455026455026,0.0,0.0,0.0012110202845897,0.0006058770069675,0.0,0.0099009900990099,0.0201005025125628,0.0212765957446808,0.0,0.0,0.0,0.0112359550561797,0.0006055101422948,0.0,0.0,0.0003511235955056,0.0012850717498393,0.0112359550561797,0.0395799676898223,0.0206088992974238,0.0009487666034155,0.0,0.0490322580645161,0.0163487738419618,0.0170484816196057,0.7222222222222222,0.0012239902080783,0.0012474835567474,0.0001074491570125,0.1538461538461538,0.0,0.0188679245283018,0.0050704225352112,0.0049751243781094
102,TBStack-LR,0,0,TreeStacking,Extract Subclass,0.0,0.0064086763618437,0.0029498525073746,0.0,0.0,0.0,0.0005484349292112,0.0,0.0005020080321285,0.0,0.0,0.0,0.0,0.0078716318498334,0.0,0.0,0.0,0.0,0.0,0.0,0.0,0.0,0.0,0.0,0.0,0.0,0.0,0.0,0.0,0.0024232633279483,0.0037470725995316,0.0009487666034155,0.0,0.0111827956989247,0.0078716318498334,0.0,0.0,0.0,0.0,0.0,0.0,0.0,0.0,0.0,0.0
103,TBStack-LR,0,0,TreeStacking,Extract Subclass,0.1821305841924398,0.0359871826472763,0.0511307767944936,0.0844827586206896,0.0,6.130644024154737e-05,0.0473685279600251,0.0196560196560196,0.0208333333333333,0.3333333333333333,0.0039682539682539,0.0,0.0,0.004844081138359,0.0012117540139351,0.0,0.0148514851485148,0.0753768844221105,0.0159574468085106,0.0,0.0,0.0,0.0196629213483146,0.0009082652134423,0.0,0.0,0.0177317415730337,0.0102805739987149,0.013828867761452,0.1639741518578352,0.0099921935987509,0.0028462998102466,0.0136986301369863,0.1608602150537634,0.0311837723281864,0.0966968566862013,0.6268980477223427,0.2386780905752753,0.0096736000358558,0.025426377791236,0.2307692307692307,0.0,0.0283018867924528,0.1298591549295774,0.0099502487562189
104,TBStack-LR,0,0,TreeStacking,Extract Subclass,0.0,0.0019719004190288,0.0176991150442477,0.0,0.0,0.0,0.0026812374316995,0.0,0.0,0.0952380952380952,0.0,0.0,0.0,0.0012110202845897,0.0012117540139351,0.0,0.0018564356435643,0.0201005025125628,0.0,0.0,0.0,0.0,0.0028089887640449,0.0,0.0,0.0,0.0,0.0,0.0017286084701815,0.0145395799676898,0.0007806401249024,0.0018975332068311,0.0,0.0382795698924731,0.0024220405691795,0.0010655301012253,0.0,0.0,0.0,0.0,0.0,0.0,0.0,0.0,0.0
105,TBStack-LR,0,0,TreeStacking,Extract Subclass,0.0962199312714776,0.02119792950456,0.0147492625368731,0.0,0.0,4.5979830181160536e-06,0.0157421137088419,0.0,0.0002510040160642,0.1904761904761904,0.0004409171075837,0.0,0.0,0.010293672419013,0.0096940321114813,0.0,0.0024752475247524,0.1708542713567839,0.0159574468085106,0.0,0.0,0.0,0.0009363295880149,0.0006055101422948,0.0009090909090909,0.0,8.778089887640449e-05,0.0,0.0008643042350907,0.0169628432956381,0.0291959406713505,0.0009487666034155,0.0045662100456621,0.0473118279569892,0.0124129579170451,0.0034629728289824,0.0,0.0,0.0,0.0,0.0,0.0,0.0,0.0,0.0
106,TBStack-LR,0,0,TreeStacking,Extract Subclass,0.0240549828178694,0.0145427655903376,0.0285152409046214,0.0094827586206896,0.0,0.0002705146675658,0.006946842436676,0.0,0.0017570281124497,0.1904761904761904,0.0008818342151675,0.0,0.0,0.0045413260672116,0.0015146925174189,0.0,0.0241336633663366,0.0753768844221105,0.0319148936170212,0.0,0.0,0.0,0.0252808988764044,0.0003027550711474,0.0,0.050632911392405,0.0016678370786516,0.0008567144998929,0.0095073465859982,0.0525040387722132,0.0,0.0009487666034155,0.0,0.0529032258064516,0.0084771419921283,0.0194459243473628,0.0,0.0,0.0,0.0,0.0,0.0,0.0,0.0,0.0
107,TBStack-LR,0,0,TreeStacking,Extract Subclass,0.0,0.0,0.0029498525073746,0.0,0.0,0.0001456027955736,0.0004468729052832,0.0,0.0,0.0,0.0,0.0,0.0,0.0,0.0,0.0,0.0123762376237623,0.0,0.0,0.0,0.0,0.0,0.0187265917602996,0.0,0.0,0.0,0.0,0.0,0.0,0.0,0.0,0.0009487666034155,0.0,0.0206451612903225,0.0,0.0053276505061267,0.4444444444444444,0.0085679314565483,0.0010233847142179,0.0004102604176841,0.2307692307692307,0.0,0.0283018867924528,0.0025352112676056,0.0008291873963515
108,TBStack-LR,0,0,TreeStacking,Extract Subclass,0.0,0.0658121764850875,0.0285152409046214,0.0137931034482758,0.0,1.2261288048309477e-05,0.0160874245901972,0.0491400491400491,0.0163152610441767,0.3809523809523809,0.0026455026455026,0.0,0.0,0.0003027550711474,0.0003029385034837,0.0,0.005569306930693,0.0,0.0,0.0,0.0,0.0003027550711474,0.0084269662921348,0.0003027550711474,0.0081818181818181,0.0,0.0039501404494382,0.0036410366245448,0.024200518582541,0.1300484652665589,0.0482435597189695,0.0009487666034155,0.1004566210045662,0.1372043010752688,0.0629730547986678,0.0412892914224826,0.44,0.0048959608323133,0.0033913624836127,0.0004004923125012,0.3076923076923077,0.0,0.0377358490566037,0.0070422535211267,0.0049751243781094
109,TBStack-LR,0,0,TreeStacking,Extract Subclass,0.0,0.0041902883904362,0.0,0.0,0.0,4.521349967814119e-05,0.0012390566919217,0.0,0.0,0.0476190476190476,0.0,0.0,0.0,0.0030275507114744,0.0009088155104513,0.0,0.0092821782178217,0.050251256281407,0.0,0.0,0.0,0.0,0.0140449438202247,0.0009082652134423,0.0,0.0,0.0002633426966292,0.0,0.0060501296456352,0.0,0.0004683840749414,0.0009487666034155,0.0,0.0184946236559139,0.0030275507114744,0.003995737879595,0.74,0.0269277845777233,0.0325466218966979,9.76810518295661e-06,0.1538461538461538,0.019047619047619,0.0377358490566037,0.028169014084507,0.0
110,TBStack-LR,0,0,TreeStacking,Extract Subclass,0.0,0.0009859502095144,0.0068829891838741,0.0,0.0,0.0,0.0004265605004976,0.0,0.0,0.0476190476190476,0.0,0.0,0.0,0.0006055101422948,0.0006058770069675,0.0,0.0012376237623762,0.0100502512562814,0.0,0.0,0.0,0.0,0.0018726591760299,0.0,0.0,0.0,0.0,0.0,0.0,0.0032310177705977,0.0,0.0009487666034155,0.0,0.0120430107526881,0.0012110202845897,0.0005327650506126,0.0,0.0,0.0,0.0,0.0,0.0,0.0,0.0,0.0
111,TBStack-LR,0,0,TreeStacking,Extract Subclass,0.0,0.0017254128666502,0.0403146509341199,0.0,0.032051282051282,0.0001563314226159,0.0025796754077715,0.0098280098280098,0.0,0.0952380952380952,0.0013227513227513,0.0,0.0,0.0012110202845897,0.0012117540139351,0.0,0.0129950495049504,0.0201005025125628,0.0319148936170212,0.0,0.0175438596491228,0.0,0.0102996254681647,0.0003027550711474,0.0009090909090909,0.0,0.0,0.0,0.017286084701815,0.0363489499192245,0.0001561280249804,0.0009487666034155,0.0045662100456621,0.0361290322580645,0.002119285498032,0.0069259456579648,0.0,0.0,0.0,0.0,0.0,0.0,0.0,0.0,0.0
112,TBStack-LR,0,1,TreeStacking,Extract Subclass,0.0137457044673539,0.0093665269903869,0.0245821042281219,0.0008620689655172,0.0,1.9158262575483554e-05,0.0045906034815461,0.0,0.0002510040160642,0.1904761904761904,0.0,0.0,0.0,0.0033303057826218,0.0003029385034837,0.0,0.0061881188118811,0.0552763819095477,0.0159574468085106,0.0,0.023391812865497,0.0,0.0028089887640449,0.0,0.0,0.0,0.0012289325842696,0.0,0.0060501296456352,0.0379644588045234,0.0015612802498048,0.0009487666034155,0.0045662100456621,0.0477419354838709,0.0084771419921283,0.0063931806073521,0.4444444444444444,0.0232558139534883,0.0457945984708988,7.814484146365288e-05,0.3846153846153846,0.0857142857142857,0.1320754716981132,0.0152112676056338,0.0074626865671641
113,TBStack-LR,0,0,TreeStacking,Extract Subclass,0.0103092783505154,0.0165146660093665,0.0176991150442477,0.0043103448275862,0.0,5.057781319927659e-05,0.0351201478743068,0.0073710073710073,0.0015060240963855,0.3333333333333333,0.0008818342151675,0.0,0.0,0.007568876778686,0.0036352620418055,0.0,0.0080445544554455,0.0904522613065326,0.026595744680851,0.0,0.0,0.002119285498032,0.0074906367041198,0.0042385709960641,0.0,0.0,0.0029845505617977,0.0008567144998929,0.0086430423509075,0.0331179321486268,0.004215456674473,0.0104364326375711,0.0273972602739726,0.1716129032258064,0.0139267332727823,0.0133191262653169,0.0,0.0,0.0,0.0,0.0,0.0,0.0,0.0,0.0
114,TBStack-LR,0,0,TreeStacking,Extract Subclass,0.0,0.0073946265713581,0.0216322517207472,0.0077586206896551,0.0,6.973607577476014e-05,0.0042656050049765,0.0049140049140049,0.0057730923694779,0.4285714285714285,0.0,0.0,0.0,0.0009082652134423,0.0006058770069675,0.0,0.0086633663366336,0.0050251256281407,0.0,0.0,0.0,0.0006055101422948,0.0131086142322097,0.0,0.0,0.0,0.0029845505617977,0.0008567144998929,0.020743301642178,0.0436187399030694,0.0053083528493364,0.0009487666034155,0.0,0.04,0.0066606115652437,0.0146510388918486,0.0,0.0,0.0,0.0,0.0,0.0,0.0,0.0,0.0
115,TBStack-LR,0,0,TreeStacking,Extract Subclass,0.0034364261168384,0.0054227261523293,0.1042281219272369,0.0043103448275862,0.0,7.663305030193421e-06,0.0049359143629014,0.0049140049140049,0.0007530120481927,0.1904761904761904,0.0480599647266313,0.0,0.0,0.002119285498032,0.0018176310209027,0.002710027100271,0.005569306930693,0.0150753768844221,0.0159574468085106,0.0111111111111111,0.0,0.0,0.0056179775280898,0.0015137753557372,0.0036363636363636,0.0,0.000438904494382,0.0008567144998929,0.006914433880726,0.0258481421647819,0.0184231069476971,0.0009487666034155,0.0091324200913242,0.0739784946236559,0.0051468362095065,0.0069259456579648,0.29,0.0244798041615667,0.000552777144906,0.0007619122042706,0.5384615384615385,0.0476190476190476,0.1132075471698113,0.028169014084507,0.0
116,TBStack-LR,0,0,TreeStacking,Extract Subclass,0.0034364261168384,0.0027113630761646,0.0068829891838741,0.0,0.0,9.962296539251447e-06,0.0025999878125571,0.0049140049140049,0.0005020080321285,0.2857142857142857,0.0008818342151675,0.0,0.0,0.0012110202845897,0.0,0.0,0.0037128712871287,0.0,0.0,0.0111111111111111,0.0175438596491228,0.0009082652134423,0.0028089887640449,0.0,0.0,0.0,0.0007022471910112,0.0,0.0025929127052722,0.0177705977382875,0.0015612802498048,0.0009487666034155,0.0045662100456621,0.0258064516129032,0.0024220405691795,0.0047948854555141,0.0,0.0,0.0,0.0,0.0,0.0,0.0,0.0,0.0
117,TBStack-LR,0,0,TreeStacking,Extract Subclass,0.0,0.0300714813901897,0.0304818092428711,0.0198275862068965,0.0,0.0009678754253134,0.0112733846560094,0.027027027027027,0.0025100401606425,0.1904761904761904,0.0229276895943562,0.0,0.0,0.0030275507114744,0.0012117540139351,0.008130081300813,0.0334158415841584,0.0100502512562814,0.0106382978723404,0.0,0.0,0.002119285498032,0.048689138576779,0.0030275507114744,0.0454545454545454,0.0,0.0027212078651685,0.0006425358749196,0.0596369922212618,0.0662358642972536,0.0028103044496487,0.0009487666034155,0.0410958904109589,0.0550537634408602,0.0269452013321223,0.0309003729355354,0.5084745762711864,0.018359853121175,0.0054978916033898,0.0085080196143552,0.2307692307692307,0.0857142857142857,0.1132075471698113,0.0332394366197183,0.0024875621890547
118,TBStack-LR,0,0,TreeStacking,Extract Subclass,0.0,0.0204584668474242,0.015732546705998,0.0120689655172413,0.0,0.0006099990804033,0.0136702484207105,0.0024570024570024,0.0002510040160642,0.1428571428571428,0.005731922398589,0.0,0.0,0.0057523463518013,0.0039382005452893,0.0,0.0321782178217821,0.0653266331658291,0.0106382978723404,0.0,0.0,0.0018165304268846,0.045880149812734,0.0033303057826218,0.0027272727272727,0.0,0.0028967696629213,0.0017134289997858,0.0587726879861711,0.0500807754442649,0.0059328649492583,0.0047438330170777,0.0091324200913242,0.0503225806451612,0.0121102028458976,0.0396909962706446,0.0,0.0,0.0,0.0,0.0,0.0,0.0,0.0,0.0
119,TBStack-LR,0,0,TreeStacking,Extract Subclass,0.0,0.0,0.0,0.0,0.0,0.0,0.0132030631106416,0.0,0.0,0.0,0.0,0.0,0.0,0.0,0.0,0.0,0.0,0.0,0.0,0.0,0.0,0.0,0.0,0.0,0.0,0.0,0.0,0.0,0.0,0.0,0.0,0.0,0.0,0.0,0.0,0.0,0.0,0.0,0.0,0.0,0.0,0.0,0.0,0.0,0.0
120,TBStack-LR,0,0,TreeStacking,Extract Subclass,0.0137457044673539,0.0091200394380083,0.0265486725663716,0.0043103448275862,0.0,5.211047420531527e-05,0.0056062237208263,0.0,0.001004016064257,0.1428571428571428,0.0004409171075837,0.0,0.0,0.0039358159249167,0.0012117540139351,0.0,0.0099009900990099,0.0653266331658291,0.0372340425531914,0.0,0.0116959064327485,0.0,0.0065543071161048,0.0,0.0,0.0,0.0012289325842696,0.0010708931248661,0.006914433880726,0.0557350565428109,0.0003122560499609,0.0018975332068311,0.0,0.0529032258064516,0.0081743869209809,0.0087906233351092,0.44,0.0085679314565483,0.0274782530748228,0.0002735069451227,0.3076923076923077,0.0476190476190476,0.0849056603773584,0.0070422535211267,0.0008291873963515
121,TBStack-LR,0,0,TreeStacking,Extract Subclass,0.0859106529209622,0.0640867636184372,0.0983284169124877,0.0612068965517241,0.0,0.0014544952947307,0.0474091527695963,0.0122850122850122,0.009789156626506,0.2857142857142857,0.0066137566137566,0.0,0.0,0.0133212231304874,0.0024235080278703,0.0,0.0451732673267326,0.2060301507537688,0.1808510638297872,0.0,0.0175438596491228,0.0,0.0290262172284644,0.0030275507114744,0.0009090909090909,0.0886075949367088,0.0036867977528089,0.0014992503748125,0.0509939498703543,0.1906300484652665,0.033567525370804,0.0056925996204933,0.1232876712328767,0.2249462365591397,0.0490463215258855,0.0772509323388385,0.9666666666666668,0.0134638922888616,0.000616271816956,0.0011721726219547,0.0769230769230769,0.0095238095238095,0.0188679245283018,0.0169014084507042,0.005804311774461
122,TBStack-LR,0,0,TreeStacking,Extract Subclass,0.0,0.0078876016761153,0.0088495575221238,0.0034482758620689,0.0064102564102564,0.0,0.0040015437427637,0.0,0.0002510040160642,0.1904761904761904,0.0048500881834215,0.0,0.0,0.0018165304268846,0.0018176310209027,0.0,0.0024752475247524,0.0050251256281407,0.0159574468085106,0.0,0.0,0.0015137753557372,0.0009363295880149,0.0018165304268846,0.0036363636363636,0.0,0.000438904494382,0.0002141786249732,0.0,0.0331179321486268,0.009367681498829,0.0009487666034155,0.0182648401826484,0.0533333333333333,0.0090826521344232,0.0090570058604155,0.39,0.018359853121175,0.001105554289812,0.0012210131478695,0.2307692307692307,0.0380952380952381,0.0660377358490566,0.028169014084507,0.0
123,TBStack-LR,0,0,TreeStacking,Extract Subclass,0.0,0.0,0.0108161258603736,0.0017241379310344,0.0576923076923076,0.0010161542470036,0.0045093538624037,0.0,0.0,0.0476190476190476,0.0149911816578483,0.0,0.0,0.0,0.0,0.0,0.0321782178217821,0.0,0.0,0.0,0.0,0.0,0.046816479400749,0.0,0.0209090909090909,0.0,0.0,0.0004283572499464,0.0492653414001728,0.0589660743134087,0.0009367681498829,0.0009487666034155,0.0,0.0417204301075268,0.0,0.0167820990942994,1.0,0.0061199510403916,0.0032979879658921,0.0008009846250024,0.0769230769230769,0.0,0.0094339622641509,0.0143661971830985,0.011608623548922
124,TBStack-LR,0,0,TreeStacking,Extract Subclass,0.0,0.0256347054473749,0.0275319567354965,0.0103448275862068,0.0,2.9886889617754346e-05,0.0061546586500375,0.0171990171990172,0.0005020080321285,0.2857142857142857,0.0066137566137566,0.0,0.0,0.0018165304268846,0.0018176310209027,0.0,0.0061881188118811,0.0100502512562814,0.026595744680851,0.0,0.0,0.0,0.0037453183520599,0.0018165304268846,0.0009090909090909,0.0,0.0032478932584269,0.001927607624759,0.0112359550561797,0.0751211631663974,0.0129586260733801,0.0009487666034155,0.0045662100456621,0.0580645161290322,0.0163487738419618,0.014118273841236,0.3043478260869565,0.0048959608323133,0.0009449501193326,0.0005665501006114,0.3846153846153846,0.0095238095238095,0.0566037735849056,0.0064788732394366,0.0024875621890547
125,TBStack-LR,0,0,TreeStacking,Extract Subclass,0.0,0.0044367759428148,0.0186823992133726,0.0008620689655172,0.0,3.0653220120773688e-06,0.0017062420019906,0.0024570024570024,0.0,0.1428571428571428,0.0008818342151675,0.0,0.0,0.0045413260672116,0.0006058770069675,0.0,0.0024752475247524,0.0753768844221105,0.0053191489361702,0.0,0.0,0.0,0.0028089887640449,0.0003027550711474,0.0009090909090909,0.0,0.0001755617977528,0.0,0.0017286084701815,0.0218093699515347,0.0001561280249804,0.0009487666034155,0.0,0.0262365591397849,0.0054495912806539,0.002397442727757,0.3076923076923077,0.0048959608323133,0.0008478406209031,0.000879129466466,0.3846153846153846,0.0380952380952381,0.0849056603773584,0.0109859154929577,0.0049751243781094
126,TBStack-LR,0,0,TreeStacking,Extract Subclass,0.0103092783505154,0.0019719004190288,0.0098328416912487,0.0025862068965517,0.0,0.0,0.0015437427637057,0.0024570024570024,0.0,0.0952380952380952,0.0004409171075837,0.0,0.0,0.0009082652134423,0.0006058770069675,0.0,0.0012376237623762,0.0150753768844221,0.0,0.0,0.0116959064327485,0.0,0.0,0.0006055101422948,0.0,0.0,0.000438904494382,0.0,0.0051858254105445,0.0145395799676898,0.0,0.0009487666034155,0.0,0.0227956989247311,0.002119285498032,0.002397442727757,0.0,0.0,0.0,0.0,0.0,0.0,0.0,0.0,0.0
127,TBStack-LR,0,0,TreeStacking,Extract Subclass,0.0034364261168384,0.0123243776189302,0.0334316617502458,0.0086206896551724,0.0,0.0001448364650706,0.0058905973878247,0.0073710073710073,0.0032630522088353,0.1904761904761904,0.0,0.0070422535211267,0.0,0.0039358159249167,0.0009088155104513,0.0,0.0142326732673267,0.0,0.0,0.0777777777777777,0.0175438596491228,0.0018165304268846,0.0187265917602996,0.0009082652134423,0.0009090909090909,0.0,0.001755617977528,0.0023559648747055,0.0190146931719965,0.0630048465266559,0.0034348165495706,0.0009487666034155,0.0273972602739726,0.0713978494623655,0.0133212231304874,0.014917421417155,0.2105263157894736,0.0024479804161566,0.0021513488882829,0.0007619122042706,0.4615384615384615,0.0095238095238095,0.0660377358490566,0.0107042253521126,0.0024875621890547
128,TBStack-LR,0,1,TreeStacking,Extract Subclass,0.0,0.0,0.0019665683382497,0.0,0.0,0.0,0.0106233877028701,0.0,0.0,0.0476190476190476,0.0,0.0,0.0,0.1568271268543748,0.0,0.0,0.0006188118811881,0.0,0.0,0.0,0.0,0.1568271268543748,0.0009363295880149,0.0,0.0009090909090909,0.0,0.0,0.0,0.0008643042350907,0.0008077544426494,0.0,0.0009487666034155,0.0,0.3079569892473118,0.1568271268543748,0.0002663825253063,0.0,0.0,0.0,0.0,0.0,0.0,0.0,0.0,0.0
129,TBStack-LR,0,0,TreeStacking,Extract Subclass,0.0,0.0009859502095144,0.0,0.0,0.0,0.0,8.124961914241028e-05,0.0,0.0,0.0,0.0,0.0,0.0,0.0012110202845897,0.0,0.0,0.0,0.0,0.0,0.0,0.0,0.0,0.0,0.0,0.0,0.0,8.778089887640449e-05,0.0,0.0,0.0,0.0001561280249804,0.0009487666034155,0.0,0.0081720430107526,0.0012110202845897,0.0,0.0,0.0,0.0,0.0,0.0,0.0,0.0,0.0,0.0
130,TBStack-LR,0,0,TreeStacking,Extract Subclass,0.0,0.0002464875523786,0.0049164208456243,0.0,0.0,0.0,0.0007515589770672,0.0,0.0,0.0476190476190476,0.0,0.0,0.0,0.0003027550711474,0.0003029385034837,0.0,0.0006188118811881,0.0,0.0,0.0111111111111111,0.0058479532163742,0.0,0.0,0.0003027550711474,0.0,0.0,0.0,0.0,0.0008643042350907,0.0,0.0001561280249804,0.0028462998102466,0.0,0.016774193548387,0.0003027550711474,0.0002663825253063,0.0,0.0,0.0,0.0,0.0,0.0,0.0,0.0,0.0
131,TBStack-LR,0,0,TreeStacking,Extract Subclass,0.0,0.0335223071234902,0.0530973451327433,0.0025862068965517,0.0,0.0001747233546884,0.0092421441774491,0.0147420147420147,0.0077811244979919,0.238095238095238,0.0030864197530864,0.0,0.0,0.0072661217075386,0.004241139048773,0.0,0.0179455445544554,0.1206030150753768,0.0425531914893617,0.0,0.0,0.0,0.0196629213483146,0.0,0.0,0.1518987341772152,0.0022823033707865,0.0006425358749196,0.0181503889369057,0.0791599353796446,0.0062451209992193,0.0009487666034155,0.045662100456621,0.075268817204301,0.0342113230396609,0.0218433670751198,1.0,0.0012239902080783,0.0020243595441829,0.0004981733643307,0.0769230769230769,0.0,0.0094339622641509,0.0107042253521126,0.0091210613598673
132,TBStack-LR,0,0,TreeStacking,Extract Subclass,0.0,0.0022183879714074,0.0,0.0,0.0,0.0,0.0001828116430704,0.0,0.0,0.0,0.0,0.0,0.0,0.0027247956403269,0.0027264465313541,0.0,0.0,0.0,0.0,0.0,0.0,0.0027247956403269,0.0,0.0027247956403269,0.0,0.0,0.0,0.0,0.0,0.0,0.0014051522248243,0.0009487666034155,0.0,0.0090322580645161,0.0027247956403269,0.0,0.0,0.0,0.0,0.0,0.0,0.0,0.0,0.0,0.0
133,TBStack-LR,0,0,TreeStacking,Extract Subclass,0.1099656357388316,0.0951441952181414,0.0521140609636184,0.0491379310344827,0.0,0.0047228948901082,0.0443419796469704,0.0245700245700245,0.0577309236947791,0.1904761904761904,0.0119047619047619,0.0,0.0,0.0602482591583409,0.033626173886701,0.0,0.073019801980198,0.4120603015075377,0.0638297872340425,0.0222222222222222,0.0058479532163742,0.0154405086285195,0.0917602996254681,0.007568876778686,0.0,0.5316455696202531,0.0457338483146067,0.0175626472478046,0.0890233362143474,0.122778675282714,0.0576112412177985,0.0056925996204933,0.0045662100456621,0.2455913978494623,0.1065697850438994,0.084709643047416,0.7038327526132404,0.0636474908200734,0.0191604510362704,0.0289917361830152,0.2307692307692307,0.0857142857142857,0.1132075471698113,0.0808450704225352,0.0182421227197346
134,TBStack-LR,0,0,TreeStacking,Extract Subclass,0.0,0.0071481390189795,0.0058997050147492,0.0060344827586206,0.0,0.0,0.0021328025024882,0.0024570024570024,0.0045180722891566,0.1904761904761904,0.0013227513227513,0.0,0.0,0.0,0.0,0.0,0.0006188118811881,0.0,0.0,0.0,0.0,0.0,0.0009363295880149,0.0,0.0009090909090909,0.0,0.0006144662921348,0.0027843221246519,0.0025929127052722,0.0290791599353796,0.0078064012490242,0.0009487666034155,0.0091324200913242,0.0305376344086021,0.0066606115652437,0.0053276505061267,0.5272727272727272,0.0208078335373316,0.0009935048685473,0.0009279699923808,0.3076923076923077,0.0476190476190476,0.0849056603773584,0.0154929577464788,0.0082918739635157
135,TBStack-LR,0,0,TreeStacking,Extract Subclass,0.0,0.0,0.0009832841691248,0.0,0.0,0.6590564938846826,0.0266701874834961,0.0,0.0,0.0,0.0,0.0,0.0,0.0,0.0,0.0,0.8118811881188119,0.0,0.0,0.0,0.0,0.0,0.0,0.0,0.0,0.0,0.0,0.0,0.0,0.0,0.0,0.0009487666034155,0.0,0.016774193548387,0.0,0.3494938732019179,0.0658823529411764,0.7662178702570379,0.0126317047572449,0.0046886904878191,0.1538461538461538,0.8666666666666667,0.8773584905660377,0.2394366197183098,0.0
136,TBStack-LR,0,0,TreeStacking,Extract Subclass,0.0,0.0009859502095144,0.0137659783677482,0.0017241379310344,0.0,7.663305030193421e-06,0.0010359326440657,0.0,0.0,0.0952380952380952,0.0,0.0,0.0,0.0,0.0,0.0,0.0030940594059405,0.0,0.0053191489361702,0.0,0.0,0.0,0.0037453183520599,0.0,0.0,0.0,8.778089887640449e-05,0.0002141786249732,0.0025929127052722,0.0064620355411954,0.0024980483996877,0.0009487666034155,0.0,0.0176344086021505,0.0006055101422948,0.0018646776771443,0.875,0.0024479804161566,0.0001942189968588,4.884052591478305e-05,0.1538461538461538,0.0,0.0188679245283018,0.0045070422535211,0.0008291873963515
137,TBStack-LR,0,0,TreeStacking,Extract Subclass,0.0,0.0564456494947005,0.0452310717797443,0.0206896551724137,0.0,0.0017985776905863,0.0540919339440596,0.0049140049140049,0.0032630522088353,0.2857142857142857,0.0105820105820105,0.0,0.0,0.0108991825613079,0.0003029385034837,0.0,0.0507425742574257,0.0,0.0,0.3888888888888889,0.0116959064327485,0.0003027550711474,0.0749063670411985,0.0003027550711474,0.0,0.0,0.0043890449438202,0.0010708931248661,0.0847018150388937,0.1066235864297253,0.0307572209211553,0.0294117647058823,0.0319634703196347,0.1879569892473118,0.0366333636088404,0.0940330314331379,0.225,0.0281517747858017,0.0120378428245418,0.0009572743079297,0.5384615384615385,0.0380952380952381,0.1037735849056603,0.0225352112676056,0.0016583747927031
138,TBStack-LR,0,0,TreeStacking,Extract Subclass,0.0,0.004929751047572,0.0137659783677482,0.0017241379310344,0.0,0.0,0.0024984257886291,0.0024570024570024,0.0,0.1428571428571428,0.0,0.0,0.0,0.0015137753557372,0.0,0.0,0.0049504950495049,0.0,0.0,0.0,0.0,0.0,0.0074906367041198,0.0,0.0,0.0,0.0,0.0,0.0008643042350907,0.0169628432956381,0.0,0.0018975332068311,0.0045662100456621,0.0270967741935483,0.0042385709960641,0.0034629728289824,0.0,0.0,0.0,0.0,0.0,0.0,0.0,0.0,0.0
139,TBStack-LR,0,0,TreeStacking,Extract Subclass,0.0137457044673539,0.2807493221592309,0.3264503441494592,0.068103448275862,0.0448717948717948,0.0568793489256046,0.0794011903069204,0.1474201474201474,0.0095381526104417,0.4761904761904761,0.1084656084656084,0.0,0.0,0.0160460187708144,0.016055740684641,0.0,0.2388613861386138,0.0050251256281407,0.1276595744680851,0.0,0.0,0.0157432636996669,0.3361423220973782,0.0160460187708144,0.3509090909090909,0.0,0.020189606741573,0.001927607624759,0.334485738980121,0.2835218093699515,0.0313817330210772,0.0009487666034155,0.0045662100456621,0.2382795698924731,0.2685437481077808,0.2266915290356952,0.9972222222222222,0.1052631578947368,0.0156271592857222,0.0079903100396585,0.0769230769230769,0.0095238095238095,0.0188679245283018,0.1014084507042253,0.0970149253731343
140,TBStack-LR,0,0,TreeStacking,Extract Subclass,0.0034364261168384,0.0695094897707665,0.0550639134709931,0.0310344827586206,0.0,0.0006919964442264,0.0192358473319656,0.0491400491400491,0.0225903614457831,0.4761904761904761,0.0145502645502645,0.0,0.0,0.0039358159249167,0.0012117540139351,0.0,0.0334158415841584,0.0201005025125628,0.0744680851063829,0.1,0.0818713450292397,0.0,0.0187265917602996,0.0012110202845897,0.0054545454545454,0.0,0.0104459269662921,0.001927607624759,0.0449438202247191,0.1486268174474959,0.0003122560499609,0.0018975332068311,0.0,0.1410752688172043,0.0502573418104753,0.0599360681939264,0.3195876288659793,0.0318237454100367,0.0014603774571504,0.0012405493582354,0.3846153846153846,0.0857142857142857,0.1320754716981132,0.0273239436619718,0.0207296849087893
141,TBStack-LR,0,0,TreeStacking,Extract Subclass,0.3402061855670103,0.0443677594281488,0.023598820058997,0.0094827586206896,0.0,7.663305030193422e-05,0.0360748308992301,0.0073710073710073,0.0065261044176706,0.1904761904761904,0.0299823633156966,0.0,0.0,0.0399636693914623,0.0396849439563768,0.013550135501355,0.0099009900990099,0.050251256281407,0.0638297872340425,0.0,0.0,0.0369361186799878,0.0037453183520599,0.0399636693914623,0.0145454545454545,0.0,0.0030723314606741,0.0008567144998929,0.0233362143474503,0.0718901453957996,0.0246682279469164,0.0094876660341555,0.0,0.1862365591397849,0.0499545867393278,0.0205114544485881,0.6296296296296297,0.0844553243574051,0.00594235430774,0.0061929786859944,0.1538461538461538,0.0666666666666666,0.0849056603773584,0.0836619718309859,0.0033167495854063
142,TBStack-LR,0,0,TreeStacking,Extract Subclass,0.0,0.0041902883904362,0.0108161258603736,0.0017241379310344,0.0,3.2952211629831713e-05,0.0027421746460563,0.0024570024570024,0.0002510040160642,0.1904761904761904,0.0013227513227513,0.0,0.0,0.0015137753557372,0.0006058770069675,0.0,0.0061881188118811,0.0251256281407035,0.0106382978723404,0.0,0.0175438596491228,0.0,0.0046816479400749,0.0,0.0,0.0,8.778089887640449e-05,0.0,0.003457216940363,0.0226171243941841,0.0010928961748633,0.0018975332068311,0.0182648401826484,0.0313978494623655,0.0051468362095065,0.0061267980820458,0.0,0.0,0.0,0.0,0.0,0.0,0.0,0.0,0.0
143,TBStack-LR,0,0,TreeStacking,Extract Subclass,0.0,0.0160216909046093,0.015732546705998,0.021551724137931,0.0,0.0001272108635012,0.0075765269850297,0.0073710073710073,0.0055220883534136,0.2857142857142857,0.001763668430335,0.0,0.0,0.0093854072055706,0.005755831566192,0.0,0.0148514851485148,0.050251256281407,0.0159574468085106,0.0,0.0,0.0,0.0168539325842696,0.0030275507114744,0.0,0.0379746835443038,0.0012289325842696,0.0010708931248661,0.0233362143474503,0.0420032310177706,0.0084309133489461,0.0009487666034155,0.0319634703196347,0.0692473118279569,0.0163487738419618,0.0234416622269579,0.6730769230769231,0.0122399020807833,0.0023306279623065,0.0007619122042706,0.2307692307692307,0.0285714285714285,0.0566037735849056,0.0146478873239436,0.0008291873963515
144,TBStack-LR,0,0,TreeStacking,Extract Subclass,0.0,0.0009859502095144,0.0068829891838741,0.0068965517241379,0.0,0.0005387303436225,0.0030671731226259,0.0049140049140049,0.0012550200803212,0.0952380952380952,0.0,0.0,0.0,0.0,0.0,0.005420054200542,0.0235148514851485,0.0,0.0053191489361702,0.0,0.0,0.0,0.0346441947565543,0.0,0.0,0.0,0.0032478932584269,0.0014992503748125,0.006914433880726,0.0161550888529886,0.0,0.0009487666034155,0.0,0.0374193548387096,0.0006055101422948,0.0138518913159296,0.8823529411764706,0.0097919216646266,0.0016247166083387,0.000224666419208,0.1538461538461538,0.0,0.0188679245283018,0.0047887323943661,0.0008291873963515
145,TBStack-LR,0,1,TreeStacking,Extract Subclass,0.0171821305841924,0.0046832634951934,0.015732546705998,0.0025862068965517,0.0,1.5326610060386844e-06,0.0026812374316995,0.0,0.0002510040160642,0.1428571428571428,0.0,0.0,0.0,0.0036330608537693,0.0012117540139351,0.0,0.0030940594059405,0.050251256281407,0.0053191489361702,0.0,0.0116959064327485,0.0006055101422948,0.0018726591760299,0.0012110202845897,0.0,0.0,0.0003511235955056,0.0,0.0025929127052722,0.0250403877221324,0.0007806401249024,0.0009487666034155,0.0,0.0356989247311827,0.004844081138359,0.0029302077783697,0.6583333333333333,0.0208078335373316,0.0521403306951919,0.0008400570457342,0.1538461538461538,0.0,0.0188679245283018,0.0338028169014084,0.0074626865671641
146,TBStack-LR,0,0,TreeStacking,Extract Subclass,0.0,0.0,0.0206489675516224,0.0,0.0,0.0710120160622873,0.0266701874834961,0.0,0.001004016064257,0.0,0.0,0.0,0.0,0.0,0.0,0.0,0.2667079207920792,0.0,0.0,0.0,0.0,0.0,0.0,0.0,0.0,0.0,0.0378335674157303,0.0,0.0,0.0,0.0691647150663544,0.0009487666034155,0.0,0.4718279569892473,0.0,0.1148108684070324,0.0,0.0,0.0,0.0,0.0,0.0,0.0,0.0,0.0
147,TBStack-LR,0,0,TreeStacking,Extract Subclass,0.0,0.0034508257333004,0.015732546705998,0.0017241379310344,0.0,0.0,0.0029452986939123,0.0221130221130221,0.0017570281124497,0.238095238095238,0.0008818342151675,0.0,0.0,0.0012110202845897,0.0012117540139351,0.0,0.005569306930693,0.0201005025125628,0.0053191489361702,0.0,0.0,0.0,0.0074906367041198,0.0003027550711474,0.0,0.0,0.0002633426966292,0.0014992503748125,0.0095073465859982,0.0323101777059773,0.0,0.0009487666034155,0.0,0.0232258064516129,0.0042385709960641,0.0090570058604155,1.0,0.0012239902080783,0.0011690489618621,0.0003125793658546,0.0769230769230769,0.0,0.0094339622641509,0.0036619718309859,0.0016583747927031
148,TBStack-LR,0,0,TreeStacking,Extract Subclass,0.0,0.0,0.0,0.0,0.0,0.0,6.09372143568077e-05,0.0,0.0,0.0476190476190476,0.0,0.0,0.0,0.0,0.0,0.0,0.0006188118811881,0.0,0.0,0.0,0.0,0.0,0.0009363295880149,0.0,0.0,0.0,0.0,0.0,0.0008643042350907,0.0,0.0001561280249804,0.0009487666034155,0.0,0.0021505376344086,0.0,0.0002663825253063,0.78,0.0281517747858017,0.0004369927429324,0.0009670424131127,0.1538461538461538,0.0571428571428571,0.0754716981132075,0.028169014084507,0.0
149,TBStack-LR,0,0,TreeStacking,Extract Subclass,0.0,0.0327828444663544,0.0835791543756145,0.0267241379310344,0.0384615384615384,0.00408377525059,0.0239280128374398,0.0466830466830466,0.0002510040160642,0.238095238095238,0.0035273368606701,0.0,0.0,0.0051468362095065,0.0003029385034837,0.0,0.0662128712871287,0.050251256281407,0.101063829787234,0.0777777777777777,0.4385964912280701,0.0,0.0102996254681647,0.0003027550711474,0.0009090909090909,0.0,0.0009655898876404,0.0010708931248661,0.1296456352636128,0.3408723747980614,0.0029664324746291,0.0009487666034155,0.0,0.149247311827957,0.0369361186799878,0.0852424080980287,0.0802469135802469,0.2141982864137086,0.0066034458932019,0.0044444878582452,0.2307692307692307,0.5428571428571429,0.5660377358490566,0.0912676056338028,0.0406301824212272
150,TBStack-LR,0,0,TreeStacking,Extract Subclass,0.7663230240549828,0.0973625831895489,0.0344149459193707,0.0,0.0,0.0008766820954541,0.041396680953058,0.0442260442260442,0.0017570281124497,0.1428571428571428,0.1084656084656084,0.0,0.0,0.119285498032092,0.1193577703726143,0.0921409214092141,0.0303217821782178,0.0050251256281407,0.0053191489361702,0.0,0.0,0.1189827429609445,0.0449438202247191,0.119285498032092,0.0445454545454545,0.0,0.0033356741573033,0.0,0.0535868625756266,0.0290791599353796,0.0685402029664324,0.0009487666034155,0.0,0.0868817204301075,0.1195882531032394,0.0231752797016515,0.6533333333333333,0.0134638922888616,0.004343782564363,0.0021782874557993,0.1538461538461538,0.019047619047619,0.0377358490566037,0.0845070422535211,0.0149253731343283
151,TBStack-LR,0,0,TreeStacking,Extract Subclass,0.0,0.0088735518856297,0.0108161258603736,0.0086206896551724,0.0,7.280139778683751e-05,0.0035140460279092,0.0221130221130221,0.0005020080321285,0.1904761904761904,0.0035273368606701,0.0,0.0,0.0009082652134423,0.0,0.0,0.0111386138613861,0.0100502512562814,0.0106382978723404,0.0,0.0058479532163742,0.0003027550711474,0.0140449438202247,0.0003027550711474,0.0045454545454545,0.0,0.001316713483146,0.0006425358749196,0.0129645635263612,0.029886914378029,0.0007806401249024,0.0018975332068311,0.0,0.0318279569892473,0.0099909173478655,0.0119872136387852,1.0,0.0,0.0009561550614591,9.76810518295661e-06,0.0769230769230769,0.0,0.0094339622641509,0.0014084507042253,0.0008291873963515
152,TBStack-LR,0,0,TreeStacking,Extract Subclass,0.0378006872852233,0.0226768548188316,0.0530973451327433,0.0224137931034482,0.0,0.0003770346074855,0.0138733724685665,0.0049140049140049,0.0055220883534136,0.2857142857142857,0.0008818342151675,0.0,0.0,0.0115046927036027,0.0033323235383217,0.0,0.0247524752475247,0.1758793969849246,0.0531914893617021,0.0,0.0643274853801169,0.0009082652134423,0.0159176029962546,0.0012110202845897,0.0,0.0,0.0038623595505617,0.0008567144998929,0.0216076058772687,0.1187399030694668,0.004215456674473,0.0009487666034155,0.0091324200913242,0.1049462365591397,0.0227066303360581,0.0295684603090037,0.3584905660377358,0.0195838433292533,0.0979461341082173,0.000664231152441,0.2307692307692307,0.0666666666666666,0.0943396226415094,0.0149295774647887,0.0157545605306799
153,TBStack-LR,0,0,TreeStacking,Extract Subclass,0.0,0.0189795415331525,0.0324483775811209,0.0025862068965517,0.0,0.0002046102443061,0.0067030935792488,0.0294840294840294,0.0077811244979919,0.238095238095238,0.0026455026455026,0.0,0.0,0.0045413260672116,0.0003029385034837,0.0,0.016089108910891,0.0753768844221105,0.0585106382978723,0.0,0.0,0.0,0.0140449438202247,0.0003027550711474,0.0,0.0,0.004125702247191,0.0025701434996787,0.0146931719965427,0.0662358642972536,0.0009367681498829,0.0009487666034155,0.0,0.0658064516129032,0.0208900999091734,0.0245071923281832,0.6136363636363636,0.0122399020807833,0.000892660389409,0.002236896086897,0.2307692307692307,0.0285714285714285,0.0566037735849056,0.0123943661971831,0.0157545605306799
154,TBStack-LR,0,0,TreeStacking,Extract Subclass,0.0,0.0115849149617944,0.0186823992133726,0.0008620689655172,0.0,2.9886889617754346e-05,0.0045702910767605,0.0245700245700245,0.0015060240963855,0.1904761904761904,0.0004409171075837,0.0,0.0,0.0006055101422948,0.0006058770069675,0.0,0.0061881188118811,0.0100502512562814,0.0372340425531914,0.0,0.0,0.0,0.0009363295880149,0.0,0.0,0.0,0.0014922752808988,0.0,0.0008643042350907,0.0597738287560581,0.0032786885245901,0.0009487666034155,0.0319634703196347,0.0498924731182795,0.0136239782016348,0.0066595631326584,0.0,0.0,0.0,0.0,0.0,0.0,0.0,0.0,0.0
155,TBStack-LR,0,0,TreeStacking,Extract Subclass,0.0446735395189003,0.0155287157998521,0.0550639134709931,0.0034482758620689,0.0,0.0009303252306654,0.0128577522292864,0.0098280098280098,0.0012550200803212,0.1428571428571428,0.0,0.0,0.0,0.0051468362095065,0.0012117540139351,0.0,0.0352722772277227,0.0854271356783919,0.1489361702127659,0.0,0.0175438596491228,0.0,0.0159176029962546,0.0006055101422948,0.0018181818181818,0.0,0.000877808988764,0.0014992503748125,0.0371650821089023,0.1155088852988691,0.0029664324746291,0.0047438330170777,0.0182648401826484,0.1019354838709677,0.017862549197699,0.0301012253596164,0.5303030303030303,0.018359853121175,0.0004519326657677,0.0006935354679899,0.3076923076923077,0.019047619047619,0.0566037735849056,0.0185915492957746,0.0124378109452736
156,TBStack-LR,0,0,TreeStacking,Extract Subclass,0.0,0.0,0.0088495575221238,0.0,0.0,6.973607577476014e-05,0.0009140582153521,0.0,0.0,0.0,0.0,0.0,0.0,0.0,0.0,0.0,0.0086633663366336,0.0,0.0,0.0,0.0,0.0,0.0,0.0,0.0,0.0,0.0,0.0,0.0,0.0,0.0,0.0018975332068311,0.0,0.0219354838709677,0.0,0.0037293553542887,0.0,0.0,0.0,0.0,0.0,0.0,0.0,0.0,0.0
157,TBStack-LR,0,0,TreeStacking,Extract Subclass,0.0,0.0034508257333004,0.0,0.0,0.0,0.0,0.000710934167496,0.0024570024570024,0.0005020080321285,0.1428571428571428,0.0008818342151675,0.0,0.0,0.0003027550711474,0.0003029385034837,0.0,0.0006188118811881,0.0,0.0,0.0,0.0,0.0003027550711474,0.0009363295880149,0.0003027550711474,0.0009090909090909,0.0,0.0006144662921348,0.0,0.0043215211754537,0.0024232633279483,0.0004683840749414,0.0009487666034155,0.0091324200913242,0.0098924731182795,0.0030275507114744,0.0021310602024507,0.9,0.0122399020807833,0.0003436182252118,0.0004786371539648,0.1538461538461538,0.0,0.0188679245283018,0.0140845070422535,0.0
158,TBStack-LR,0,0,TreeStacking,Extract Subclass,0.1374570446735395,0.0071481390189795,0.0216322517207472,0.0051724137931034,0.0,4.214817766606382e-05,0.0172452316629765,0.0,0.0037650602409638,0.1904761904761904,0.0074955908289241,0.0,0.0,0.0,0.0,0.0,0.0068069306930693,0.0,0.0106382978723404,0.0,0.0,0.0,0.0084269662921348,0.0,0.0072727272727272,0.0,0.0018433988764044,0.0057828228742771,0.0060501296456352,0.067043618739903,0.0059328649492583,0.0009487666034155,0.0045662100456621,0.0688172043010752,0.0069633666363911,0.0189131592967501,0.0,0.0,0.0,0.0,0.0,0.0,0.0,0.0,0.0
159,TBStack-LR,0,0,TreeStacking,Extract Subclass,0.0,0.0,0.0009832841691248,0.0,0.0,0.0,8.124961914241028e-05,0.0,0.0,0.0476190476190476,0.0,0.0,0.0,0.0,0.0,0.002710027100271,0.0006188118811881,0.0,0.0,0.0,0.0,0.0,0.0009363295880149,0.0,0.0,0.0,0.0,0.0,0.0,0.0,0.0,0.0009487666034155,0.0,0.0017204301075268,0.0,0.0002663825253063,0.74,0.00734394124847,0.0016508614733004,9.76810518295661e-06,0.2307692307692307,0.0095238095238095,0.0377358490566037,0.0140845070422535,0.0
160,TBStack-LR,0,0,TreeStacking,Extract Subclass,0.0103092783505154,0.0073946265713581,0.0186823992133726,0.0017241379310344,0.0,1.5326610060386844e-06,0.0033515467896244,0.0147420147420147,0.0,0.1428571428571428,0.0008818342151675,0.0,0.0,0.002119285498032,0.0,0.0,0.0074257425742574,0.0351758793969849,0.0372340425531914,0.0,0.0,0.0,0.0009363295880149,0.0,0.0,0.0,0.0002633426966292,0.0002141786249732,0.0060501296456352,0.0323101777059773,0.0,0.0009487666034155,0.0,0.0408602150537634,0.0084771419921283,0.0074587107085775,0.0,0.0,0.0,0.0,0.0,0.0,0.0,0.0,0.0
161,TBStack-LR,0,1,TreeStacking,Extract Subclass,0.0,0.004929751047572,0.0255653883972468,0.0025862068965517,0.0,4.0615516660025137e-05,0.0022343645264162,0.0,0.0,0.1428571428571428,0.0048500881834215,0.0,0.0,0.0051468362095065,0.004241139048773,0.0,0.0086633663366336,0.0854271356783919,0.0053191489361702,0.0,0.0,0.0,0.0121722846441947,0.002119285498032,0.0109090909090909,0.0,0.0001755617977528,0.0,0.010371650821089,0.0024232633279483,0.0001561280249804,0.0018975332068311,0.0,0.0253763440860215,0.0057523463518013,0.0045285029302077,0.0,0.0,0.0,0.0,0.0,0.0,0.0,0.0,0.0
162,TBStack-LR,0,0,TreeStacking,Extract Subclass,0.0,0.0017254128666502,0.007866273352999,0.0008620689655172,0.0,3.0653220120773688e-06,0.0007515589770672,0.0024570024570024,0.0,0.0952380952380952,0.0013227513227513,0.0,0.0,0.0006055101422948,0.0006058770069675,0.0,0.0030940594059405,0.0100502512562814,0.0053191489361702,0.0,0.0,0.0,0.0037453183520599,0.0,0.0009090909090909,0.0,0.0002633426966292,0.0002141786249732,0.003457216940363,0.0088852988691437,0.0001561280249804,0.0009487666034155,0.0,0.0111827956989247,0.0018165304268846,0.002397442727757,0.78,0.00734394124847,0.0082767172507554,1.953621036591322e-05,0.1538461538461538,0.019047619047619,0.0377358490566037,0.0140845070422535,0.0
163,TBStack-LR,0,1,TreeStacking,Extract Subclass,0.0,0.001232437761893,0.0,0.0,0.0,0.0,0.0002437488574272,0.0,0.0012550200803212,0.0476190476190476,0.0,0.0,0.0,0.0015137753557372,0.0015146925174189,0.0,0.0006188118811881,0.0,0.0,0.0,0.0,0.0015137753557372,0.0009363295880149,0.0015137753557372,0.0009090909090909,0.0,8.778089887640449e-05,0.0,0.0,0.0016155088852988,0.0010928961748633,0.0009487666034155,0.0,0.0090322580645161,0.0015137753557372,0.0002663825253063,0.6205263157894737,0.9314565483476132,0.0077426150093934,0.0199855432043292,0.1538461538461538,0.1619047619047619,0.1792452830188679,0.5352112676056339,0.0
164,TBStack-LR,0,0,TreeStacking,Extract Subclass,0.0103092783505154,0.0207049543998028,0.0619469026548672,0.0060344827586206,0.0,0.0021464917389571,0.0122483800857183,0.0122850122850122,0.0012550200803212,0.1904761904761904,0.0088183421516754,0.0,0.0,0.004844081138359,0.0048470160557406,0.0,0.0538366336633663,0.0703517587939698,0.0531914893617021,0.0,0.0,0.0003027550711474,0.0683520599250936,0.0027247956403269,0.0045454545454545,0.0,0.001316713483146,0.0004283572499464,0.0907519446845289,0.1082390953150242,0.0170179547228727,0.0009487666034155,0.0136986301369863,0.1303225806451612,0.023312140478353,0.0399573787959509,0.1428571428571428,0.0636474908200734,0.0052289729923544,0.0055873561646511,0.3846153846153846,0.3238095238095238,0.3679245283018867,0.0492957746478873,0.0456053067993366
165,TBStack-LR,0,1,TreeStacking,Extract Subclass,0.0,0.0027113630761646,0.0,0.0,0.0,0.0,0.0002437488574272,0.0,0.0,0.0,0.0,0.0,0.0,0.0033303057826218,0.0033323235383217,0.0,0.0,0.0,0.0,0.0,0.0,0.0033303057826218,0.0,0.0033303057826218,0.0,0.0,0.0,0.0,0.0,0.0008077544426494,0.0010928961748633,0.0009487666034155,0.0,0.010752688172043,0.0033303057826218,0.0,0.0,0.0,0.0,0.0,0.0,0.0,0.0,0.0,0.0
166,TBStack-LR,0,0,TreeStacking,Extract Subclass,0.0,0.0002464875523786,0.0009832841691248,0.0,0.0,2.2989915090580268e-06,0.0002843736669984,0.0,0.0,0.0476190476190476,0.0004409171075837,0.0,0.0,0.0,0.0,0.0,0.0018564356435643,0.0,0.0053191489361702,0.0,0.0,0.0,0.0018726591760299,0.0,0.0018181818181818,0.0,0.0,0.0,0.0017286084701815,0.0008077544426494,0.0015612802498048,0.0009487666034155,0.0,0.0094623655913978,0.0003027550711474,0.000799147575919,0.0,0.0,0.0,0.0,0.0,0.0,0.0,0.0,0.0
167,TBStack-LR,0,0,TreeStacking,Extract Subclass,0.0,0.001232437761893,0.0009832841691248,0.0,0.0,1.5326610060386844e-06,0.000710934167496,0.0,0.0002510040160642,0.0952380952380952,0.0026455026455026,0.0,0.0,0.0015137753557372,0.0006058770069675,0.0,0.0030940594059405,0.0150753768844221,0.0,0.0,0.0,0.0,0.0028089887640449,0.0006055101422948,0.0009090909090909,0.0,0.0,0.0,0.0008643042350907,0.0080775444264943,0.0004683840749414,0.0009487666034155,0.0,0.0120430107526881,0.0015137753557372,0.001598295151838,0.0,0.0,0.0,0.0,0.0,0.0,0.0,0.0,0.0
168,TBStack-LR,0,0,TreeStacking,Extract Subclass,0.0,0.0009859502095144,0.0098328416912487,0.0,0.0,7.663305030193422e-07,0.0008937458105665,0.0024570024570024,0.0,0.1428571428571428,0.0008818342151675,0.0,0.0,0.0006055101422948,0.0003029385034837,0.0,0.0043316831683168,0.0100502512562814,0.0053191489361702,0.0,0.0,0.0,0.0056179775280898,0.0,0.0036363636363636,0.0,0.0,0.0,0.006914433880726,0.0072697899838449,0.0,0.0009487666034155,0.0,0.010752688172043,0.0012110202845897,0.003196590303676,0.0,0.0,0.0,0.0,0.0,0.0,0.0,0.0,0.0
169,TBStack-LR,0,0,TreeStacking,Extract Subclass,0.0,0.0029578506285432,0.0216322517207472,0.0008620689655172,0.0,4.291450816908317e-05,0.0019093660498466,0.0098280098280098,0.0,0.238095238095238,0.0,0.0,0.0,0.0012110202845897,0.0003029385034837,0.0,0.0074257425742574,0.0050251256281407,0.0,0.0,0.0,0.0,0.0112359550561797,0.0003027550711474,0.0,0.0,0.0001755617977528,0.0,0.0095073465859982,0.0153473344103392,0.0001561280249804,0.0009487666034155,0.0,0.0227956989247311,0.0030275507114744,0.0069259456579648,0.0,0.0,0.0,0.0,0.0,0.0,0.0,0.0,0.0
170,TBStack-LR,0,0,TreeStacking,Extract Subclass,0.0,0.0004929751047572,0.015732546705998,0.0,0.0,9.195966036232106e-05,0.0008531210009953,0.0,0.0,0.0,0.0,0.0,0.0,0.0006055101422948,0.0006058770069675,0.0,0.0099009900990099,0.0,0.0,0.0,0.0,0.0006055101422948,0.0,0.0006055101422948,0.0,0.0,8.778089887640449e-05,0.0,0.0,0.0,0.0,0.0009487666034155,0.0,0.0391397849462365,0.0006055101422948,0.0042621204049014,0.3333333333333333,0.0048959608323133,3.361482637942175e-05,4.884052591478305e-05,0.3076923076923077,0.0,0.0377358490566037,0.0016901408450704,0.0016583747927031
171,TBStack-LR,0,0,TreeStacking,Extract Subclass,0.0,0.0155287157998521,0.0983284169124877,0.0025862068965517,0.2243589743589743,2.9886889617754346e-05,0.0107655745363693,0.0024570024570024,0.003012048192771,0.1428571428571428,0.0048500881834215,0.0,0.0,0.0157432636996669,0.0024235080278703,0.0,0.0086633663366336,0.0050251256281407,0.0372340425531914,0.0,0.0,0.0148349984862246,0.0065543071161048,0.0154405086285195,0.0081818181818181,0.0,0.0018433988764044,0.0002141786249732,0.0,0.1163166397415185,0.0060889929742388,0.0009487666034155,0.0045662100456621,0.1294623655913978,0.0199818346957311,0.0066595631326584,0.806060606060606,0.0722154222766217,0.0020131546020564,0.0054896751128216,0.1538461538461538,0.0,0.0188679245283018,0.0464788732394366,0.0041459369817578
172,TBStack-LR,0,0,TreeStacking,Extract Subclass,0.0068728522336769,0.0266206556568893,0.0452310717797443,0.0086206896551724,0.0,7.586671979891487e-05,0.0170624200199061,0.027027027027027,0.009789156626506,0.3333333333333333,0.0026455026455026,0.0,0.0,0.0069633666363911,0.0006058770069675,0.0,0.0092821782178217,0.0050251256281407,0.0053191489361702,0.0,0.0175438596491228,0.0060551014229488,0.0084269662921348,0.0012110202845897,0.0054545454545454,0.0,0.0069346910112359,0.0017134289997858,0.0095073465859982,0.048465266558966,0.0078064012490242,0.0066413662239089,0.0045662100456621,0.1423655913978494,0.0217983651226158,0.0199786893979754,0.4470588235294118,0.0318237454100367,0.0022447234060036,0.0016801140914685,0.2307692307692307,0.0476190476190476,0.0754716981132075,0.0239436619718309,0.0124378109452736
173,TBStack-LR,0,0,TreeStacking,Extract Subclass,0.0,0.004929751047572,0.0088495575221238,0.0,0.0,2.222358458756092e-05,0.0016249923828482,0.0,0.0,0.0952380952380952,0.0004409171075837,0.0,0.0,0.0015137753557372,0.0,0.0,0.0068069306930693,0.0251256281407035,0.0,0.0,0.0,0.0,0.0102996254681647,0.0003027550711474,0.0018181818181818,0.0,0.0001755617977528,0.0,0.0060501296456352,0.0153473344103392,0.0,0.0018975332068311,0.0,0.0129032258064516,0.0042385709960641,0.0042621204049014,0.0,0.0,0.0,0.0,0.0,0.0,0.0,0.0,0.0
174,TBStack-LR,0,0,TreeStacking,Extract Subclass,0.0,0.0009859502095144,0.0088495575221238,0.0,0.0,0.0010966189498206,0.0014624931445633,0.0,0.0,0.0,0.0,0.0,0.0,0.0012110202845897,0.0012117540139351,0.0,0.0334158415841584,0.0,0.0,0.0,0.0,0.0012110202845897,0.0505617977528089,0.0012110202845897,0.0,0.0,0.0,0.0,0.0,0.0,0.0,0.0009487666034155,0.0,0.0412903225806451,0.0012110202845897,0.0143846563665423,1.0,0.0,9.71094984294406e-05,9.76810518295661e-06,0.0769230769230769,0.0,0.0094339622641509,0.0011267605633802,0.0049751243781094
175,TBStack-LR,0,0,TreeStacking,Extract Subclass,0.0,0.0,0.0029498525073746,0.0,0.0,0.5698356987401526,0.0495419552720846,0.0,0.0007530120481927,0.0,0.0,0.0,0.0,0.0,0.0,0.0,0.754950495049505,0.0,0.0,0.0,0.0,0.0,0.0,0.0,0.0,0.0,0.0,0.0,0.0,0.0,0.1915690866510538,0.0009487666034155,0.0,0.501505376344086,0.0,0.3249866808737346,0.0716666666666666,0.5238678090575275,0.0096623950937293,0.0031648660792779,0.3076923076923077,0.6476190476190476,0.6792452830188679,0.1690140845070422,0.0
176,TBStack-LR,0,0,TreeStacking,Extract Subclass,0.0103092783505154,0.0209514419521814,0.0088495575221238,0.0155172413793103,0.0,2.835422861171566e-05,0.011090573012939,0.0196560196560196,0.0122991967871485,0.238095238095238,0.0079365079365079,0.0,0.0,0.0015137753557372,0.0009088155104513,0.0,0.0086633663366336,0.0251256281407035,0.0372340425531914,0.0,0.0,0.0,0.0056179775280898,0.0,0.0054545454545454,0.0759493670886076,0.0007900280898876,0.0,0.031114952463267,0.0444264943457189,0.0156128024980484,0.0066413662239089,0.0593607305936073,0.083010752688172,0.0166515289131092,0.0253063399041022,1.0,0.0085679314565483,0.0021999036374977,0.0002735069451227,0.0769230769230769,0.0,0.0094339622641509,0.0078873239436619,0.0041459369817578
177,TBStack-LR,0,1,TreeStacking,Extract Subclass,0.0274914089347079,0.0485580478185851,0.0766961651917404,0.021551724137931,0.0,0.0016728994880912,0.0357295200178749,0.027027027027027,0.0155622489959839,0.3333333333333333,0.0066137566137566,0.0,0.0,0.0239176506206478,0.0124204786428355,0.0,0.0464108910891089,0.2763819095477387,0.0319148936170212,0.0,0.0409356725146198,0.0072661217075386,0.0571161048689138,0.0081743869209809,0.0,0.0,0.0075491573033707,0.0008567144998929,0.038029386343993,0.1276252019386106,0.0252927400468384,0.0151802656546489,0.0776255707762557,0.2081720430107526,0.0442022403875264,0.057272242940863,0.5714285714285714,0.0,4.85547492147203e-05,5.860863109773967e-05,0.3076923076923077,0.0,0.0377358490566037,0.0019718309859154,0.0008291873963515
178,TBStack-LR,0,0,TreeStacking,Extract Subclass,0.0068728522336769,0.0061621888094651,0.0206489675516224,0.0,0.0,0.0,0.0033109219800532,0.0024570024570024,0.0,0.1428571428571428,0.0,0.0,0.0,0.0018165304268846,0.0009088155104513,0.0,0.0030940594059405,0.0301507537688442,0.0159574468085106,0.0,0.0,0.0,0.0018726591760299,0.0003027550711474,0.0,0.0,0.0011411516853932,0.0,0.0017286084701815,0.0323101777059773,0.0062451209992193,0.0009487666034155,0.0,0.0305376344086021,0.007568876778686,0.002397442727757,1.0,0.0012239902080783,0.0010121797720914,1.953621036591322e-05,0.0769230769230769,0.0,0.0094339622641509,0.0008450704225352,0.0024875621890547
179,TBStack-LR,0,0,TreeStacking,Extract Subclass,0.0,0.0027113630761646,0.0009832841691248,0.0008620689655172,0.0,2.2989915090580268e-06,0.00050781011964,0.0,0.0,0.0476190476190476,0.0,0.0,0.0,0.0030275507114744,0.0030293850348379,0.0,0.0018564356435643,0.0,0.0,0.0,0.0,0.0030275507114744,0.0028089887640449,0.0030275507114744,0.0027272727272727,0.0,0.0,0.0002141786249732,0.0025929127052722,0.0024232633279483,0.0015612802498048,0.0009487666034155,0.0,0.0150537634408602,0.0033303057826218,0.0010655301012253,0.0,0.0,0.0,0.0,0.0,0.0,0.0,0.0,0.0
180,TBStack-LR,0,0,TreeStacking,Extract Subclass,0.0,0.0041902883904362,0.0176991150442477,0.0008620689655172,0.0,0.0002153388713484,0.0033515467896244,0.0171990171990172,0.0,0.1428571428571428,0.0004409171075837,0.0,0.0,0.0009082652134423,0.0,0.0,0.016089108910891,0.0150753768844221,0.0,0.0,0.023391812865497,0.0,0.0205992509363295,0.0003027550711474,0.0,0.0,0.0,0.0006425358749196,0.0121002592912705,0.0387722132471728,0.0003122560499609,0.0009487666034155,0.0045662100456621,0.0240860215053763,0.0045413260672116,0.0119872136387852,0.8181818181818182,0.0048959608323133,0.0019085751422093,0.0005177095746967,0.1538461538461538,0.0,0.0188679245283018,0.0030985915492957,0.0033167495854063
181,TBStack-LR,0,0,TreeStacking,Extract Subclass,0.0790378006872852,0.0404239585900912,0.1012782694198623,0.0232758620689655,0.0,0.004162707292401,0.0263045641973553,0.0442260442260442,0.0138052208835341,0.2857142857142857,0.0079365079365079,0.0,0.0,0.002119285498032,0.0012117540139351,0.0,0.0724009900990099,0.0351758793969849,0.0797872340425532,0.0,0.0,0.0,0.0945692883895131,0.0003027550711474,0.0009090909090909,0.0632911392405063,0.0028089887640449,0.0017134289997858,0.0484010371650821,0.1647819063004846,0.0157689305230288,0.0028462998102466,0.2054794520547945,0.1376344086021505,0.0417801998183469,0.0687266915290357,1.0,0.0,3.734980708824639e-06,9.76810518295661e-06,0.0769230769230769,0.0,0.0094339622641509,0.000281690140845,0.0008291873963515
182,TBStack-LR,0,0,TreeStacking,Extract Subclass,0.0,0.0004929751047572,0.0058997050147492,0.0,0.0,1.1494957545290131e-05,0.0012187442871361,0.0,0.0007530120481927,0.0952380952380952,0.0,0.0,0.0,0.0006055101422948,0.0003029385034837,0.0,0.0061881188118811,0.0050251256281407,0.0,0.0,0.0,0.0,0.0093632958801498,0.0003027550711474,0.0,0.0,0.0,0.0,0.0,0.0040387722132471,0.0014051522248243,0.0009487666034155,0.0182648401826484,0.0184946236559139,0.0006055101422948,0.0045285029302077,0.0,0.0,0.0,0.0,0.0,0.0,0.0,0.0,0.0
183,TBStack-LR,0,0,TreeStacking,Extract Subclass,0.0,0.114123736751294,0.0127826941986234,0.0767241379310344,0.0,0.0,0.0266701874834961,0.2653562653562653,0.0228413654618473,0.3333333333333333,0.005731922398589,0.0,0.0,0.0069633666363911,0.0015146925174189,0.0,0.0228960396039603,0.050251256281407,0.0053191489361702,0.0,0.0116959064327485,0.0039358159249167,0.0318352059925093,0.0018165304268846,0.0,0.0,0.0172050561797752,0.0053544656243306,0.0605012964563526,0.0444264943457189,0.0,0.0009487666034155,0.0,0.0662365591397849,0.0632758098698153,0.1142781033564198,0.0,0.0,0.0,0.0,0.0,0.0,0.0,0.0,0.0
184,TBStack-LR,0,0,TreeStacking,Extract Subclass,0.0,0.0014789253142716,0.0019665683382497,0.0,0.0,0.0,0.0003656232861408,0.0049140049140049,0.0,0.1428571428571428,0.0,0.0,0.0,0.0,0.0,0.0,0.0006188118811881,0.0,0.0,0.0,0.0,0.0,0.0009363295880149,0.0,0.0009090909090909,0.0,0.0003511235955056,0.0002141786249732,0.0,0.0024232633279483,0.0,0.0009487666034155,0.0,0.0098924731182795,0.0018165304268846,0.000799147575919,0.0,0.0,0.0,0.0,0.0,0.0,0.0,0.0,0.0
185,TBStack-LR,0,1,TreeStacking,Extract Subclass,0.0,0.0002464875523786,0.0009832841691248,0.0,0.0,0.0,0.0009953078344945,0.0,0.0,0.0952380952380952,0.0,0.0,0.0,0.0003027550711474,0.0,0.0,0.0006188118811881,0.0,0.0,0.0,0.0,0.0003027550711474,0.0009363295880149,0.0003027550711474,0.0009090909090909,0.0,0.0,0.0,0.0,0.0016155088852988,0.0,0.0018975332068311,0.0,0.0180645161290322,0.0003027550711474,0.0005327650506126,0.75,0.0012239902080783,0.0003884379937177,0.0001269853673784,0.1538461538461538,0.0,0.0188679245283018,0.0011267605633802,0.0008291873963515
186,TBStack-LR,0,0,TreeStacking,Extract Subclass,0.0137457044673539,0.0061621888094651,0.0432645034414945,0.0043103448275862,0.0,0.0001325751770223,0.0059109097926103,0.0098280098280098,0.0005020080321285,0.1428571428571428,0.0,0.0,0.0,0.0024220405691795,0.0006058770069675,0.0,0.0142326732673267,0.0402010050251256,0.0425531914893617,0.0,0.0,0.0,0.0140449438202247,0.0003027550711474,0.0,0.0,0.000438904494382,0.0,0.0129645635263612,0.0654281098546042,0.0017174082747853,0.0009487666034155,0.0319634703196347,0.0529032258064516,0.0072661217075386,0.0138518913159296,0.7209302325581395,0.0416156670746633,0.0014827873414033,0.0020024615625061,0.1538461538461538,0.0380952380952381,0.0566037735849056,0.036338028169014,0.0132669983416252
187,TBStack-LR,0,0,TreeStacking,Extract Subclass,0.0,0.0924328321419768,0.0648967551622418,0.0612068965517241,0.0,0.0010100236029794,0.030813918059759,0.0466830466830466,0.0384036144578313,0.238095238095238,0.0105820105820105,0.0,0.0,0.0063578564940962,0.0003029385034837,0.0,0.0371287128712871,0.0050251256281407,0.1329787234042553,0.0,0.0409356725146198,0.0006055101422948,0.0262172284644194,0.0003027550711474,0.0,0.0,0.0129037921348314,0.0111372884986078,0.0682800345721694,0.1768982229402261,0.0635441061670569,0.0009487666034155,0.0639269406392694,0.1746236559139785,0.0926430517711171,0.1006925945657964,0.375,0.0,0.0067416401794284,0.0004786371539648,0.4615384615384615,0.0,0.0566037735849056,0.0045070422535211,0.0049751243781094
188,TBStack-LR,0,0,TreeStacking,Extract Subclass,0.0,0.0162681784569879,0.0,0.0,0.0,0.0,0.0013406187158497,0.0,0.0,0.0,0.0,0.0,0.0,0.0199818346957311,0.0199939412299303,0.0,0.0,0.0,0.0,0.0,0.0,0.0199818346957311,0.0,0.0199818346957311,0.0,0.0,0.0,0.0,0.0,0.0,0.0103044496487119,0.0009487666034155,0.0,0.1217204301075268,0.0199818346957311,0.0,0.26,0.02203182374541,0.0005154273378178,0.0001953621036591,0.3846153846153846,0.0571428571428571,0.1037735849056603,0.0140845070422535,0.0
189,TBStack-LR,0,0,TreeStacking,Extract Subclass,0.0171821305841924,0.0155287157998521,0.0068829891838741,0.0189655172413793,0.0,0.0010000613064402,0.0087952712721659,0.0147420147420147,0.0012550200803212,0.1428571428571428,0.0158730158730158,0.0070422535211267,0.0,0.0036330608537693,0.0009088155104513,0.0,0.0334158415841584,0.0603015075376884,0.026595744680851,0.0,0.0,0.0,0.0383895131086142,0.0012110202845897,0.0009090909090909,0.0,0.0035112359550561,0.0,0.0648228176318064,0.048465266558966,0.0129586260733801,0.0009487666034155,0.0091324200913242,0.0516129032258064,0.0081743869209809,0.030633990410229,0.4166666666666667,0.0097919216646266,8.963953701179133e-05,0.0001269853673784,0.6153846153846154,0.0,0.0754716981132075,0.0033802816901408,0.0008291873963515
190,TBStack-LR,0,0,TreeStacking,Extract Subclass,0.0,0.0,0.0058997050147492,0.0,0.0,7.663305030193421e-06,0.0025999878125571,0.0,0.0,0.0476190476190476,0.0,0.0,0.0,0.0,0.0,0.0,0.0030940594059405,0.0,0.0,0.0,0.0,0.0,0.0046816479400749,0.0,0.0045454545454545,0.0,0.0,0.0,0.0043215211754537,0.0,0.0,0.0056925996204933,0.0,0.0275268817204301,0.0,0.0013319126265316,0.0,0.0,0.0,0.0,0.0,0.0,0.0,0.0,0.0
191,TBStack-LR,0,0,TreeStacking,Extract Subclass,0.3264604810996563,0.0399309834853339,0.1288102261553589,0.0068965517241379,0.0,0.0011556263985531,0.0343685888972395,0.0171990171990172,0.0035140562248995,0.1428571428571428,0.0114638447971781,0.0,0.0,0.0015137753557372,0.0003029385034837,0.002710027100271,0.0346534653465346,0.0150753768844221,0.1436170212765957,0.0222222222222222,0.1228070175438596,0.0,0.0046816479400749,0.0003027550711474,0.0,0.0,0.0006144662921348,0.0,0.0121002592912705,0.1090468497576736,0.013895394223263,0.0047438330170777,0.0,0.1329032258064516,0.046624280956706,0.030633990410229,0.6091954022988506,0.0379436964504283,0.0119183234418594,0.0212651649832965,0.1538461538461538,0.019047619047619,0.0377358490566037,0.0245070422535211,0.0033167495854063
192,TBStack-LR,0,0,TreeStacking,Extract Subclass,0.0,0.0004929751047572,0.0,0.0,0.0,7.663305030193422e-07,0.0001421868334992,0.0,0.0002510040160642,0.0476190476190476,0.0,0.0,0.0,0.0,0.0,0.0,0.0012376237623762,0.0,0.0,0.0,0.0116959064327485,0.0,0.0,0.0,0.0009090909090909,0.0,8.778089887640449e-05,0.0002141786249732,0.0008643042350907,0.0,0.0,0.0009487666034155,0.0,0.003010752688172,0.0003027550711474,0.0005327650506126,0.0,0.0,0.0,0.0,0.0,0.0,0.0,0.0,0.0
193,TBStack-LR,0,0,TreeStacking,Extract Subclass,0.0,0.0014789253142716,0.0108161258603736,0.0017241379310344,0.0,1.45602795573675e-05,0.0042046677906197,0.0024570024570024,0.0002510040160642,0.2857142857142857,0.0022045855379188,0.0352112676056338,0.0,0.0003027550711474,0.0,0.0,0.0043316831683168,0.0,0.0,0.0,0.0,0.0,0.0065543071161048,0.0003027550711474,0.0,0.0,0.0,0.0,0.0008643042350907,0.0201938610662358,0.0001561280249804,0.0018975332068311,0.0136986301369863,0.0387096774193548,0.0015137753557372,0.0053276505061267,1.0,0.011015911872705,0.0007768759874355,0.000205130208842,0.0769230769230769,0.0,0.0094339622641509,0.0045070422535211,0.0008291873963515
194,TBStack-LR,0,0,TreeStacking,Extract Subclass,0.0,0.0290855311806753,0.1533923303834808,0.0068965517241379,0.0,0.000478956564387,0.0190733480936808,0.0245700245700245,0.0067771084337349,0.238095238095238,0.001763668430335,0.0,0.0,0.0033303057826218,0.0015146925174189,0.0,0.0266089108910891,0.050251256281407,0.0744680851063829,0.0,0.0,0.0003027550711474,0.0271535580524344,0.0015137753557372,0.0027272727272727,0.0,0.0014044943820224,0.0025701434996787,0.0509939498703543,0.0945072697899838,0.0302888368462138,0.0009487666034155,0.0776255707762557,0.1032258064516129,0.0320920375416288,0.0418220564730953,0.0,0.0,0.0,0.0,0.0,0.0,0.0,0.0,0.0
195,TBStack-LR,0,0,TreeStacking,Extract Subclass,0.0,0.0061621888094651,0.0049164208456243,0.0017241379310344,0.0,0.0002360297949299,0.0029859235034835,0.0,0.0,0.0952380952380952,0.0,0.0,0.0,0.004844081138359,0.0009088155104513,0.0,0.0173267326732673,0.0653266331658291,0.0,0.0,0.0,0.0009082652134423,0.0262172284644194,0.0009082652134423,0.0,0.0,0.0012289325842696,0.0,0.0121002592912705,0.0040387722132471,0.0006245120999219,0.0018975332068311,0.0,0.0275268817204301,0.004844081138359,0.0085242408098028,0.25,0.0342717258261933,0.0829838013886658,1.953621036591322e-05,0.3076923076923077,0.1714285714285714,0.2075471698113207,0.028169014084507,0.0
196,TBStack-LR,0,0,TreeStacking,Extract Subclass,0.0,0.0014789253142716,0.0,0.0,0.0,0.0,0.0001624992382848,0.0,0.0007530120481927,0.0476190476190476,0.0,0.0,0.0,0.0018165304268846,0.0018176310209027,0.0,0.0006188118811881,0.0,0.0053191489361702,0.0,0.0,0.0018165304268846,0.0,0.0018165304268846,0.0,0.0,0.0005266853932584,0.0,0.0,0.0,0.0,0.0009487666034155,0.0,0.0073118279569892,0.0018165304268846,0.0002663825253063,0.0,0.0,0.0,0.0,0.0,0.0,0.0,0.0,0.0
197,TBStack-LR,0,0,TreeStacking,Extract Subclass,0.0,0.0004929751047572,0.0,0.0,0.0,0.0,8.124961914241028e-05,0.0,0.0,0.0476190476190476,0.0,0.0,0.0,0.0006055101422948,0.0006058770069675,0.0,0.0006188118811881,0.0,0.0053191489361702,0.0,0.0,0.0006055101422948,0.0,0.0006055101422948,0.0,0.0,0.0,0.0,0.0,0.0,0.0003122560499609,0.0009487666034155,0.0,0.0068817204301075,0.0006055101422948,0.0002663825253063,0.0,0.0,0.0,0.0,0.0,0.0,0.0,0.0,0.0
198,TBStack-LR,0,0,TreeStacking,Extract Subclass,0.0034364261168384,0.011831402514173,0.1032448377581121,0.0025862068965517,0.0,0.0001057536094166,0.0158030509231987,0.0343980343980344,0.0055220883534136,0.3333333333333333,0.1732804232804232,0.0,0.0,0.0084771419921283,0.0,0.0,0.0123762376237623,0.0,0.0,0.0,0.0,0.0084771419921283,0.0187265917602996,0.0084771419921283,0.0,0.0253164556962025,0.0603054775280898,0.0008567144998929,0.0008643042350907,0.1090468497576736,0.1234972677595628,0.0009487666034155,0.0273972602739726,0.0838709677419354,0.0157432636996669,0.0199786893979754,0.6533333333333333,0.0636474908200734,0.0013445930551768,0.001347998515248,0.1538461538461538,0.0285714285714285,0.0471698113207547,0.0422535211267605,0.0
199,TBStack-LR,0,0,TreeStacking,Extract Subclass,0.0,0.001232437761893,0.007866273352999,0.0,0.0,3.831652515096711e-06,0.0007515589770672,0.0,0.0,0.0476190476190476,0.0,0.0,0.0,0.0015137753557372,0.0015146925174189,0.0,0.0037128712871287,0.0050251256281407,0.0,0.0,0.0,0.0,0.0056179775280898,0.0,0.0,0.0,0.0,0.0,0.0043215211754537,0.0,0.0014051522248243,0.0009487666034155,0.0,0.0098924731182795,0.0015137753557372,0.001598295151838,0.0,0.0,0.0,0.0,0.0,0.0,0.0,0.0,0.0
200,TBStack-LR,0,0,TreeStacking,Extract Subclass,0.0,0.0009859502095144,0.0009832841691248,0.0,0.0,0.0,0.0003453108813552,0.0,0.0,0.0476190476190476,0.0,0.0,0.0,0.0006055101422948,0.0,0.0,0.0024752475247524,0.0,0.0,0.0222222222222222,0.0,0.0,0.0037453183520599,0.0,0.0,0.0,0.0003511235955056,0.0,0.0017286084701815,0.0,0.0,0.0009487666034155,0.0,0.0038709677419354,0.0006055101422948,0.0010655301012253,0.0,0.0,0.0,0.0,0.0,0.0,0.0,0.0,0.0
201,TBStack-LR,0,0,TreeStacking,Extract Subclass,0.0,0.0192260290855311,0.0196656833824975,0.0172413793103448,0.0,1.1494957545290131e-05,0.0094249558205195,0.0417690417690417,0.0138052208835341,0.4285714285714285,0.0039682539682539,0.0,0.0,0.0,0.0,0.0,0.0037128712871287,0.0,0.0,0.0,0.0,0.0,0.0056179775280898,0.0,0.0054545454545454,0.0,0.0064080056179775,0.009423859498822,0.0051858254105445,0.0840064620355412,0.0424668227946916,0.0009487666034155,0.0639269406392694,0.0529032258064516,0.0190735694822888,0.0322322855620671,0.925925925925926,0.0244798041615667,0.0026705112068096,0.0025592435579346,0.0769230769230769,0.0380952380952381,0.0471698113207547,0.0228169014084507,0.005804311774461
202,TBStack-LR,0,0,TreeStacking,Extract Subclass,0.0171821305841924,0.0199654917426669,0.0206489675516224,0.0060344827586206,0.0,7.126873678079883e-05,0.0450122890048952,0.0122850122850122,0.0017570281124497,0.2857142857142857,0.0030864197530864,0.0,0.0,0.0090826521344232,0.0048470160557406,0.0,0.0092821782178217,0.1256281407035175,0.0319148936170212,0.0,0.0,0.0015137753557372,0.0084269662921348,0.0054495912806539,0.0,0.0,0.0031601123595505,0.0008567144998929,0.0112359550561797,0.0403877221324717,0.0059328649492583,0.0123339658444022,0.0319634703196347,0.2146236559139785,0.0169542839842567,0.0162493340436867,0.48,0.0342717258261933,0.0014753173799857,0.0006446949420751,0.2307692307692307,0.0,0.0283018867924528,0.0140845070422535,0.0008291873963515
203,TBStack-LR,0,0,TreeStacking,Extract Subclass,0.0,0.0157752033522307,0.0137659783677482,0.0086206896551724,0.0,0.0,0.004956226767687,0.0294840294840294,0.003012048192771,0.4285714285714285,0.0008818342151675,0.0,0.0,0.0,0.0,0.0,0.0006188118811881,0.0,0.0,0.0,0.0,0.0,0.0009363295880149,0.0,0.0009090909090909,0.0,0.0034234550561797,0.0010708931248661,0.0008643042350907,0.0444264943457189,0.014207650273224,0.0009487666034155,0.0136986301369863,0.0378494623655914,0.0160460187708144,0.014917421417155,0.8387096774193549,0.011015911872705,0.001852550431577,0.0019243167210424,0.2307692307692307,0.0095238095238095,0.0377358490566037,0.0087323943661971,0.005804311774461
204,TBStack-LR,0,0,TreeStacking,Extract Subclass,0.0,0.02119792950456,0.0088495575221238,0.0,0.0,7.663305030193422e-07,0.0019499908594178,0.0,0.0005020080321285,0.0476190476190476,0.0339506172839506,0.0,0.0,0.0260369361186799,0.0260527112996061,0.0,0.0012376237623762,0.0,0.0106382978723404,0.0,0.0,0.0,0.0,0.0260369361186799,0.0009090909090909,0.0,0.0,0.0,0.0008643042350907,0.0048465266558966,0.0128024980483996,0.0009487666034155,0.0,0.0159139784946236,0.0260369361186799,0.0005327650506126,0.0,0.0,0.0,0.0,0.0,0.0,0.0,0.0,0.0
205,TBStack-LR,0,0,TreeStacking,Extract Subclass,0.0274914089347079,0.0034508257333004,0.015732546705998,0.0,0.0,1.6092940563406187e-05,0.0136499360159249,0.0049140049140049,0.0,0.1428571428571428,0.0004409171075837,0.0,0.0,0.0015137753557372,0.0,0.0,0.0068069306930693,0.0251256281407035,0.026595744680851,0.0,0.0,0.0,0.0056179775280898,0.0,0.0009090909090909,0.0,0.0018433988764044,0.0,0.0051858254105445,0.0274636510500807,0.0014051522248243,0.0123339658444022,0.0,0.0980645161290322,0.0042385709960641,0.003995737879595,0.4285714285714285,0.0048959608323133,2.987984567059711e-05,6.837673628069627e-05,0.3076923076923077,0.0,0.0377358490566037,0.0019718309859154,0.0008291873963515
206,TBStack-LR,0,0,TreeStacking,Extract Subclass,0.0,0.0135568153808232,0.0216322517207472,0.0,0.0,0.0,0.0013406187158497,0.0,0.0,0.0476190476190476,0.0004409171075837,0.0,0.0,0.0166515289131092,0.0166616176916086,0.0,0.0006188118811881,0.0,0.0053191489361702,0.0,0.0,0.0166515289131092,0.0,0.0166515289131092,0.0,0.0,0.0060568820224719,0.0,0.0,0.0064620355411954,0.0095238095238095,0.0009487666034155,0.0,0.0146236559139784,0.0166515289131092,0.0002663825253063,0.8717948717948718,0.00734394124847,0.0010831444055591,0.000205130208842,0.1538461538461538,0.0095238095238095,0.0283018867924528,0.0109859154929577,0.0008291873963515
207,TBStack-LR,0,0,TreeStacking,Extract Subclass,0.0,0.0004929751047572,0.0009832841691248,0.0,0.0,0.0,0.0021124900977026,0.0,0.0,0.0,0.0,0.0,0.0,0.0006055101422948,0.0006058770069675,0.0,0.0,0.0,0.0,0.0,0.0,0.0006055101422948,0.0,0.0006055101422948,0.0,0.0,0.0001755617977528,0.0,0.0,0.0,0.0,0.0037950664136622,0.0,0.1032258064516129,0.0006055101422948,0.0,0.5,0.0012239902080783,1.4939922835298555e-05,9.76810518295661e-06,0.2307692307692307,0.0,0.0283018867924528,0.0011267605633802,0.0024875621890547
208,TBStack-LR,0,0,TreeStacking,Extract Subclass,0.0,0.0335223071234902,0.0,0.0,0.0,0.0,0.0027624870508419,0.0,0.0,0.0,0.0,0.0,0.0,0.041174689676052,0.0411996364737958,0.0,0.0,0.0,0.0,0.0,0.0,0.041174689676052,0.0,0.041174689676052,0.0,0.0,0.011938202247191,0.0278432212465195,0.0,0.0,0.0,0.0009487666034155,0.0,0.0348387096774193,0.041174689676052,0.0,0.3223140495867768,0.0452876376988984,0.1197434815249179,0.0001562896829273,0.3076923076923077,0.1809523809523809,0.2169811320754716,0.0340845070422535,0.0008291873963515
209,TBStack-LR,0,0,TreeStacking,Extract Subclass,0.0,0.0125708651713088,0.0196656833824975,0.0051724137931034,0.0,5.670845722343132e-05,0.0059921594117527,0.0024570024570024,0.0015060240963855,0.238095238095238,0.001763668430335,0.0,0.0,0.007568876778686,0.0027264465313541,0.0,0.010519801980198,0.1256281407035175,0.0159574468085106,0.0,0.0,0.0,0.0131086142322097,0.0006055101422948,0.0,0.0,0.0104459269662921,0.0006425358749196,0.0086430423509075,0.0710823909531502,0.0031225604996096,0.0009487666034155,0.0091324200913242,0.0511827956989247,0.0142294883439297,0.0162493340436867,0.7647058823529411,0.0048959608323133,0.0048293300565102,0.0124445660030867,0.2307692307692307,0.0,0.0283018867924528,0.0047887323943661,0.005804311774461
210,TBStack-LR,0,0,TreeStacking,Extract Subclass,0.0,0.0002464875523786,0.0009832841691248,0.0,0.0,0.0,0.0001624992382848,0.0,0.0,0.0476190476190476,0.0,0.0,0.0,0.0003027550711474,0.0003029385034837,0.0,0.0012376237623762,0.0050251256281407,0.0,0.0,0.0,0.0,0.0018726591760299,0.0,0.0,0.0,0.0,0.0,0.0008643042350907,0.0,0.0,0.0009487666034155,0.0,0.0021505376344086,0.0003027550711474,0.0005327650506126,0.0,0.0,0.0,0.0,0.0,0.0,0.0,0.0,0.0
211,TBStack-LR,0,0,TreeStacking,Extract Subclass,0.0,0.0046832634951934,0.0117994100294985,0.0017241379310344,0.0,3.525120313888974e-05,0.0030062359082691,0.0049140049140049,0.0007530120481927,0.1904761904761904,0.0,0.0,0.0,0.0015137753557372,0.0009088155104513,0.0,0.0080445544554455,0.0251256281407035,0.0106382978723404,0.0,0.0292397660818713,0.0,0.0056179775280898,0.0003027550711474,0.0,0.0,0.0003511235955056,0.0,0.0112359550561797,0.0258481421647819,0.004527712724434,0.0009487666034155,0.0045662100456621,0.0275268817204301,0.0045413260672116,0.0085242408098028,0.2574257425742574,0.03671970624235,0.0710355981011358,9.76810518295661e-06,0.3076923076923077,0.1714285714285714,0.2075471698113207,0.0284507042253521,0.0033167495854063
212,TBStack-LR,0,0,TreeStacking,Extract Subclass,0.0103092783505154,0.0076411141237367,0.0334316617502458,0.0025862068965517,0.0,9.042699935628238e-05,0.0675793707216997,0.0049140049140049,0.0,0.1904761904761904,0.0061728395061728,0.0,0.0,0.0036330608537693,0.0036352620418055,0.0,0.010519801980198,0.0402010050251256,0.0372340425531914,0.0,0.0,0.0012110202845897,0.0093632958801498,0.0018165304268846,0.0118181818181818,0.0,0.000438904494382,0.0,0.0129645635263612,0.0315024232633279,0.0053083528493364,0.0123339658444022,0.0091324200913242,0.2339784946236559,0.0063578564940962,0.0074587107085775,0.0,0.0,0.0,0.0,0.0,0.0,0.0,0.0,0.0
213,TBStack-LR,0,0,TreeStacking,Extract Subclass,0.0,0.0002464875523786,0.0058997050147492,0.0,0.0,0.0,0.0006906217627104,0.0,0.0,0.0476190476190476,0.0008818342151675,0.0,0.0,0.0003027550711474,0.0003029385034837,0.0,0.005569306930693,0.0050251256281407,0.0053191489361702,0.0,0.0,0.0,0.0074906367041198,0.0,0.0027272727272727,0.0,0.0,0.0,0.006914433880726,0.0072697899838449,0.0,0.0009487666034155,0.0,0.0081720430107526,0.0003027550711474,0.002397442727757,0.7272727272727273,0.00734394124847,0.008582985668879,9.76810518295661e-06,0.2307692307692307,0.0095238095238095,0.0377358490566037,0.0154929577464788,0.0008291873963515
214,TBStack-LR,0,0,TreeStacking,Extract Subclass,0.0137457044673539,0.0310574315997042,0.0934119960668633,0.0094827586206896,0.0,0.0006153633939245,0.0391013792122849,0.0761670761670761,0.0125502008032128,0.238095238095238,0.0066137566137566,0.0,0.0,0.0108991825613079,0.0081793395940624,0.0,0.0340346534653465,0.1608040201005025,0.1170212765957446,0.0,0.0,0.0,0.0262172284644194,0.0045413260672116,0.0018181818181818,0.0253164556962025,0.0028089887640449,0.0006425358749196,0.0440795159896283,0.1300484652665589,0.0107728337236533,0.0047438330170777,0.0639269406392694,0.2172043010752688,0.0326975476839237,0.0495471497069792,0.0,0.0,0.0,0.0,0.0,0.0,0.0,0.0,0.0
215,TBStack-LR,0,0,TreeStacking,Extract Subclass,0.0034364261168384,0.0002464875523786,0.0019665683382497,0.0,0.0,0.0,0.0002437488574272,0.0,0.0,0.0,0.0,0.0,0.0,0.0003027550711474,0.0003029385034837,0.0,0.0,0.0,0.0,0.0,0.0,0.0003027550711474,0.0,0.0003027550711474,0.0,0.0,0.0001755617977528,0.0,0.0,0.0,0.0,0.0009487666034155,0.0,0.0034408602150537,0.0003027550711474,0.0,0.0,0.0,0.0,0.0,0.0,0.0,0.0,0.0,0.0
216,TBStack-LR,0,0,TreeStacking,Extract Subclass,0.0,0.023662805028346,0.0265486725663716,0.0068965517241379,0.0,0.0001747233546884,0.0084905852003818,0.0614250614250614,0.0042670682730923,0.2857142857142857,0.0079365079365079,0.0,0.0,0.0108991825613079,0.0009088155104513,0.0,0.0148514851485148,0.100502512562814,0.0904255319148936,0.1444444444444444,0.0058479532163742,0.0003027550711474,0.0056179775280898,0.0036330608537693,0.0009090909090909,0.0,0.0025456460674157,0.0008567144998929,0.0224719101123595,0.0783521809369951,0.0151444184231069,0.0018975332068311,0.0091324200913242,0.1384946236559139,0.0254314259763851,0.030633990410229,0.5,0.0,2.240988425294784e-05,4.884052591478305e-05,0.3076923076923077,0.0,0.0377358490566037,0.0016901408450704,0.0008291873963515
217,TBStack-LR,0,0,TreeStacking,Extract Subclass,0.0,0.0032043381809218,0.0098328416912487,0.0,0.0,0.0,0.002295301740773,0.0024570024570024,0.0002510040160642,0.1428571428571428,0.0,0.0,0.0,0.002119285498032,0.0015146925174189,0.035230352303523,0.0117574257425742,0.0351758793969849,0.0106382978723404,0.0,0.0,0.0,0.0140449438202247,0.0003027550711474,0.0,0.0,0.0003511235955056,0.0004283572499464,0.0121002592912705,0.0137318255250403,0.0012490241998438,0.0009487666034155,0.0,0.0232258064516129,0.0030275507114744,0.0066595631326584,1.0,0.0048959608323133,0.0006498866433354,0.000205130208842,0.0769230769230769,0.0,0.0094339622641509,0.0067605633802816,0.0082918739635157
218,TBStack-LR,0,1,TreeStacking,Extract Subclass,0.0,0.0,0.0353982300884955,0.0,0.0,0.0,0.0008328085962097,0.0,0.0,0.0476190476190476,0.0,0.0,0.0,0.0,0.0,0.0,0.0006188118811881,0.0,0.0,0.0,0.0058479532163742,0.0,0.0,0.0,0.0,0.0,0.0,0.0,0.0,0.0008077544426494,0.0,0.0009487666034155,0.0,0.0021505376344086,0.0,0.0002663825253063,0.0,0.0,0.0,0.0,0.0,0.0,0.0,0.0,0.0
219,TBStack-LR,0,0,TreeStacking,Extract Subclass,0.0,0.0278530934187823,0.0698131760078662,0.0094827586206896,0.0,4.36808386721025e-05,0.0113546342751518,0.0737100737100737,0.002008032128514,0.3333333333333333,0.0123456790123456,0.0,0.0,0.0018165304268846,0.0006058770069675,0.0,0.0086633663366336,0.0301507537688442,0.0159574468085106,0.0,0.0,0.0,0.0093632958801498,0.0006055101422948,0.0027272727272727,0.0,0.0027212078651685,0.0051402869993574,0.017286084701815,0.159935379644588,0.0023419203747072,0.0009487666034155,0.0136986301369863,0.0924731182795698,0.0269452013321223,0.0343633457645178,0.8888888888888888,0.0171358629130966,0.0016994162225152,0.0014652157774434,0.1538461538461538,0.0,0.0188679245283018,0.0177464788732394,0.0033167495854063
220,TBStack-LR,0,0,TreeStacking,Extract Subclass,0.0,0.004929751047572,0.0019665683382497,0.0,0.0,4.981148269625724e-05,0.0019093660498466,0.0,0.003012048192771,0.0952380952380952,0.0004409171075837,0.0,0.0,0.0030275507114744,0.0012117540139351,0.0,0.0092821782178217,0.050251256281407,0.0,0.0,0.0,0.0,0.0140449438202247,0.0,0.0,0.0,0.0,0.0,0.0112359550561797,0.0088852988691437,0.004215456674473,0.0009487666034155,0.0045662100456621,0.0253763440860215,0.0051468362095065,0.0045285029302077,0.574375,0.0012239902080783,0.0132218317092392,0.0332017895168695,0.1538461538461538,0.0571428571428571,0.0754716981132075,0.9014084507042254,0.0
221,TBStack-LR,0,0,TreeStacking,Extract Subclass,0.0,0.0002464875523786,0.0049164208456243,0.0,0.0,0.0,0.000203124047856,0.0,0.0,0.0476190476190476,0.0,0.0,0.0,0.0003027550711474,0.0003029385034837,0.0,0.0018564356435643,0.0050251256281407,0.0,0.0,0.0,0.0,0.0028089887640449,0.0,0.0,0.0,8.778089887640449e-05,0.0,0.0017286084701815,0.0008077544426494,0.0,0.0009487666034155,0.0,0.0047311827956989,0.0003027550711474,0.000799147575919,0.74,0.0048959608323133,0.0029394298178449,4.884052591478305e-05,0.2307692307692307,0.019047619047619,0.0471698113207547,0.0140845070422535,0.0
222,TBStack-LR,0,0,TreeStacking,Extract Subclass,0.0,0.0004929751047572,0.0009832841691248,0.0,0.0,0.0,0.0001218744287136,0.0,0.0,0.0476190476190476,0.0,0.0,0.0,0.0006055101422948,0.0,0.0,0.0006188118811881,0.0,0.0,0.0,0.0,0.0006055101422948,0.0009363295880149,0.0,0.0,0.0,8.778089887640449e-05,0.0,0.0,0.0,0.0,0.0009487666034155,0.0,0.0021505376344086,0.0006055101422948,0.0002663825253063,0.0,0.0,0.0,0.0,0.0,0.0,0.0,0.0,0.0
223,TBStack-LR,0,1,TreeStacking,Extract Subclass,0.0515463917525773,0.0007394626571358,0.0058997050147492,0.0,0.2051282051282051,2.1457254084541585e-05,0.0060937214356807,0.0,0.0,0.0476190476190476,0.0008818342151675,0.0,0.0,0.0,0.0,0.0,0.0049504950495049,0.0,0.0,0.0,0.0,0.0,0.0074906367041198,0.0,0.0,0.0,0.0,0.0,0.0,0.0048465266558966,0.0032786885245901,0.0009487666034155,0.0,0.1225806451612903,0.0009082652134423,0.0021310602024507,0.6547619047619048,0.0428396572827417,0.0036378712103951,0.0050598784847715,0.1538461538461538,0.0476190476190476,0.0660377358490566,0.0473239436619718,0.0066334991708126
224,TBStack-LR,0,0,TreeStacking,Extract Subclass,0.0034364261168384,0.0051762385999507,0.0216322517207472,0.0068965517241379,0.0,4.0615516660025137e-05,0.0044484166480469,0.0024570024570024,0.0005020080321285,0.1428571428571428,0.0052910052910052,0.0,0.0,0.0012110202845897,0.0003029385034837,0.0,0.016089108910891,0.0201005025125628,0.0159574468085106,0.0,0.0,0.0,0.0215355805243445,0.0009082652134423,0.0063636363636363,0.0,0.000438904494382,0.0002141786249732,0.0146931719965427,0.0371567043618739,0.0028103044496487,0.0009487666034155,0.0,0.0434408602150537,0.0057523463518013,0.0127863612147043,0.6486486486486487,0.0097919216646266,0.0010383246370532,0.0005860863109773,0.2307692307692307,0.019047619047619,0.0471698113207547,0.0104225352112676,0.0041459369817578
225,TBStack-LR,0,0,TreeStacking,Extract Subclass,0.0,0.0140497904855804,0.0058997050147492,0.0,0.0,0.0,0.002193739716845,0.0,0.0002510040160642,0.0476190476190476,0.0242504409171075,0.0,0.0,0.0163487738419618,0.0163586791881248,0.0,0.0049504950495049,0.0050251256281407,0.0,0.0,0.0058479532163742,0.0148349984862246,0.0018726591760299,0.0163487738419618,0.0036363636363636,0.0,0.0,0.0,0.0051858254105445,0.0088852988691437,0.0109289617486338,0.0009487666034155,0.0,0.0227956989247311,0.0172570390554041,0.0029302077783697,0.2133333333333333,0.0746634026927784,0.0021999036374977,0.0015531287240901,0.4615384615384615,0.2,0.2547169811320754,0.0422535211267605,0.0
226,TBStack-LR,0,0,TreeStacking,Extract Subclass,0.0,0.0113384274094158,0.0068829891838741,0.0034482758620689,0.0,2.2989915090580268e-06,0.0059109097926103,0.0122850122850122,0.0005020080321285,0.1904761904761904,0.0044091710758377,0.0,0.0,0.0009082652134423,0.0009088155104513,0.0,0.0018564356435643,0.0,0.0,0.0,0.0,0.0,0.0028089887640449,0.0009082652134423,0.0027272727272727,0.0,0.0018433988764044,0.0032126793745984,0.0025929127052722,0.029886914378029,0.0109289617486338,0.0028462998102466,0.0182648401826484,0.0486021505376344,0.0069633666363911,0.0090570058604155,0.0,0.0,0.0,0.0,0.0,0.0,0.0,0.0,0.0
227,TBStack-LR,0,0,TreeStacking,Extract Subclass,0.0,0.003697313285679,0.0137659783677482,0.0,0.0,0.0,0.0019499908594178,0.0171990171990172,0.0002510040160642,0.1904761904761904,0.0,0.0,0.0,0.0015137753557372,0.0015146925174189,0.016260162601626,0.0043316831683168,0.0251256281407035,0.0106382978723404,0.0,0.0,0.0,0.0046816479400749,0.0003027550711474,0.0,0.0,0.000438904494382,0.0,0.0060501296456352,0.0347334410339256,0.0,0.0009487666034155,0.0045662100456621,0.0197849462365591,0.0045413260672116,0.0042621204049014,1.0,0.0024479804161566,0.0006088018555384,9.76810518295661e-05,0.0769230769230769,0.0,0.0094339622641509,0.0050704225352112,0.0024875621890547
228,TBStack-LR,0,0,TreeStacking,Extract Subclass,0.0,0.0433818092186344,0.0009832841691248,0.0,0.0,0.0,0.0073124657228169,0.0024570024570024,0.0007530120481927,0.0952380952380952,0.0008818342151675,0.0,0.0,0.0532848925219497,0.0533171766131475,0.0,0.0012376237623762,0.0,0.0,0.0,0.0,0.0532848925219497,0.0018726591760299,0.0532848925219497,0.0018181818181818,0.0253164556962025,0.000877808988764,0.0,0.003457216940363,0.0080775444264943,0.0263856362217017,0.0009487666034155,0.0,0.0210752688172043,0.0532848925219497,0.003196590303676,0.0,0.0,0.0,0.0,0.0,0.0,0.0,0.0,0.0
229,TBStack-LR,0,0,TreeStacking,Extract Subclass,0.0,0.0,0.0,0.0,0.0,7.663305030193422e-07,4.062480957120514e-05,0.0,0.0,0.0,0.0,0.0,0.0,0.0,0.0,0.0,0.0012376237623762,0.0,0.0,0.0,0.0,0.0,0.0018726591760299,0.0,0.0,0.0,0.0,0.0,0.0,0.0,0.0,0.0009487666034155,0.0,0.003010752688172,0.0,0.0005327650506126,0.0,0.0,0.0,0.0,0.0,0.0,0.0,0.0,0.0
230,TBStack-LR,0,0,TreeStacking,Extract Subclass,0.0,0.0,0.0009832841691248,0.0,0.0,0.0,2.031240478560257e-05,0.0,0.0,0.0,0.0,0.0,0.0,0.0,0.0,0.0,0.0006188118811881,0.0,0.0,0.0,0.0,0.0,0.0009363295880149,0.0,0.0,0.0,0.0,0.0,0.0,0.0,0.0,0.0009487666034155,0.0,0.0025806451612903,0.0,0.0002663825253063,0.0,0.0,0.0,0.0,0.0,0.0,0.0,0.0,0.0
231,TBStack-LR,0,0,TreeStacking,Extract Subclass,0.0,0.013063840276066,0.0176991150442477,0.0060344827586206,0.0,9.195966036232109e-06,0.0047124779102597,0.0343980343980344,0.0005020080321285,0.238095238095238,0.0,0.0,0.0,0.0018165304268846,0.0,0.0,0.0074257425742574,0.0301507537688442,0.0053191489361702,0.0,0.0,0.0,0.0102996254681647,0.0,0.0,0.0,0.0028967696629213,0.0002141786249732,0.0025929127052722,0.0363489499192245,0.0029664324746291,0.0009487666034155,0.0,0.0331182795698924,0.0145322434150772,0.0133191262653169,1.0,0.0,0.000978564945712,9.76810518295661e-06,0.0769230769230769,0.0,0.0094339622641509,0.0005633802816901,0.0008291873963515
232,TBStack-LR,0,0,TreeStacking,Extract Subclass,0.0,0.0,0.0,0.0,0.0,0.0,0.0004874977148544,0.0,0.0,0.0,0.0,0.0,0.0,0.0,0.0,0.0,0.0,0.0,0.0,0.0,0.0,0.0,0.0,0.0,0.0,0.0,0.0,0.0,0.0,0.0,0.0,0.0,0.0,0.0,0.0,0.0,0.0,0.0,0.0,0.0,0.0,0.0,0.0,0.0,0.0
233,TBStack-LR,0,0,TreeStacking,Extract Subclass,0.0,0.115356174513187,0.1819075712881022,0.096551724137931,0.0,0.0007241823253532,0.0479982125083788,0.1031941031941031,0.0411646586345381,0.4285714285714285,0.0039682539682539,0.0,0.0,0.0187708144111413,0.0003029385034837,0.0,0.0433168316831683,0.0201005025125628,0.0319148936170212,0.6,0.0467836257309941,0.0,0.0514981273408239,0.0003027550711474,0.0,0.0,0.0089536516853932,0.0104947526236881,0.0777873811581676,0.2536348949919225,0.0590163934426229,0.0018975332068311,0.1324200913242009,0.2597849462365591,0.1238268240993036,0.1395844432605221,0.2817460317460317,0.1799265605875152,0.0130014678474185,0.0050501103795885,0.5384615384615385,0.0952380952380952,0.160377358490566,0.0709859154929577,0.0298507462686567
234,TBStack-LR,0,0,TreeStacking,Extract Subclass,0.0,0.0120778900665516,0.0226155358898721,0.0,0.0,0.0,0.0038593569092644,0.0,0.0,0.1428571428571428,0.0,0.0,0.0,0.0015137753557372,0.0009088155104513,0.0,0.0024752475247524,0.0251256281407035,0.0053191489361702,0.0,0.0,0.0,0.0028089887640449,0.0,0.0,0.0,0.0,0.0,0.0025929127052722,0.0355411954765751,0.004839968774395,0.0009487666034155,0.0,0.0219354838709677,0.0039358159249167,0.0151838039424613,0.0,0.0,0.0,0.0,0.0,0.0,0.0,0.0,0.0
235,TBStack-LR,0,0,TreeStacking,Extract Subclass,0.0274914089347079,0.0441212718757702,0.0412979351032448,0.0396551724137931,0.0,0.0004574993103025,0.0310373545124007,0.0294840294840294,0.019578313253012,0.238095238095238,0.0039682539682539,0.0,0.0,0.0251286709052376,0.0109057861254165,0.002710027100271,0.0389851485148514,0.2562814070351759,0.1595744680851064,0.0,0.0058479532163742,0.0,0.0252808988764044,0.0081743869209809,0.0009090909090909,0.0759493670886076,0.0044768258426966,0.0051402869993574,0.0907519446845289,0.104200323101777,0.0245120999219359,0.0028462998102466,0.1141552511415525,0.1569892473118279,0.0442022403875264,0.0732551944592434,0.8700564971751412,0.1199510403916768,0.0087398548586496,0.0059292398460546,0.0769230769230769,0.0857142857142857,0.0943396226415094,0.0997183098591549,0.017412935323383
236,TBStack-LR,0,0,TreeStacking,Extract Subclass,0.0,0.0002464875523786,0.0108161258603736,0.0,0.0,0.0,0.0005890597387824,0.0,0.0,0.0476190476190476,0.001763668430335,0.0,0.0,0.0003027550711474,0.0003029385034837,0.0,0.0018564356435643,0.0050251256281407,0.0,0.0,0.0,0.0,0.0018726591760299,0.0,0.0,0.0,0.0,0.0,0.0008643042350907,0.0145395799676898,0.0001561280249804,0.0009487666034155,0.0,0.0154838709677419,0.0003027550711474,0.000799147575919,0.175,0.02203182374541,0.0005004874149825,0.0004004923125012,0.6153846153846154,0.0952380952380952,0.1698113207547169,0.0112676056338028,0.0008291873963515
237,TBStack-LR,0,0,TreeStacking,Extract Subclass,0.0,0.0384520581710623,0.007866273352999,0.0172413793103448,0.0,0.0,0.0100546403688732,0.0147420147420147,0.0037650602409638,0.2857142857142857,0.0008818342151675,0.0,0.0,0.0003027550711474,0.0003029385034837,0.0,0.005569306930693,0.0,0.0053191489361702,0.0,0.0,0.0003027550711474,0.0074906367041198,0.0003027550711474,0.0081818181818181,0.0,0.0019311797752808,0.0012850717498393,0.013828867761452,0.0476575121163166,0.0437158469945355,0.0009487666034155,0.0502283105022831,0.0756989247311828,0.0357250983953981,0.0277037826318593,0.3529411764705882,0.0024479804161566,0.0023530378465595,0.0001465215777443,0.5384615384615385,0.0,0.0660377358490566,0.0047887323943661,0.0049751243781094
238,TBStack-LR,0,0,TreeStacking,Extract Subclass,0.0,0.0044367759428148,0.0540806293018682,0.0060344827586206,0.0,1.992459307850289e-05,0.0036156080518372,0.0,0.0022590361445783,0.1904761904761904,0.0,0.0,0.0,0.0015137753557372,0.0,0.0,0.0049504950495049,0.0251256281407035,0.0,0.0,0.0,0.0,0.0074906367041198,0.0015137753557372,0.0009090909090909,0.0,0.0006144662921348,0.0,0.0077787381158167,0.0137318255250403,0.0009367681498829,0.0018975332068311,0.0,0.0464516129032258,0.0042385709960641,0.0066595631326584,1.0,0.0012239902080783,0.0012362786146209,0.0004004923125012,0.0769230769230769,0.0,0.0094339622641509,0.0022535211267605,0.0008291873963515
239,TBStack-LR,0,0,TreeStacking,Extract Subclass,0.0,0.0,0.0,0.0,0.0,0.0,0.0094452682253051,0.0,0.0,0.0,0.0,0.0,0.0,0.0,0.0,0.0,0.0,0.0,0.0,0.0,0.0,0.0,0.0,0.0,0.0,0.0,0.0,0.0,0.0,0.0,0.0,0.0,0.0,0.0,0.0,0.0,0.11,0.2790697674418604,0.0037088358438628,0.0041123722820247,0.3076923076923077,0.5428571428571429,0.5754716981132075,0.1126760563380281,0.0
240,TBStack-LR,0,0,TreeStacking,Extract Subclass,0.0,0.0179935913236381,0.0098328416912487,0.0043103448275862,0.0,0.0007418079269227,0.0065812191505352,0.0024570024570024,0.0032630522088353,0.1904761904761904,0.0004409171075837,0.0352112676056338,0.0,0.0127157129881925,0.0090881551045137,0.0,0.0278465346534653,0.0653266331658291,0.0,0.0,0.0701754385964912,0.0087798970632758,0.0308988764044943,0.0090826521344232,0.0,0.0,0.0018433988764044,0.0004283572499464,0.0259291270527225,0.0735056542810985,0.0062451209992193,0.0009487666034155,0.0182648401826484,0.0619354838709677,0.0184680593399939,0.0202450719232818,0.4705882352941176,0.0,0.0003286783023765,0.0005958544161603,0.4615384615384615,0.0,0.0566037735849056,0.0047887323943661,0.0016583747927031
241,TBStack-LR,0,0,TreeStacking,Extract Subclass,0.0412371134020618,0.0064086763618437,0.0334316617502458,0.0017241379310344,0.0,0.000318027158753,0.0092015193678779,0.0196560196560196,0.0,0.1428571428571428,0.0035273368606701,0.0070422535211267,0.0,0.0015137753557372,0.0012117540139351,0.0,0.0216584158415841,0.0201005025125628,0.0159574468085106,0.0,0.0,0.0,0.0271535580524344,0.0009082652134423,0.0072727272727272,0.0,0.0,0.0,0.024200518582541,0.0557350565428109,0.0009367681498829,0.0056925996204933,0.0,0.050752688172043,0.0078716318498334,0.0119872136387852,0.0,0.0,0.0,0.0,0.0,0.0,0.0,0.0,0.0
242,TBStack-LR,0,1,TreeStacking,Extract Subclass,0.0,0.0002464875523786,0.0029498525073746,0.0,0.0,7.663305030193422e-07,0.0002437488574272,0.0,0.0,0.0476190476190476,0.0,0.0,0.0,0.0003027550711474,0.0003029385034837,0.0,0.0018564356435643,0.0050251256281407,0.0,0.0,0.0,0.0,0.0028089887640449,0.0,0.0,0.0,0.0,0.0,0.0017286084701815,0.0008077544426494,0.0,0.0009487666034155,0.0,0.0034408602150537,0.0003027550711474,0.000799147575919,0.0,0.0,0.0,0.0,0.0,0.0,0.0,0.0,0.0
243,TBStack-LR,0,0,TreeStacking,Extract Subclass,0.0240549828178694,0.0039438008380576,0.0108161258603736,0.0008620689655172,0.0,7.663305030193422e-07,0.0047124779102597,0.0,0.0,0.1428571428571428,0.0,0.0,0.0,0.0033303057826218,0.0033323235383217,0.0,0.0012376237623762,0.0100502512562814,0.0053191489361702,0.0,0.0,0.0015137753557372,0.0009363295880149,0.0033303057826218,0.0009090909090909,0.0,0.0,0.0,0.0017286084701815,0.0088852988691437,0.0010928961748633,0.0104364326375711,0.0,0.0391397849462365,0.0042385709960641,0.001598295151838,0.18,0.02203182374541,0.0026256914383037,0.0013870709359798,0.5384615384615385,0.0952380952380952,0.160377358490566,0.0140845070422535,0.0
244,TBStack-LR,0,0,TreeStacking,Extract Subclass,0.0,0.0007394626571358,0.0098328416912487,0.0,0.0,2.2989915090580268e-06,0.0005687473339968,0.0,0.0,0.0476190476190476,0.0,0.0,0.0,0.0,0.0,0.0,0.0018564356435643,0.0,0.0,0.0,0.0116959064327485,0.0,0.0009363295880149,0.0,0.0,0.0,0.0,0.0,0.0025929127052722,0.0064620355411954,0.0003122560499609,0.0009487666034155,0.0,0.016774193548387,0.0009082652134423,0.000799147575919,0.0,0.0,0.0,0.0,0.0,0.0,0.0,0.0,0.0
245,TBStack-LR,0,1,TreeStacking,Extract Subclass,0.0343642611683848,0.0364801577520335,0.0914454277286135,0.0698275862068965,0.0,0.0005471599791558,0.0242530113140094,0.0024570024570024,0.0025100401606425,0.1904761904761904,0.0030864197530864,0.0,0.0,0.0115046927036027,0.0051499545592244,0.0,0.0327970297029703,0.1507537688442211,0.1063829787234042,0.0,0.0,0.0024220405691795,0.0308988764044943,0.0042385709960641,0.0027272727272727,0.0,0.0060568820224719,0.0008567144998929,0.0371650821089023,0.1534733441033925,0.0017174082747853,0.0056925996204933,0.0091324200913242,0.1191397849462365,0.0333030578262185,0.0559403303143313,1.0,0.0159118727050183,0.0053709022592898,0.0029988082911676,0.0769230769230769,0.0,0.0094339622641509,0.0419718309859155,0.017412935323383
246,TBStack-LR,0,0,TreeStacking,Extract Subclass,0.0,0.0051762385999507,0.0265486725663716,0.0017241379310344,0.0,4.5979830181160536e-06,0.0044890414576181,0.0024570024570024,0.0005020080321285,0.0952380952380952,0.0004409171075837,0.0,0.0,0.0099909173478655,0.0,0.0,0.0030940594059405,0.0150753768844221,0.0106382978723404,0.0,0.0,0.0090826521344232,0.0028089887640449,0.0,0.0,0.0,0.0037745786516853,0.0,0.0051858254105445,0.0201938610662358,0.0293520686963309,0.0009487666034155,0.0091324200913242,0.0804301075268817,0.0112019376324553,0.0079914757591901,0.0,0.0,0.0,0.0,0.0,0.0,0.0,0.0,0.0
247,TBStack-LR,0,0,TreeStacking,Extract Subclass,0.0,0.001232437761893,0.0,0.0,0.0,0.0,0.0002437488574272,0.0,0.0012550200803212,0.0476190476190476,0.0,0.0,0.0,0.0015137753557372,0.0015146925174189,0.0,0.0006188118811881,0.0,0.0,0.0,0.0,0.0015137753557372,0.0009363295880149,0.0015137753557372,0.0009090909090909,0.0,8.778089887640449e-05,0.0,0.0,0.0016155088852988,0.0010928961748633,0.0009487666034155,0.0,0.0090322580645161,0.0015137753557372,0.0002663825253063,0.566875,0.7943696450428396,0.006622120796746,0.0170551116494422,0.1538461538461538,0.1619047619047619,0.1792452830188679,0.4507042253521127,0.0
248,TBStack-LR,0,0,TreeStacking,Extract Subclass,0.0034364261168384,0.0616218880946512,0.0226155358898721,0.0241379310344827,0.0,0.0016437789289764,0.0169608579959781,0.1228501228501228,0.0406626506024096,0.238095238095238,0.0110229276895943,0.0,0.0,0.002119285498032,0.0009088155104513,0.0,0.0408415841584158,0.0,0.0425531914893617,0.0,0.0,0.0006055101422948,0.0543071161048689,0.0009082652134423,0.0109090909090909,0.0,0.0190484550561797,0.0186335403726708,0.0518582541054451,0.0605815831987075,0.0024980483996877,0.0009487666034155,0.0091324200913242,0.0868817204301075,0.0463215258855585,0.0618007458710708,0.98,0.0122399020807833,0.0018973702000829,0.001328462304882,0.0769230769230769,0.0095238095238095,0.0188679245283018,0.0140845070422535,0.0
249,TBStack-LR,0,0,TreeStacking,Extract Subclass,0.0,0.0978555582943061,0.0186823992133726,0.0655172413793103,0.0,0.0063559451920424,0.0317076638703256,0.0393120393120393,0.0128012048192771,0.3809523809523809,0.0022045855379188,0.0,0.0,0.0148349984862246,0.0006058770069675,0.0,0.0891089108910891,0.2261306532663316,0.0,0.0,0.0292397660818713,0.0012110202845897,0.1301498127340824,0.0012110202845897,0.0054545454545454,0.050632911392405,0.0076369382022471,0.0059970014992503,0.132238547968885,0.1558966074313408,0.0498048399687744,0.0009487666034155,0.1004566210045662,0.1380645161290322,0.0747805025734181,0.1164091635588705,0.4285714285714285,0.0024479804161566,0.0078882792570376,0.0002344345243909,0.3076923076923077,0.0,0.0377358490566037,0.0019718309859154,0.0008291873963515
250,TBStack-LR,0,0,TreeStacking,Extract Subclass,0.0,0.0022183879714074,0.0009832841691248,0.0,0.0,2.2989915090580268e-06,0.0011781194775649,0.0049140049140049,0.0,0.1904761904761904,0.0,0.0,0.0,0.0,0.0,0.0,0.0018564356435643,0.0,0.0053191489361702,0.0,0.0,0.0,0.0018726591760299,0.0,0.0018181818181818,0.0,8.778089887640449e-05,0.0004283572499464,0.0025929127052722,0.0088852988691437,0.0001561280249804,0.0009487666034155,0.0228310502283105,0.0120430107526881,0.0018165304268846,0.0034629728289824,0.2466666666666666,0.0599755201958384,0.0483082404879378,0.0,0.3076923076923077,0.2285714285714286,0.2641509433962264,0.0422535211267605,0.0
251,TBStack-LR,0,0,TreeStacking,Extract Subclass,0.0,0.0273601183140251,0.0334316617502458,0.0077586206896551,0.0,0.0003295221162983,0.0106437001076557,0.0245700245700245,0.0050200803212851,0.238095238095238,0.009700176366843,0.0,0.0,0.0006055101422948,0.0006058770069675,0.0,0.0204207920792079,0.0100502512562814,0.0904255319148936,0.0,0.0,0.0,0.0140449438202247,0.0,0.0009090909090909,0.0,8.778089887640449e-05,0.0008567144998929,0.0051858254105445,0.0993537964458804,0.0149882903981264,0.0009487666034155,0.0,0.0576344086021505,0.0224038752649106,0.0351624933404368,0.782608695652174,0.003671970624235,0.007133813153855,0.0160978373415124,0.1538461538461538,0.0,0.0188679245283018,0.0323943661971831,0.0140961857379767
252,TBStack-LR,0,0,TreeStacking,Extract Subclass,0.0,0.0446142469805274,0.0,0.0,0.0,0.0,0.0036968576709796,0.0,0.0062751004016064,0.0,0.0,0.0,0.0,0.0547986678776869,0.0548318691305664,0.0,0.0,0.0,0.0,0.0,0.0,0.0190735694822888,0.0,0.0547986678776869,0.0,0.0,0.015625,0.0,0.0,0.0,0.0018735362997658,0.0009487666034155,0.0,0.0283870967741935,0.0547986678776869,0.0,0.0,0.0,0.0,0.0,0.0,0.0,0.0,0.0,0.0
253,TBStack-LR,0,1,TreeStacking,Extract Subclass,0.0,0.0766576287897461,0.095378564405113,0.0448275862068965,0.0,0.0013334150752536,0.1122057240356685,0.0466830466830466,0.0095381526104417,0.2857142857142857,0.0392416225749559,0.0,0.0,0.0296699969724492,0.0293850348379279,0.0,0.0377475247524752,0.0552763819095477,0.0638297872340425,0.0,0.0,0.0096881622767181,0.0187265917602996,0.0296699969724492,0.0554545454545454,0.0,0.004125702247191,0.0053544656243306,0.1071737251512532,0.1462035541195476,0.0232630757220921,0.0759013282732447,0.0684931506849315,0.3212903225806451,0.0708446866485013,0.0796483750665956,0.9181141439205956,0.0966952264381884,0.0081758727716171,0.0087522222439291,0.0769230769230769,0.1714285714285714,0.1792452830188679,0.1135211267605633,0.0223880597014925
254,TBStack-LR,0,0,TreeStacking,Extract Subclass,0.0,0.0002464875523786,0.0039331366764995,0.0,0.0,4.5979830181160536e-06,0.0004265605004976,0.0,0.0,0.0952380952380952,0.0,0.0,0.0,0.0003027550711474,0.0,0.0,0.0024752475247524,0.0050251256281407,0.0,0.0,0.0,0.0,0.0037453183520599,0.0003027550711474,0.0,0.0,0.0,0.0,0.0008643042350907,0.0048465266558966,0.0003122560499609,0.0009487666034155,0.0045662100456621,0.010752688172043,0.0003027550711474,0.0013319126265316,0.0,0.0,0.0,0.0,0.0,0.0,0.0,0.0,0.0
255,TBStack-LR,0,0,TreeStacking,Extract Subclass,0.0,0.0,0.0058997050147492,0.0,0.0,2.2989915090580268e-06,0.0002234364526416,0.0,0.0,0.0476190476190476,0.0,0.0,0.0,0.0,0.0,0.0,0.0018564356435643,0.0,0.0,0.0,0.0058479532163742,0.0,0.0018726591760299,0.0,0.0009090909090909,0.0,0.0,0.0,0.0017286084701815,0.0008077544426494,0.0,0.0009487666034155,0.0,0.003010752688172,0.0,0.000799147575919,0.7435897435897436,0.0061199510403916,0.0068387496778579,0.0001074491570125,0.1538461538461538,0.0095238095238095,0.0283018867924528,0.0109859154929577,0.0074626865671641
256,TBStack-LR,0,0,TreeStacking,Extract Subclass,0.0,0.0022183879714074,0.0,0.0,0.0,0.0,0.0013812435254209,0.0,0.0,0.0,0.0,0.0,0.0,0.0027247956403269,0.0027264465313541,0.0,0.0,0.0,0.0,0.0,0.0,0.0027247956403269,0.0,0.0027247956403269,0.0,0.0,0.0,0.0,0.0,0.0,0.0014051522248243,0.0066413662239089,0.0,0.0146236559139784,0.0027247956403269,0.0,0.0,0.0,0.0,0.0,0.0,0.0,0.0,0.0,0.0
257,TBStack-LR,0,0,TreeStacking,Extract Subclass,0.0,0.0007394626571358,0.0019665683382497,0.0,0.0,0.0,0.0001624992382848,0.0024570024570024,0.0,0.0952380952380952,0.0,0.0,0.0,0.0,0.0,0.0,0.0006188118811881,0.0,0.0,0.0,0.0,0.0,0.0009363295880149,0.0,0.0009090909090909,0.0,8.778089887640449e-05,0.0,0.0008643042350907,0.0016155088852988,0.0,0.0009487666034155,0.0,0.0047311827956989,0.0009082652134423,0.0005327650506126,0.0,0.0,0.0,0.0,0.0,0.0,0.0,0.0,0.0
258,TBStack-LR,0,0,TreeStacking,Extract Subclass,0.1030927835051546,0.0707419275326596,0.0776794493608653,0.0353448275862069,0.0,0.0017219446402844,0.0374966992342223,0.0098280098280098,0.0200803212851405,0.238095238095238,0.0185185185185185,0.0,0.0,0.0217983651226158,0.0036352620418055,0.0,0.0482673267326732,0.2663316582914573,0.1489361702127659,0.0,0.0175438596491228,0.0027247956403269,0.0440074906367041,0.0057523463518013,0.02,0.0126582278481012,0.0143082865168539,0.018847718997644,0.0492653414001728,0.2237479806138934,0.0382513661202185,0.0075901328273244,0.0639269406392694,0.2425806451612903,0.054193157735392,0.0993606819392647,0.3609022556390977,0.0232558139534883,0.0046463160017778,0.001797331353664,0.3846153846153846,0.0380952380952381,0.0849056603773584,0.0374647887323943,0.0182421227197346
259,TBStack-LR,0,0,TreeStacking,Extract Subclass,0.0068728522336769,0.0,0.0039331366764995,0.0,0.0576923076923076,7.663305030193422e-07,0.0040827933619061,0.0,0.0005020080321285,0.0476190476190476,0.0,0.0,0.0,0.0,0.0,0.0,0.0012376237623762,0.0,0.0,0.0,0.0,0.0,0.0018726591760299,0.0,0.0018181818181818,0.0,0.0,0.0004283572499464,0.0,0.0032310177705977,0.0035909445745511,0.0009487666034155,0.0,0.0623655913978494,0.0,0.0005327650506126,0.0,0.0,0.0,0.0,0.0,0.0,0.0,0.0,0.0
260,TBStack-LR,0,0,TreeStacking,Extract Subclass,0.0,0.0017254128666502,0.0058997050147492,0.0,0.0,4.5979830181160536e-06,0.000609372143568,0.0,0.0,0.0476190476190476,0.0013227513227513,0.0,0.0,0.0009082652134423,0.0,0.0,0.0024752475247524,0.0150753768844221,0.0053191489361702,0.0,0.0058479532163742,0.0,0.0018726591760299,0.0,0.0,0.0,0.0,0.0,0.0008643042350907,0.0048465266558966,0.0009367681498829,0.0009487666034155,0.0,0.0111827956989247,0.002119285498032,0.0010655301012253,0.0,0.0,0.0,0.0,0.0,0.0,0.0,0.0,0.0
261,TBStack-LR,0,0,TreeStacking,Extract Subclass,0.0,0.2201133842740941,0.2084562438544739,0.0086206896551724,0.0,0.0066471507831897,0.06051065385631,0.0417690417690417,0.1493473895582329,0.3333333333333333,0.205026455026455,0.0,0.0,0.0284589766878595,0.0075734625870948,0.0,0.0915841584158415,0.0100502512562814,0.0904255319148936,0.0,0.0,0.0251286709052376,0.0074906367041198,0.0199818346957311,0.0,0.0,0.1393082865168539,0.0464767616191904,0.0043215211754537,0.191437802907916,0.2437158469945355,0.0009487666034155,0.0045662100456621,0.229247311827957,0.1683318195579776,0.0500799147575919,0.3928571428571428,0.0159118727050183,0.0197132281811764,0.0011917088323207,0.2307692307692307,0.0285714285714285,0.0566037735849056,0.0315492957746478,0.0091210613598673
262,TBStack-LR,0,1,TreeStacking,Extract Subclass,0.0068728522336769,0.0115849149617944,0.0265486725663716,0.0025862068965517,0.0,0.0003640069889341,0.00674371838882,0.0,0.0045180722891566,0.1428571428571428,0.0030864197530864,0.0070422535211267,0.0,0.0063578564940962,0.0039382005452893,0.0,0.0216584158415841,0.0753768844221105,0.0053191489361702,0.0333333333333333,0.0350877192982456,0.0009082652134423,0.0262172284644194,0.0045413260672116,0.0036363636363636,0.0,0.0018433988764044,0.0012850717498393,0.017286084701815,0.0420032310177706,0.004527712724434,0.0018975332068311,0.0045662100456621,0.0675268817204301,0.0084771419921283,0.016515716568993,1.0,0.0012239902080783,0.0018077306630711,3.907242073182644e-05,0.0769230769230769,0.0,0.0094339622641509,0.0011267605633802,0.0008291873963515
263,TBStack-LR,0,0,TreeStacking,Extract Subclass,0.1821305841924398,0.0842987429134828,0.0412979351032448,0.0068965517241379,0.0,0.0010927872973055,0.0404013731185635,0.0737100737100737,0.0065261044176706,0.3809523809523809,0.0189594356261022,0.0,0.0,0.0448077505298213,0.0,0.0,0.0426980198019802,0.371859296482412,0.2606382978723404,0.0,0.0,0.0115046927036027,0.0037453183520599,0.0087798970632758,0.0009090909090909,0.0,0.0350245786516853,0.003855215249518,0.0008643042350907,0.1292407108239095,0.0426229508196721,0.0009487666034155,0.1141552511415525,0.181505376344086,0.0832576445655464,0.0607352157698454,1.0,0.1015911872705018,0.001617246646921,0.0039951550198292,0.0769230769230769,0.0,0.0094339622641509,0.0636619718309859,0.0016583747927031
264,TBStack-LR,0,0,TreeStacking,Extract Subclass,0.0,0.0,0.0019665683382497,0.0,0.0,1.1494957545290131e-05,0.00050781011964,0.0,0.0,0.0476190476190476,0.0,0.0,0.0,0.0,0.0,0.0,0.0037128712871287,0.0,0.0,0.0,0.0,0.0,0.0056179775280898,0.0,0.0,0.0,0.0,0.0,0.0051858254105445,0.0024232633279483,0.0010928961748633,0.0009487666034155,0.0,0.0055913978494623,0.0,0.001598295151838,0.0,0.0,0.0,0.0,0.0,0.0,0.0,0.0,0.0
265,TBStack-LR,0,0,TreeStacking,Extract Subclass,0.0,0.0061621888094651,0.1130776794493608,0.0086206896551724,0.0,1.1494957545290131e-05,0.0069671548414616,0.0073710073710073,0.0002510040160642,0.1904761904761904,0.0022045855379188,0.0,0.0,0.0,0.0,0.0,0.0037128712871287,0.0,0.0,0.0,0.0,0.0,0.0056179775280898,0.0,0.0054545454545454,0.0,0.0009655898876404,0.0010708931248661,0.0509939498703543,0.0306946688206785,0.0073380171740827,0.0009487666034155,0.0228310502283105,0.0473118279569892,0.0060551014229488,0.0234416622269579,0.8787878787878788,0.0,0.000212893900403,0.000224666419208,0.0769230769230769,0.0380952380952381,0.0471698113207547,0.0092957746478873,0.0008291873963515
266,TBStack-LR,0,0,TreeStacking,Extract Subclass,0.0,0.0002464875523786,0.0530973451327433,0.0,0.0,7.663305030193422e-07,0.0029452986939123,0.0,0.0,0.0952380952380952,0.0,0.0,0.0,0.0,0.0,0.0,0.0012376237623762,0.0,0.0,0.0,0.0,0.0,0.0,0.0,0.0018181818181818,0.0,8.778089887640449e-05,0.0,0.0,0.0040387722132471,0.0118657298985167,0.0009487666034155,0.0,0.0025806451612903,0.0,0.000799147575919,0.0,0.0,0.0,0.0,0.0,0.0,0.0,0.0,0.0
267,TBStack-LR,0,0,TreeStacking,Extract Subclass,0.0,0.003697313285679,0.0019665683382497,0.0,0.0,0.0003103638537228,0.0023765513599155,0.0,0.0,0.0476190476190476,0.0,0.0,0.0,0.0045413260672116,0.0,0.0,0.0185643564356435,0.0753768844221105,0.0,0.0,0.0,0.0,0.0280898876404494,0.0,0.0,0.0,0.000877808988764,0.0,0.0129645635263612,0.0,0.0015612802498048,0.0009487666034155,0.0,0.0176344086021505,0.0045413260672116,0.0079914757591901,0.0,0.0,0.0,0.0,0.0,0.0,0.0,0.0,0.0
268,TBStack-LR,0,0,TreeStacking,Extract Subclass,0.0034364261168384,0.0177471037712595,0.0206489675516224,0.0025862068965517,0.0,3.908285565398645e-05,0.012979626658,0.0245700245700245,0.0080321285140562,0.1428571428571428,0.0127865961199294,0.0,0.0,0.0105964274901604,0.0003029385034837,0.0,0.0111386138613861,0.1758793969849246,0.0638297872340425,0.0,0.0,0.0,0.0056179775280898,0.0003027550711474,0.0,0.1265822784810126,0.0033356741573033,0.0032126793745984,0.0025929127052722,0.0411954765751211,0.0051522248243559,0.0047438330170777,0.0136986301369863,0.1032258064516129,0.0154405086285195,0.014118273841236,0.0,0.0,0.0,0.0,0.0,0.0,0.0,0.0,0.0
269,TBStack-LR,0,0,TreeStacking,Extract Subclass,0.0,0.0147892531427162,0.0,0.0,0.0,0.0,0.0012187442871361,0.0,0.0,0.0,0.0,0.0,0.0,0.0181653042688465,0.0181763102090275,0.0,0.0,0.0,0.0,0.0,0.0,0.0181653042688465,0.0,0.0181653042688465,0.0,0.0,0.0,0.0,0.0,0.0,0.009367681498829,0.0009487666034155,0.0,0.0124731182795698,0.0181653042688465,0.0,0.0,0.0,0.0,0.0,0.0,0.0,0.0,0.0,0.0
270,TBStack-LR,0,0,TreeStacking,Extract Subclass,0.0171821305841924,0.0133103278284446,0.0609636184857423,0.0025862068965517,0.0,0.0001555650921129,0.0069062176271048,0.0294840294840294,0.0002510040160642,0.1904761904761904,0.0008818342151675,0.0,0.0,0.0009082652134423,0.0009088155104513,0.0,0.0136138613861386,0.0150753768844221,0.0212765957446808,0.0,0.0175438596491228,0.0,0.0131086142322097,0.0003027550711474,0.0027272727272727,0.0253164556962025,0.0002633426966292,0.0004283572499464,0.0198789974070872,0.0823909531502423,0.0017174082747853,0.0009487666034155,0.045662100456621,0.0658064516129032,0.0148349984862246,0.0138518913159296,0.2090163934426229,0.0746634026927784,0.0118100090013035,0.0061734424756285,0.4615384615384615,0.219047619047619,0.2735849056603773,0.0687323943661971,0.0182421227197346
271,TBStack-LR,0,1,TreeStacking,Extract Subclass,0.0,0.0,0.0098328416912487,0.0,0.0,4.5979830181160536e-06,0.0004468729052832,0.0,0.0,0.0476190476190476,0.0,0.0,0.0,0.0,0.0,0.0,0.0024752475247524,0.0,0.0,0.0,0.0,0.0,0.0037453183520599,0.0,0.0036363636363636,0.0,0.0,0.0,0.0,0.0,0.0,0.0009487666034155,0.0,0.0051612903225806,0.0,0.0010655301012253,0.0,0.0,0.0,0.0,0.0,0.0,0.0,0.0,0.0
272,TBStack-LR,0,0,TreeStacking,Extract Subclass,0.0,0.0093665269903869,0.0,0.0,0.0,0.0,0.0007718713818528,0.0,0.0,0.0,0.0,0.0,0.0,0.0115046927036027,0.0,0.0,0.0,0.0,0.0,0.0,0.0,0.0115046927036027,0.0,0.0115046927036027,0.0,0.0,0.0007022471910112,0.0,0.0,0.0,0.0,0.0009487666034155,0.0,0.0378494623655914,0.0115046927036027,0.0,0.0,0.0,0.0,0.0,0.0,0.0,0.0,0.0,0.0
273,TBStack-LR,0,0,TreeStacking,Extract Subclass,0.0,0.0,0.0,0.0,0.0,0.0,0.0190733480936808,0.0,0.0,0.0,0.0,0.0,0.0,0.0,0.0,0.0,0.0,0.0,0.0,0.0,0.0,0.0,0.0,0.0,0.0,0.0,0.0,0.0,0.0,0.0,0.0,0.0,0.0,0.0,0.0,0.0,0.068,0.2056303549571603,0.0043923373135777,0.0010940277804911,0.2307692307692307,0.5428571428571429,0.5660377358490566,0.0704225352112676,0.0
274,TBStack-LR,0,0,TreeStacking,Extract Subclass,0.0137457044673539,0.0014789253142716,0.0068829891838741,0.0,0.0,7.663305030193421e-06,0.0023359265503442,0.0,0.0012550200803212,0.0476190476190476,0.0,0.0,0.0,0.0018165304268846,0.0018176310209027,0.0,0.0030940594059405,0.0,0.0,0.0,0.0,0.0018165304268846,0.0046816479400749,0.0018165304268846,0.0045454545454545,0.0,0.0,0.0,0.0,0.0024232633279483,0.0054644808743169,0.0009487666034155,0.0,0.0408602150537634,0.0018165304268846,0.0013319126265316,0.5454545454545454,0.003671970624235,0.0014566424764416,0.0020806064039697,0.2307692307692307,0.0095238095238095,0.0377358490566037,0.0092957746478873,0.0041459369817578
275,TBStack-LR,0,0,TreeStacking,Extract Subclass,0.0,0.0007394626571358,0.0039331366764995,0.0008620689655172,0.0,7.663305030193422e-07,0.0005281225244256,0.0,0.0,0.1428571428571428,0.0,0.0,0.0,0.0,0.0,0.0,0.0012376237623762,0.0,0.0053191489361702,0.0,0.0,0.0,0.0009363295880149,0.0,0.0009090909090909,0.0,0.0002633426966292,0.0,0.0017286084701815,0.005654281098546,0.0003122560499609,0.0009487666034155,0.0045662100456621,0.0090322580645161,0.0006055101422948,0.001598295151838,0.0,0.0,0.0,0.0,0.0,0.0,0.0,0.0,0.0
276,TBStack-LR,0,0,TreeStacking,Extract Subclass,0.0,0.0002464875523786,0.0245821042281219,0.0,0.0,7.663305030193422e-07,0.0019499908594178,0.0,0.0,0.0476190476190476,0.0,0.0,0.0,0.0003027550711474,0.0003029385034837,0.0,0.0018564356435643,0.0050251256281407,0.0,0.0,0.0,0.0,0.0018726591760299,0.0,0.0009090909090909,0.0,0.0,0.0,0.0017286084701815,0.0,0.0,0.0028462998102466,0.0,0.0232258064516129,0.0003027550711474,0.000799147575919,0.3714285714285714,0.05875152998776,0.0013819428622651,0.0033406919725711,0.3076923076923077,0.1904761904761905,0.2264150943396226,0.0295774647887323,0.0008291873963515
277,TBStack-LR,0,0,TreeStacking,Extract Subclass,0.0,0.0019719004190288,0.0108161258603736,0.0,0.0,5.364313521135396e-06,0.0011171822632081,0.0,0.0,0.0952380952380952,0.0022045855379188,0.0,0.0,0.0006055101422948,0.0,0.0,0.0037128712871287,0.0100502512562814,0.0106382978723404,0.0,0.0,0.0,0.0037453183520599,0.0006055101422948,0.0045454545454545,0.0,0.0,0.0,0.006914433880726,0.0064620355411954,0.0,0.0009487666034155,0.0,0.0094623655913978,0.0012110202845897,0.003995737879595,0.4502369668246445,0.0697674418604651,0.0578399112568583,0.0002344345243909,0.3076923076923077,0.2,0.2358490566037736,0.0594366197183098,0.0016583747927031
278,TBStack-LR,0,0,TreeStacking,Extract Subclass,0.0412371134020618,0.0152822282474735,0.0334316617502458,0.0025862068965517,0.0,0.0002743463200809,0.0198249070707481,0.0171990171990172,0.001004016064257,0.1904761904761904,0.009700176366843,0.0,0.0,0.0063578564940962,0.0048470160557406,0.0,0.0204207920792079,0.0402010050251256,0.0478723404255319,0.0,0.0,0.0,0.0131086142322097,0.0024220405691795,0.01,0.0,0.0001755617977528,0.0,0.0233362143474503,0.0516962843295638,0.0039032006245121,0.0151802656546489,0.0045662100456621,0.1109677419354838,0.015137753557372,0.0133191262653169,0.0,0.0,0.0,0.0,0.0,0.0,0.0,0.0,0.0
279,TBStack-LR,0,0,TreeStacking,Extract Subclass,0.0,0.0253882178949963,0.0,0.0,0.0,0.0,0.002092177692917,0.0,0.0055220883534136,0.0,0.0,0.0,0.0,0.0311837723281864,0.0269615268100575,0.0,0.0,0.0,0.0,0.0,0.0,0.0311837723281864,0.0,0.0311837723281864,0.0,0.0,0.0,0.0,0.0,0.0,0.0162373145979703,0.0009487666034155,0.0,0.0124731182795698,0.0311837723281864,0.0,0.0,0.0,0.0,0.0,0.0,0.0,0.0,0.0,0.0
280,TBStack-LR,0,0,TreeStacking,Extract Subclass,0.0,0.0313039191520828,0.0098328416912487,0.0034482758620689,0.0,0.0010966189498206,0.0136093112063537,0.0343980343980344,0.0005020080321285,0.3333333333333333,0.0251322751322751,0.0,0.0,0.0009082652134423,0.0006058770069675,0.0,0.0334158415841584,0.0100502512562814,0.0159574468085106,0.0,0.0,0.0003027550711474,0.047752808988764,0.0009082652134423,0.0472727272727272,0.0,0.0025456460674157,0.001927607624759,0.0890233362143474,0.079967689822294,0.0034348165495706,0.0009487666034155,0.0228310502283105,0.0765591397849462,0.0296699969724492,0.0522109749600426,0.6538461538461539,0.0061199510403916,0.0060880185553841,0.0043858792271475,0.1538461538461538,0.0380952380952381,0.0566037735849056,0.0219718309859154,0.0149253731343283
281,TBStack-LR,0,0,TreeStacking,Extract Subclass,0.0,0.0529948237614,0.0,0.0008620689655172,0.0,0.0,0.0045296662671893,0.0,0.0002510040160642,0.0952380952380952,0.0,0.0,0.0,0.0003027550711474,0.0003029385034837,0.0,0.0006188118811881,0.0050251256281407,0.0,0.0,0.0,0.0,0.0009363295880149,0.0003027550711474,0.0009090909090909,0.0,0.0,0.0,0.0008643042350907,0.0,0.033567525370804,0.0009487666034155,0.0,0.006021505376344,0.0006055101422948,0.000799147575919,0.0,0.0,0.0,0.0,0.0,0.0,0.0,0.0,0.0
282,TBStack-LR,0,0,TreeStacking,Extract Subclass,0.0,0.0029578506285432,0.0068829891838741,0.0017241379310344,0.0,6.89697452717408e-06,0.0017468668115618,0.0,0.0,0.0952380952380952,0.0013227513227513,0.0,0.0,0.0018165304268846,0.0018176310209027,0.0,0.0043316831683168,0.0301507537688442,0.0053191489361702,0.0,0.0,0.0,0.0056179775280898,0.0,0.0,0.0,8.778089887640449e-05,0.0,0.0,0.0072697899838449,0.0006245120999219,0.0028462998102466,0.0,0.0253763440860215,0.0033303057826218,0.0026638252530633,0.0,0.0,0.0,0.0,0.0,0.0,0.0,0.0,0.0
283,TBStack-LR,0,0,TreeStacking,Extract Subclass,0.0,0.02119792950456,0.0629301868239921,0.0129310344827586,0.0128205128205128,0.0,0.0106640125124413,0.0122850122850122,0.0050200803212851,0.238095238095238,0.0008818342151675,0.0,0.0,0.0039358159249167,0.0003029385034837,0.0,0.0179455445544554,0.0201005025125628,0.0212765957446808,0.0,0.0,0.0027247956403269,0.0234082397003745,0.0009082652134423,0.0009090909090909,0.0,0.0002633426966292,0.0002141786249732,0.0112359550561797,0.0945072697899838,0.0167056986729117,0.0009487666034155,0.0319634703196347,0.1156989247311827,0.0236148955495004,0.0183803942461374,1.0,0.00734394124847,0.0004967524342736,0.0002930431554886,0.0769230769230769,0.0,0.0094339622641509,0.0073239436619718,0.0049751243781094
284,TBStack-LR,0,0,TreeStacking,Extract Subclass,0.0,0.0919398570372196,0.0580137659783677,0.0086206896551724,0.032051282051282,0.0020338411550133,0.0238873880278686,0.0221130221130221,0.0060240963855421,0.238095238095238,0.0180776014109347,0.0,0.0,0.0871934604904632,0.0860345349893971,0.0,0.0495049504950495,0.1055276381909547,0.0638297872340425,0.0,0.0,0.0808356039963669,0.0636704119850187,0.0847714199212836,0.0054545454545454,0.0,0.0078125,0.0010708931248661,0.0527225583405358,0.1211631663974151,0.0661982825917252,0.0009487666034155,0.0639269406392694,0.1247311827956989,0.1053587647593097,0.0359616409163558,0.0,0.0,0.0,0.0,0.0,0.0,0.0,0.0,0.0
285,TBStack-LR,0,0,TreeStacking,Extract Subclass,0.0,0.0490510229233423,0.0816125860373648,0.0137931034482758,0.0,0.0005142077675259,0.016554609900266,0.0368550368550368,0.0092871485943775,0.238095238095238,0.0008818342151675,0.0,0.0,0.0006055101422948,0.0,0.0,0.0235148514851485,0.0100502512562814,0.1861702127659574,0.0,0.0,0.0,0.0028089887640449,0.0003027550711474,0.0018181818181818,0.0,0.0043890449438202,0.004711929749411,0.0164217804667242,0.1211631663974151,0.0306010928961748,0.0009487666034155,0.0319634703196347,0.1174193548387096,0.0529821374508023,0.0673947789025039,0.9090909090909092,0.0281517747858017,0.0051243935325074,0.0014163752515287,0.0769230769230769,0.0380952380952381,0.0471698113207547,0.0278873239436619,0.0016583747927031
286,TBStack-LR,0,0,TreeStacking,Extract Subclass,0.0,0.0,0.0088495575221238,0.0,0.0,0.0013564049903442,0.0013406187158497,0.0,0.0,0.0,0.0,0.0,0.0,0.0,0.0,0.0,0.0371287128712871,0.0,0.0,0.0,0.0,0.0,0.0,0.0,0.0,0.0,0.0,0.0,0.0,0.0,0.0,0.0009487666034155,0.0,0.0133333333333333,0.0,0.0159829515183803,0.0,0.0,0.0,0.0,0.0,0.0,0.0,0.0,0.0
287,TBStack-LR,0,0,TreeStacking,Extract Subclass,0.0,0.0,0.0019665683382497,0.0,0.0,0.56703552708212,0.0495419552720846,0.0,0.0022590361445783,0.0,0.0,0.0,0.0,0.0,0.0,0.0,0.7530940594059407,0.0,0.0,0.0,0.0,0.0,0.0,0.0,0.0,0.0,0.0,0.0,0.0,0.0,0.1939110070257611,0.0009487666034155,0.0,0.4825806451612903,0.0,0.3241875332978156,0.1371428571428571,0.1958384332925336,0.0138605134104482,0.0025690116631175,0.3846153846153846,0.4857142857142857,0.5283018867924528,0.0985915492957746,0.0
288,TBStack-LR,0,0,TreeStacking,Extract Subclass,0.0,0.0,0.0019665683382497,0.0,0.0,0.0,0.0020515528833458,0.0,0.0015060240963855,0.0476190476190476,0.0,0.0,0.0,0.0,0.0,0.0,0.0,0.0,0.0,0.0,0.0,0.0,0.0,0.0,0.0,0.0,0.0140449438202247,0.0,0.0,0.0016155088852988,0.0,0.0009487666034155,0.0,0.0017204301075268,0.0,0.0002663825253063,1.0,0.0097919216646266,0.0006872364504237,0.000224666419208,0.0769230769230769,0.0,0.0094339622641509,0.0070422535211267,0.0008291873963515
289,TBStack-LR,0,0,TreeStacking,Extract Subclass,0.0,0.0,0.0009832841691248,0.0,0.0,0.0001172485669619,0.0004671853100688,0.0,0.0,0.0,0.0,0.0,0.0,0.0,0.0,0.0,0.0111386138613861,0.0,0.0,0.0,0.0,0.0,0.0,0.0,0.0,0.0,0.0,0.0,0.0,0.0,0.0,0.0009487666034155,0.0,0.0210752688172043,0.0,0.0047948854555141,0.0,0.0,0.0,0.0,0.0,0.0,0.0,0.0,0.0
290,TBStack-LR,0,0,TreeStacking,Extract Subclass,0.0343642611683848,0.0192260290855311,0.0137659783677482,0.0077586206896551,0.0192307692307692,0.0001103515924347,0.0125936909670735,0.0147420147420147,0.0,0.1428571428571428,0.001763668430335,0.0,0.0,0.0157432636996669,0.0021205695243865,0.0,0.0129950495049504,0.2613065326633166,0.0851063829787234,0.0,0.0,0.0,0.0028089887640449,0.0,0.0,0.0,0.0130793539325842,0.0,0.0008643042350907,0.1033925686591276,0.009367681498829,0.0028462998102466,0.0136986301369863,0.0662365591397849,0.0214956100514683,0.0122535961640916,0.0,0.0,0.0,0.0,0.0,0.0,0.0,0.0,0.0
291,TBStack-LR,0,0,TreeStacking,Extract Subclass,0.0,0.0,0.0,0.0,0.0,0.0,0.0018687412402754,0.0,0.0,0.0,0.0,0.0,0.0,0.0,0.0,0.0,0.0,0.0,0.0,0.0,0.0,0.0,0.0,0.0,0.0,0.0,0.0,0.0,0.0,0.0,0.0,0.0,0.0,0.0,0.0,0.0,0.0,0.0,0.0,0.0,0.0,0.0,0.0,0.0,0.0
292,TBStack-LR,0,0,TreeStacking,Extract Subclass,0.0103092783505154,0.0027113630761646,0.0216322517207472,0.0008620689655172,0.0,3.44848726358704e-05,0.0034124840039812,0.0024570024570024,0.0002510040160642,0.0952380952380952,0.0022045855379188,0.0,0.0,0.0024220405691795,0.0024235080278703,0.0,0.0061881188118811,0.0050251256281407,0.0106382978723404,0.0,0.0,0.0,0.0037453183520599,0.0024220405691795,0.0081818181818181,0.0,0.0,0.0,0.0077787381158167,0.024232633279483,0.0028103044496487,0.0094876660341555,0.0,0.0438709677419354,0.0030275507114744,0.0029302077783697,0.0,0.0,0.0,0.0,0.0,0.0,0.0,0.0,0.0
293,TBStack-LR,0,1,TreeStacking,Extract Subclass,0.0,0.0,0.0,0.0,0.0,0.0,0.0037374824805508,0.0,0.0,0.0,0.0,0.0,0.0,0.0,0.0,0.0,0.0,0.0,0.0,0.0,0.0,0.0,0.0,0.0,0.0,0.0,0.0,0.0,0.0,0.0,0.0,0.01707779886148,0.0,0.0283870967741935,0.0,0.0,0.28,0.0171358629130966,0.0008665155244473,0.0003907242073182,0.4615384615384615,0.0285714285714285,0.0849056603773584,0.0140845070422535,0.0
294,TBStack-LR,0,0,TreeStacking,Extract Subclass,0.0034364261168384,0.323145181168351,0.1366764995083579,0.1801724137931034,0.1025641025641025,0.0090281396560708,0.0936604984664134,0.1105651105651105,0.01179718875502,0.238095238095238,0.1790123456790123,0.0,0.0,0.0,0.0,0.0,0.0952970297029703,0.0,0.75,0.0,0.0,0.0,0.0112359550561797,0.0,0.14,0.0,0.0696102528089887,0.037695437995288,0.3318928262748487,0.3626817447495961,0.0079625292740046,0.0047438330170777,0.1963470319634703,0.1961290322580645,0.1438086587950348,0.354288758657432,0.180722891566265,0.04406364749082,0.0017853207788181,0.0023443452439095,0.5384615384615385,0.0476190476190476,0.1132075471698113,0.0233802816901408,0.0140961857379767
295,TBStack-LR,0,0,TreeStacking,Extract Subclass,0.0,0.0069016514666009,0.0186823992133726,0.0,0.0,4.138184716304448e-05,0.0084093355812394,0.0073710073710073,0.0050200803212851,0.238095238095238,0.0044091710758377,0.0,0.0,0.0051468362095065,0.0012117540139351,0.0,0.0074257425742574,0.0653266331658291,0.0106382978723404,0.0,0.0,0.0012110202845897,0.0093632958801498,0.0012110202845897,0.0027272727272727,0.0126582278481012,0.0019311797752808,0.0012850717498393,0.0051858254105445,0.0331179321486268,0.0040593286494925,0.0028462998102466,0.0091324200913242,0.0679569892473118,0.0087798970632758,0.0069259456579648,0.5555555555555556,0.0208078335373316,0.002278338232383,0.0006935354679899,0.3846153846153846,0.0095238095238095,0.0566037735849056,0.0152112676056338,0.0008291873963515
296,TBStack-LR,0,0,TreeStacking,Extract Subclass,0.0,0.0655656889327089,0.0,0.0,0.0,0.0,0.0055046616968982,0.0,0.0,0.0,0.0026455026455026,0.0,0.0,0.0805328489252194,0.0006058770069675,0.0,0.0,0.0,0.0,0.0,0.0,0.0,0.0,0.0006055101422948,0.0,0.0,0.0,0.0,0.0,0.0032310177705977,0.0401249024199843,0.0009487666034155,0.0,0.0387096774193548,0.0805328489252194,0.0,0.74,0.0122399020807833,0.0003100033988324,0.0005079414695137,0.1538461538461538,0.0380952380952381,0.0566037735849056,0.0140845070422535,0.0
297,TBStack-LR,0,0,TreeStacking,Extract Subclass,0.0,0.0404239585900912,0.0039331366764995,0.0,0.0,0.0,0.0038390445044788,0.0,0.0002510040160642,0.0476190476190476,0.0524691358024691,0.0,0.0,0.0496518316681804,0.049681914571342,0.0,0.0024752475247524,0.0050251256281407,0.0106382978723404,0.0,0.0,0.049349076597033,0.0009363295880149,0.049349076597033,0.0018181818181818,0.0,0.0007022471910112,0.0,0.0025929127052722,0.0080775444264943,0.0306010928961748,0.0009487666034155,0.0,0.0877419354838709,0.0496518316681804,0.0013319126265316,0.98,0.0061199510403916,0.0006648265661707,0.0008205208353683,0.0769230769230769,0.0095238095238095,0.0188679245283018,0.028169014084507,0.0
298,TBStack-LR,0,0,TreeStacking,Extract Subclass,0.0,0.0073946265713581,0.007866273352999,0.0094827586206896,0.0,7.510038929589554e-05,0.0039609189331925,0.0,0.0015060240963855,0.1904761904761904,0.0004409171075837,0.0,0.0,0.002119285498032,0.0,0.0,0.0123762376237623,0.0351758793969849,0.0053191489361702,0.0,0.0,0.0,0.0177902621722846,0.0003027550711474,0.0009090909090909,0.0,0.0007900280898876,0.0012850717498393,0.024200518582541,0.0201938610662358,0.0015612802498048,0.0009487666034155,0.0547945205479452,0.0288172043010752,0.0051468362095065,0.0162493340436867,0.0,0.0,0.0,0.0,0.0,0.0,0.0,0.0,0.0
299,TBStack-LR,0,0,TreeStacking,Extract Subclass,0.0240549828178694,0.0150357406950948,0.0462143559488692,0.021551724137931,0.0,0.0002513564049903,0.0088765208913083,0.0,0.001004016064257,0.1904761904761904,0.0026455026455026,0.0,0.0,0.0039358159249167,0.0018176310209027,0.0,0.0173267326732673,0.050251256281407,0.0,0.0,0.0350877192982456,0.0006055101422948,0.0205992509363295,0.002119285498032,0.0018181818181818,0.0,0.0001755617977528,0.0004283572499464,0.006914433880726,0.0953150242326332,0.0026541764246682,0.0009487666034155,0.0091324200913242,0.0705376344086021,0.0130184680593399,0.0245071923281832,1.0,0.00734394124847,0.0005602471063236,0.0005079414695137,0.0769230769230769,0.0,0.0094339622641509,0.0067605633802816,0.0049751243781094
300,TBStack-LR,0,0,TreeStacking,Extract Subclass,0.0,0.0027113630761646,0.0088495575221238,0.0,0.0064102564102564,0.0,0.0008124961914241,0.0,0.0002510040160642,0.1428571428571428,0.0,0.0,0.0,0.0009082652134423,0.0006058770069675,0.0,0.0006188118811881,0.0150753768844221,0.0,0.0,0.0,0.0,0.0009363295880149,0.0006055101422948,0.0,0.0,0.0001755617977528,0.0,0.0,0.0096930533117932,0.0004683840749414,0.0009487666034155,0.0045662100456621,0.0292473118279569,0.0027247956403269,0.000799147575919,0.0,0.0,0.0,0.0,0.0,0.0,0.0,0.0,0.0
301,TBStack-LR,0,0,TreeStacking,Extract Subclass,0.0,0.0022183879714074,0.0206489675516224,0.0008620689655172,0.0128205128205128,3.44848726358704e-05,0.0023562389551298,0.0,0.0002510040160642,0.1428571428571428,0.0,0.0,0.0,0.0003027550711474,0.0003029385034837,0.0,0.0061881188118811,0.0050251256281407,0.0053191489361702,0.0,0.0,0.0,0.0084269662921348,0.0003027550711474,0.0009090909090909,0.0,0.0,0.0,0.006914433880726,0.029886914378029,0.0009367681498829,0.0009487666034155,0.0045662100456621,0.0348387096774193,0.0027247956403269,0.0047948854555141,1.0,0.0085679314565483,0.0004594026271854,0.0004004923125012,0.0769230769230769,0.0,0.0094339622641509,0.0104225352112676,0.0008291873963515
302,TBStack-LR,0,0,TreeStacking,Extract Subclass,0.0549828178694158,0.0216909046093172,0.0127826941986234,0.0103448275862068,0.0,0.0004659289458357,0.0147061810647762,0.0466830466830466,0.0050200803212851,0.1904761904761904,0.0189594356261022,0.0070422535211267,0.0,0.0045413260672116,0.0045440775522568,0.0,0.0222772277227722,0.0,0.0053191489361702,0.0,0.0058479532163742,0.0042385709960641,0.0271535580524344,0.0042385709960641,0.0063636363636363,0.0,0.0046523876404494,0.0004283572499464,0.0432152117545375,0.0331179321486268,0.0051522248243559,0.0037950664136622,0.0,0.0546236559139785,0.0227066303360581,0.0239744272775705,0.4545454545454545,0.0024479804161566,0.0003100033988324,0.000224666419208,0.3076923076923077,0.0,0.0377358490566037,0.0030985915492957,0.0008291873963515
303,TBStack-LR,0,0,TreeStacking,Extract Subclass,0.0,0.0019719004190288,0.0029498525073746,0.0008620689655172,0.0,9.962296539251447e-06,0.0256748796490016,0.0,0.0,0.0952380952380952,0.0,0.0,0.0,0.0009082652134423,0.0,0.0,0.0068069306930693,0.0,0.0,0.0333333333333333,0.0058479532163742,0.0,0.0093632958801498,0.0,0.0,0.0,8.778089887640449e-05,0.0,0.0051858254105445,0.0032310177705977,0.0,0.0037950664136622,0.0,0.0391397849462365,0.0018165304268846,0.003196590303676,0.0,0.0,0.0,0.0,0.0,0.0,0.0,0.0,0.0
304,TBStack-LR,0,0,TreeStacking,Extract Subclass,0.0,0.0017254128666502,0.0186823992133726,0.0008620689655172,0.0,9.962296539251447e-06,0.0026812374316995,0.0,0.001004016064257,0.1428571428571428,0.0004409171075837,0.0,0.0,0.0006055101422948,0.0006058770069675,0.0,0.0043316831683168,0.0,0.0,0.0,0.0175438596491228,0.0,0.0028089887640449,0.0,0.0,0.0,8.778089887640449e-05,0.0006425358749196,0.0164217804667242,0.0210016155088853,0.0014051522248243,0.0009487666034155,0.0045662100456621,0.0288172043010752,0.0015137753557372,0.0098561534363345,1.0,0.0061199510403916,0.0006312117397913,0.0001367534725613,0.0769230769230769,0.0,0.0094339622641509,0.0050704225352112,0.0041459369817578
305,TBStack-LR,0,0,TreeStacking,Extract Subclass,0.0,0.0108454523046586,0.0088495575221238,0.0008620689655172,0.0,7.663305030193422e-07,0.0031281103369827,0.0049140049140049,0.0017570281124497,0.2857142857142857,0.001763668430335,0.0,0.0,0.0054495912806539,0.0,0.0,0.0012376237623762,0.0,0.0053191489361702,0.0,0.0,0.0006055101422948,0.0009363295880149,0.0054495912806539,0.0018181818181818,0.0,0.0007900280898876,0.0,0.0,0.0129240710823909,0.00967993754879,0.0009487666034155,0.0136986301369863,0.0731182795698924,0.0166515289131092,0.0071923281832711,0.0,0.0,0.0,0.0,0.0,0.0,0.0,0.0,0.0
306,TBStack-LR,0,0,TreeStacking,Extract Subclass,0.0,0.0022183879714074,0.2202556538839724,0.0,0.0,4.214817766606382e-05,0.0077593386281001,0.0,0.0,0.0476190476190476,0.0,0.0,0.0,0.0,0.0,0.0,0.0068069306930693,0.0,0.0319148936170212,0.0,0.0292397660818713,0.0,0.0,0.0,0.0,0.0,0.0,0.0,0.0017286084701815,0.0193861066235864,0.0017174082747853,0.0009487666034155,0.0,0.0270967741935483,0.0027247956403269,0.0029302077783697,0.0,0.0,0.0,0.0,0.0,0.0,0.0,0.0,0.0
307,TBStack-LR,0,0,TreeStacking,Extract Subclass,0.0240549828178694,0.0017254128666502,0.0117994100294985,0.0,0.0,0.0,0.0038593569092644,0.0,0.001004016064257,0.0,0.0,0.0,0.0,0.002119285498032,0.0021205695243865,0.0,0.0,0.0351758793969849,0.0,0.0,0.0,0.0,0.0,0.002119285498032,0.0,0.0,0.0,0.0,0.0,0.0,0.0126463700234192,0.0009487666034155,0.0,0.0632258064516129,0.002119285498032,0.0,0.0,0.0,0.0,0.0,0.0,0.0,0.0,0.0,0.0
308,TBStack-LR,0,0,TreeStacking,Extract Subclass,0.0,0.0002464875523786,0.0,0.0,0.0,0.0,2.031240478560257e-05,0.0,0.0,0.0,0.0,0.0,0.0,0.0003027550711474,0.0003029385034837,0.0,0.0,0.0,0.0,0.0,0.0,0.0003027550711474,0.0,0.0003027550711474,0.0,0.0,0.0,0.0,0.0,0.0,0.0001561280249804,0.0009487666034155,0.0,0.0051612903225806,0.0003027550711474,0.0,0.0,0.0,0.0,0.0,0.0,0.0,0.0,0.0,0.0
309,TBStack-LR,0,0,TreeStacking,Extract Subclass,0.0,0.004929751047572,0.0049164208456243,0.0,0.0,7.663305030193422e-07,0.0014421807397777,0.0024570024570024,0.0007530120481927,0.1904761904761904,0.0008818342151675,0.0,0.0,0.0003027550711474,0.0,0.0,0.0018564356435643,0.0,0.0053191489361702,0.0,0.0,0.0003027550711474,0.0009363295880149,0.0,0.0,0.0,8.778089887640449e-05,0.0,0.0008643042350907,0.0210016155088853,0.0037470725995316,0.0009487666034155,0.0091324200913242,0.0262365591397849,0.0039358159249167,0.0037293553542887,0.0,0.0,0.0,0.0,0.0,0.0,0.0,0.0,0.0
310,TBStack-LR,0,0,TreeStacking,Extract Subclass,0.0,0.0194725166379097,0.0127826941986234,0.0077586206896551,0.0,4.5979830181160536e-06,0.0037374824805508,0.0393120393120393,0.0042670682730923,0.238095238095238,0.0039682539682539,0.0,0.0,0.0027247956403269,0.0027264465313541,0.0,0.0074257425742574,0.0,0.0212765957446808,0.0,0.0,0.0006055101422948,0.0074906367041198,0.0006055101422948,0.0036363636363636,0.0,0.0028967696629213,0.0006425358749196,0.0043215211754537,0.0201938610662358,0.0,0.0009487666034155,0.0,0.0404301075268817,0.0166515289131092,0.014917421417155,0.0,0.0,0.0,0.0,0.0,0.0,0.0,0.0,0.0
311,TBStack-LR,0,0,TreeStacking,Extract Subclass,0.0,0.001232437761893,0.0,0.0,0.0,0.0,0.0002437488574272,0.0,0.0012550200803212,0.0476190476190476,0.0,0.0,0.0,0.0015137753557372,0.0015146925174189,0.0,0.0006188118811881,0.0,0.0,0.0,0.0,0.0015137753557372,0.0009363295880149,0.0015137753557372,0.0009090909090909,0.0,8.778089887640449e-05,0.0,0.0,0.0016155088852988,0.0010928961748633,0.0009487666034155,0.0,0.0090322580645161,0.0015137753557372,0.0002663825253063,0.5781818181818181,0.8164014687882496,0.0068088698321873,0.01754351690859,0.1538461538461538,0.1619047619047619,0.1792452830188679,0.4647887323943662,0.0
312,TBStack-LR,0,0,TreeStacking,Extract Subclass,0.0,0.0241557801331032,0.015732546705998,0.0043103448275862,0.0,4.138184716304448e-05,0.0077999634376713,0.0171990171990172,0.0027610441767068,0.238095238095238,0.0,0.0,0.0,0.0012110202845897,0.0012117540139351,0.0,0.0074257425742574,0.0201005025125628,0.0425531914893617,0.0,0.0,0.0,0.0037453183520599,0.0006055101422948,0.0,0.0,0.0035990168539325,0.0008567144998929,0.013828867761452,0.0646203554119547,0.0565183450429352,0.0009487666034155,0.0091324200913242,0.0567741935483871,0.0263396911898274,0.017314864144912,0.3968253968253968,0.025703794369645,0.0007059113539678,0.0016898821966514,0.2307692307692307,0.0571428571428571,0.0849056603773584,0.0177464788732394,0.0099502487562189
313,TBStack-LR,0,1,TreeStacking,Extract Subclass,0.0,0.0,0.0039331366764995,0.0,0.0,5.057781319927659e-05,0.0003249984765696,0.0,0.0,0.0,0.0,0.0845070422535211,0.0,0.0,0.0,0.0,0.0074257425742574,0.0,0.0,0.0,0.0,0.0,0.0112359550561797,0.0,0.0,0.0,0.0,0.0,0.0,0.0,0.0,0.0009487666034155,0.0,0.0129032258064516,0.0,0.003196590303676,0.0,0.0,0.0,0.0,0.0,0.0,0.0,0.0,0.0
314,TBStack-LR,0,0,TreeStacking,Extract Subclass,0.0,0.0,0.0039331366764995,0.0,0.0,5.977377923550869e-05,0.0003656232861408,0.0,0.0,0.0,0.0,0.0,0.0,0.0,0.0,0.0,0.0080445544554455,0.0,0.0,0.0,0.0,0.0,0.0,0.0,0.0,0.0,0.0,0.0,0.0,0.0,0.0009367681498829,0.0009487666034155,0.0,0.016774193548387,0.0,0.0034629728289824,0.0,0.0,0.0,0.0,0.0,0.0,0.0,0.0,0.0
315,TBStack-LR,0,0,TreeStacking,Extract Subclass,0.0274914089347079,0.0283460685235395,0.0334316617502458,0.0086206896551724,0.0,7.586671979891487e-05,0.0188499116410391,0.0122850122850122,0.0012550200803212,0.1904761904761904,0.0048500881834215,0.0,0.0,0.0196790796245837,0.0,0.0,0.0117574257425742,0.3266331658291457,0.0851063829787234,0.0,0.0,0.0,0.0028089887640449,0.0,0.0,0.0,0.0099192415730337,0.0002141786249732,0.0008643042350907,0.0928917609046849,0.0123341139734582,0.0189753320683111,0.0,0.0774193548387096,0.0317892824704813,0.014118273841236,0.0,0.0,0.0,0.0,0.0,0.0,0.0,0.0,0.0
316,TBStack-LR,0,0,TreeStacking,Extract Subclass,0.0446735395189003,0.0197190041902883,0.0176991150442477,0.0224137931034482,0.0,0.0002751126505839,0.0119436940139343,0.0098280098280098,0.0015060240963855,0.238095238095238,0.0,0.0,0.0,0.0030275507114744,0.0003029385034837,0.0,0.0185643564356435,0.050251256281407,0.0425531914893617,0.0,0.0058479532163742,0.0,0.0196629213483146,0.0006055101422948,0.0018181818181818,0.0253164556962025,0.0034234550561797,0.0002141786249732,0.0319792566983578,0.0420032310177706,0.0043715846994535,0.0037950664136622,0.0410958904109589,0.0675268817204301,0.0202845897668785,0.0346297282898241,0.4166666666666667,0.0134638922888616,0.0033017229466009,0.0013577666204309,0.3076923076923077,0.0571428571428571,0.0943396226415094,0.0169014084507042,0.0041459369817578
317,TBStack-LR,0,0,TreeStacking,Extract Subclass,0.0,0.0199654917426669,0.1042281219272369,0.0,0.0,4.36808386721025e-05,0.0160671121854116,0.1105651105651105,0.0027610441767068,0.3333333333333333,0.0731922398589065,0.0,0.0,0.0254314259763851,0.0,0.0,0.0086633663366336,0.0,0.0,0.0,0.0,0.0254314259763851,0.0131086142322097,0.0254314259763851,0.0,0.0,0.0495962078651685,0.0002141786249732,0.0,0.0710823909531502,0.0669789227166276,0.0009487666034155,0.0958904109589041,0.093763440860215,0.0284589766878595,0.0277037826318593,0.5227272727272727,0.0232558139534883,0.000552777144906,0.0007033035731728,0.2307692307692307,0.0095238095238095,0.0377358490566037,0.0247887323943662,0.0008291873963515
318,TBStack-LR,0,0,TreeStacking,Extract Subclass,0.0,0.0044367759428148,0.0186823992133726,0.0,0.0,0.0,0.0022140521216306,0.0073710073710073,0.001004016064257,0.1428571428571428,0.0,0.0,0.0,0.0006055101422948,0.0006058770069675,0.0,0.0068069306930693,0.0100502512562814,0.0053191489361702,0.0,0.0292397660818713,0.0,0.0046816479400749,0.0,0.0,0.0,0.0006144662921348,0.0002141786249732,0.0043215211754537,0.029886914378029,0.0009367681498829,0.0009487666034155,0.0136986301369863,0.0236559139784946,0.0042385709960641,0.0066595631326584,1.0,0.0097919216646266,0.0008366356787767,0.0003418836814034,0.0769230769230769,0.0,0.0094339622641509,0.0028169014084507,0.0033167495854063
319,TBStack-LR,0,0,TreeStacking,Extract Subclass,0.0,0.0019719004190288,0.0019665683382497,0.0,0.0,0.0,0.0006499969531392,0.0,0.0040160642570281,0.0952380952380952,0.0,0.0,0.0,0.0012110202845897,0.0,0.0,0.0037128712871287,0.0,0.0,0.0,0.0,0.0012110202845897,0.0056179775280898,0.0,0.0,0.0,0.0010533707865168,0.0,0.0043215211754537,0.0016155088852988,0.0,0.0009487666034155,0.0,0.0077419354838709,0.0012110202845897,0.0026638252530633,0.0,0.0,0.0,0.0,0.0,0.0,0.0,0.0,0.0
320,TBStack-LR,0,0,TreeStacking,Extract Subclass,0.0,0.0,0.0,0.0,0.0,0.0,0.0127358778005728,0.0,0.0,0.0,0.0,0.0,0.0,0.0,0.0,0.0,0.0,0.0,0.0,0.0,0.0,0.0,0.0,0.0,0.0,0.0,0.0,0.0,0.0,0.0,0.0,0.0,0.0,0.0,0.0,0.0,0.0,0.0,0.0,0.0,0.0,0.0,0.0,0.0,0.0
321,TBStack-LR,0,0,TreeStacking,Extract Subclass,0.0,0.0059157012570865,0.0117994100294985,0.0008620689655172,0.0,2.2989915090580268e-06,0.0046921655054741,0.0,0.0005020080321285,0.1428571428571428,0.0004409171075837,0.0,0.0,0.0036330608537693,0.0024235080278703,0.0,0.0061881188118811,0.0301507537688442,0.0159574468085106,0.0,0.0,0.0018165304268846,0.0065543071161048,0.0018165304268846,0.0,0.0759493670886076,0.000438904494382,0.0,0.0017286084701815,0.0137318255250403,0.0015612802498048,0.0028462998102466,0.0,0.0361290322580645,0.0045413260672116,0.0053276505061267,0.34,0.055079559363525,0.2206141055281449,0.0013870709359798,0.3076923076923077,0.2,0.2358490566037736,0.0422535211267605,0.0
322,TBStack-LR,0,0,TreeStacking,Extract Subclass,0.0,0.0039438008380576,0.0098328416912487,0.0077586206896551,0.0,1.9158262575483554e-05,0.0188702240458247,0.0024570024570024,0.0015060240963855,0.2857142857142857,0.0004409171075837,0.0,0.0,0.0015137753557372,0.0012117540139351,0.0,0.0061881188118811,0.0251256281407035,0.0,0.0,0.0,0.0,0.0084269662921348,0.0012110202845897,0.0009090909090909,0.0,0.0001755617977528,0.0,0.2843560933448574,0.029886914378029,0.0682279469164715,0.0009487666034155,0.0182648401826484,0.043010752688172,0.0033303057826218,0.1073521576984549,0.2426035502958579,0.018359853121175,0.0038694400143423,0.001797331353664,0.6153846153846154,0.0666666666666666,0.1415094339622641,0.0476056338028169,0.0041459369817578
323,TBStack-LR,0,0,TreeStacking,Extract Subclass,0.0,0.002464875523786,0.0196656833824975,0.0,0.1666666666666666,1.3027618551328815e-05,0.0053827872681846,0.0049140049140049,0.0,0.1904761904761904,0.0008818342151675,0.0211267605633802,0.0,0.0015137753557372,0.0012117540139351,0.002710027100271,0.0043316831683168,0.0201005025125628,0.0106382978723404,0.0111111111111111,0.0116959064327485,0.0,0.0009363295880149,0.0003027550711474,0.0,0.0,0.0,0.0,0.0043215211754537,0.0201938610662358,0.0004683840749414,0.0037950664136622,0.0045662100456621,0.0498924731182795,0.0027247956403269,0.003196590303676,0.0,0.0,0.0,0.0,0.0,0.0,0.0,0.0,0.0
324,TBStack-LR,0,0,TreeStacking,Extract Subclass,0.0068728522336769,0.0241557801331032,0.0196656833824975,0.0112068965517241,0.0,8.276369432608895e-05,0.0213483374296683,0.0294840294840294,0.0032630522088353,0.4285714285714285,0.0216049382716049,0.0,0.0,0.0009082652134423,0.0009088155104513,0.0,0.0099009900990099,0.0100502512562814,0.0531914893617021,0.0,0.0,0.0003027550711474,0.0056179775280898,0.0009082652134423,0.0145454545454545,0.0,0.0021945224719101,0.0068537159991432,0.013828867761452,0.0597738287560581,0.0184231069476971,0.0123339658444022,0.0593607305936073,0.1208602150537634,0.0166515289131092,0.0319659030367607,0.3452380952380952,0.0342717258261933,0.0025173769977478,0.0029988082911676,0.4615384615384615,0.0571428571428571,0.1132075471698113,0.0236619718309859,0.0074626865671641
325,TBStack-LR,0,0,TreeStacking,Extract Subclass,0.0,0.0179935913236381,0.0186823992133726,0.0043103448275862,0.0,4.4447169175121845e-05,0.0072109036988889,0.0368550368550368,0.0047690763052208,0.2857142857142857,0.0004409171075837,0.0,0.0,0.0009082652134423,0.0003029385034837,0.0,0.0080445544554455,0.0050251256281407,0.0478723404255319,0.0,0.0,0.0006055101422948,0.0037453183520599,0.0003027550711474,0.0009090909090909,0.0,0.0025456460674157,0.001927607624759,0.0146931719965427,0.0371567043618739,0.0143637782982045,0.0009487666034155,0.0,0.0494623655913978,0.0142294883439297,0.0255727224294086,0.0,0.0,0.0,0.0,0.0,0.0,0.0,0.0,0.0
326,TBStack-LR,0,0,TreeStacking,Extract Subclass,0.0034364261168384,0.0483115602662065,0.0265486725663716,0.0258620689655172,0.0,4.5979830181160536e-06,0.025654567244216,0.1253071253071253,0.0341365461847389,0.3333333333333333,0.0268959435626102,0.0,0.0,0.0009082652134423,0.0,0.0,0.0024752475247524,0.0150753768844221,0.0053191489361702,0.0,0.0,0.0,0.0028089887640449,0.0009082652134423,0.0036363636363636,0.0,0.0379213483146067,0.0053544656243306,0.020743301642178,0.2366720516962843,0.1003903200624512,0.0009487666034155,0.0776255707762557,0.1711827956989247,0.0448077505298213,0.0812466702184336,0.0,0.0,0.0,0.0,0.0,0.0,0.0,0.0,0.0
327,TBStack-LR,0,0,TreeStacking,Extract Subclass,0.0068728522336769,0.0022183879714074,0.0088495575221238,0.0,0.0,7.663305030193421e-06,0.0019093660498466,0.0,0.0,0.0952380952380952,0.0,0.0,0.0,0.0015137753557372,0.0012117540139351,0.0,0.005569306930693,0.0251256281407035,0.0159574468085106,0.0,0.0,0.0,0.0056179775280898,0.0,0.0,0.0,8.778089887640449e-05,0.0,0.0025929127052722,0.0121163166397415,0.0007806401249024,0.0009487666034155,0.0045662100456621,0.0240860215053763,0.0027247956403269,0.0047948854555141,0.48,0.0232558139534883,0.0309405801919033,0.0,0.3076923076923077,0.0666666666666666,0.1037735849056603,0.0140845070422535,0.0
328,TBStack-LR,0,0,TreeStacking,Extract Subclass,0.0,0.0283460685235395,0.071779744346116,0.0094827586206896,0.0,0.0,0.0090593325343787,0.0049140049140049,0.0,0.238095238095238,0.0035273368606701,0.0,0.0,0.0081743869209809,0.0,0.0,0.0129950495049504,0.0603015075376884,0.0319148936170212,0.1444444444444444,0.0467836257309941,0.0,0.0037453183520599,0.0,0.0027272727272727,0.0,0.0007022471910112,0.0006425358749196,0.010371650821089,0.0920840064620355,0.0020296643247462,0.0009487666034155,0.0136986301369863,0.0847311827956989,0.0257341810475325,0.0237080447522642,1.0,0.0,3.361482637942175e-05,0.0001269853673784,0.0769230769230769,0.0,0.0094339622641509,0.0016901408450704,0.0033167495854063
329,TBStack-LR,0,0,TreeStacking,Extract Subclass,0.0,0.0002464875523786,0.0029498525073746,0.0,0.0,0.0,0.0076374641993865,0.0,0.0,0.0476190476190476,0.0,0.0,0.0,0.0003027550711474,0.0003029385034837,0.0,0.0006188118811881,0.0050251256281407,0.0053191489361702,0.0,0.0,0.0,0.0,0.0003027550711474,0.0,0.0,0.0,0.0,0.0,0.0,0.0,0.0028462998102466,0.0,0.0692473118279569,0.0003027550711474,0.0002663825253063,0.0,0.0,0.0,0.0,0.0,0.0,0.0,0.0,0.0
330,TBStack-LR,0,0,TreeStacking,Extract Subclass,0.0,0.0002464875523786,0.0039331366764995,0.0,0.0,7.663305030193422e-07,0.002092177692917,0.0,0.0,0.0952380952380952,0.0,0.0,0.0,0.0,0.0,0.0,0.0012376237623762,0.0,0.0053191489361702,0.0,0.0,0.0,0.0009363295880149,0.0,0.0009090909090909,0.0,0.0,0.0,0.0008643042350907,0.0024232633279483,0.0001561280249804,0.0009487666034155,0.0,0.003010752688172,0.0003027550711474,0.000799147575919,0.3,0.025703794369645,0.0007507311224737,0.0003614198917693,0.5384615384615385,0.0761904761904762,0.1415094339622641,0.028169014084507,0.0
331,TBStack-LR,0,0,TreeStacking,Extract Subclass,0.0,0.003697313285679,0.0285152409046214,0.0,0.0,0.0,0.0013406187158497,0.0073710073710073,0.0,0.1904761904761904,0.0,0.0,0.0,0.0003027550711474,0.0003029385034837,0.0,0.0030940594059405,0.0050251256281407,0.0106382978723404,0.0,0.0,0.0,0.0028089887640449,0.0,0.0,0.0,0.0,0.0,0.0025929127052722,0.0331179321486268,0.0003122560499609,0.0009487666034155,0.0,0.0296774193548387,0.0045413260672116,0.003196590303676,0.0,0.0,0.0,0.0,0.0,0.0,0.0,0.0,0.0
332,TBStack-LR,0,0,TreeStacking,Extract Subclass,0.0,0.0958836578752772,0.0,0.0,0.0,0.0,0.0085108976051674,0.0,0.0002510040160642,0.0476190476190476,0.0,0.0,0.0,0.1177717226763548,0.1178430778551953,0.0,0.0006188118811881,0.0,0.0,0.0,0.0,0.1177717226763548,0.0009363295880149,0.1177717226763548,0.0,0.0,0.0,0.0,0.0008643042350907,0.0008077544426494,0.0608899297423887,0.0009487666034155,0.0,0.0172043010752688,0.1177717226763548,0.0002663825253063,0.0,0.0,0.0,0.0,0.0,0.0,0.0,0.0,0.0
333,TBStack-LR,0,0,TreeStacking,Extract Subclass,0.0,0.0,0.0,0.0,0.0,0.0,0.0016656171924194,0.0,0.0,0.0,0.0,0.0,0.0,0.0,0.0,0.0,0.0,0.0,0.0,0.0,0.0,0.0,0.0,0.0,0.0,0.0,0.0,0.0,0.0,0.0,0.0,0.0,0.0,0.0,0.0,0.0,0.0,0.0,0.0,0.0,0.0,0.0,0.0,0.0,0.0
334,TBStack-LR,0,0,TreeStacking,Extract Subclass,0.0,0.0138033029332018,0.0167158308751229,0.0120689655172413,0.0,1.992459307850289e-05,0.0073937153419593,0.0294840294840294,0.0027610441767068,0.2857142857142857,0.0022045855379188,0.0,0.0,0.0006055101422948,0.0,0.0,0.0049504950495049,0.0,0.0319148936170212,0.0,0.0,0.0006055101422948,0.0018726591760299,0.0006055101422948,0.0,0.0,0.0058813202247191,0.0008567144998929,0.0432152117545375,0.0589660743134087,0.0078064012490242,0.0009487666034155,0.0273972602739726,0.0283870967741935,0.0115046927036027,0.0223761321257325,0.0,0.0,0.0,0.0,0.0,0.0,0.0,0.0,0.0
335,TBStack-LR,0,0,TreeStacking,Extract Subclass,0.0034364261168384,0.0367266453044121,0.0344149459193707,0.0206896551724137,0.0,0.0010230512215308,0.0154780524466291,0.0393120393120393,0.01179718875502,0.3333333333333333,0.0079365079365079,0.0,0.0,0.0033303057826218,0.0003029385034837,0.0,0.0334158415841584,0.0552763819095477,0.1063829787234042,0.0,0.0175438596491228,0.0,0.0243445692883895,0.0006055101422948,0.0054545454545454,0.0126582278481012,0.0025456460674157,0.0025701434996787,0.0397579948141745,0.1332794830371567,0.023575331772053,0.0009487666034155,0.0867579908675799,0.1294623655913978,0.0333030578262185,0.0519445924347362,0.3076923076923077,0.0354957160342717,0.0012848333638356,0.0008498251509172,0.4615384615384615,0.0,0.0566037735849056,0.0183098591549295,0.0257048092868988
336,TBStack-LR,0,0,TreeStacking,Extract Subclass,0.0,0.0,0.0049164208456243,0.0,0.0,2.758789810869632e-05,0.0007312465722816,0.0,0.0,0.0476190476190476,0.0,0.0,0.0,0.0,0.0,0.0,0.005569306930693,0.0,0.0,0.0,0.0058479532163742,0.0,0.0074906367041198,0.0,0.0,0.0,0.0,0.0,0.006914433880726,0.0032310177705977,0.0,0.0009487666034155,0.0,0.0120430107526881,0.0,0.002397442727757,0.5,0.0,0.0006013318941207,9.76810518295661e-06,0.1538461538461538,0.0,0.0188679245283018,0.0005633802816901,0.0008291873963515
337,TBStack-LR,0,1,TreeStacking,Extract Subclass,0.0,0.0002464875523786,0.0068829891838741,0.0,0.0,0.0,0.0003656232861408,0.0,0.0,0.0476190476190476,0.0,0.0,0.0,0.0003027550711474,0.0003029385034837,0.0,0.0018564356435643,0.0050251256281407,0.0,0.0,0.0,0.0,0.0028089887640449,0.0,0.0009090909090909,0.0,0.0,0.0,0.0,0.0016155088852988,0.0003122560499609,0.0009487666034155,0.0,0.0120430107526881,0.0003027550711474,0.000799147575919,0.6666666666666666,0.0024479804161566,2.614486496177248e-05,3.907242073182644e-05,0.2307692307692307,0.0,0.0283018867924528,0.0016901408450704,0.0008291873963515
338,TBStack-LR,0,0,TreeStacking,Extract Subclass,0.0,0.0150357406950948,0.015732546705998,0.0025862068965517,0.0,0.0002222358458756,0.0098312039162316,0.0319410319410319,0.002008032128514,0.1904761904761904,0.0127865961199294,0.0,0.0,0.0042385709960641,0.0018176310209027,0.0,0.0154702970297029,0.0201005025125628,0.0053191489361702,0.1111111111111111,0.0584795321637426,0.0,0.0131086142322097,0.0027247956403269,0.009090909090909,0.0,0.0016678370786516,0.0002141786249732,0.0155574762316335,0.0476575121163166,0.0067135050741608,0.00853889943074,0.0136986301369863,0.0933333333333333,0.0136239782016348,0.0159829515183803,0.5555555555555556,0.0,0.0049488494391926,0.0001855939984761,0.1538461538461538,0.0,0.0188679245283018,0.0025352112676056,0.0082918739635157
339,TBStack-LR,0,0,TreeStacking,Extract Subclass,0.0103092783505154,0.0350012324377618,0.0580137659783677,0.0051724137931034,0.0,0.0006444839530392,0.0567934837805447,0.0147420147420147,0.0017570281124497,0.238095238095238,0.0,0.0070422535211267,0.0,0.0112019376324553,0.0075734625870948,0.0,0.0309405940594059,0.0050251256281407,0.0053191489361702,0.3555555555555555,0.0292397660818713,0.0012110202845897,0.0411985018726591,0.0084771419921283,0.0009090909090909,0.0,0.0172050561797752,0.0017134289997858,0.0328435609334485,0.0767366720516962,0.0512099921935987,0.0199240986717267,0.0228310502283105,0.2129032258064516,0.033605812897366,0.0338305807139051,0.3943661971830985,0.0195838433292533,0.0205461288792443,0.0015238244085412,0.2307692307692307,0.0285714285714285,0.0566037735849056,0.02,0.0033167495854063
340,TBStack-LR,0,0,TreeStacking,Extract Subclass,0.0,0.0,0.0029498525073746,0.0,0.0,7.663305030193422e-07,0.0002234364526416,0.0,0.0,0.0476190476190476,0.0004409171075837,0.0,0.0,0.0,0.0,0.0,0.0012376237623762,0.0,0.0,0.0,0.0,0.0,0.0018726591760299,0.0,0.0018181818181818,0.0,0.0003511235955056,0.0,0.0,0.0016155088852988,0.0,0.0009487666034155,0.0,0.0038709677419354,0.0,0.0005327650506126,0.0,0.0,0.0,0.0,0.0,0.0,0.0,0.0,0.0
341,TBStack-LR,0,0,TreeStacking,Extract Subclass,0.0,0.0138033029332018,0.031465093411996,0.0189655172413793,0.0,0.0002061429053122,0.0053218500538278,0.0098280098280098,0.0040160642570281,0.1904761904761904,0.0030864197530864,0.0,0.0,0.0027247956403269,0.0003029385034837,0.0,0.0167079207920792,0.0201005025125628,0.0159574468085106,0.0,0.0,0.0,0.0074906367041198,0.0003027550711474,0.0018181818181818,0.0,0.0020189606741573,0.0010708931248661,0.027657735522904,0.029886914378029,0.0035909445745511,0.0018975332068311,0.0,0.0490322580645161,0.0081743869209809,0.0199786893979754,1.0,0.0024479804161566,0.0014230276500621,0.0001660577881102,0.0769230769230769,0.0,0.0094339622641509,0.0016901408450704,0.0041459369817578
342,TBStack-LR,0,0,TreeStacking,Extract Subclass,0.0,0.0364801577520335,0.0934119960668633,0.0198275862068965,0.1346153846153846,0.0004475370137632,0.0162092990189108,0.0098280098280098,0.0080321285140562,0.1904761904761904,0.0110229276895943,0.0,0.0,0.0018165304268846,0.0003029385034837,0.0,0.0352722772277227,0.0301507537688442,0.0159574468085106,0.0,0.0,0.0,0.0505617977528089,0.0006055101422948,0.0136363636363636,0.0,0.0051790730337078,0.0002141786249732,0.0933448573898012,0.154281098546042,0.0062451209992193,0.0009487666034155,0.0410958904109589,0.1040860215053763,0.041174689676052,0.042354821523708,0.1575342465753424,0.0501835985312117,0.008347681884223,0.0114384511692421,0.5384615384615385,0.1428571428571428,0.2075471698113207,0.0822535211267605,0.0215588723051409
343,TBStack-LR,0,0,TreeStacking,Extract Subclass,0.0446735395189003,0.0032043381809218,0.007866273352999,0.0,0.0192307692307692,0.0,0.003168735146554,0.0,0.0,0.0476190476190476,0.0,0.0,0.0,0.0003027550711474,0.0,0.0,0.0006188118811881,0.0,0.0,0.0,0.0,0.0003027550711474,0.0009363295880149,0.0003027550711474,0.0,0.0,0.0,0.0,0.0,0.0,0.0020296643247462,0.0009487666034155,0.0,0.032258064516129,0.0039358159249167,0.0002663825253063,0.0,0.0,0.0,0.0,0.0,0.0,0.0,0.0,0.0
344,TBStack-LR,0,0,TreeStacking,Extract Subclass,0.0,0.0,0.0019665683382497,0.0,0.0,0.4140330441712902,0.0422904267636245,0.0,0.002008032128514,0.0,0.0,0.0,0.0,0.0,0.0,0.0,0.6435643564356436,0.0,0.0,0.0,0.0,0.0,0.0,0.0,0.0,0.0,0.0,0.0,0.0,0.0,0.1661202185792349,0.0009487666034155,0.0,0.4206451612903226,0.0,0.2770378263185934,0.184,0.1150550795593635,0.0119295283839858,0.0021685193506163,0.5384615384615385,0.2666666666666667,0.330188679245283,0.0704225352112676,0.0
345,TBStack-LR,0,0,TreeStacking,Extract Subclass,0.0,0.0002464875523786,0.023598820058997,0.0008620689655172,0.0,0.0001770223461974,0.0027421746460563,0.0,0.0,0.0952380952380952,0.0,0.0,0.0,0.0003027550711474,0.0,0.0,0.0136138613861386,0.0050251256281407,0.0,0.0,0.0,0.0,0.0205992509363295,0.0003027550711474,0.02,0.0,0.0,0.0006425358749196,0.0190146931719965,0.0250403877221324,0.0003122560499609,0.0009487666034155,0.0,0.0374193548387096,0.0003027550711474,0.0069259456579648,0.5,0.0171358629130966,0.0006536216240443,0.0020708382987868,0.3846153846153846,0.0095238095238095,0.0566037735849056,0.0090140845070422,0.0008291873963515
346,TBStack-LR,0,0,TreeStacking,Extract Subclass,0.0240549828178694,0.0739462657135814,0.0226155358898721,0.018103448275862,0.0,0.0001049872789136,0.0278686193658467,0.0589680589680589,0.027359437751004,0.3809523809523809,0.0277777777777777,0.0,0.0,0.0148349984862246,0.0003029385034837,0.0,0.0340346534653465,0.135678391959799,0.0851063829787234,0.0,0.0058479532163742,0.0057523463518013,0.0355805243445692,0.0115046927036027,0.03,0.0,0.0121137640449438,0.001927607624759,0.0397579948141745,0.1324717285945073,0.0221701795472287,0.0009487666034155,0.3013698630136986,0.1268817204301075,0.059642749016046,0.0708577517314864,1.0,0.0269277845777233,0.0100620380295735,0.0118291753765604,0.0769230769230769,0.0,0.0094339622641509,0.0143661971830985,0.0041459369817578
347,TBStack-LR,0,0,TreeStacking,Extract Subclass,0.0034364261168384,0.0160216909046093,0.0285152409046214,0.0034482758620689,0.0,0.0,0.0060937214356807,0.0319410319410319,0.0002510040160642,0.2857142857142857,0.0013227513227513,0.0,0.0,0.002119285498032,0.0015146925174189,0.0,0.0111386138613861,0.0351758793969849,0.026595744680851,0.0,0.0,0.0,0.0121722846441947,0.0015137753557372,0.0,0.0,0.0006144662921348,0.0,0.0259291270527225,0.0371567043618739,0.0020296643247462,0.0009487666034155,0.045662100456621,0.0417204301075268,0.0172570390554041,0.0194459243473628,0.5,0.0,1.1204942126473916e-05,2.930431554886984e-05,0.1538461538461538,0.0,0.0188679245283018,0.0005633802816901,0.0008291873963515
348,TBStack-LR,0,0,TreeStacking,Extract Subclass,0.0,0.0034508257333004,0.0088495575221238,0.0017241379310344,0.0,3.755019464794777e-05,0.0024984257886291,0.0024570024570024,0.0002510040160642,0.1428571428571428,0.0,0.0,0.0,0.0006055101422948,0.0,0.0,0.0068069306930693,0.0100502512562814,0.0053191489361702,0.0,0.0,0.0,0.0093632958801498,0.0003027550711474,0.0,0.0,0.0,0.0002141786249732,0.0043215211754537,0.024232633279483,0.0007806401249024,0.0009487666034155,0.0,0.0227956989247311,0.0015137753557372,0.0087906233351092,0.5714285714285714,0.0269277845777233,0.0007955508909796,0.0005470138902455,0.1538461538461538,0.0,0.0188679245283018,0.0098591549295774,0.0033167495854063
349,TBStack-LR,0,0,TreeStacking,Extract Subclass,0.0,0.0034508257333004,0.0245821042281219,0.0025862068965517,0.0,5.670845722343132e-05,0.0021734273120594,0.0,0.0,0.0952380952380952,0.0,0.0,0.0,0.0006055101422948,0.0,0.0,0.0080445544554455,0.0,0.0,0.0222222222222222,0.0,0.0,0.0121722846441947,0.0,0.0,0.0,0.0,0.001927607624759,0.010371650821089,0.0129240710823909,0.0010928961748633,0.0009487666034155,0.0,0.0163440860215053,0.0042385709960641,0.0047948854555141,0.0,0.0,0.0,0.0,0.0,0.0,0.0,0.0,0.0
350,TBStack-LR,0,0,TreeStacking,Extract Subclass,0.0,0.0007394626571358,0.0049164208456243,0.0008620689655172,0.0,2.605523710265764e-05,0.0020109280737746,0.0,0.001004016064257,0.0952380952380952,0.0,0.0,0.0,0.0003027550711474,0.0,0.0,0.005569306930693,0.0050251256281407,0.0159574468085106,0.0,0.0175438596491228,0.0,0.0028089887640449,0.0,0.0,0.0,0.0002633426966292,0.0,0.0146931719965427,0.0145395799676898,0.0029664324746291,0.0009487666034155,0.0,0.0133333333333333,0.0006055101422948,0.0090570058604155,1.0,0.0,0.0,5.860863109773967e-05,0.0769230769230769,0.0,0.0094339622641509,0.000281690140845,0.0008291873963515
351,TBStack-LR,0,0,TreeStacking,Extract Subclass,0.0068728522336769,0.0009859502095144,0.0108161258603736,0.0043103448275862,0.0,7.663305030193422e-07,0.0123702545144319,0.0098280098280098,0.0002510040160642,0.1428571428571428,0.0,0.0,0.0,0.0009082652134423,0.0009088155104513,0.0,0.0012376237623762,0.0150753768844221,0.0053191489361702,0.0,0.0,0.0,0.0009363295880149,0.0009082652134423,0.0009090909090909,0.0,0.0009655898876404,0.0,0.0086430423509075,0.0088852988691437,0.004215456674473,0.0094876660341555,0.0045662100456621,0.0804301075268817,0.0012110202845897,0.0071923281832711,0.38,0.040391676866585,0.0033950974643215,0.0005567819954285,0.2307692307692307,0.0095238095238095,0.0377358490566037,0.0140845070422535,0.0
352,TBStack-LR,0,0,TreeStacking,Extract Subclass,0.0584192439862542,0.0298249938378111,0.0658800393313667,0.0198275862068965,0.0,0.0005808785212886,0.0221405212163068,0.0098280098280098,0.0012550200803212,0.1904761904761904,0.0013227513227513,0.0,0.0,0.0118074477747502,0.0078764010905786,0.0,0.0327970297029703,0.0653266331658291,0.0957446808510638,0.0,0.0058479532163742,0.0078716318498334,0.0318352059925093,0.0066606115652437,0.0009090909090909,0.0,0.0042134831460674,0.0008567144998929,0.0190146931719965,0.135702746365105,0.004527712724434,0.0037950664136622,0.045662100456621,0.1526881720430107,0.0326975476839237,0.0354288758657432,0.6111111111111112,0.0318237454100367,0.0017068861839328,0.0012698536737843,0.3076923076923077,0.0285714285714285,0.0660377358490566,0.0253521126760563,0.0099502487562189
353,TBStack-LR,0,0,TreeStacking,Extract Subclass,0.0,0.0022183879714074,0.0176991150442477,0.0,0.0192307692307692,6.1306440241547375e-06,0.011395259084723,0.0,0.0002510040160642,0.1428571428571428,0.0008818342151675,0.0,0.0,0.0024220405691795,0.0006058770069675,0.0,0.0030940594059405,0.0402010050251256,0.0,0.0,0.0,0.0,0.0046816479400749,0.0006055101422948,0.0,0.0,0.0002633426966292,0.0,0.0,0.0129240710823909,0.0001561280249804,0.0037950664136622,0.0091324200913242,0.0675268817204301,0.0030275507114744,0.0026638252530633,0.2391304347826087,0.0244798041615667,0.0023082180780536,0.0014652157774434,0.4615384615384615,0.0952380952380952,0.1509433962264151,0.0259154929577464,0.0008291873963515
354,TBStack-LR,0,0,TreeStacking,Extract Subclass,0.0,0.0197190041902883,0.0167158308751229,0.0137931034482758,0.0,8.659534684118566e-05,0.0074140277467449,0.0196560196560196,0.0100401606425702,0.1428571428571428,0.0013227513227513,0.0,0.0,0.0036330608537693,0.0,0.0,0.0167079207920792,0.050251256281407,0.0159574468085106,0.0,0.0,0.0,0.0224719101123595,0.0003027550711474,0.0,0.0,0.0050912921348314,0.0049261083743842,0.010371650821089,0.0411954765751211,0.0006245120999219,0.0028462998102466,0.0136986301369863,0.0546236559139785,0.0169542839842567,0.0213106020245071,0.0,0.0,0.0,0.0,0.0,0.0,0.0,0.0,0.0
355,TBStack-LR,0,0,TreeStacking,Extract Subclass,0.0,0.0009859502095144,0.0088495575221238,0.0,0.0,8.35300248291083e-05,0.0026406126221283,0.0049140049140049,0.0040160642570281,0.0952380952380952,0.0,0.0,0.0,0.0006055101422948,0.0,0.0,0.0167079207920792,0.0100502512562814,0.0106382978723404,0.0,0.0,0.0,0.0234082397003745,0.0,0.0,0.0,0.0,0.0,0.0129645635263612,0.024232633279483,0.0028103044496487,0.0009487666034155,0.0,0.0258064516129032,0.0009082652134423,0.0119872136387852,0.0,0.0,0.0,0.0,0.0,0.0,0.0,0.0,0.0
356,TBStack-LR,0,0,TreeStacking,Extract Subclass,0.0,0.0,0.0029498525073746,0.0,0.0,2.2989915090580268e-06,0.0002640612622128,0.0,0.0,0.0476190476190476,0.0,0.0,0.0,0.0,0.0,0.0,0.0018564356435643,0.0,0.0,0.0,0.0,0.0,0.0028089887640449,0.0,0.0,0.0,0.0,0.0,0.0008643042350907,0.0008077544426494,0.0003122560499609,0.0009487666034155,0.0,0.0043010752688172,0.0,0.000799147575919,0.0,0.0,0.0,0.0,0.0,0.0,0.0,0.0,0.0
357,TBStack-LR,0,0,TreeStacking,Extract Subclass,0.0,0.0618683756470298,0.0570304818092428,0.021551724137931,0.0,0.0005678509027373,0.0256951920537872,0.0196560196560196,0.0328815261044176,0.2857142857142857,0.009700176366843,0.0,0.0,0.017862549197699,0.0084822780975461,0.013550135501355,0.0358910891089108,0.2512562814070351,0.0638297872340425,0.0,0.0116959064327485,0.0027247956403269,0.0280898876404494,0.0087798970632758,0.0045454545454545,0.0,0.0237886235955056,0.0164917541229385,0.0553154710458081,0.1704361873990307,0.0473067915690866,0.0047438330170777,0.0319634703196347,0.2167741935483871,0.0602482591583409,0.0793819925412892,0.9833333333333332,0.0379436964504283,0.0034137723678657,0.000673999257624,0.0769230769230769,0.0095238095238095,0.0188679245283018,0.0169014084507042,0.0132669983416252
358,TBStack-LR,0,1,TreeStacking,Extract Subclass,0.0274914089347079,0.0968696080847917,0.0481809242871189,0.0456896551724137,0.0,0.0005050118014897,0.0418232414535556,0.0737100737100737,0.0288654618473895,0.2857142857142857,0.0246913580246913,0.0,0.0,0.0087798970632758,0.0075734625870948,0.0,0.0266089108910891,0.1256281407035175,0.1595744680851064,0.0,0.0058479532163742,0.0,0.0084269662921348,0.0060551014229488,0.0009090909090909,0.0,0.0122893258426966,0.016063396872992,0.0734658599827139,0.1857835218093699,0.165495706479313,0.0047438330170777,0.1232876712328767,0.1789247311827957,0.1014229488343929,0.11134789557805,0.581151832460733,0.1493268053855569,0.0069059793306167,0.0075019047805106,0.2307692307692307,0.1904761904761905,0.2169811320754716,0.1076056338028169,0.033167495854063
359,TBStack-LR,0,0,TreeStacking,Extract Subclass,0.0,0.0034508257333004,0.0098328416912487,0.0,0.0,2.2989915090580268e-06,0.0012187442871361,0.0073710073710073,0.0,0.1428571428571428,0.0004409171075837,0.0,0.0,0.0,0.0,0.0,0.0018564356435643,0.0,0.0106382978723404,0.0,0.0,0.0,0.0,0.0,0.0,0.0,0.0002633426966292,0.0,0.0,0.0234248788368336,0.0026541764246682,0.0009487666034155,0.0,0.0180645161290322,0.0042385709960641,0.0021310602024507,0.0,0.0,0.0,0.0,0.0,0.0,0.0,0.0,0.0
360,TBStack-LR,0,0,TreeStacking,Extract Subclass,0.0,0.0239092925807246,0.0884955752212389,0.0077586206896551,0.032051282051282,0.0025503479140483,0.0210639637626698,0.0294840294840294,0.01179718875502,0.3333333333333333,0.0066137566137566,0.0,0.0,0.0105964274901604,0.0,0.0,0.0544554455445544,0.1758793969849246,0.0744680851063829,0.0,0.0,0.0,0.0664794007490636,0.0,0.0,0.0632911392405063,0.004125702247191,0.0012850717498393,0.0535868625756266,0.1978998384491115,0.0171740827478532,0.0018975332068311,0.091324200913242,0.1505376344086021,0.0323947926127762,0.0559403303143313,0.1926444833625218,0.1640146878824969,0.011223617030018,0.0111551761189364,0.4615384615384615,0.1619047619047619,0.2169811320754716,0.1608450704225352,0.0572139303482587
361,TBStack-LR,0,0,TreeStacking,Extract Subclass,0.0,0.0002464875523786,0.0,0.0,0.0,0.0,6.09372143568077e-05,0.0,0.0,0.0476190476190476,0.0,0.0,0.0,0.0003027550711474,0.0003029385034837,0.0,0.0006188118811881,0.0,0.0053191489361702,0.0,0.0,0.0003027550711474,0.0,0.0003027550711474,0.0,0.0,0.0,0.0,0.0,0.0,0.0001561280249804,0.0009487666034155,0.0,0.0034408602150537,0.0003027550711474,0.0002663825253063,0.0,0.0,0.0,0.0,0.0,0.0,0.0,0.0,0.0
362,TBStack-LR,0,0,TreeStacking,Extract Subclass,0.0,0.0234163174759674,0.023598820058997,0.021551724137931,0.0,0.0001831529902216,0.0115171335134366,0.0147420147420147,0.0090361445783132,0.3333333333333333,0.0013227513227513,0.0,0.0,0.0127157129881925,0.007270524083611,0.002710027100271,0.0191831683168316,0.0904522613065326,0.0478723404255319,0.0,0.0,0.0,0.0177902621722846,0.0057523463518013,0.0,0.0632911392405063,0.0028089887640449,0.0032126793745984,0.03457216940363,0.0589660743134087,0.0106167056986729,0.0009487666034155,0.0684931506849315,0.083010752688172,0.023312140478353,0.0354288758657432,0.8095238095238095,0.0489596083231334,0.002618221476886,0.0021685193506163,0.2307692307692307,0.0285714285714285,0.0566037735849056,0.0295774647887323,0.0016583747927031
363,TBStack-LR,0,0,TreeStacking,Extract Subclass,0.0,0.0017254128666502,0.0019665683382497,0.0017241379310344,0.0,0.0,0.0022140521216306,0.0073710073710073,0.0002510040160642,0.1428571428571428,0.0026455026455026,0.0,0.0,0.0,0.0,0.0,0.0006188118811881,0.0,0.0,0.0,0.0,0.0,0.0009363295880149,0.0,0.0009090909090909,0.0,8.778089887640449e-05,0.0,0.003457216940363,0.0145395799676898,0.0012490241998438,0.0028462998102466,0.0045662100456621,0.021505376344086,0.002119285498032,0.0037293553542887,0.0,0.0,0.0,0.0,0.0,0.0,0.0,0.0,0.0
364,TBStack-LR,0,0,TreeStacking,Extract Subclass,0.0,0.0490510229233423,0.1986234021632252,0.0112068965517241,0.0128205128205128,0.0,0.0431029229550486,0.0024570024570024,0.0050200803212851,0.1428571428571428,0.0035273368606701,0.0,0.0,0.002119285498032,0.0009088155104513,0.0,0.1571782178217821,0.0351758793969849,0.0319148936170212,0.0,0.0058479532163742,0.0,0.2303370786516854,0.0009082652134423,0.0,0.0,0.0063202247191011,0.0036410366245448,0.2238547968885047,0.2883683360258481,0.0029664324746291,0.0009487666034155,0.0045662100456621,0.1423655913978494,0.0484408113835906,0.1526371870005327,0.1308411214953271,0.05875152998776,0.0057257254266281,0.0067204563658741,0.6153846153846154,0.1904761904761905,0.2641509433962264,0.060281690140845,0.0008291873963515
365,TBStack-LR,0,0,TreeStacking,Extract Subclass,0.0,0.0002464875523786,0.0029498525073746,0.0,0.0,0.0,0.0002234364526416,0.0,0.0,0.0476190476190476,0.0,0.0,0.0,0.0003027550711474,0.0003029385034837,0.0,0.0018564356435643,0.0050251256281407,0.0,0.0,0.0,0.0,0.0028089887640449,0.0,0.0,0.0,0.0,0.0,0.0017286084701815,0.0008077544426494,0.0,0.0009487666034155,0.0,0.0025806451612903,0.0003027550711474,0.000799147575919,0.0,0.0,0.0,0.0,0.0,0.0,0.0,0.0,0.0
366,TBStack-LR,0,0,TreeStacking,Extract Subclass,0.0,0.0032043381809218,0.0039331366764995,0.0008620689655172,0.0,6.973607577476014e-05,0.0028843614795555,0.0049140049140049,0.0005020080321285,0.1428571428571428,0.0123456790123456,0.0,0.0,0.0012110202845897,0.0009088155104513,0.0,0.0092821782178217,0.0201005025125628,0.0159574468085106,0.0,0.0,0.0,0.0112359550561797,0.0006055101422948,0.0109090909090909,0.0,0.0001755617977528,0.0,0.0121002592912705,0.0201938610662358,0.0165495706479313,0.0009487666034155,0.0045662100456621,0.0296774193548387,0.0033303057826218,0.0071923281832711,0.0,0.0,0.0,0.0,0.0,0.0,0.0,0.0,0.0
367,TBStack-LR,0,0,TreeStacking,Extract Subclass,0.0,0.0110919398570372,0.0412979351032448,0.0034482758620689,0.0384615384615384,7.510038929589554e-05,0.0287420527716276,0.0171990171990172,0.0,0.1428571428571428,0.0013227513227513,0.0,0.0,0.0072661217075386,0.007270524083611,0.0,0.0123762376237623,0.0653266331658291,0.0319148936170212,0.0,0.0,0.0,0.0046816479400749,0.0033303057826218,0.0009090909090909,0.0,0.0,0.0,0.0086430423509075,0.0541195476575121,0.0031225604996096,0.00853889943074,0.0,0.1462365591397849,0.0118074477747502,0.0093233883857218,0.285140562248996,0.1028151774785801,0.0099499886083088,0.006974427100631,0.4615384615384615,0.2476190476190476,0.3018867924528302,0.0701408450704225,0.005804311774461
368,TBStack-LR,0,0,TreeStacking,Extract Subclass,0.0,0.0014789253142716,0.0009832841691248,0.0,0.0,0.0,0.000203124047856,0.0,0.0,0.0,0.0,0.0,0.0,0.0018165304268846,0.0018176310209027,0.0,0.0,0.0,0.0,0.0,0.0,0.0018165304268846,0.0,0.0018165304268846,0.0,0.0,0.0,0.0,0.0,0.0,0.0,0.0009487666034155,0.0,0.0086021505376344,0.0018165304268846,0.0,0.25,0.0342717258261933,0.0257302821030929,9.76810518295661e-06,0.3076923076923077,0.1714285714285714,0.2075471698113207,0.028169014084507,0.0
369,TBStack-LR,0,0,TreeStacking,Extract Subclass,0.0,0.0081340892284939,0.007866273352999,0.0034482758620689,0.0,0.0,0.002092177692917,0.0024570024570024,0.0035140562248995,0.1428571428571428,0.0,0.0,0.0,0.0027247956403269,0.0018176310209027,0.0,0.0024752475247524,0.0452261306532663,0.0053191489361702,0.0,0.0,0.0,0.0028089887640449,0.0018165304268846,0.0,0.0,0.0024578651685393,0.0004283572499464,0.0095073465859982,0.0355411954765751,0.0031225604996096,0.0009487666034155,0.0,0.0348387096774193,0.0072661217075386,0.0090570058604155,0.0,0.0,0.0,0.0,0.0,0.0,0.0,0.0,0.0
370,TBStack-LR,0,0,TreeStacking,Extract Subclass,0.0,0.0093665269903869,0.0058997050147492,0.0,0.0,0.0,0.0014624931445633,0.0,0.0,0.0,0.0004409171075837,0.0,0.0,0.0187708144111413,0.0,0.0,0.0,0.0,0.0,0.0,0.0,0.0187708144111413,0.0,0.0,0.0,0.0,0.0021067415730337,0.0,0.0,0.0016155088852988,0.0001561280249804,0.0009487666034155,0.0,0.0597849462365591,0.0187708144111413,0.0,0.56,0.0061199510403916,0.0006536216240443,0.0003907242073182,0.3076923076923077,0.0285714285714285,0.0660377358490566,0.0140845070422535,0.0
371,TBStack-LR,0,0,TreeStacking,Extract Subclass,0.0,0.003697313285679,0.0176991150442477,0.0017241379310344,0.0,2.1457254084541585e-05,0.0016656171924194,0.0024570024570024,0.001004016064257,0.1428571428571428,0.0004409171075837,0.0,0.0,0.0015137753557372,0.0015146925174189,0.0,0.0049504950495049,0.0201005025125628,0.0,0.0,0.0116959064327485,0.0003027550711474,0.0056179775280898,0.0015137753557372,0.0018181818181818,0.0,0.0006144662921348,0.0014992503748125,0.0051858254105445,0.0347334410339256,0.0010928961748633,0.0009487666034155,0.0,0.0318279569892473,0.0045413260672116,0.0055940330314331,0.0,0.0,0.0,0.0,0.0,0.0,0.0,0.0,0.0
372,TBStack-LR,0,0,TreeStacking,Extract Subclass,0.0,0.0,0.1592920353982301,0.0,0.0,0.0391135088741072,0.0195608458085352,0.0,0.0,0.0476190476190476,0.0,0.0,0.0,0.0,0.0,0.0,0.198019801980198,0.0,0.0,0.0,0.0,0.0,0.299625468164794,0.0,0.0,0.0,0.0,0.0,0.0,0.0,0.0,0.0009487666034155,0.0,0.0602150537634408,0.0,0.0852424080980287,0.0,0.0,0.0,0.0,0.0,0.0,0.0,0.0,0.0
373,TBStack-LR,0,0,TreeStacking,Extract Subclass,0.0068728522336769,0.02119792950456,0.0265486725663716,0.0068965517241379,0.0,3.2952211629831713e-05,0.0080030874855274,0.0049140049140049,0.0005020080321285,0.238095238095238,0.0,0.0,0.0,0.0006055101422948,0.0006058770069675,0.0,0.0061881188118811,0.0050251256281407,0.0478723404255319,0.0,0.0,0.0,0.0009363295880149,0.0003027550711474,0.0,0.0,0.0011411516853932,0.0,0.0233362143474503,0.0516962843295638,0.0014051522248243,0.0009487666034155,0.0547945205479452,0.0563440860215053,0.0236148955495004,0.014118273841236,0.7,0.0061199510403916,0.000276388572453,0.0003907242073182,0.2307692307692307,0.0,0.0283018867924528,0.0056338028169014,0.0016583747927031
374,TBStack-LR,0,0,TreeStacking,Extract Subclass,0.0,0.0017254128666502,0.0029498525073746,0.0,0.0,2.2989915090580268e-06,0.0005687473339968,0.0,0.0,0.0476190476190476,0.0,0.0,0.0,0.0006055101422948,0.0,0.0,0.0043316831683168,0.0100502512562814,0.0,0.0,0.0,0.0,0.0065543071161048,0.0,0.0,0.0,0.0001755617977528,0.0,0.0017286084701815,0.0008077544426494,0.0,0.0009487666034155,0.0,0.0068817204301075,0.0006055101422948,0.0018646776771443,0.4808510638297872,0.0734394124847001,0.0555391631402223,7.814484146365288e-05,0.3846153846153846,0.1904761904761905,0.2358490566037736,0.0661971830985915,0.0008291873963515
375,TBStack-LR,0,0,TreeStacking,Extract Subclass,0.0034364261168384,0.0170076411141237,0.0363815142576204,0.0043103448275862,0.0,6.89697452717408e-06,0.0065609067457496,0.0024570024570024,0.0005020080321285,0.1904761904761904,0.0008818342151675,0.0,0.0,0.0006055101422948,0.0006058770069675,0.0,0.0061881188118811,0.0,0.0212765957446808,0.0222222222222222,0.0058479532163742,0.0,0.0046816479400749,0.0003027550711474,0.0,0.0,0.0028089887640449,0.0,0.0051858254105445,0.0420032310177706,0.0014051522248243,0.0009487666034155,0.0228310502283105,0.0455913978494623,0.020587344838026,0.015716568993074,1.0,0.0012239902080783,0.0015388120520357,0.0,0.0769230769230769,0.0,0.0094339622641509,0.000281690140845,0.0008291873963515
376,TBStack-LR,0,0,TreeStacking,Extract Subclass,0.0,0.0019719004190288,0.0049164208456243,0.0,0.0,0.0,0.0047937275294022,0.0171990171990172,0.0,0.0952380952380952,0.0004409171075837,0.0,0.0,0.0018165304268846,0.0015146925174189,0.0,0.0068069306930693,0.0100502512562814,0.0053191489361702,0.0,0.0,0.0012110202845897,0.0093632958801498,0.0018165304268846,0.009090909090909,0.0,0.0,0.0,0.0043215211754537,0.0088852988691437,0.0007806401249024,0.0009487666034155,0.0,0.0253763440860215,0.0024220405691795,0.0069259456579648,0.4,0.0048959608323133,0.000466872588603,0.0007423759939047,0.3846153846153846,0.0380952380952381,0.0849056603773584,0.0140845070422535,0.0
377,TBStack-LR,0,0,TreeStacking,Extract Subclass,0.0,0.0396844959329553,0.0,0.0,0.0,0.0,0.0033312343848388,0.0,0.0,0.0,0.0,0.0,0.0,0.0487435664547381,0.0487730990608906,0.0,0.0,0.0,0.0,0.0,0.0,0.0487435664547381,0.0,0.0487435664547381,0.0,0.0,0.0,0.0,0.0,0.0,0.0251366120218579,0.0009487666034155,0.0,0.0124731182795698,0.0487435664547381,0.0,0.0,0.0,0.0,0.0,0.0,0.0,0.0,0.0,0.0
378,TBStack-LR,0,0,TreeStacking,Extract Subclass,0.0,0.3216662558540794,0.0422812192723697,0.1301724137931034,0.0,0.0079468473163105,0.1358087383965387,0.1228501228501228,0.0150602409638554,0.3809523809523809,0.0,0.0,0.0,0.2061762034514078,0.2005452893062708,0.4092140921409214,0.1014851485148514,0.0050251256281407,0.0,0.2,0.0,0.1241295791704511,0.1535580524344569,0.2004238570996064,0.0,0.0,0.0951544943820224,0.18911972585136,0.4477095937770095,0.117124394184168,0.1451990632318501,0.0180265654648956,0.4977168949771689,0.3819354838709677,0.3127459884953072,0.4168886521044219,0.0,0.0,0.0,0.0,0.0,0.0,0.0,0.0,0.0
379,TBStack-LR,0,0,TreeStacking,Extract Subclass,0.0,0.0113384274094158,0.023598820058997,0.0017241379310344,0.0,3.0653220120773686e-05,0.0034531088135524,0.0098280098280098,0.0017570281124497,0.1428571428571428,0.0004409171075837,0.0,0.0,0.0033303057826218,0.0012117540139351,0.0,0.0074257425742574,0.0251256281407035,0.026595744680851,0.0666666666666666,0.023391812865497,0.0,0.0028089887640449,0.0012110202845897,0.0,0.0,0.0010533707865168,0.0002141786249732,0.003457216940363,0.0420032310177706,0.0007806401249024,0.0009487666034155,0.0,0.0443010752688172,0.0139267332727823,0.0066595631326584,0.0,0.0,0.0,0.0,0.0,0.0,0.0,0.0,0.0
380,TBStack-LR,0,0,TreeStacking,Extract Subclass,0.0,0.0019719004190288,0.0462143559488692,0.0,0.0,0.0,0.0194795961893928,0.0024570024570024,0.0,0.1428571428571428,0.0,0.0,0.0,0.0003027550711474,0.0,0.3333333333333333,0.078589108910891,0.0050251256281407,0.0,0.0,0.0058479532163742,0.0,0.1179775280898876,0.0,0.0009090909090909,0.0,0.0087780898876404,0.0267723281216534,0.1089023336214347,0.1050080775444265,0.0423106947697111,0.0009487666034155,0.0,0.0696774193548387,0.002119285498032,0.0727224294086307,1.0,0.0061199510403916,0.0038059453422923,0.0001758258932932,0.0769230769230769,0.0,0.0094339622641509,0.0092957746478873,0.0033167495854063
381,TBStack-LR,0,0,TreeStacking,Extract Subclass,0.0,0.0,0.0009832841691248,0.0,0.0,7.663305030193421e-06,0.000101562023928,0.0,0.0,0.0,0.0,0.0,0.0,0.0,0.0,0.0,0.0030940594059405,0.0,0.0,0.0,0.0,0.0,0.0,0.0,0.0,0.0,0.0,0.0,0.0,0.0,0.0,0.0009487666034155,0.0,0.0051612903225806,0.0,0.0013319126265316,1.0,0.0,5.228972992354495e-05,9.76810518295661e-06,0.0769230769230769,0.0,0.0094339622641509,0.0005633802816901,0.0024875621890547
382,TBStack-LR,0,0,TreeStacking,Extract Subclass,0.0,0.0685235395612521,0.0039331366764995,0.0017241379310344,0.0,1.6092940563406187e-05,0.0119436940139343,0.0049140049140049,0.0007530120481927,0.0952380952380952,0.0008818342151675,0.0,0.0,0.0805328489252194,0.0742199333535292,0.02710027100271,0.0061881188118811,0.0150753768844221,0.0,0.0,0.0,0.0796245837117771,0.0093632958801498,0.0805328489252194,0.009090909090909,0.0,0.0007900280898876,0.0002141786249732,0.0086430423509075,0.0161550888529886,0.1055425448868071,0.0009487666034155,0.0,0.1866666666666666,0.0835603996366939,0.0037293553542887,0.0,0.0,0.0,0.0,0.0,0.0,0.0,0.0,0.0
383,TBStack-LR,0,0,TreeStacking,Extract Subclass,0.0859106529209622,0.0078876016761153,0.0255653883972468,0.0,0.0,1.6859271066425527e-05,0.0125733785622879,0.0,0.0002510040160642,0.0952380952380952,0.0,0.0,0.0,0.007568876778686,0.0,0.0,0.0049504950495049,0.1256281407035175,0.0212765957446808,0.0,0.0175438596491228,0.0,0.0009363295880149,0.0,0.0,0.0,0.0,0.0,0.0008643042350907,0.0169628432956381,0.0001561280249804,0.0018975332068311,0.0,0.0640860215053763,0.0096881622767181,0.003196590303676,0.68,0.0012239902080783,0.0023978576150654,0.0025690116631175,0.1538461538461538,0.0,0.0188679245283018,0.0140845070422535,0.0
384,TBStack-LR,0,0,TreeStacking,Extract Subclass,0.0,0.0,0.0,0.0,0.0,0.0,0.0038999817188356,0.0,0.0,0.0,0.0,0.0,0.0,0.0,0.0,0.0,0.0,0.0,0.0,0.0,0.0,0.0,0.0,0.0,0.0,0.0,0.0,0.0,0.0,0.0,0.0,0.0,0.0,0.0,0.0,0.0,0.0,0.0,0.0,0.0,0.0,0.0,0.0,0.0,0.0
385,TBStack-LR,0,0,TreeStacking,Extract Subclass,0.0,0.0456001971900419,0.0353982300884955,0.0094827586206896,0.0,0.0009387548661986,0.0212670878105258,0.0565110565110565,0.002008032128514,0.238095238095238,0.0731922398589065,0.0,0.0,0.0009082652134423,0.0009088155104513,0.0,0.0309405940594059,0.0150753768844221,0.1968085106382978,0.0,0.0058479532163742,0.0,0.0112359550561797,0.0009082652134423,0.0454545454545454,0.0,0.0035990168539325,0.0070678946241165,0.03457216940363,0.239903069466882,0.0129586260733801,0.0009487666034155,0.0639269406392694,0.1208602150537634,0.0475325461701483,0.0759190197123068,0.3214285714285714,0.0391676866585067,0.0060207889026253,0.0013968390411627,0.3846153846153846,0.1904761904761905,0.2358490566037736,0.0236619718309859,0.0082918739635157
386,TBStack-LR,0,0,TreeStacking,Extract Subclass,0.0,0.0044367759428148,0.007866273352999,0.0025862068965517,0.0,1.1494957545290131e-05,0.0020109280737746,0.0024570024570024,0.0002510040160642,0.1904761904761904,0.0048500881834215,0.0,0.0,0.0,0.0,0.0,0.0037128712871287,0.0,0.0212765957446808,0.0,0.0,0.0,0.0009363295880149,0.0,0.0054545454545454,0.0,0.000438904494382,0.0,0.0,0.0185783521809369,0.0014051522248243,0.0009487666034155,0.0136986301369863,0.0258064516129032,0.0042385709960641,0.0063931806073521,0.0,0.0,0.0,0.0,0.0,0.0,0.0,0.0,0.0
387,TBStack-LR,0,0,TreeStacking,Extract Subclass,0.1615120274914089,0.0184865664283953,0.0176991150442477,0.0017241379310344,0.0,4.751249118719921e-05,0.013284312729784,0.0122850122850122,0.01179718875502,0.1428571428571428,0.0074955908289241,0.0,0.0,0.0160460187708144,0.0054528930627082,0.0,0.0080445544554455,0.2412060301507537,0.0531914893617021,0.0,0.0,0.0015137753557372,0.0028089887640449,0.0160460187708144,0.0109090909090909,0.0,0.001755617977528,0.0004283572499464,0.0095073465859982,0.0315024232633279,0.0715066354410616,0.0028462998102466,0.0045662100456621,0.1647311827956989,0.020587344838026,0.0106553010122535,0.0,0.0,0.0,0.0,0.0,0.0,0.0,0.0,0.0
388,TBStack-LR,0,0,TreeStacking,Extract Subclass,0.0240549828178694,0.0014789253142716,0.0088495575221238,0.0017241379310344,0.0,4.5979830181160536e-06,0.0153561780179155,0.0,0.0,0.0952380952380952,0.0,0.0,0.0,0.0,0.0,0.0,0.0024752475247524,0.0,0.0053191489361702,0.0,0.0,0.0,0.0028089887640449,0.0,0.0,0.0,0.0,0.0,0.0025929127052722,0.0080775444264943,0.0,0.0047438330170777,0.0,0.0795698924731182,0.0018165304268846,0.001598295151838,0.4322033898305085,0.0379436964504283,0.0025136420170389,0.0035555902865962,0.3076923076923077,0.0666666666666666,0.1037735849056603,0.0332394366197183,0.0016583747927031
389,TBStack-LR,0,0,TreeStacking,Extract Subclass,0.0,0.0,0.0147492625368731,0.0,0.0,0.0001770223461974,0.0013203063110641,0.0,0.0025100401606425,0.0,0.0,0.0,0.0,0.0,0.0,0.0,0.0136138613861386,0.0,0.0,0.0,0.0,0.0,0.0,0.0,0.0,0.0,0.0019311797752808,0.0,0.0,0.0,0.0051522248243559,0.0009487666034155,0.0,0.0774193548387096,0.0,0.0058604155567394,0.8260869565217391,0.003671970624235,0.0006909714311325,0.0001269853673784,0.1538461538461538,0.0,0.0188679245283018,0.0064788732394366,0.0016583747927031
390,TBStack-LR,0,0,TreeStacking,Extract Subclass,0.0,0.0,0.0019665683382497,0.0,0.0,0.0,0.0014828055493489,0.0,0.0,0.0,0.0,0.0,0.0,0.0,0.0,0.0,0.0,0.0,0.0,0.0,0.0,0.0,0.0,0.0,0.0,0.0,0.0,0.0,0.0,0.0,0.0,0.0094876660341555,0.0,0.0111827956989247,0.0,0.0,0.0,0.0,0.0,0.0,0.0,0.0,0.0,0.0,0.0
391,TBStack-LR,0,0,TreeStacking,Extract Subclass,0.0,0.0004929751047572,0.0108161258603736,0.0,0.0,0.0,0.0011984318823505,0.0,0.0,0.0476190476190476,0.0,0.0,0.0,0.0003027550711474,0.0,0.0,0.0061881188118811,0.0,0.0,0.0111111111111111,0.0292397660818713,0.0,0.0046816479400749,0.0,0.0,0.0,0.0,0.0002141786249732,0.0017286084701815,0.0121163166397415,0.0,0.0009487666034155,0.0,0.0154838709677419,0.0006055101422948,0.0026638252530633,0.0,0.0,0.0,0.0,0.0,0.0,0.0,0.0,0.0
392,TBStack-LR,0,0,TreeStacking,Extract Subclass,0.0068728522336769,0.0039438008380576,0.0265486725663716,0.0,0.0,2.758789810869632e-05,0.0022749893359874,0.0,0.0,0.1428571428571428,0.0044091710758377,0.0,0.0,0.0003027550711474,0.0003029385034837,0.0,0.005569306930693,0.0050251256281407,0.0106382978723404,0.0,0.0,0.0,0.0,0.0003027550711474,0.0081818181818181,0.0,0.0,0.0,0.0095073465859982,0.0403877221324717,0.0014051522248243,0.0009487666034155,0.0091324200913242,0.0365591397849462,0.004844081138359,0.0034629728289824,0.3333333333333333,0.0012239902080783,0.0009001303508267,0.0010842596753081,0.2307692307692307,0.0,0.0283018867924528,0.0008450704225352,0.0049751243781094
393,TBStack-LR,0,0,TreeStacking,Extract Subclass,0.0034364261168384,0.0051762385999507,0.0186823992133726,0.0,0.0,1.1494957545290131e-05,0.0016453047876338,0.0,0.0002510040160642,0.0476190476190476,0.0,0.0,0.0,0.0072661217075386,0.0054528930627082,0.0,0.0043316831683168,0.0050251256281407,0.0,0.0,0.0,0.0069633666363911,0.0065543071161048,0.0069633666363911,0.0,0.0,8.778089887640449e-05,0.0,0.0008643042350907,0.0064620355411954,0.0021857923497267,0.0009487666034155,0.0,0.0309677419354838,0.0072661217075386,0.0018646776771443,0.9805825242718448,0.0097919216646266,0.0015051972256563,0.0012991579893332,0.0769230769230769,0.019047619047619,0.0283018867924528,0.0290140845070422,0.005804311774461
394,TBStack-LR,0,0,TreeStacking,Extract Subclass,0.0,0.0002464875523786,0.0019665683382497,0.0,0.0641025641025641,0.0,0.0035546708374804,0.0,0.0,0.0476190476190476,0.0,0.0,0.0,0.0003027550711474,0.0003029385034837,0.0,0.0006188118811881,0.0,0.0,0.0,0.0,0.0,0.0009363295880149,0.0003027550711474,0.0009090909090909,0.0,0.0,0.0,0.0,0.0024232633279483,0.0015612802498048,0.0009487666034155,0.0,0.0219354838709677,0.0003027550711474,0.0002663825253063,1.0,0.0061199510403916,0.0009897698878385,0.0001562896829273,0.0769230769230769,0.0,0.0094339622641509,0.0053521126760563,0.0016583747927031
395,TBStack-LR,0,0,TreeStacking,Extract Subclass,0.0240549828178694,0.0155287157998521,0.0255653883972468,0.0103448275862068,0.0,1.5326610060386844e-06,0.0100546403688732,0.0245700245700245,0.0,0.2857142857142857,0.0004409171075837,0.0,0.0,0.0024220405691795,0.0006058770069675,0.0,0.010519801980198,0.0351758793969849,0.0212765957446808,0.0,0.0,0.0003027550711474,0.0121722846441947,0.0,0.0,0.0,0.0003511235955056,0.0004283572499464,0.0086430423509075,0.0444264943457189,0.0024980483996877,0.0047438330170777,0.0,0.0670967741935483,0.0172570390554041,0.017314864144912,0.2727272727272727,0.018359853121175,0.0023567728272683,0.0004004923125012,0.4615384615384615,0.0,0.0566037735849056,0.0061971830985915,0.0024875621890547
396,TBStack-LR,0,0,TreeStacking,Extract Subclass,0.0,0.0451072220852846,0.0373647984267453,0.0155172413793103,0.0,0.0002927382521533,0.0117608823708638,0.0221130221130221,0.0092871485943775,0.238095238095238,0.0022045855379188,0.0,0.0,0.0042385709960641,0.0015146925174189,0.0,0.0198019801980198,0.0653266331658291,0.0585106382978723,0.0,0.0116959064327485,0.0003027550711474,0.0177902621722846,0.0,0.0109090909090909,0.0253164556962025,0.0059691011235955,0.0002141786249732,0.0190146931719965,0.0759289176090468,0.0065573770491803,0.0028462998102466,0.0136986301369863,0.0834408602150537,0.0523766273085074,0.0247735748534896,0.76,0.0134638922888616,0.0031000339883244,0.0002539707347568,0.1538461538461538,0.019047619047619,0.0377358490566037,0.0070422535211267,0.0082918739635157
397,TBStack-LR,0,0,TreeStacking,Extract Subclass,0.0515463917525773,0.0059157012570865,0.0324483775811209,0.0008620689655172,0.0,0.0024829108297826,0.0103593264406573,0.0024570024570024,0.0,0.1904761904761904,0.0,0.4436619718309859,0.0,0.0009082652134423,0.0006058770069675,0.0,0.0501237623762376,0.0,0.0,0.0111111111111111,0.0,0.0006055101422948,0.0758426966292134,0.0009082652134423,0.0009090909090909,0.0,0.0016678370786516,0.0,0.0164217804667242,0.011308562197092,0.0120218579234972,0.0009487666034155,0.0730593607305936,0.0782795698924731,0.0072661217075386,0.0330314331379861,0.0,0.0,0.0,0.0,0.0,0.0,0.0,0.0,0.0
398,TBStack-LR,0,0,TreeStacking,Extract Subclass,0.0034364261168384,0.0091200394380083,0.1415929203539823,0.0,0.0,1.992459307850289e-05,0.0067234059840344,0.0073710073710073,0.0012550200803212,0.1904761904761904,0.0008818342151675,0.0,0.0,0.0018165304268846,0.0003029385034837,0.0,0.005569306930693,0.0201005025125628,0.0159574468085106,0.0,0.0,0.0,0.0056179775280898,0.0009082652134423,0.0009090909090909,0.0,0.0005266853932584,0.0,0.0077787381158167,0.0436187399030694,0.0221701795472287,0.0047438330170777,0.0045662100456621,0.0511827956989247,0.0099909173478655,0.0069259456579648,0.5411764705882353,0.003671970624235,0.0017292960681858,0.0007619122042706,0.3076923076923077,0.0571428571428571,0.0943396226415094,0.0239436619718309,0.0008291873963515
399,TBStack-LR,0,0,TreeStacking,Extract Subclass,0.0,0.0246487552378604,0.0285152409046214,0.0137931034482758,0.0,0.0002115072188333,0.0115577583230078,0.027027027027027,0.0077811244979919,0.1904761904761904,0.0022045855379188,0.0,0.0,0.0024220405691795,0.0018176310209027,0.0,0.0198019801980198,0.0402010050251256,0.0797872340425532,0.0,0.0,0.0,0.0149812734082397,0.0,0.0,0.0,0.0014044943820224,0.0008567144998929,0.0224719101123595,0.0735056542810985,0.0109289617486338,0.0028462998102466,0.0319634703196347,0.0911827956989247,0.0236148955495004,0.0383590836441129,0.3588516746411483,0.0318237454100367,0.0075409260511169,0.0059780803719694,0.3076923076923077,0.0095238095238095,0.0471698113207547,0.0588732394366197,0.0281923714759535
400,TBStack-LR,0,0,TreeStacking,Extract Subclass,0.0034364261168384,0.0327828444663544,0.0255653883972468,0.0060344827586206,0.0,7.586671979891487e-05,0.0129390018484288,0.0319410319410319,0.0047690763052208,0.3333333333333333,0.005731922398589,0.0,0.0,0.004844081138359,0.0036352620418055,0.005420054200542,0.0117574257425742,0.0703517587939698,0.0159574468085106,0.0,0.0,0.0,0.0028089887640449,0.0003027550711474,0.0,0.0379746835443038,0.0069346910112359,0.001927607624759,0.0095073465859982,0.0500807754442649,0.0070257611241217,0.0047438330170777,0.0136986301369863,0.0997849462365591,0.0221011201937632,0.0151838039424613,0.4680851063829787,0.0281517747858017,0.0021700237918271,0.000664231152441,0.2307692307692307,0.0285714285714285,0.0566037735849056,0.0132394366197183,0.0024875621890547
401,TBStack-LR,0,0,TreeStacking,Extract Subclass,0.0,0.0,0.0,0.0,0.0,0.0,0.0024374885742723,0.0,0.0,0.0,0.0,0.0,0.0,0.0,0.0,0.0,0.0,0.0,0.0,0.0,0.0,0.0,0.0,0.0,0.0,0.0,0.0,0.0,0.0,0.0,0.0,0.0,0.0,0.0,0.0,0.0,0.26,0.00734394124847,0.000915070273662,0.0018754761951276,0.3846153846153846,0.0380952380952381,0.0849056603773584,0.0140845070422535,0.0
402,TBStack-LR,0,0,TreeStacking,Extract Subclass,0.0,0.0241557801331032,0.127826941986234,0.0008620689655172,0.0,7.663305030193422e-05,0.0141780585403505,0.0196560196560196,0.0022590361445783,0.3333333333333333,0.0943562610229276,0.0,0.0,0.0326975476839237,0.0,0.0,0.010519801980198,0.0,0.0,0.0,0.0,0.0326975476839237,0.0159176029962546,0.0326975476839237,0.0,0.0126582278481012,0.044504915730337,0.0004283572499464,0.0,0.0888529886914378,0.07743950039032,0.0009487666034155,0.0273972602739726,0.1113978494623656,0.0375416288222827,0.0154501864677677,0.5319148936170213,0.0636474908200734,0.0015836318205416,0.0018559399847617,0.2307692307692307,0.0095238095238095,0.0377358490566037,0.0529577464788732,0.0008291873963515
403,TBStack-LR,0,1,TreeStacking,Extract Subclass,0.0,0.0002464875523786,0.007866273352999,0.0,0.0,0.0,0.0005281225244256,0.0,0.0,0.1428571428571428,0.0,0.0,0.0,0.0003027550711474,0.0003029385034837,0.0,0.0018564356435643,0.0050251256281407,0.0,0.0,0.0,0.0,0.0028089887640449,0.0,0.0,0.0,0.0,0.0,0.0043215211754537,0.0032310177705977,0.0,0.0009487666034155,0.0,0.0077419354838709,0.0003027550711474,0.001598295151838,1.0,0.0,0.0002539786882,6.837673628069627e-05,0.0769230769230769,0.0,0.0094339622641509,0.0008450704225352,0.0016583747927031
404,TBStack-LR,0,0,TreeStacking,Extract Subclass,0.0,0.0029578506285432,0.0324483775811209,0.0,0.0,4.214817766606382e-05,0.0018687412402754,0.0,0.0,0.1428571428571428,0.0004409171075837,0.0,0.0,0.0018165304268846,0.0018176310209027,0.0,0.0068069306930693,0.0150753768844221,0.0053191489361702,0.0,0.0,0.0009082652134423,0.0093632958801498,0.0018165304268846,0.009090909090909,0.0,0.0,0.0,0.0086430423509075,0.0234248788368336,0.0009367681498829,0.0009487666034155,0.0,0.0240860215053763,0.0033303057826218,0.0045285029302077,0.782608695652174,0.0061199510403916,0.0007171162960943,0.0002442026295739,0.1538461538461538,0.0,0.0188679245283018,0.0064788732394366,0.0016583747927031
405,TBStack-LR,0,0,TreeStacking,Extract Subclass,0.0,0.0059157012570865,0.0019665683382497,0.0,0.0,0.0008276369432608,0.003574983242266,0.0,0.0,0.0476190476190476,0.0,0.0,0.0,0.0072661217075386,0.0,0.0,0.0297029702970297,0.1206030150753768,0.0,0.0,0.0,0.0,0.0449438202247191,0.0,0.0,0.0,0.0005266853932584,0.0,0.020743301642178,0.0,0.0009367681498829,0.0009487666034155,0.0,0.0262365591397849,0.0072661217075386,0.0127863612147043,0.0,0.0,0.0,0.0,0.0,0.0,0.0,0.0,0.0
406,TBStack-LR,0,1,TreeStacking,Extract Subclass,0.0,0.0,0.0019665683382497,0.0,0.0,7.663305030193422e-07,0.0001624992382848,0.0,0.0,0.0476190476190476,0.0,0.0,0.0,0.0,0.0,0.0,0.0012376237623762,0.0,0.0,0.0,0.0,0.0,0.0018726591760299,0.0,0.0,0.0,0.0,0.0004283572499464,0.0017286084701815,0.0016155088852988,0.0,0.0009487666034155,0.0,0.0021505376344086,0.0,0.0005327650506126,0.0,0.0,0.0,0.0,0.0,0.0,0.0,0.0,0.0
407,TBStack-LR,0,0,TreeStacking,Extract Subclass,0.0,0.002464875523786,0.0176991150442477,0.0017241379310344,0.0,2.2989915090580268e-06,0.0015031179541345,0.0024570024570024,0.0,0.1904761904761904,0.0,0.0,0.0,0.0003027550711474,0.0,0.0,0.0037128712871287,0.0050251256281407,0.0106382978723404,0.0,0.0,0.0,0.0037453183520599,0.0,0.0,0.0,0.0002633426966292,0.0,0.0077787381158167,0.0080775444264943,0.0006245120999219,0.0009487666034155,0.0136986301369863,0.0163440860215053,0.0018165304268846,0.0034629728289824,0.0,0.0,0.0,0.0,0.0,0.0,0.0,0.0,0.0
408,TBStack-LR,0,0,TreeStacking,Extract Subclass,0.0,0.0,0.0068829891838741,0.0,0.0,0.0001042209484106,0.0006906217627104,0.0,0.0,0.0,0.0,0.0,0.0,0.0,0.0,0.0,0.010519801980198,0.0,0.0,0.0,0.0,0.0,0.0,0.0,0.0,0.0,0.0,0.0,0.0,0.0,0.0,0.0009487666034155,0.0,0.006021505376344,0.0,0.0045285029302077,0.0,0.0,0.0,0.0,0.0,0.0,0.0,0.0,0.0
409,TBStack-LR,0,0,TreeStacking,Extract Subclass,0.0,0.0073946265713581,0.015732546705998,0.0008620689655172,0.0,2.1457254084541585e-05,0.001787491621133,0.0171990171990172,0.0002510040160642,0.1904761904761904,0.0,0.0,0.0,0.0003027550711474,0.0003029385034837,0.0,0.0049504950495049,0.0050251256281407,0.0,0.0,0.0,0.0,0.0056179775280898,0.0003027550711474,0.0,0.0,8.778089887640449e-05,0.0002141786249732,0.0025929127052722,0.0161550888529886,0.0003122560499609,0.0009487666034155,0.0,0.0184946236559139,0.0069633666363911,0.0058604155567394,0.7575757575757576,0.011015911872705,0.001277363402418,0.0009377380975638,0.1538461538461538,0.0,0.0188679245283018,0.0092957746478873,0.0008291873963515
410,TBStack-LR,0,0,TreeStacking,Extract Subclass,0.0034364261168384,0.0044367759428148,0.0245821042281219,0.0017241379310344,0.0,2.2989915090580263e-05,0.0032296723609108,0.0024570024570024,0.0002510040160642,0.1904761904761904,0.0,0.0,0.0,0.0006055101422948,0.0,0.0,0.005569306930693,0.0100502512562814,0.026595744680851,0.0,0.0058479532163742,0.0,0.0028089887640449,0.0,0.0,0.0,0.0007022471910112,0.0004283572499464,0.0060501296456352,0.0492730210016155,0.0026541764246682,0.0009487666034155,0.0136986301369863,0.0301075268817204,0.0051468362095065,0.0063931806073521,0.0,0.0,0.0,0.0,0.0,0.0,0.0,0.0,0.0
411,TBStack-LR,0,0,TreeStacking,Extract Subclass,0.0,0.0007394626571358,0.0019665683382497,0.0,0.0,0.0,0.0003453108813552,0.0,0.0,0.0476190476190476,0.0,0.0,0.0,0.0009082652134423,0.0,0.0,0.0024752475247524,0.0150753768844221,0.0,0.0,0.0,0.0,0.0037453183520599,0.0,0.0,0.0,0.0002633426966292,0.0,0.0025929127052722,0.0,0.0,0.0009487666034155,0.0,0.0047311827956989,0.0009082652134423,0.0010655301012253,0.4,0.0195838433292533,0.0091507027366203,0.0,0.3846153846153846,0.0761904761904762,0.1226415094339622,0.0140845070422535,0.0
412,TBStack-LR,0,0,TreeStacking,Extract Subclass,0.0,0.004929751047572,0.0058997050147492,0.0008620689655172,0.0,0.0,0.0022343645264162,0.0049140049140049,0.001004016064257,0.1428571428571428,0.0004409171075837,0.0,0.0,0.0015137753557372,0.0015146925174189,0.0,0.0030940594059405,0.0,0.0053191489361702,0.0,0.0,0.0015137753557372,0.0037453183520599,0.0,0.0,0.0,0.000438904494382,0.0006425358749196,0.003457216940363,0.0072697899838449,0.0003122560499609,0.0028462998102466,0.0091324200913242,0.0331182795698924,0.0057523463518013,0.0029302077783697,0.5,0.0,0.0007992858716884,0.0,0.1538461538461538,0.0,0.0188679245283018,0.0005633802816901,0.0008291873963515
413,TBStack-LR,0,0,TreeStacking,Extract Subclass,0.0,0.0009859502095144,0.007866273352999,0.0,0.0,0.0,0.000710934167496,0.0024570024570024,0.0005020080321285,0.1428571428571428,0.0,0.0,0.0,0.0006055101422948,0.0,0.0,0.0006188118811881,0.0100502512562814,0.0,0.0,0.0058479532163742,0.0,0.0,0.0,0.0,0.0,0.0,0.0,0.0008643042350907,0.0072697899838449,0.0015612802498048,0.0009487666034155,0.0,0.0176344086021505,0.0018165304268846,0.000799147575919,0.0,0.0,0.0,0.0,0.0,0.0,0.0,0.0,0.0
414,TBStack-LR,0,0,TreeStacking,Extract Subclass,0.0,0.0083805767808725,0.0167158308751229,0.0068965517241379,0.0,7.663305030193422e-07,0.0019296784546322,0.0098280098280098,0.0090361445783132,0.1428571428571428,0.0,0.0,0.0,0.0006055101422948,0.0,0.0,0.0012376237623762,0.0,0.0,0.0,0.0,0.0006055101422948,0.0018726591760299,0.0006055101422948,0.0,0.0,0.008251404494382,0.0027843221246519,0.0,0.0064620355411954,0.0001561280249804,0.0009487666034155,0.0,0.0313978494623655,0.0096881622767181,0.0050612679808204,0.0,0.0,0.0,0.0,0.0,0.0,0.0,0.0,0.0
415,TBStack-LR,0,0,TreeStacking,Extract Subclass,0.0,0.0103524771999014,0.0147492625368731,0.0043103448275862,0.0,0.0001042209484106,0.004753102719831,0.0,0.0035140562248995,0.238095238095238,0.0008818342151675,0.0,0.0,0.0033303057826218,0.0003029385034837,0.0,0.0123762376237623,0.050251256281407,0.0053191489361702,0.0,0.0,0.0003027550711474,0.0140449438202247,0.0003027550711474,0.0,0.0,0.0009655898876404,0.0002141786249732,0.0155574762316335,0.0266558966074313,0.0039032006245121,0.0009487666034155,0.0182648401826484,0.0619354838709677,0.0060551014229488,0.0159829515183803,0.9310344827586208,0.0171358629130966,0.001191458846115,0.0005665501006114,0.1538461538461538,0.0095238095238095,0.0283018867924528,0.016338028169014,0.0041459369817578
416,TBStack-LR,0,0,TreeStacking,Extract Subclass,0.0171821305841924,0.0027113630761646,0.0186823992133726,0.0008620689655172,0.0,1.0728627042270793e-05,0.0030874855274115,0.0024570024570024,0.0,0.1904761904761904,0.0,0.0,0.0,0.0015137753557372,0.0006058770069675,0.0,0.0049504950495049,0.0201005025125628,0.0053191489361702,0.0,0.0058479532163742,0.0,0.0037453183520599,0.0006055101422948,0.0,0.0,0.0003511235955056,0.0,0.003457216940363,0.0282714054927302,0.0,0.0018975332068311,0.0,0.0348387096774193,0.0030275507114744,0.0037293553542887,0.77,0.025703794369645,0.080317025162565,0.0001562896829273,0.1538461538461538,0.019047619047619,0.0377358490566037,0.028169014084507,0.0
417,TBStack-LR,0,0,TreeStacking,Extract Subclass,0.0378006872852233,0.0044367759428148,0.007866273352999,0.0008620689655172,0.0,2.835422861171566e-05,0.0097499542970892,0.0,0.002008032128514,0.1428571428571428,0.0022045855379188,0.0,0.0,0.0045413260672116,0.0030293850348379,0.0,0.0068069306930693,0.0201005025125628,0.0106382978723404,0.0,0.0,0.0003027550711474,0.0084269662921348,0.0,0.0,0.0126582278481012,0.0038623595505617,0.0,0.0017286084701815,0.0274636510500807,0.0031225604996096,0.0047438330170777,0.0091324200913242,0.0881720430107526,0.0054495912806539,0.0050612679808204,0.3220338983050847,0.033047735618115,0.0025136420170389,0.0021196788247015,0.5384615384615385,0.0285714285714285,0.0943396226415094,0.0166197183098591,0.0016583747927031
418,TBStack-LR,0,0,TreeStacking,Extract Subclass,0.0,0.0002464875523786,0.0049164208456243,0.0,0.0,0.0,0.0003859356909264,0.0,0.0002510040160642,0.0952380952380952,0.0,0.0,0.0,0.0,0.0,0.0,0.0006188118811881,0.0,0.0,0.0,0.0,0.0,0.0009363295880149,0.0,0.0,0.0,0.0,0.0,0.0,0.0048465266558966,0.0003122560499609,0.0009487666034155,0.0,0.0043010752688172,0.0003027550711474,0.0005327650506126,0.38,0.0208078335373316,0.0102263771807618,1.953621036591322e-05,0.3076923076923077,0.1142857142857143,0.1509433962264151,0.0140845070422535,0.0
419,TBStack-LR,0,0,TreeStacking,Extract Subclass,0.0,0.0285925560759181,0.0186823992133726,0.0241379310344827,0.0,0.0012138675167826,0.0209420893339562,0.0049140049140049,0.0002510040160642,0.1428571428571428,0.005731922398589,0.0,0.0,0.0069633666363911,0.0045440775522568,0.0,0.0445544554455445,0.0753768844221105,0.0106382978723404,0.0,0.0,0.0024220405691795,0.0646067415730337,0.0039358159249167,0.0027272727272727,0.0,0.004125702247191,0.0042835724994645,0.0812445980985306,0.0573505654281098,0.0078064012490242,0.0047438330170777,0.0091324200913242,0.0705376344086021,0.0163487738419618,0.0578050079914757,1.0,0.0024479804161566,0.0091656426594556,1.953621036591322e-05,0.0769230769230769,0.0,0.0094339622641509,0.0011267605633802,0.0406301824212272
420,TBStack-LR,0,0,TreeStacking,Extract Subclass,0.0,0.0,0.0,0.0,0.0,0.0,4.062480957120514e-05,0.0,0.0,0.0,0.0,0.0,0.0,0.0,0.0,0.0,0.0006188118811881,0.0,0.0,0.0,0.0,0.0,0.0,0.0,0.0,0.0,0.0,0.0,0.0,0.0,0.0,0.0009487666034155,0.0,0.0043010752688172,0.0,0.0002663825253063,0.0,0.0,0.0,0.0,0.0,0.0,0.0,0.0,0.0
421,TBStack-LR,0,1,TreeStacking,Extract Subclass,0.0,0.0,0.0,0.0,0.0,0.0,0.0040218561475493,0.0,0.0,0.0,0.0,0.0,0.0,0.0,0.0,0.0,0.0,0.0,0.0,0.0,0.0,0.0,0.0,0.0,0.0,0.0,0.0,0.0,0.0,0.0,0.0,0.0,0.0,0.0,0.0,0.0,0.4,0.0305997552019583,0.0019011051807917,0.0040146912301951,0.3846153846153846,0.0761904761904762,0.1226415094339622,0.0422535211267605,0.0
422,TBStack-LR,0,0,TreeStacking,Extract Subclass,0.0,0.0820803549420754,0.0629301868239921,0.0318965517241379,0.0,0.0015173343959782,0.0314029777985415,0.1203931203931203,0.0223393574297188,0.3333333333333333,0.0224867724867724,0.0,0.0,0.0081743869209809,0.0036352620418055,0.0,0.042079207920792,0.050251256281407,0.1648936170212765,0.0,0.0,0.0012110202845897,0.0205992509363295,0.0033303057826218,0.0045454545454545,0.0,0.0060568820224719,0.0055686442493039,0.0579083837510803,0.2294022617124394,0.0473067915690866,0.0066413662239089,0.1278538812785388,0.2460215053763441,0.0765970330003027,0.0801811401172083,0.2450980392156862,0.0856793145654834,0.0084709362476142,0.0044249516478793,0.6153846153846154,0.0761904761904762,0.1509433962264151,0.0574647887323943,0.0199004975124378
423,TBStack-LR,0,0,TreeStacking,Extract Subclass,0.0,0.0,0.0,0.0,0.0,0.0,0.0079015254615993,0.0,0.0,0.0,0.0,0.0,0.0,0.0,0.0,0.0,0.0,0.0,0.0,0.0,0.0,0.0,0.0,0.0,0.0,0.0,0.0,0.0,0.0,0.0,0.0,0.0,0.0,0.0,0.0,0.0,0.72,0.0134638922888616,0.0007768759874355,0.0009377380975638,0.2307692307692307,0.0380952380952381,0.0660377358490566,0.028169014084507,0.0
424,TBStack-LR,0,0,TreeStacking,Extract Subclass,0.0,0.0066551639142223,0.0098328416912487,0.0017241379310344,0.0,9.27259908653404e-05,0.0035343584326948,0.0,0.0015060240963855,0.0952380952380952,0.0013227513227513,0.0,0.0,0.0045413260672116,0.0021205695243865,0.0,0.0117574257425742,0.0753768844221105,0.0,0.0,0.0,0.0,0.0149812734082397,0.0,0.0,0.0,0.0005266853932584,0.0008567144998929,0.010371650821089,0.0177705977382875,0.0,0.0018975332068311,0.0,0.0318279569892473,0.0051468362095065,0.0063931806073521,0.26,0.0195838433292533,0.0354748467724164,0.0003614198917693,0.3846153846153846,0.0666666666666666,0.1132075471698113,0.0140845070422535,0.0049751243781094
425,TBStack-LR,0,0,TreeStacking,Extract Subclass,0.0,0.0032043381809218,0.0068829891838741,0.0008620689655172,0.0,3.3718542132851054e-05,0.0030874855274115,0.0024570024570024,0.0017570281124497,0.1428571428571428,0.0008818342151675,0.0,0.0,0.0015137753557372,0.0003029385034837,0.0,0.0074257425742574,0.0251256281407035,0.0053191489361702,0.0,0.023391812865497,0.0,0.0065543071161048,0.0003027550711474,0.0,0.0,0.0003511235955056,0.0,0.003457216940363,0.0201938610662358,0.0020296643247462,0.0018975332068311,0.0091324200913242,0.0369892473118279,0.0027247956403269,0.0061267980820458,1.0,0.0,0.0009225402350796,0.0,0.0769230769230769,0.0,0.0094339622641509,0.000281690140845,0.0008291873963515
426,TBStack-LR,0,0,TreeStacking,Extract Subclass,0.0412371134020618,0.0266206556568893,0.0766961651917404,0.0206896551724137,0.0,0.0002298991509058,0.0163311734476244,0.054054054054054,0.0130522088353413,0.4285714285714285,0.0,0.0070422535211267,0.0,0.0003027550711474,0.0003029385034837,0.005420054200542,0.0154702970297029,0.0050251256281407,0.0638297872340425,0.0,0.0350877192982456,0.0,0.0056179775280898,0.0003027550711474,0.0,0.0,0.0006144662921348,0.0004283572499464,0.013828867761452,0.1405492730210016,0.0149882903981264,0.0009487666034155,0.0776255707762557,0.112258064516129,0.0221011201937632,0.0514118273841236,0.46,0.011015911872705,0.0002427737460736,0.0005177095746967,0.3076923076923077,0.0476190476190476,0.0849056603773584,0.0140845070422535,0.0
427,TBStack-LR,0,1,TreeStacking,Extract Subclass,0.0,0.0170076411141237,0.0127826941986234,0.0025862068965517,0.0,0.0239823130919903,0.0199874063090329,0.0122850122850122,0.0050200803212851,0.238095238095238,0.0687830687830687,0.0,0.0,0.002119285498032,0.0012117540139351,0.018970189701897,0.1553217821782178,0.0251256281407035,0.0106382978723404,0.0,0.0643274853801169,0.0,0.2228464419475655,0.0015137753557372,0.0036363636363636,0.0,0.0043012640449438,0.0002141786249732,0.2238547968885047,0.0775444264943457,0.0752537080405932,0.0009487666034155,0.0045662100456621,0.2331182795698924,0.0163487738419618,0.0788492274906766,0.1774744027303754,0.0624235006119951,0.0043213726801101,0.0052064000625158,0.3846153846153846,0.3333333333333333,0.3773584905660377,0.0825352112676056,0.0281923714759535
428,TBStack-LR,0,0,TreeStacking,Extract Subclass,0.0068728522336769,0.0076411141237367,0.023598820058997,0.0008620689655172,0.0,1.9158262575483554e-05,0.0119640064187199,0.0147420147420147,0.0002510040160642,0.1904761904761904,0.0039682539682539,0.0,0.0,0.0033303057826218,0.0021205695243865,0.0,0.0068069306930693,0.0552763819095477,0.0372340425531914,0.0,0.0116959064327485,0.0,0.0018726591760299,0.0,0.0009090909090909,0.0,0.0,0.0,0.0043215211754537,0.0306946688206785,0.0001561280249804,0.0037950664136622,0.0045662100456621,0.0606451612903225,0.007568876778686,0.0095897709110282,0.0,0.0,0.0,0.0,0.0,0.0,0.0,0.0,0.0
429,TBStack-LR,0,0,TreeStacking,Extract Subclass,0.0,0.013063840276066,0.0029498525073746,0.0043103448275862,0.0,0.0,0.0031484227417683,0.0,0.0022590361445783,0.1428571428571428,0.0008818342151675,0.0,0.0,0.0069633666363911,0.0033323235383217,0.0,0.0061881188118811,0.0653266331658291,0.0,0.0,0.0,0.0030275507114744,0.0093632958801498,0.0069633666363911,0.009090909090909,0.0,0.0024578651685393,0.0008567144998929,0.0025929127052722,0.0096930533117932,0.0043715846994535,0.0009487666034155,0.0136986301369863,0.0326881720430107,0.0078716318498334,0.0114544485881726,0.0,0.0,0.0,0.0,0.0,0.0,0.0,0.0,0.0
430,TBStack-LR,0,1,TreeStacking,Extract Subclass,0.0,0.0,0.0009832841691248,0.0008620689655172,0.0,2.1457254084541585e-05,0.000609372143568,0.0,0.0002510040160642,0.0476190476190476,0.0,0.0,0.0,0.0,0.0,0.0,0.0049504950495049,0.0,0.0,0.0,0.0,0.0,0.0074906367041198,0.0,0.0,0.0,8.778089887640449e-05,0.0,0.0,0.0016155088852988,0.0,0.0009487666034155,0.0,0.0055913978494623,0.0,0.002397442727757,0.0,0.0,0.0,0.0,0.0,0.0,0.0,0.0,0.0
431,TBStack-LR,0,0,TreeStacking,Extract Subclass,0.0,0.0,0.0,0.0,0.0,2.2989915090580268e-06,0.0001828116430704,0.0,0.0,0.0476190476190476,0.0,0.0,0.0,0.0,0.0,0.0,0.0018564356435643,0.0,0.0,0.0,0.0,0.0,0.0028089887640449,0.0,0.0,0.0,0.0,0.0,0.0,0.0024232633279483,0.0,0.0009487666034155,0.0,0.0025806451612903,0.0,0.000799147575919,0.0,0.0,0.0,0.0,0.0,0.0,0.0,0.0,0.0
432,TBStack-LR,0,0,TreeStacking,Extract Subclass,0.0103092783505154,0.0051762385999507,0.0245821042281219,0.0008620689655172,0.0,0.0,0.0038593569092644,0.0,0.0,0.0952380952380952,0.0008818342151675,0.0,0.0,0.0024220405691795,0.0024235080278703,0.0,0.0018564356435643,0.0402010050251256,0.0,0.0,0.0,0.0,0.0028089887640449,0.0006055101422948,0.0,0.0,0.0,0.0,0.0017286084701815,0.0201938610662358,0.0009367681498829,0.0018975332068311,0.0045662100456621,0.0473118279569892,0.0054495912806539,0.0021310602024507,0.0,0.0,0.0,0.0,0.0,0.0,0.0,0.0,0.0
433,TBStack-LR,0,0,TreeStacking,Extract Subclass,0.0,0.0,0.0,0.0,0.0,2.2989915090580268e-06,8.124961914241028e-05,0.0,0.0,0.0,0.0,0.0,0.0,0.0,0.0,0.0,0.0018564356435643,0.0,0.0,0.0,0.0,0.0,0.0,0.0,0.0,0.0,0.0,0.0,0.0,0.0,0.0,0.0009487666034155,0.0,0.0047311827956989,0.0,0.000799147575919,0.0,0.0,0.0,0.0,0.0,0.0,0.0,0.0,0.0
434,TBStack-LR,0,0,TreeStacking,Extract Subclass,0.0137457044673539,0.0293320187330539,0.0275319567354965,0.025,0.0897435897435897,0.000122612880483,0.0113140094655806,0.0343980343980344,0.0230923694779116,0.3333333333333333,0.001763668430335,0.0,0.0,0.0057523463518013,0.0006058770069675,0.0,0.0148514851485148,0.0954773869346733,0.0,0.0,0.0,0.0,0.0159176029962546,0.0006055101422948,0.0,0.0,0.0071102528089887,0.0021417862497322,0.0250648228176318,0.0840064620355412,0.0007806401249024,0.0018975332068311,0.0,0.0670967741935483,0.023312140478353,0.0375599360681939,1.0,0.0085679314565483,0.0001606041704794,7.814484146365288e-05,0.0769230769230769,0.0,0.0094339622641509,0.0025352112676056,0.0008291873963515
435,TBStack-LR,0,1,TreeStacking,Extract Subclass,0.0,0.0002464875523786,0.0039331366764995,0.0,0.0,0.0,0.000304686071784,0.0024570024570024,0.0,0.0952380952380952,0.0,0.0,0.0,0.0003027550711474,0.0003029385034837,0.0,0.0018564356435643,0.0050251256281407,0.0,0.0,0.0,0.0,0.0028089887640449,0.0,0.0,0.0,0.0,0.0,0.0025929127052722,0.0008077544426494,0.0,0.0009487666034155,0.0,0.0038709677419354,0.0003027550711474,0.0013319126265316,0.0,0.0,0.0,0.0,0.0,0.0,0.0,0.0,0.0
436,TBStack-LR,0,0,TreeStacking,Extract Subclass,0.0068728522336769,0.0579245748089721,0.056047197640118,0.0672413793103448,0.0,0.0017640928179505,0.0299404846539781,0.1031941031941031,0.0092871485943775,0.238095238095238,0.0286596119929453,0.0,0.0,0.0024220405691795,0.0024235080278703,0.0,0.0426980198019802,0.0100502512562814,0.0212765957446808,0.0,0.0058479532163742,0.0015137753557372,0.0271535580524344,0.0024220405691795,0.0627272727272727,0.0,0.0130793539325842,0.0162775754979653,0.1512532411408816,0.1074313408723748,0.0054644808743169,0.0142314990512333,0.0,0.1423655913978494,0.0578262185891613,0.094832179009057,0.6336633663366337,0.0538555691554467,0.00606934365184,0.0023638814542754,0.2307692307692307,0.1142857142857143,0.1415094339622641,0.0284507042253521,0.0091210613598673
437,TBStack-LR,0,0,TreeStacking,Extract Subclass,0.0,0.0192260290855311,0.0117994100294985,0.0146551724137931,0.0,4.5979830181160536e-06,0.0061140338404663,0.0147420147420147,0.0090361445783132,0.3333333333333333,0.005731922398589,0.0,0.0,0.0030275507114744,0.0030293850348379,0.005420054200542,0.0024752475247524,0.0100502512562814,0.0159574468085106,0.0,0.0,0.0024220405691795,0.0009363295880149,0.0030275507114744,0.0036363636363636,0.0,0.005003511235955,0.0027843221246519,0.0146931719965427,0.0589660743134087,0.0298204527712724,0.0009487666034155,0.0228310502283105,0.0417204301075268,0.0154405086285195,0.0170484816196057,0.7931034482758621,0.04406364749082,0.001789055759527,0.0025885478734835,0.1538461538461538,0.0571428571428571,0.0754716981132075,0.0326760563380281,0.005804311774461
438,TBStack-LR,0,0,TreeStacking,Extract Subclass,0.0068728522336769,0.0041902883904362,0.0029498525073746,0.0,0.0,2.2989915090580268e-06,0.0012187442871361,0.0,0.0,0.0952380952380952,0.0008818342151675,0.0,0.0,0.0,0.0,0.0,0.0018564356435643,0.0,0.0053191489361702,0.0,0.0,0.0,0.0018726591760299,0.0,0.0027272727272727,0.0,0.0001755617977528,0.0,0.0008643042350907,0.011308562197092,0.0001561280249804,0.0009487666034155,0.0,0.0202150537634408,0.0051468362095065,0.0010655301012253,0.0,0.0,0.0,0.0,0.0,0.0,0.0,0.0,0.0
439,TBStack-LR,0,0,TreeStacking,Extract Subclass,0.0,0.0007394626571358,0.0108161258603736,0.0,0.0,7.663305030193422e-07,0.0014828055493489,0.0,0.0,0.0476190476190476,0.0,0.0,0.0,0.0003027550711474,0.0003029385034837,0.0,0.0018564356435643,0.0050251256281407,0.0,0.0,0.0,0.0,0.0028089887640449,0.0,0.0,0.0,8.778089887640449e-05,0.0,0.0017286084701815,0.0032310177705977,0.0,0.0028462998102466,0.0,0.0159139784946236,0.0009082652134423,0.000799147575919,0.5454545454545454,0.0,0.0002651836303265,0.0001562896829273,0.2307692307692307,0.0,0.0283018867924528,0.0030985915492957,0.0024875621890547
440,TBStack-LR,0,0,TreeStacking,Extract Subclass,0.0,0.0298249938378111,0.0403146509341199,0.0301724137931034,0.0,0.0024216043895411,0.0225264569072332,0.1277641277641277,0.0002510040160642,0.1428571428571428,0.0066137566137566,0.0,0.0,0.0,0.0,0.0,0.0495049504950495,0.0,0.3617021276595744,0.0,0.0701754385964912,0.0,0.0,0.0,0.0036363636363636,0.0,0.0056179775280898,0.0,0.0423509075194468,0.3021001615508885,0.0814988290398126,0.0009487666034155,0.0502283105022831,0.0563440860215053,0.0357250983953981,0.0479488545551411,0.6721311475409836,0.02203182374541,0.0021139990811947,0.0004884052591478,0.1538461538461538,0.0,0.0188679245283018,0.0171830985915492,0.0024875621890547
441,TBStack-LR,0,0,TreeStacking,Extract Subclass,0.0137457044673539,0.0268671432092679,0.0383480825958702,0.0129310344827586,0.0,0.0025878981086963,0.0190936604984664,0.0565110565110565,0.0062751004016064,0.238095238095238,0.0079365079365079,0.0,0.0,0.0105964274901604,0.0099969706149651,0.0,0.0538366336633663,0.1557788944723618,0.0106382978723404,0.0,0.0,0.0012110202845897,0.0777153558052434,0.0015137753557372,0.0,0.0,0.0016678370786516,0.0014992503748125,0.0527225583405358,0.0969305331179321,0.0106167056986729,0.0009487666034155,0.045662100456621,0.1647311827956989,0.0296699969724492,0.0583377730420884,0.5384615384615384,0.0048959608323133,0.0008627805437384,0.0002930431554886,0.3076923076923077,0.0,0.0377358490566037,0.0036619718309859,0.0016583747927031
442,TBStack-LR,0,0,TreeStacking,Extract Subclass,0.0515463917525773,0.0061621888094651,0.0147492625368731,0.0034482758620689,0.0,4.4447169175121845e-05,0.0135077491824257,0.0049140049140049,0.0007530120481927,0.1428571428571428,0.0008818342151675,0.0,0.0,0.0045413260672116,0.0030293850348379,0.005420054200542,0.0080445544554455,0.0452261306532663,0.0106382978723404,0.0111111111111111,0.0116959064327485,0.0015137753557372,0.0084269662921348,0.0015137753557372,0.0018181818181818,0.0,0.0009655898876404,0.0,0.0095073465859982,0.0290791599353796,0.0024980483996877,0.0047438330170777,0.0,0.1238709677419354,0.0072661217075386,0.0071923281832711,0.6266666666666667,0.0624235006119951,0.0068200747743137,0.0085861644558188,0.2307692307692307,0.019047619047619,0.0471698113207547,0.0211267605633802,0.0082918739635157
443,TBStack-LR,0,0,TreeStacking,Extract Subclass,0.0068728522336769,0.0123243776189302,0.0265486725663716,0.0,0.0,0.0,0.0054234120777558,0.0221130221130221,0.0005020080321285,0.2857142857142857,0.0,0.0,0.0,0.0024220405691795,0.0,0.0,0.0061881188118811,0.0351758793969849,0.0159574468085106,0.0,0.0,0.0003027550711474,0.0065543071161048,0.0006055101422948,0.0,0.0,0.0003511235955056,0.0002141786249732,0.0017286084701815,0.0565428109854604,0.0009367681498829,0.0009487666034155,0.0365296803652968,0.0498924731182795,0.0105964274901604,0.0127863612147043,1.0,0.00734394124847,0.0011951938268238,0.0001660577881102,0.0769230769230769,0.0,0.0094339622641509,0.0030985915492957,0.0066334991708126
444,TBStack-LR,0,0,TreeStacking,Extract Subclass,0.0378006872852233,0.0221838797140744,0.0580137659783677,0.0086206896551724,0.0,0.0046470281703092,0.0169202331864069,0.0147420147420147,0.0017570281124497,0.238095238095238,0.0022045855379188,0.0774647887323943,0.0,0.0148349984862246,0.0012117540139351,0.0,0.0699257425742574,0.2060301507537688,0.175531914893617,0.0,0.0818713450292397,0.0012110202845897,0.0617977528089887,0.0012110202845897,0.0009090909090909,0.0,0.0012289325842696,0.0002141786249732,0.0406222990492653,0.1526655896607431,0.0031225604996096,0.0009487666034155,0.0,0.0967741935483871,0.0254314259763851,0.0442194992008524,0.1196581196581196,0.0832313341493267,0.0055389763911869,0.0025201711372028,0.6153846153846154,0.2285714285714286,0.3018867924528302,0.0329577464788732,0.0356550580431177
445,TBStack-LR,0,0,TreeStacking,Extract Subclass,0.0,0.0069016514666009,0.015732546705998,0.0008620689655172,0.0,5.747478772645066e-05,0.0045906034815461,0.0024570024570024,0.0120481927710843,0.2857142857142857,0.0,0.0070422535211267,0.0,0.0015137753557372,0.0,0.0,0.0092821782178217,0.0201005025125628,0.0,0.0111111111111111,0.023391812865497,0.0,0.0102996254681647,0.0,0.0,0.0,0.0100948033707865,0.0004283572499464,0.0060501296456352,0.061389337641357,0.014519906323185,0.0009487666034155,0.0,0.0623655913978494,0.0060551014229488,0.016515716568993,0.625,0.0,0.0009412151386238,9.76810518295661e-05,0.2307692307692307,0.0,0.0283018867924528,0.0022535211267605,0.0016583747927031
446,TBStack-LR,0,0,TreeStacking,Extract Subclass,0.0,0.0004929751047572,0.0,0.0,0.0,0.0,0.0001218744287136,0.0,0.0005020080321285,0.0476190476190476,0.0,0.0,0.0,0.0006055101422948,0.0006058770069675,0.0,0.0006188118811881,0.0,0.0,0.0,0.0,0.0006055101422948,0.0009363295880149,0.0006055101422948,0.0009090909090909,0.0,0.0,0.0,0.0,0.0008077544426494,0.0006245120999219,0.0009487666034155,0.0,0.0051612903225806,0.0006055101422948,0.0002663825253063,0.72,0.018359853121175,0.0007320562189296,0.0016898821966514,0.2307692307692307,0.019047619047619,0.0471698113207547,0.028169014084507,0.0
447,TBStack-LR,0,0,TreeStacking,Extract Subclass,0.0378006872852233,0.7692876509736258,0.0501474926253687,0.1508620689655172,0.0,0.0035105600343316,0.1487680526497531,1.0,0.1418172690763052,0.4285714285714285,0.0705467372134038,0.0,0.0,0.0042385709960641,0.0009088155104513,0.0,0.0612623762376237,0.0603015075376884,0.425531914893617,0.0,0.0292397660818713,0.0006055101422948,0.0131086142322097,0.0009082652134423,0.0,0.0,0.102001404494382,0.0484043692439494,0.0795159896283491,0.2827140549273021,0.0323185011709601,0.0009487666034155,0.0,0.3475268817204301,0.6769603390856797,0.5221097496004262,0.4392523364485981,0.05875152998776,0.0200344365221353,0.004483560278977,0.3076923076923077,0.0,0.0377358490566037,0.0301408450704225,0.0257048092868988
448,TBStack-LR,0,0,TreeStacking,Extract Subclass,0.0,0.0,0.0019665683382497,0.0,0.0,0.21870306225669,0.0307326684406166,0.0,0.002008032128514,0.0,0.0,0.0,0.0,0.0,0.0,0.0,0.4678217821782178,0.0,0.0,0.0,0.0,0.0,0.0,0.0,0.0,0.0,0.0,0.0,0.0,0.0,0.1202185792349726,0.0009487666034155,0.0,0.4086021505376344,0.0,0.2013851891315929,0.1433333333333333,0.2129742962056303,0.0085680457460437,0.0018168675640299,0.4615384615384615,0.4190476190476191,0.4716981132075472,0.0845070422535211,0.0
449,TBStack-LR,0,0,TreeStacking,Extract Subclass,0.0034364261168384,0.0002464875523786,0.0049164208456243,0.0,0.0,0.0,0.0005281225244256,0.0,0.0,0.0476190476190476,0.0,0.0,0.0,0.0003027550711474,0.0003029385034837,0.0,0.0006188118811881,0.0,0.0,0.0,0.0,0.0003027550711474,0.0009363295880149,0.0003027550711474,0.0,0.0,0.0,0.0,0.0008643042350907,0.0040387722132471,0.0001561280249804,0.0009487666034155,0.0,0.0150537634408602,0.0003027550711474,0.0002663825253063,0.64,0.0097919216646266,0.0093561266756057,5.860863109773967e-05,0.1538461538461538,0.0,0.0188679245283018,0.0140845070422535,0.0
450,TBStack-LR,0,0,TreeStacking,Extract Subclass,0.0,0.0002464875523786,0.0049164208456243,0.0,0.0,0.0,0.000304686071784,0.0,0.0,0.0476190476190476,0.0,0.0,0.0,0.0003027550711474,0.0003029385034837,0.0,0.0024752475247524,0.0050251256281407,0.0,0.0,0.0,0.0,0.0037453183520599,0.0,0.0009090909090909,0.0,0.0,0.0,0.0025929127052722,0.0,0.0,0.0009487666034155,0.0,0.0025806451612903,0.0003027550711474,0.0010655301012253,0.0,0.0,0.0,0.0,0.0,0.0,0.0,0.0,0.0
451,TBStack-LR,0,0,TreeStacking,Extract Subclass,0.0,0.0004929751047572,0.0039331366764995,0.0008620689655172,0.0,0.0,0.0006906217627104,0.0,0.0,0.0952380952380952,0.0,0.0,0.0,0.0006055101422948,0.0,0.0,0.0037128712871287,0.0,0.0,0.0,0.0,0.0,0.0056179775280898,0.0,0.0,0.0,0.0,0.0004283572499464,0.0017286084701815,0.0064620355411954,0.0003122560499609,0.0009487666034155,0.0045662100456621,0.0111827956989247,0.0012110202845897,0.0021310602024507,0.0,0.0,0.0,0.0,0.0,0.0,0.0,0.0,0.0
452,TBStack-LR,0,0,TreeStacking,Extract Subclass,0.0,0.0083805767808725,0.0275319567354965,0.0051724137931034,0.0,0.0,0.0021328025024882,0.0024570024570024,0.0005020080321285,0.238095238095238,0.0004409171075837,0.0,0.0,0.0,0.0,0.0,0.0006188118811881,0.0,0.0,0.0,0.0,0.0,0.0009363295880149,0.0,0.0009090909090909,0.0,0.001316713483146,0.0006425358749196,0.0008643042350907,0.029886914378029,0.0009367681498829,0.0009487666034155,0.0,0.0292473118279569,0.0078716318498334,0.003995737879595,0.0,0.0,0.0,0.0,0.0,0.0,0.0,0.0,0.0
453,TBStack-LR,0,0,TreeStacking,Extract Subclass,0.0378006872852233,0.044860734532906,0.0363815142576204,0.025,0.0,0.0001747233546884,0.0219577095732363,0.1449631449631449,0.0170682730923694,0.4285714285714285,0.0114638447971781,0.0,0.0,0.0027247956403269,0.0009088155104513,0.0,0.0204207920792079,0.0402010050251256,0.1063829787234042,0.0,0.0,0.0003027550711474,0.0112359550561797,0.0006055101422948,0.01,0.0126582278481012,0.0055301966292134,0.0023559648747055,0.0155574762316335,0.1639741518578352,0.0249804839968774,0.0009487666034155,0.0502283105022831,0.1316129032258064,0.0405691795337571,0.0633990410229089,1.0,0.0122399020807833,0.0005714520484501,0.0008498251509172,0.0769230769230769,0.0,0.0094339622641509,0.0219718309859154,0.0016583747927031
454,TBStack-LR,0,0,TreeStacking,Extract Subclass,0.0,0.0241557801331032,0.0373647984267453,0.0198275862068965,0.0,7.433405879287619e-05,0.0086124596290954,0.0,0.0065261044176706,0.1904761904761904,0.0008818342151675,0.0,0.0,0.0030275507114744,0.0018176310209027,0.0,0.0136138613861386,0.0452261306532663,0.0,0.0,0.023391812865497,0.0,0.0159176029962546,0.0,0.0,0.0,0.0010533707865168,0.0006425358749196,0.017286084701815,0.0444264943457189,0.009367681498829,0.0009487666034155,0.0410958904109589,0.0774193548387096,0.0124129579170451,0.0263718700053276,0.7333333333333333,0.0648714810281517,0.0025061720556213,0.0021489831402504,0.1538461538461538,0.0666666666666666,0.0849056603773584,0.0422535211267605,0.0190713101160862
455,TBStack-LR,0,0,TreeStacking,Extract Subclass,0.0,0.0004929751047572,0.0088495575221238,0.0017241379310344,0.0,7.663305030193422e-07,0.0005281225244256,0.0,0.0005020080321285,0.0952380952380952,0.0,0.0,0.0,0.0,0.0,0.0,0.0012376237623762,0.0,0.0053191489361702,0.0,0.0,0.0,0.0009363295880149,0.0,0.0009090909090909,0.0,0.0,0.0,0.0043215211754537,0.0048465266558966,0.0003122560499609,0.0009487666034155,0.0,0.0103225806451612,0.0006055101422948,0.0018646776771443,0.64,0.018359853121175,0.009774444514994,9.76810518295661e-05,0.3076923076923077,0.0285714285714285,0.0660377358490566,0.0140845070422535,0.0
456,TBStack-LR,0,1,TreeStacking,Extract Subclass,0.0,0.0,0.0039331366764995,0.0,0.0,2.2989915090580268e-06,0.0001421868334992,0.0,0.0,0.0,0.0,0.0,0.0,0.0,0.0,0.0,0.0018564356435643,0.0,0.0,0.0,0.0,0.0,0.0,0.0,0.0,0.0,0.0,0.0,0.0,0.0,0.0,0.0009487666034155,0.0,0.006021505376344,0.0,0.000799147575919,0.0,0.0,0.0,0.0,0.0,0.0,0.0,0.0,0.0
457,TBStack-LR,0,0,TreeStacking,Extract Subclass,0.0,0.0,0.0019665683382497,0.0,0.0,4.5979830181160536e-06,0.0001624992382848,0.0,0.0,0.0,0.0,0.0,0.0,0.0,0.0,0.0,0.0024752475247524,0.0,0.0,0.0,0.0,0.0,0.0,0.0,0.0,0.0,0.0,0.0,0.0,0.0,0.0,0.0009487666034155,0.0,0.0055913978494623,0.0,0.0010655301012253,0.0,0.0,0.0,0.0,0.0,0.0,0.0,0.0,0.0
458,TBStack-LR,0,0,TreeStacking,Extract Subclass,0.0,0.0064086763618437,0.0,0.0,0.0,0.0,0.0005281225244256,0.0,0.0,0.0,0.0,0.0,0.0,0.0078716318498334,0.0078764010905786,0.0,0.0,0.0,0.0,0.0,0.0,0.0078716318498334,0.0,0.0078716318498334,0.0,0.0,0.000877808988764,0.0,0.0,0.0,0.0024980483996877,0.0009487666034155,0.0,0.0124731182795698,0.0078716318498334,0.0,0.0,0.0,0.0,0.0,0.0,0.0,0.0,0.0,0.0
459,TBStack-LR,0,0,TreeStacking,Extract Subclass,0.0,0.0574315997042149,0.0226155358898721,0.0189655172413793,0.0,0.0005540569536829,0.0168999207816213,0.0712530712530712,0.0128012048192771,0.1904761904761904,0.0648148148148148,0.0,0.0,0.0299727520435967,0.0278703423205089,0.0,0.0241336633663366,0.0402010050251256,0.0106382978723404,0.0,0.0,0.0275507114744171,0.0346441947565543,0.0299727520435967,0.0354545454545454,0.0,0.0093047752808988,0.0051402869993574,0.0786516853932584,0.1130856219709208,0.0410616705698672,0.0018975332068311,0.1004566210045662,0.1101075268817204,0.0581289736603088,0.0671283963771976,0.5423728813559322,0.1236230110159118,0.0053895771628339,0.0096508879207611,0.2307692307692307,0.019047619047619,0.0471698113207547,0.116338028169014,0.0497512437810945
460,TBStack-LR,0,0,TreeStacking,Extract Subclass,0.0,0.0103524771999014,0.023598820058997,0.0017241379310344,0.0,0.0001624620666401,0.0056671609351831,0.0,0.0,0.0952380952380952,0.0004409171075837,0.0,0.0,0.0042385709960641,0.0003029385034837,0.0,0.0173267326732673,0.0703517587939698,0.0,0.0,0.0116959064327485,0.0,0.0243445692883895,0.0003027550711474,0.0,0.0,0.0023700842696629,0.0,0.038029386343993,0.0250403877221324,0.0046838407494145,0.0009487666034155,0.0,0.0369892473118279,0.0045413260672116,0.0221097496004262,0.375,0.0061199510403916,7.096463346766814e-05,0.0004102604176841,0.3076923076923077,0.0095238095238095,0.0471698113207547,0.0067605633802816,0.0041459369817578
461,TBStack-LR,0,0,TreeStacking,Extract Subclass,0.0034364261168384,0.0076411141237367,0.0137659783677482,0.0,0.0,0.0001524997701008,0.0051390384107574,0.0098280098280098,0.002008032128514,0.1428571428571428,0.0022045855379188,0.0,0.0,0.0027247956403269,0.0006058770069675,0.0,0.0142326732673267,0.0,0.0691489361702127,0.0777777777777777,0.0292397660818713,0.0006055101422948,0.0046816479400749,0.0006055101422948,0.0018181818181818,0.0,0.0002633426966292,0.0010708931248661,0.0129645635263612,0.0420032310177706,0.0034348165495706,0.0028462998102466,0.0091324200913242,0.0563440860215053,0.0066606115652437,0.0106553010122535,0.5294117647058824,0.01468788249694,0.0014715823992769,0.0001855939984761,0.3076923076923077,0.0,0.0377358490566037,0.0047887323943661,0.0033167495854063
462,TBStack-LR,0,0,TreeStacking,Extract Subclass,0.0,0.0019719004190288,0.0029498525073746,0.0008620689655172,0.0,9.962296539251447e-06,0.010217139607158,0.0,0.0,0.0952380952380952,0.0,0.0,0.0,0.0009082652134423,0.0,0.0,0.0068069306930693,0.0,0.0,0.0333333333333333,0.0058479532163742,0.0,0.0093632958801498,0.0,0.0,0.0,8.778089887640449e-05,0.0,0.0051858254105445,0.0032310177705977,0.0,0.0037950664136622,0.0,0.0326881720430107,0.0018165304268846,0.003196590303676,0.0,0.0,0.0,0.0,0.0,0.0,0.0,0.0,0.0
463,TBStack-LR,0,0,TreeStacking,Extract Subclass,0.0,0.0150357406950948,0.0049164208456243,0.0077586206896551,0.0,0.0001126505839438,0.0063984075074648,0.0122850122850122,0.0025100401606425,0.238095238095238,0.0030864197530864,0.0,0.0,0.0060551014229488,0.0012117540139351,0.0,0.0142326732673267,0.0954773869346733,0.0106382978723404,0.0,0.0,0.0003027550711474,0.0131086142322097,0.0012110202845897,0.0036363636363636,0.0759493670886076,0.0025456460674157,0.0002141786249732,0.0129645635263612,0.0468497576736672,0.0053083528493364,0.0009487666034155,0.0593607305936073,0.0455913978494623,0.0136239782016348,0.0191795418220564,1.0,0.0,0.0012624234795827,0.0003809561021353,0.0769230769230769,0.0,0.0094339622641509,0.0070422535211267,0.0016583747927031
464,TBStack-LR,0,0,TreeStacking,Extract Subclass,0.0,0.003697313285679,0.0098328416912487,0.0405172413793103,0.0,7.663305030193422e-07,0.0023156141455586,0.0,0.0,0.1428571428571428,0.0004409171075837,0.0,0.0,0.0003027550711474,0.0003029385034837,0.0,0.0018564356435643,0.0050251256281407,0.0053191489361702,0.0,0.0,0.0,0.0018726591760299,0.0,0.0009090909090909,0.0,0.0,0.0006425358749196,0.0233362143474503,0.0088852988691437,0.0,0.0009487666034155,0.0,0.0227956989247311,0.0033303057826218,0.0162493340436867,0.0,0.0,0.0,0.0,0.0,0.0,0.0,0.0,0.0
465,TBStack-LR,0,0,TreeStacking,Extract Subclass,0.0,0.0022183879714074,0.023598820058997,0.0,0.0,2.9886889617754346e-05,0.0058093477686823,0.0024570024570024,0.0005020080321285,0.1428571428571428,0.0004409171075837,0.0,0.0,0.0009082652134423,0.0009088155104513,0.0,0.0061881188118811,0.0150753768844221,0.0053191489361702,0.0,0.0,0.0,0.0084269662921348,0.0003027550711474,0.0,0.0,8.778089887640449e-05,0.0002141786249732,0.0043215211754537,0.0218093699515347,0.0004683840749414,0.0123339658444022,0.0,0.0382795698924731,0.0024220405691795,0.0050612679808204,1.0,0.003671970624235,0.0027825606280743,0.0007228397835387,0.0769230769230769,0.0,0.0094339622641509,0.0076056338028169,0.0016583747927031
466,TBStack-LR,0,0,TreeStacking,Extract Subclass,0.0,0.0081340892284939,0.0127826941986234,0.0,0.0,2.2989915090580268e-06,0.0039609189331925,0.0049140049140049,0.003012048192771,0.1904761904761904,0.0119047619047619,0.0,0.0,0.0018165304268846,0.0006058770069675,0.0,0.0037128712871287,0.0,0.0159574468085106,0.0,0.0,0.0018165304268846,0.0028089887640449,0.0018165304268846,0.0054545454545454,0.0,0.0011411516853932,0.0,0.0,0.0621970920840064,0.0078064012490242,0.0009487666034155,0.0228310502283105,0.0593548387096774,0.0081743869209809,0.0095897709110282,0.7,0.01468788249694,0.0005751870291589,0.0013089260945161,0.1538461538461538,0.0095238095238095,0.0283018867924528,0.0140845070422535,0.0
467,TBStack-LR,0,0,TreeStacking,Extract Subclass,0.127147766323024,0.0322898693615972,0.0678466076696165,0.0146551724137931,0.0,9.732397388345644e-05,0.0223233328593772,0.0098280098280098,0.0015060240963855,0.1904761904761904,0.0013227513227513,0.0,0.0,0.010293672419013,0.0039382005452893,0.0,0.0235148514851485,0.0,0.0159574468085106,0.0,0.0526315789473684,0.0009082652134423,0.0215355805243445,0.0039358159249167,0.0,0.0,0.0064080056179775,0.0017134289997858,0.03457216940363,0.1211631663974151,0.0064012490241998,0.0018975332068311,0.0273972602739726,0.112258064516129,0.0245231607629427,0.0458177943526904,1.0,0.0269277845777233,0.0025285819398742,0.0021294469298845,0.0769230769230769,0.0,0.0094339622641509,0.0476056338028169,0.0107794361525704
468,TBStack-LR,0,0,TreeStacking,Extract Subclass,0.0,0.0002464875523786,0.0019665683382497,0.0,0.0,0.0,4.062480957120514e-05,0.0,0.0,0.0,0.0,0.0,0.0,0.0003027550711474,0.0003029385034837,0.0,0.0,0.0,0.0,0.0,0.0,0.0003027550711474,0.0,0.0003027550711474,0.0,0.0,0.0003511235955056,0.0,0.0,0.0,0.0,0.0009487666034155,0.0,0.0038709677419354,0.0003027550711474,0.0,0.84,0.0048959608323133,0.0002502437074912,0.0004786371539648,0.2307692307692307,0.0095238095238095,0.0377358490566037,0.0140845070422535,0.0
469,TBStack-LR,0,0,TreeStacking,Extract Subclass,0.0,0.0073946265713581,0.0058997050147492,0.0008620689655172,0.0,3.831652515096711e-05,0.0021531149072738,0.0073710073710073,0.002008032128514,0.1904761904761904,0.0008818342151675,0.0140845070422535,0.0,0.0033303057826218,0.0006058770069675,0.0,0.0080445544554455,0.0150753768844221,0.0053191489361702,0.0888888888888888,0.0526315789473684,0.0,0.0028089887640449,0.0,0.0,0.0,0.0021945224719101,0.0004283572499464,0.010371650821089,0.0072697899838449,0.0003122560499609,0.0009487666034155,0.0,0.0331182795698924,0.0060551014229488,0.0066595631326584,0.0,0.0,0.0,0.0,0.0,0.0,0.0,0.0,0.0
470,TBStack-LR,0,0,TreeStacking,Extract Subclass,0.0274914089347079,0.0046832634951934,0.0452310717797443,0.0017241379310344,0.0,7.663305030193422e-07,0.0090796449391643,0.0073710073710073,0.0,0.1428571428571428,0.0,0.0,0.0,0.0003027550711474,0.0003029385034837,0.0,0.0012376237623762,0.0050251256281407,0.0053191489361702,0.0,0.0,0.0,0.0009363295880149,0.0003027550711474,0.0018181818181818,0.0,8.778089887640449e-05,0.0004283572499464,0.0017286084701815,0.0105008077544426,0.0004683840749414,0.0161290322580645,0.0,0.0787096774193548,0.0051468362095065,0.002397442727757,0.0,0.0,0.0,0.0,0.0,0.0,0.0,0.0,0.0
471,TBStack-LR,0,0,TreeStacking,Extract Subclass,0.0034364261168384,0.0086270643332511,0.007866273352999,0.0,0.0,0.0,0.0068046556031768,0.0,0.0,0.0476190476190476,0.0,0.0,0.0,0.0105964274901604,0.0106028476219327,0.0,0.0006188118811881,0.0,0.0,0.3888888888888889,0.0058479532163742,0.0,0.0,0.0,0.0,0.0,0.0007022471910112,0.0,0.0,0.0323101777059773,0.0024980483996877,0.0028462998102466,0.0,0.0623655913978494,0.0105964274901604,0.0002663825253063,1.0,0.003671970624235,0.0016770063382622,0.0003614198917693,0.0769230769230769,0.0,0.0094339622641509,0.0140845070422535,0.0
472,TBStack-LR,0,0,TreeStacking,Extract Subclass,0.0,0.0022183879714074,0.0275319567354965,0.0,0.0,2.1457254084541585e-05,0.001685929597205,0.0024570024570024,0.0,0.1428571428571428,0.0,0.0,0.0,0.0006055101422948,0.0006058770069675,0.0,0.0049504950495049,0.0100502512562814,0.0,0.0,0.0409356725146198,0.0,0.0009363295880149,0.0003027550711474,0.0,0.0,0.0,0.0,0.0,0.024232633279483,0.0003122560499609,0.0009487666034155,0.0045662100456621,0.021505376344086,0.0027247956403269,0.0034629728289824,0.0,0.0,0.0,0.0,0.0,0.0,0.0,0.0,0.0
473,TBStack-LR,0,0,TreeStacking,Extract Subclass,0.0,0.0207049543998028,0.0265486725663716,0.0094827586206896,0.0,0.0001678263801612,0.0073327781276025,0.0196560196560196,0.0052710843373493,0.2857142857142857,0.0048500881834215,0.0,0.0,0.0003027550711474,0.0,0.0,0.0136138613861386,0.0050251256281407,0.0,0.0,0.0,0.0,0.0205992509363295,0.0003027550711474,0.02,0.0,0.0022823033707865,0.0,0.0527225583405358,0.0638126009693053,0.0192037470725995,0.0009487666034155,0.0045662100456621,0.0580645161290322,0.017862549197699,0.0364944059669685,0.4016393442622951,0.0758873929008567,0.0038918498985952,0.0043761111219645,0.3846153846153846,0.0380952380952381,0.0849056603773584,0.0343661971830985,0.0099502487562189
474,TBStack-LR,0,0,TreeStacking,Extract Subclass,0.0,0.0019719004190288,0.0,0.0,0.0,0.0,0.0001624992382848,0.0,0.0,0.0,0.0,0.0,0.0,0.0024220405691795,0.0024235080278703,0.0,0.0,0.0,0.0,0.0,0.0,0.0024220405691795,0.0,0.0024220405691795,0.0,0.0,0.0,0.0,0.0,0.0,0.0012490241998438,0.0009487666034155,0.0,0.0133333333333333,0.0024220405691795,0.0,0.0,0.0,0.0,0.0,0.0,0.0,0.0,0.0,0.0
475,TBStack-LR,0,0,TreeStacking,Extract Subclass,0.0,0.0138033029332018,0.0117994100294985,0.0051724137931034,0.0,6.054010973852803e-05,0.0046109158863317,0.0073710073710073,0.0027610441767068,0.1904761904761904,0.015432098765432,0.0,0.0,0.0042385709960641,0.004241139048773,0.010840108401084,0.0086633663366336,0.0703517587939698,0.0106382978723404,0.0,0.0,0.0,0.0037453183520599,0.0042385709960641,0.0118181818181818,0.0,0.0006144662921348,0.0004283572499464,0.0155574762316335,0.0565428109854604,0.0064012490241998,0.0009487666034155,0.0136986301369863,0.0567741935483871,0.0154405086285195,0.0098561534363345,0.7524752475247525,0.0269277845777233,0.1287223751489323,0.0002539707347568,0.1538461538461538,0.019047619047619,0.0377358490566037,0.0284507042253521,0.0008291873963515
476,TBStack-LR,0,0,TreeStacking,Extract Subclass,0.0481099656357388,0.0184865664283953,0.0265486725663716,0.0086206896551724,0.0,0.0004605646323146,0.0111718226320814,0.0417690417690417,0.0022590361445783,0.238095238095238,0.001763668430335,0.0,0.0,0.0084771419921283,0.0021205695243865,0.0,0.0235148514851485,0.1407035175879397,0.0585106382978723,0.0,0.0175438596491228,0.0,0.0168539325842696,0.0006055101422948,0.0009090909090909,0.0126582278481012,0.0021067415730337,0.0008567144998929,0.0198789974070872,0.0549273021001615,0.0009367681498829,0.0009487666034155,0.0045662100456621,0.0632258064516129,0.0172570390554041,0.029035695258391,0.5454545454545454,0.0746634026927784,0.683157851489697,0.0007716803094535,0.2307692307692307,0.1142857142857143,0.1415094339622641,0.0619718309859154,0.0149253731343283
477,TBStack-LR,0,0,TreeStacking,Extract Subclass,0.0,0.0,0.0088495575221238,0.0,0.0,1.1494957545290131e-05,0.0004468729052832,0.0,0.0,0.0476190476190476,0.0,0.0070422535211267,0.0,0.0,0.0,0.0,0.0037128712871287,0.0,0.0,0.0,0.0,0.0,0.0056179775280898,0.0,0.0,0.0,0.0,0.0,0.0,0.0,0.0,0.0018975332068311,0.0,0.0124731182795698,0.0,0.001598295151838,0.0,0.0,0.0,0.0,0.0,0.0,0.0,0.0,0.0
478,TBStack-LR,0,0,TreeStacking,Extract Subclass,0.0068728522336769,0.0044367759428148,0.095378564405113,0.0017241379310344,0.0,0.0010284155350519,0.009810891511446,0.0982800982800982,0.0002510040160642,0.1428571428571428,0.0,0.0,0.0,0.0015137753557372,0.0006058770069675,0.0,0.0327970297029703,0.0150753768844221,0.25,0.0,0.0,0.0006055101422948,0.0056179775280898,0.0009082652134423,0.0,0.0,0.0,0.0002141786249732,0.0121002592912705,0.1308562197092084,0.0001561280249804,0.0009487666034155,0.0,0.0653763440860215,0.004844081138359,0.0279701651571656,0.2222222222222222,0.0012239902080783,0.0019982146792211,0.0001269853673784,0.6153846153846154,0.0,0.0754716981132075,0.0025352112676056,0.0033167495854063
479,TBStack-LR,0,0,TreeStacking,Extract Subclass,0.0,0.0017254128666502,0.0049164208456243,0.0,0.0,0.0,0.0010359326440657,0.0,0.0,0.0476190476190476,0.0,0.0,0.0,0.0,0.0,0.0,0.0006188118811881,0.0,0.0,0.0,0.0,0.0,0.0009363295880149,0.0,0.0009090909090909,0.0,0.0001755617977528,0.0,0.0,0.0016155088852988,0.0015612802498048,0.0009487666034155,0.0,0.0111827956989247,0.0006055101422948,0.0002663825253063,0.96,0.0734394124847001,0.0005154273378178,0.0010256510442104,0.0769230769230769,0.0095238095238095,0.0188679245283018,0.028169014084507,0.0
480,TBStack-LR,0,0,TreeStacking,Extract Subclass,0.0206185567010309,0.0793689918659107,0.112094395280236,0.0336206896551724,0.0,0.0007180516813291,0.0338201539680282,0.0663390663390663,0.0133032128514056,0.3333333333333333,0.0079365079365079,0.0,0.0,0.0166515289131092,0.0075734625870948,0.0,0.0414603960396039,0.1959798994974874,0.1117021276595744,0.0111111111111111,0.0,0.0012110202845897,0.0383895131086142,0.002119285498032,0.0,0.0,0.0056179775280898,0.0102805739987149,0.0449438202247191,0.2407108239095315,0.0223263075722092,0.0066413662239089,0.0730593607305936,0.2395698924731182,0.0705419315773539,0.084709643047416,0.2271468144044321,0.1517747858017135,0.0098864939362588,0.0071697892042901,0.3846153846153846,0.0476190476190476,0.0943396226415094,0.1016901408450704,0.0530679933665008
481,TBStack-LR,0,1,TreeStacking,Extract Subclass,0.0,0.0187330539807739,0.0245821042281219,0.0043103448275862,0.0,0.0003701376329583,0.0064796571266072,0.0024570024570024,0.0047690763052208,0.1428571428571428,0.001763668430335,0.056338028169014,0.0,0.0124129579170451,0.0078764010905786,0.065040650406504,0.0216584158415841,0.0050251256281407,0.0053191489361702,0.3555555555555555,0.0409356725146198,0.0024220405691795,0.0177902621722846,0.0105964274901604,0.0063636363636363,0.0,0.0026334269662921,0.0036410366245448,0.0198789974070872,0.0395799676898223,0.0037470725995316,0.0009487666034155,0.0,0.0670967741935483,0.015137753557372,0.0269046350559403,0.0,0.0,0.0,0.0,0.0,0.0,0.0,0.0,0.0
482,TBStack-LR,0,0,TreeStacking,Extract Subclass,0.0,0.0009859502095144,0.0344149459193707,0.0,0.0,2.2989915090580268e-06,0.0016453047876338,0.0,0.0,0.0476190476190476,0.001763668430335,0.0,0.0,0.0003027550711474,0.0003029385034837,0.0,0.0018564356435643,0.0,0.0053191489361702,0.0,0.0,0.0003027550711474,0.0018726591760299,0.0003027550711474,0.0018181818181818,0.0,0.0002633426966292,0.0,0.0017286084701815,0.0371567043618739,0.0010928961748633,0.0018975332068311,0.0,0.0468817204301075,0.0012110202845897,0.000799147575919,0.1411764705882353,0.0195838433292533,0.0009113352929532,0.0012014769375036,0.3846153846153846,0.2285714285714286,0.2735849056603773,0.0239436619718309,0.0008291873963515
483,TBStack-LR,0,0,TreeStacking,Extract Subclass,0.0,0.0170076411141237,0.0137659783677482,0.0198275862068965,0.0,3.98491861570058e-05,0.006845280412748,0.0073710073710073,0.0065261044176706,0.2857142857142857,0.0035273368606701,0.0,0.0,0.0087798970632758,0.005755831566192,0.0,0.0099009900990099,0.0351758793969849,0.0159574468085106,0.0,0.0,0.0,0.0102996254681647,0.0027247956403269,0.0,0.0379746835443038,0.0011411516853932,0.0004283572499464,0.0216076058772687,0.0403877221324717,0.0082747853239656,0.0009487666034155,0.0365296803652968,0.0696774193548387,0.0166515289131092,0.017314864144912,1.0,0.0,0.0019235150650446,9.76810518295661e-06,0.0769230769230769,0.0,0.0094339622641509,0.0005633802816901,0.0008291873963515
484,TBStack-LR,0,0,TreeStacking,Extract Subclass,0.0206185567010309,0.030564456494947,0.0845624385447394,0.0189655172413793,0.0,0.0018208012751739,0.0236842639800125,0.0122850122850122,0.0045180722891566,0.1904761904761904,0.0282186948853615,0.0,0.0,0.0145322434150772,0.0039382005452893,0.0,0.047029702970297,0.185929648241206,0.1117021276595744,0.0,0.0058479532163742,0.0033303057826218,0.049625468164794,0.0124129579170451,0.0527272727272727,0.0126582278481012,0.0052668539325842,0.0012850717498393,0.0535868625756266,0.1655896607431341,0.0184231069476971,0.0227703984819734,0.0319634703196347,0.1643010752688172,0.028156221616712,0.043153969099627,0.2941176470588235,0.0061199510403916,0.0003884379937177,0.0011428683064059,0.3846153846153846,0.019047619047619,0.0660377358490566,0.0095774647887323,0.0024875621890547
485,TBStack-LR,0,0,TreeStacking,Extract Subclass,0.0068728522336769,0.0046832634951934,0.0029498525073746,0.0017241379310344,0.0,2.9120559114735e-05,0.0025999878125571,0.0024570024570024,0.0002510040160642,0.0952380952380952,0.0013227513227513,0.0,0.0,0.0024220405691795,0.0,0.0,0.0080445544554455,0.0402010050251256,0.0106382978723404,0.0,0.0116959064327485,0.0,0.0084269662921348,0.0,0.0,0.0,0.0001755617977528,0.0,0.0051858254105445,0.0201938610662358,0.0015612802498048,0.0009487666034155,0.0045662100456621,0.0275268817204301,0.0042385709960641,0.0050612679808204,0.0,0.0,0.0,0.0,0.0,0.0,0.0,0.0,0.0
486,TBStack-LR,0,0,TreeStacking,Extract Subclass,0.0,0.0182400788760167,0.0068829891838741,0.0043103448275862,0.0,7.663305030193422e-05,0.0075359021754585,0.027027027027027,0.0248493975903614,0.1428571428571428,0.0061728395061728,0.0070422535211267,0.0,0.0051468362095065,0.0,0.1002710027100271,0.0247524752475247,0.0603015075376884,0.0106382978723404,0.0555555555555555,0.1695906432748538,0.0,0.0084269662921348,0.0,0.0,0.0,0.0020189606741573,0.0132790747483401,0.0121002592912705,0.0452342487883683,0.0057767369242779,0.0018975332068311,0.0,0.0546236559139785,0.0105964274901604,0.0215769845498135,0.75,0.0012239902080783,0.0015462820134534,7.814484146365288e-05,0.1538461538461538,0.0,0.0188679245283018,0.0011267605633802,0.0041459369817578
487,TBStack-LR,0,0,TreeStacking,Extract Subclass,0.0,0.2989894010352477,0.0167158308751229,0.0741379310344827,0.0,0.0027733500904269,0.049115394771587,0.3734643734643734,0.1385542168674698,0.3809523809523809,0.0595238095238095,0.0,0.0,0.0009082652134423,0.0006058770069675,0.0,0.0612623762376237,0.0050251256281407,0.0372340425531914,0.0,0.0,0.0006055101422948,0.0861423220973782,0.0009082652134423,0.09,0.0,0.1158707865168539,0.0905975583636753,0.1305099394987035,0.04281098546042,0.0078064012490242,0.0009487666034155,0.0,0.1286021505376344,0.1886164093248561,0.1893979754928076,1.0,0.0244798041615667,0.0064689865876842,0.0014652157774434,0.0769230769230769,0.0,0.0094339622641509,0.0138028169014084,0.0033167495854063
488,TBStack-LR,0,0,TreeStacking,Extract Subclass,0.0,0.0022183879714074,0.0019665683382497,0.0,0.0,0.0001034546179076,0.0013812435254209,0.0,0.0,0.0476190476190476,0.0,0.0,0.0,0.0027247956403269,0.0,0.0,0.0111386138613861,0.0452261306532663,0.0,0.0,0.0,0.0,0.0168539325842696,0.0,0.0,0.0,0.0002633426966292,0.0,0.0077787381158167,0.0,0.0004683840749414,0.0009487666034155,0.0,0.0133333333333333,0.0027247956403269,0.0047948854555141,0.0,0.0,0.0,0.0,0.0,0.0,0.0,0.0,0.0
489,TBStack-LR,0,0,TreeStacking,Extract Subclass,0.0,0.002464875523786,0.0068829891838741,0.0034482758620689,0.0,2.2989915090580268e-06,0.0014624931445633,0.0,0.0,0.1904761904761904,0.0004409171075837,0.0,0.0,0.0003027550711474,0.0003029385034837,0.0,0.0018564356435643,0.0,0.0106382978723404,0.0,0.0,0.0,0.0009363295880149,0.0003027550711474,0.0018181818181818,0.0,0.0007900280898876,0.0,0.0129645635263612,0.0153473344103392,0.0001561280249804,0.0009487666034155,0.0045662100456621,0.0189247311827957,0.0030275507114744,0.0050612679808204,0.52,0.011015911872705,0.0226377180761861,3.907242073182644e-05,0.1538461538461538,0.0,0.0188679245283018,0.0140845070422535,0.0
490,TBStack-LR,0,0,TreeStacking,Extract Subclass,0.0412371134020618,0.001232437761893,0.0058997050147492,0.0,0.0448717948717948,1.6092940563406187e-05,0.0112733846560094,0.0,0.0002510040160642,0.0476190476190476,0.0,0.0,0.0,0.0003027550711474,0.0003029385034837,0.0,0.0043316831683168,0.0050251256281407,0.0,0.0,0.0,0.0,0.0065543071161048,0.0,0.0,0.0,0.0003511235955056,0.0,0.0,0.0040387722132471,0.0028103044496487,0.0009487666034155,0.0,0.0881720430107526,0.0015137753557372,0.0018646776771443,0.812,0.0832313341493267,0.004216793220263,0.0070525719420946,0.2307692307692307,0.0666666666666666,0.0943396226415094,0.0704225352112676,0.0190713101160862
491,TBStack-LR,0,0,TreeStacking,Extract Subclass,0.0,0.0064086763618437,0.0039331366764995,0.0025862068965517,0.0,3.0653220120773688e-06,0.0022343645264162,0.0049140049140049,0.0007530120481927,0.1904761904761904,0.0105820105820105,0.0,0.0,0.0078716318498334,0.0078764010905786,0.0,0.005569306930693,0.0201005025125628,0.0,0.0,0.0,0.0066606115652437,0.0084269662921348,0.0072661217075386,0.0054545454545454,0.0,0.0019311797752808,0.0,0.0129645635263612,0.0129240710823909,0.0043715846994535,0.0009487666034155,0.0,0.0193548387096774,0.0084771419921283,0.0053276505061267,0.52,0.0012239902080783,0.0002427737460736,0.0004200285228671,0.1538461538461538,0.019047619047619,0.0377358490566037,0.0140845070422535,0.0
492,TBStack-LR,0,0,TreeStacking,Extract Subclass,0.2096219931271477,0.041163421247227,0.0806293018682399,0.0172413793103448,0.0,0.000278177972596,0.0405638723568483,0.0171990171990172,0.0012550200803212,0.1904761904761904,0.001763668430335,0.0,0.0,0.0214956100514683,0.004241139048773,0.0,0.0235148514851485,0.3517587939698492,0.1382978723404255,0.0,0.0,0.0,0.0112359550561797,0.0012110202845897,0.0,0.0,0.0032478932584269,0.001927607624759,0.0146931719965427,0.1421647819063005,0.0162373145979703,0.0028462998102466,0.0,0.173763440860215,0.0451105056009688,0.0309003729355354,1.0,0.0832313341493267,0.0117539842906711,0.0113896106433274,0.0769230769230769,0.0,0.0094339622641509,0.1067605633802817,0.0232172470978441
493,TBStack-LR,0,0,TreeStacking,Extract Subclass,0.0034364261168384,0.0088735518856297,0.0049164208456243,0.0017241379310344,0.0,1.3027618551328815e-05,0.0030671731226259,0.0024570024570024,0.0002510040160642,0.1904761904761904,0.0,0.0,0.0,0.004844081138359,0.0033323235383217,0.0,0.0068069306930693,0.0351758793969849,0.0159574468085106,0.0,0.0,0.0027247956403269,0.0074906367041198,0.0033303057826218,0.0,0.0,0.0010533707865168,0.0,0.0112359550561797,0.011308562197092,0.0024980483996877,0.0028462998102466,0.0091324200913242,0.0335483870967741,0.0054495912806539,0.0082578582844965,0.2580645161290322,0.0122399020807833,0.025237264649528,3.907242073182644e-05,0.3846153846153846,0.0476190476190476,0.0943396226415094,0.0087323943661971,0.0008291873963515
494,TBStack-LR,0,0,TreeStacking,Extract Subclass,0.0,0.0145427655903376,0.0,0.0,0.0,0.0,0.0012593690967073,0.0,0.0015060240963855,0.0476190476190476,0.0,0.0,0.0,0.017862549197699,0.0172674946985761,0.0,0.0006188118811881,0.0,0.0053191489361702,0.0,0.0,0.017862549197699,0.0,0.017862549197699,0.0,0.0,0.0036867977528089,0.0004283572499464,0.0,0.0,0.0032786885245901,0.0009487666034155,0.0,0.013763440860215,0.017862549197699,0.0002663825253063,0.0,0.0,0.0,0.0,0.0,0.0,0.0,0.0,0.0
495,TBStack-LR,0,0,TreeStacking,Extract Subclass,0.0034364261168384,0.0009859502095144,0.0098328416912487,0.0008620689655172,0.0,2.1457254084541585e-05,0.0019499908594178,0.0,0.0,0.0952380952380952,0.0004409171075837,0.0,0.0,0.0003027550711474,0.0003029385034837,0.0,0.0049504950495049,0.0050251256281407,0.0106382978723404,0.0,0.0,0.0,0.0056179775280898,0.0003027550711474,0.0,0.0126582278481012,0.0,0.0,0.006914433880726,0.0064620355411954,0.0,0.0009487666034155,0.0045662100456621,0.0197849462365591,0.0006055101422948,0.0026638252530633,0.625,0.0012239902080783,0.0008067558331061,4.884052591478305e-05,0.2307692307692307,0.0,0.0283018867924528,0.0022535211267605,0.0008291873963515
496,TBStack-LR,0,1,TreeStacking,Extract Subclass,0.0,0.0032043381809218,0.0127826941986234,0.0008620689655172,0.0,3.0653220120773686e-05,0.0022343645264162,0.0,0.0002510040160642,0.1428571428571428,0.0,0.0,0.0,0.0033303057826218,0.0006058770069675,0.0,0.0080445544554455,0.0552763819095477,0.0106382978723404,0.0,0.0,0.0,0.0102996254681647,0.0015137753557372,0.0,0.0,0.0001755617977528,0.0,0.0025929127052722,0.0258481421647819,0.0004683840749414,0.0009487666034155,0.0,0.0292473118279569,0.0039358159249167,0.0058604155567394,1.0,0.0,0.0006424166819178,3.907242073182644e-05,0.0769230769230769,0.0,0.0094339622641509,0.0008450704225352,0.0024875621890547
497,TBStack-LR,0,0,TreeStacking,Extract Subclass,0.120274914089347,0.0401774710377125,0.0589970501474926,0.0189655172413793,0.0,0.0003210924807651,0.0316264142511832,0.0049140049140049,0.0022590361445783,0.1904761904761904,0.0044091710758377,0.0,0.0,0.0084771419921283,0.0051499545592244,0.0,0.021039603960396,0.1155778894472361,0.1276595744680851,0.0,0.0292397660818713,0.0015137753557372,0.0046816479400749,0.0054495912806539,0.0,0.0,0.0043012640449438,0.0025701434996787,0.0224719101123595,0.1252019386106623,0.0039032006245121,0.0094876660341555,0.0182648401826484,0.1595698924731182,0.0451105056009688,0.0322322855620671,0.5018382352941176,0.1627906976744186,0.0090274483732291,0.0185496317424346,0.2307692307692307,0.0571428571428571,0.0849056603773584,0.1532394366197183,0.0505804311774461
498,TBStack-LR,0,0,TreeStacking,Extract Subclass,0.0103092783505154,0.0081340892284939,0.0127826941986234,0.0017241379310344,0.0,7.663305030193422e-07,0.0056468485303975,0.0098280098280098,0.0040160642570281,0.3333333333333333,0.0008818342151675,0.0,0.0,0.0045413260672116,0.0030293850348379,0.0,0.0043316831683168,0.0251256281407035,0.0,0.0,0.0,0.0006055101422948,0.0065543071161048,0.0006055101422948,0.0,0.0,0.0007900280898876,0.0012850717498393,0.0086430423509075,0.0347334410339256,0.0035909445745511,0.0009487666034155,0.0228310502283105,0.0606451612903225,0.0084771419921283,0.0082578582844965,0.6973684210526315,0.0354957160342717,0.0016620664154269,0.0016703459862855,0.3076923076923077,0.0285714285714285,0.0660377358490566,0.0214084507042253,0.0082918739635157
499,TBStack-LR,0,0,TreeStacking,Extract Subclass,0.0,0.134089228493961,0.0776794493608653,0.0560344827586206,0.0,0.0010805260092572,0.033373281062745,0.0442260442260442,0.0396586345381526,0.3333333333333333,0.0313051146384479,0.0,0.0,0.0762942779291553,0.055437746137534,0.002710027100271,0.0377475247524752,0.050251256281407,0.0319148936170212,0.0,0.0,0.0732667272176808,0.0514981273408239,0.0590372388737511,0.0045454545454545,0.0126582278481012,0.024754213483146,0.026343970871707,0.0864304235090751,0.2455573505654281,0.0854020296643247,0.0018975332068311,0.1461187214611872,0.2438709677419354,0.1368452921586436,0.0905700586041555,0.656964656964657,0.2166462668298653,0.011522415486724,0.0120636099009514,0.1538461538461538,0.0952380952380952,0.1132075471698113,0.1354929577464788,0.0563847429519071
500,TBStack-LR,0,0,TreeStacking,Extract Subclass,0.0034364261168384,0.0027113630761646,0.0127826941986234,0.0025862068965517,0.0,0.0,0.0029452986939123,0.0024570024570024,0.0027610441767068,0.1428571428571428,0.0004409171075837,0.0,0.0,0.0015137753557372,0.0,0.008130081300813,0.0074257425742574,0.0,0.0,0.0444444444444444,0.0584795321637426,0.0,0.0018726591760299,0.0,0.0,0.0,0.001316713483146,0.0,0.0077787381158167,0.0080775444264943,0.0009367681498829,0.0028462998102466,0.0,0.0417204301075268,0.0036330608537693,0.0058604155567394,0.0,0.0,0.0,0.0,0.0,0.0,0.0,0.0,0.0
501,TBStack-LR,0,0,TreeStacking,Extract Subclass,0.0,0.0041902883904362,0.0058997050147492,0.0,0.0,4.0615516660025137e-05,0.0051390384107574,0.0147420147420147,0.0027610441767068,0.0952380952380952,0.0013227513227513,0.0211267605633802,0.0,0.0009082652134423,0.0003029385034837,0.016260162601626,0.0068069306930693,0.0,0.0053191489361702,0.0111111111111111,0.0,0.0006055101422948,0.0046816479400749,0.0,0.0054545454545454,0.0,0.0011411516853932,0.0,0.0060501296456352,0.0016155088852988,0.0,0.0047438330170777,0.0,0.0486021505376344,0.0033303057826218,0.0045285029302077,0.0,0.0,0.0,0.0,0.0,0.0,0.0,0.0,0.0
502,TBStack-LR,0,0,TreeStacking,Extract Subclass,0.0,0.0064086763618437,0.0068829891838741,0.0051724137931034,0.0,1.3027618551328815e-05,0.0042249801954053,0.0122850122850122,0.0,0.1428571428571428,0.0,0.0,0.0,0.002119285498032,0.0006058770069675,0.0,0.0068069306930693,0.0201005025125628,0.0053191489361702,0.0111111111111111,0.0,0.0006055101422948,0.0093632958801498,0.0009082652134423,0.0009090909090909,0.0,0.0005266853932584,0.0,0.006914433880726,0.0145395799676898,0.0001561280249804,0.0028462998102466,0.0,0.032258064516129,0.0066606115652437,0.0071923281832711,1.0,0.0,3.734980708824639e-06,9.76810518295661e-06,0.0769230769230769,0.0,0.0094339622641509,0.000281690140845,0.0008291873963515
503,TBStack-LR,0,0,TreeStacking,Extract Subclass,0.0,0.004929751047572,0.0019665683382497,0.0,0.0,4.981148269625724e-05,0.0019093660498466,0.0,0.003012048192771,0.0952380952380952,0.0004409171075837,0.0,0.0,0.0030275507114744,0.0012117540139351,0.0,0.0092821782178217,0.050251256281407,0.0,0.0,0.0,0.0,0.0140449438202247,0.0,0.0,0.0,0.0,0.0,0.0112359550561797,0.0088852988691437,0.004215456674473,0.0009487666034155,0.0045662100456621,0.0253763440860215,0.0051468362095065,0.0045285029302077,0.99,0.0,0.0009038653315355,0.0009670424131127,0.0769230769230769,0.0095238095238095,0.0188679245283018,0.028169014084507,0.0
504,TBStack-LR,0,0,TreeStacking,Extract Subclass,0.0,0.0044367759428148,0.031465093411996,0.0,0.0,4.5979830181160536e-06,0.001889053645061,0.0,0.0,0.1904761904761904,0.0004409171075837,0.0,0.0,0.0,0.0,0.0,0.0024752475247524,0.0,0.0053191489361702,0.0,0.0,0.0,0.0028089887640449,0.0,0.0,0.0,0.0,0.0,0.0043215211754537,0.0557350565428109,0.0004683840749414,0.0009487666034155,0.0136986301369863,0.0387096774193548,0.0051468362095065,0.0021310602024507,0.1307692307692307,0.0391676866585067,0.001852550431577,0.0033309238673882,0.4615384615384615,0.2285714285714286,0.2830188679245283,0.0366197183098591,0.0033167495854063
505,TBStack-LR,0,0,TreeStacking,Extract Subclass,0.0068728522336769,0.0019719004190288,0.0196656833824975,0.0008620689655172,0.0,4.5979830181160536e-06,0.0030671731226259,0.0,0.0,0.1904761904761904,0.0,0.0,0.0,0.0009082652134423,0.0,0.0,0.0030940594059405,0.0150753768844221,0.0,0.0,0.0,0.0,0.0046816479400749,0.0,0.0,0.0,0.0005266853932584,0.0,0.0008643042350907,0.0137318255250403,0.0003122560499609,0.0028462998102466,0.0,0.0335483870967741,0.0024220405691795,0.001598295151838,0.0,0.0,0.0,0.0,0.0,0.0,0.0,0.0,0.0
506,TBStack-LR,0,0,TreeStacking,Extract Subclass,0.0,0.0029578506285432,0.0226155358898721,0.0,0.0,7.663305030193422e-07,0.0008937458105665,0.0073710073710073,0.0005020080321285,0.0952380952380952,0.0008818342151675,0.0,0.0,0.0,0.0,0.0,0.0012376237623762,0.0,0.0,0.0,0.0,0.0,0.0009363295880149,0.0,0.0018181818181818,0.0,0.0011411516853932,0.0,0.0008643042350907,0.0121163166397415,0.0006245120999219,0.0009487666034155,0.0,0.0163440860215053,0.0036330608537693,0.0013319126265316,0.0,0.0,0.0,0.0,0.0,0.0,0.0,0.0,0.0
507,TBStack-LR,0,0,TreeStacking,Extract Subclass,0.0,0.0078876016761153,0.0167158308751229,0.0051724137931034,0.0,7.663305030193422e-07,0.0018281164307042,0.0098280098280098,0.0070281124497991,0.1428571428571428,0.0,0.0,0.0,0.0006055101422948,0.0,0.0,0.0012376237623762,0.0,0.0,0.0,0.0,0.0006055101422948,0.0018726591760299,0.0006055101422948,0.0,0.0,0.0073735955056179,0.0021417862497322,0.0,0.0072697899838449,0.0,0.0009487666034155,0.0,0.0331182795698924,0.0087798970632758,0.0042621204049014,0.7,0.003671970624235,0.001789055759527,0.0037314161798894,0.2307692307692307,0.0,0.0283018867924528,0.0140845070422535,0.0
508,TBStack-LR,0,0,TreeStacking,Extract Subclass,0.0,0.0002464875523786,0.0068829891838741,0.0,0.0,0.0,0.0003249984765696,0.0,0.0,0.0476190476190476,0.0,0.0,0.0,0.0,0.0,0.0,0.0006188118811881,0.0,0.0,0.0,0.0,0.0,0.0009363295880149,0.0,0.0009090909090909,0.0,0.0,0.0,0.0008643042350907,0.0024232633279483,0.0,0.0009487666034155,0.0,0.0025806451612903,0.0003027550711474,0.0002663825253063,0.0,0.0,0.0,0.0,0.0,0.0,0.0,0.0,0.0
509,TBStack-LR,0,1,TreeStacking,Extract Subclass,0.0,0.001232437761893,0.0019665683382497,0.0,0.0,2.6821567605676978e-05,0.0007921837866385,0.0,0.0,0.0476190476190476,0.0,0.0,0.0,0.0015137753557372,0.0,0.0,0.0061881188118811,0.0251256281407035,0.0,0.0,0.0,0.0,0.0093632958801498,0.0,0.0,0.0,0.0001755617977528,0.0,0.0043215211754537,0.0,0.0003122560499609,0.0009487666034155,0.0,0.0094623655913978,0.0015137753557372,0.0026638252530633,0.0,0.0,0.0,0.0,0.0,0.0,0.0,0.0,0.0
510,TBStack-LR,0,0,TreeStacking,Extract Subclass,0.0,0.0002464875523786,0.0068829891838741,0.0,0.0,0.0,0.000406248095712,0.0,0.0,0.0952380952380952,0.0,0.0,0.0,0.0003027550711474,0.0003029385034837,0.005420054200542,0.0018564356435643,0.0050251256281407,0.0,0.0,0.0,0.0,0.0028089887640449,0.0,0.0,0.0,0.0,0.0,0.0017286084701815,0.005654281098546,0.0,0.0009487666034155,0.0,0.0043010752688172,0.0003027550711474,0.0010655301012253,0.0,0.0,0.0,0.0,0.0,0.0,0.0,0.0,0.0
511,TBStack-LR,0,0,TreeStacking,Extract Subclass,0.0,0.0115849149617944,0.0265486725663716,0.0,0.0064102564102564,4.5979830181160536e-06,0.0026406126221283,0.0098280098280098,0.0007530120481927,0.1904761904761904,0.0048500881834215,0.0,0.0,0.0003027550711474,0.0003029385034837,0.0,0.0024752475247524,0.0050251256281407,0.0159574468085106,0.0,0.0,0.0,0.0009363295880149,0.0003027550711474,0.0036363636363636,0.0,0.0022823033707865,0.0006425358749196,0.0017286084701815,0.0541195476575121,0.0018735362997658,0.0009487666034155,0.0,0.0438709677419354,0.0139267332727823,0.0021310602024507,0.0,0.0,0.0,0.0,0.0,0.0,0.0,0.0,0.0
512,TBStack-LR,0,0,TreeStacking,Extract Subclass,0.0068728522336769,0.0204584668474242,0.0098328416912487,0.0025862068965517,0.0,0.0,0.0110702606081534,0.0,0.0007530120481927,0.1904761904761904,0.0008818342151675,0.0,0.0,0.0042385709960641,0.0006058770069675,0.0,0.0253712871287128,0.050251256281407,0.026595744680851,0.0,0.0,0.0012110202845897,0.0318352059925093,0.0042385709960641,0.0027272727272727,0.0,0.0003511235955056,0.0,0.0535868625756266,0.0379644588045234,0.0039032006245121,0.0018975332068311,0.1324200913242009,0.0658064516129032,0.0136239782016348,0.0332978156632924,0.0,0.0,0.0,0.0,0.0,0.0,0.0,0.0,0.0
513,TBStack-LR,0,0,TreeStacking,Extract Subclass,0.0,0.0313039191520828,0.0442477876106194,0.0060344827586206,0.0,0.0001034546179076,0.0101765147975868,0.0,0.0032630522088353,0.2857142857142857,0.0105820105820105,0.0,0.0,0.0063578564940962,0.0015146925174189,0.0,0.0136138613861386,0.0954773869346733,0.0691489361702127,0.0,0.0,0.0,0.0084269662921348,0.0012110202845897,0.0,0.0,0.0015800561797752,0.0008567144998929,0.0095073465859982,0.0791599353796446,0.0265417642466822,0.0009487666034155,0.0410958904109589,0.0890322580645161,0.0320920375416288,0.0436867341502397,0.5411764705882353,0.1040391676866585,0.0040785989340365,0.0071307167835583,0.1538461538461538,0.0571428571428571,0.0754716981132075,0.0239436619718309,0.0157545605306799
514,TBStack-LR,0,0,TreeStacking,Extract Subclass,0.0,0.0298249938378111,0.0019665683382497,0.0,0.0,0.0,0.0024781133838435,0.0,0.0,0.0,0.0,0.0,0.0,0.0366333636088404,0.0,0.0,0.0,0.0,0.0,0.0,0.0,0.0,0.0,0.0,0.0,0.0,0.0,0.0,0.0,0.0,0.0188914910226385,0.0009487666034155,0.0,0.04,0.0366333636088404,0.0,0.0,0.0,0.0,0.0,0.0,0.0,0.0,0.0,0.0
515,TBStack-LR,0,0,TreeStacking,Extract Subclass,0.0,0.0,0.0,0.0,0.0,0.0,4.062480957120514e-05,0.0,0.0,0.0,0.0,0.0,0.0,0.0,0.0,0.0,0.0006188118811881,0.0,0.0,0.0,0.0,0.0,0.0,0.0,0.0,0.0,0.0,0.0,0.0,0.0,0.0,0.0009487666034155,0.0,0.0025806451612903,0.0,0.0002663825253063,0.0,0.0,0.0,0.0,0.0,0.0,0.0,0.0,0.0
516,TBStack-LR,0,0,TreeStacking,Extract Subclass,0.0,0.0239092925807246,0.0176991150442477,0.0086206896551724,0.0,0.0001777886767004,0.0105218256789421,0.0122850122850122,0.0040160642570281,0.238095238095238,0.001763668430335,0.0,0.0,0.0051468362095065,0.0006058770069675,0.0,0.0173267326732673,0.0854271356783919,0.0478723404255319,0.0,0.0,0.0,0.0168539325842696,0.0012110202845897,0.0027272727272727,0.0,0.0024578651685393,0.0029985007496251,0.0198789974070872,0.0621970920840064,0.0398126463700234,0.0009487666034155,0.0182648401826484,0.0851612903225806,0.0221011201937632,0.0213106020245071,0.5555555555555556,0.0085679314565483,0.0024987020942036,0.0005860863109773,0.1538461538461538,0.0,0.0188679245283018,0.0076056338028169,0.0033167495854063
517,TBStack-LR,0,0,TreeStacking,Extract Subclass,0.0,0.0512694108947498,0.0196656833824975,0.0,0.0,7.663305030193422e-07,0.0133046251345696,0.0024570024570024,0.0005020080321285,0.0952380952380952,0.0,0.0,0.0,0.0563124432334241,0.0,0.0,0.0012376237623762,0.0,0.0,0.0,0.0,0.0563124432334241,0.0018726591760299,0.0563124432334241,0.0018181818181818,0.0,0.0032478932584269,0.0004283572499464,0.0,0.0250403877221324,0.1247462919594067,0.0009487666034155,0.0,0.1225806451612903,0.0599455040871934,0.0050612679808204,0.99,0.003671970624235,0.0009262752157885,0.0006349268368921,0.0769230769230769,0.0095238095238095,0.0188679245283018,0.028169014084507,0.0
518,TBStack-LR,0,0,TreeStacking,Extract Subclass,0.0,0.0497904855804781,0.0009832841691248,0.0,0.0,0.0,0.0041640429810485,0.0,0.0454317269076305,0.0476190476190476,0.0088183421516754,0.0,0.0,0.0605510142294883,0.0605877006967585,0.0,0.0006188118811881,0.1055276381909547,0.0053191489361702,0.0,0.0,0.054193157735392,0.0,0.0605510142294883,0.0009090909090909,0.0,0.0194873595505617,0.0,0.0008643042350907,0.0008077544426494,0.0,0.0009487666034155,0.0,0.0193548387096774,0.0605510142294883,0.0002663825253063,0.0,0.0,0.0,0.0,0.0,0.0,0.0,0.0,0.0
519,TBStack-LR,0,0,TreeStacking,Extract Subclass,0.0,0.0017254128666502,0.0098328416912487,0.0,0.0,0.0,0.0005890597387824,0.0,0.0005020080321285,0.1428571428571428,0.0,0.0,0.0,0.0,0.0,0.0,0.0006188118811881,0.0,0.0,0.0,0.0,0.0,0.0009363295880149,0.0,0.0,0.0,0.0,0.0002141786249732,0.0008643042350907,0.011308562197092,0.0006245120999219,0.0009487666034155,0.0045662100456621,0.0210752688172043,0.0018165304268846,0.0013319126265316,0.0,0.0,0.0,0.0,0.0,0.0,0.0,0.0,0.0
520,TBStack-LR,0,0,TreeStacking,Extract Subclass,0.0,0.0108454523046586,0.0226155358898721,0.0051724137931034,0.0,0.0,0.0026203002173427,0.0049140049140049,0.0002510040160642,0.0952380952380952,0.0,0.0,0.0,0.0033303057826218,0.0003029385034837,0.0,0.0012376237623762,0.0,0.0,0.0,0.0,0.0,0.0018726591760299,0.0003027550711474,0.0,0.0,0.0033356741573033,0.0021417862497322,0.0,0.0226171243941841,0.0012490241998438,0.0018975332068311,0.0136986301369863,0.035268817204301,0.0087798970632758,0.002397442727757,0.0,0.0,0.0,0.0,0.0,0.0,0.0,0.0,0.0
521,TBStack-LR,0,0,TreeStacking,Extract Subclass,0.0,0.014296278037959,0.0570304818092428,0.0051724137931034,0.0,6.513809275664408e-05,0.0057484105543255,0.0049140049140049,0.0025100401606425,0.1428571428571428,0.0,0.0492957746478873,0.0,0.0018165304268846,0.0,0.0,0.0086633663366336,0.0201005025125628,0.0053191489361702,0.0,0.0058479532163742,0.0006055101422948,0.0112359550561797,0.0003027550711474,0.0,0.0,0.0025456460674157,0.0034268579995716,0.0043215211754537,0.1009693053311793,0.0026541764246682,0.0009487666034155,0.0,0.0662365591397849,0.0108991825613079,0.0103889184869472,0.5,0.0061199510403916,0.0002913284952883,6.837673628069627e-05,0.2307692307692307,0.0,0.0283018867924528,0.0016901408450704,0.005804311774461
522,TBStack-LR,0,0,TreeStacking,Extract Subclass,0.0171821305841924,0.0475720976090707,0.0776794493608653,0.0379310344827586,0.0,0.0013510406768231,0.0264670634356401,0.0245700245700245,0.0007530120481927,0.2857142857142857,0.001763668430335,0.0,0.0,0.0157432636996669,0.0081793395940624,0.0,0.0408415841584158,0.1758793969849246,0.202127659574468,0.0,0.0350877192982456,0.0045413260672116,0.0205992509363295,0.0090826521344232,0.0,0.0,0.0059691011235955,0.0012850717498393,0.0432152117545375,0.2269789983844911,0.0117096018735362,0.0056925996204933,0.0182648401826484,0.1453763440860215,0.0490463215258855,0.0748534896110815,0.3269230769230769,0.0354957160342717,0.0052513828766074,0.0022075917713481,0.2307692307692307,0.0857142857142857,0.1132075471698113,0.0439436619718309,0.0140961857379767
523,TBStack-LR,0,0,TreeStacking,Extract Subclass,0.0,0.0078876016761153,0.0265486725663716,0.0025862068965517,0.0,0.0,0.0191952225223944,0.0073710073710073,0.0,0.1904761904761904,0.0,0.0,0.0,0.0042385709960641,0.004241139048773,0.0,0.005569306930693,0.0301507537688442,0.0212765957446808,0.0,0.0,0.0,0.0009363295880149,0.0024220405691795,0.0,0.0,0.0,0.0,0.0025929127052722,0.0306946688206785,0.0026541764246682,0.0075901328273244,0.0,0.1079569892473118,0.0084771419921283,0.0047948854555141,0.5573770491803278,0.02937576499388,0.0062859725329518,0.0013968390411627,0.3076923076923077,0.0285714285714285,0.0660377358490566,0.0171830985915492,0.0033167495854063
524,TBStack-LR,0,0,TreeStacking,Extract Subclass,0.0,0.0019719004190288,0.0029498525073746,0.0008620689655172,0.0,9.962296539251447e-06,0.0105624504885133,0.0,0.0,0.0952380952380952,0.0,0.0,0.0,0.0009082652134423,0.0,0.0,0.0068069306930693,0.0,0.0,0.0333333333333333,0.0058479532163742,0.0,0.0093632958801498,0.0,0.0,0.0,8.778089887640449e-05,0.0,0.0051858254105445,0.0032310177705977,0.0,0.0037950664136622,0.0,0.0326881720430107,0.0018165304268846,0.003196590303676,0.0,0.0,0.0,0.0,0.0,0.0,0.0,0.0,0.0
525,TBStack-LR,0,0,TreeStacking,Extract Subclass,0.0,0.0290855311806753,0.0137659783677482,0.0146551724137931,0.0,0.0009387548661986,0.0095671426540188,0.0221130221130221,0.0148092369477911,0.2857142857142857,0.0,0.0,0.0,0.0,0.0,0.0,0.0309405940594059,0.0,0.0319148936170212,0.0,0.0,0.0,0.0411985018726591,0.0,0.0,0.0,0.0031601123595505,0.0017134289997858,0.0388936905790838,0.0767366720516962,0.0232630757220921,0.0009487666034155,0.0182648401826484,0.0756989247311828,0.0242204056917953,0.0316995205114544,0.6842105263157895,0.0085679314565483,0.0042242631816806,0.0088108308750268,0.3846153846153846,0.019047619047619,0.0660377358490566,0.0107042253521126,0.0008291873963515
526,TBStack-LR,0,0,TreeStacking,Extract Subclass,0.0,0.0892284939610549,0.1986234021632252,0.0017241379310344,0.0,3.44848726358704e-05,0.0360951433040157,0.0638820638820638,0.0271084337349397,0.1904761904761904,0.0026455026455026,0.0,0.0,0.0538904026642446,0.0,0.0,0.0092821782178217,0.0050251256281407,0.0,0.0,0.0,0.0535876475930971,0.0093632958801498,0.0538904026642446,0.0027272727272727,0.0,0.2146242977528089,0.0010708931248661,0.0043215211754537,0.0912762520193861,0.1709601873536299,0.0009487666034155,0.0091324200913242,0.1802150537634408,0.0884044807750529,0.0250399573787959,0.0,0.0,0.0,0.0,0.0,0.0,0.0,0.0,0.0
527,TBStack-LR,0,0,TreeStacking,Extract Subclass,0.0,0.0014789253142716,0.0117994100294985,0.0025862068965517,0.0,2.758789810869632e-05,0.0036968576709796,0.0024570024570024,0.0005020080321285,0.0952380952380952,0.0,0.0,0.0,0.0,0.0,0.0,0.005569306930693,0.0,0.0,0.0,0.0116959064327485,0.0,0.0065543071161048,0.0,0.0,0.0,0.000877808988764,0.0002141786249732,0.0060501296456352,0.0080775444264943,0.0010928961748633,0.0018975332068311,0.0,0.0554838709677419,0.0003027550711474,0.0047948854555141,0.0,0.0,0.0,0.0,0.0,0.0,0.0,0.0,0.0
528,TBStack-LR,0,0,TreeStacking,Extract Subclass,0.0240549828178694,0.0022183879714074,0.0117994100294985,0.0008620689655172,0.0,0.0,0.0093640186061627,0.0,0.0005020080321285,0.0952380952380952,0.0,0.0,0.0,0.002119285498032,0.0009088155104513,0.0,0.005569306930693,0.0351758793969849,0.0159574468085106,0.0,0.0292397660818713,0.0,0.0009363295880149,0.0006055101422948,0.0,0.0,0.0001755617977528,0.0,0.0008643042350907,0.0315024232633279,0.0017174082747853,0.0028462998102466,0.0,0.0735483870967741,0.0024220405691795,0.0071923281832711,0.0,0.0,0.0,0.0,0.0,0.0,0.0,0.0,0.0
529,TBStack-LR,0,0,TreeStacking,Extract Subclass,0.0206185567010309,0.0004929751047572,0.0039331366764995,0.0,0.0705128205128205,2.2989915090580268e-06,0.0019703032642034,0.0024570024570024,0.0012550200803212,0.0952380952380952,0.0004409171075837,0.0,0.0,0.0003027550711474,0.0,0.0,0.0018564356435643,0.0050251256281407,0.0053191489361702,0.0,0.0,0.0,0.0018726591760299,0.0003027550711474,0.0018181818181818,0.0,0.0,0.0,0.0017286084701815,0.0072697899838449,0.0010928961748633,0.0009487666034155,0.0,0.0163440860215053,0.0006055101422948,0.0013319126265316,0.0,0.0,0.0,0.0,0.0,0.0,0.0,0.0,0.0
530,TBStack-LR,0,0,TreeStacking,Extract Subclass,0.0,0.0007394626571358,0.0,0.0,0.0,0.0,6.09372143568077e-05,0.0,0.0,0.0,0.0,0.0,0.0,0.0009082652134423,0.0,0.0,0.0,0.0,0.0,0.0,0.0,0.0,0.0,0.0009082652134423,0.0,0.0,0.0,0.0,0.0,0.0,0.0004683840749414,0.0009487666034155,0.0,0.0051612903225806,0.0009082652134423,0.0,0.0,0.0,0.0,0.0,0.0,0.0,0.0,0.0,0.0
531,TBStack-LR,0,1,TreeStacking,Extract Subclass,0.0,0.0041902883904362,0.0049164208456243,0.0025862068965517,0.0,0.0,0.0013609311206353,0.0,0.0002510040160642,0.0952380952380952,0.0044091710758377,0.0,0.0,0.0015137753557372,0.0009088155104513,0.0,0.0030940594059405,0.0251256281407035,0.0,0.0,0.0,0.0,0.0046816479400749,0.0,0.0,0.0,0.0,0.0002141786249732,0.0051858254105445,0.0064620355411954,0.0001561280249804,0.0009487666034155,0.0182648401826484,0.013763440860215,0.002119285498032,0.0037293553542887,0.6,0.0208078335373316,0.0181183914185083,0.0001074491570125,0.3076923076923077,0.0285714285714285,0.0660377358490566,0.0140845070422535,0.0
532,TBStack-LR,0,0,TreeStacking,Extract Subclass,0.0,0.0,0.0,0.0,0.0,0.0,0.0025390505982003,0.0,0.0,0.0,0.0,0.0,0.0,0.0,0.0,0.0,0.0,0.0,0.0,0.0,0.0,0.0,0.0,0.0,0.0,0.0,0.0,0.0,0.0,0.0,0.0,0.0,0.0,0.0,0.0,0.0,0.0,0.0,0.0,0.0,0.0,0.0,0.0,0.0,0.0
533,TBStack-LR,0,0,TreeStacking,Extract Subclass,0.0034364261168384,0.011831402514173,0.0403146509341199,0.0086206896551724,0.0,0.0011456641020139,0.0076374641993865,0.0147420147420147,0.0017570281124497,0.1428571428571428,0.0008818342151675,0.0,0.0,0.007568876778686,0.0003029385034837,0.0,0.0358910891089108,0.1256281407035175,0.0,0.0,0.0,0.0,0.0533707865168539,0.0,0.0,0.0,0.000877808988764,0.0,0.0371650821089023,0.0379644588045234,0.0029664324746291,0.0028462998102466,0.0,0.0619354838709677,0.0121102028458976,0.0213106020245071,1.0,0.0,0.0023605078079771,0.0007814484146365,0.0769230769230769,0.0,0.0094339622641509,0.004225352112676,0.0033167495854063
534,TBStack-LR,0,0,TreeStacking,Extract Subclass,0.0,0.001232437761893,0.0,0.0,0.0,0.0,0.0002437488574272,0.0,0.0012550200803212,0.0476190476190476,0.0,0.0,0.0,0.0015137753557372,0.0015146925174189,0.0,0.0006188118811881,0.0,0.0,0.0,0.0,0.0015137753557372,0.0009363295880149,0.0015137753557372,0.0009090909090909,0.0,8.778089887640449e-05,0.0,0.0,0.0016155088852988,0.0010928961748633,0.0009487666034155,0.0,0.0090322580645161,0.0015137753557372,0.0002663825253063,0.5317241379310345,0.7184822521419828,0.0060618736904223,0.0155898958719987,0.2307692307692307,0.1523809523809524,0.1792452830188679,0.4084507042253521,0.0
535,TBStack-LR,0,0,TreeStacking,Extract Subclass,0.0,0.0029578506285432,0.0137659783677482,0.0008620689655172,0.0,5.977377923550869e-05,0.0044077918384757,0.0147420147420147,0.0,0.1904761904761904,0.0,0.0,0.0,0.0,0.0,0.0,0.0080445544554455,0.0,0.0,0.0,0.0058479532163742,0.0,0.0112359550561797,0.0,0.0,0.0,0.001316713483146,0.0,0.006914433880726,0.0282714054927302,0.0054644808743169,0.0009487666034155,0.0,0.0279569892473118,0.0036330608537693,0.0111880660628662,0.0,0.0,0.0,0.0,0.0,0.0,0.0,0.0,0.0
536,TBStack-LR,0,0,TreeStacking,Extract Subclass,0.0,0.0,0.007866273352999,0.0,0.0,0.0136146277166416,0.0039609189331925,0.0,0.0,0.0,0.0,0.0,0.0,0.0,0.0,0.0,0.1169554455445544,0.0,0.0,0.0,0.0,0.0,0.147940074906367,0.0,0.0,0.0,0.0,0.0,0.0,0.0,0.0,0.0009487666034155,0.0,0.0533333333333333,0.0,0.0503462972828982,1.0,0.0,0.0002390387653647,1.953621036591322e-05,0.0769230769230769,0.0,0.0094339622641509,0.0005633802816901,0.0008291873963515
537,TBStack-LR,0,0,TreeStacking,Extract Subclass,0.0,0.002464875523786,0.0137659783677482,0.0034482758620689,0.0,3.141955062379303e-05,0.002193739716845,0.0024570024570024,0.0005020080321285,0.1428571428571428,0.001763668430335,0.0,0.0,0.0012110202845897,0.0009088155104513,0.035230352303523,0.0092821782178217,0.0201005025125628,0.0,0.0,0.0116959064327485,0.0,0.0121722846441947,0.0003027550711474,0.0,0.0,0.0002633426966292,0.0,0.010371650821089,0.0153473344103392,0.0007806401249024,0.0009487666034155,0.0,0.0193548387096774,0.0018165304268846,0.0058604155567394,0.0,0.0,0.0,0.0,0.0,0.0,0.0,0.0,0.0
538,TBStack-LR,0,0,TreeStacking,Extract Subclass,0.1890034364261168,0.0014789253142716,0.0334316617502458,0.0,0.0,0.0,0.0162296114236964,0.0,0.0,0.0952380952380952,0.0,0.0,0.0,0.0003027550711474,0.0,0.0,0.0006188118811881,0.0050251256281407,0.0,0.0,0.0,0.0,0.0009363295880149,0.0,0.0,0.0,0.0002633426966292,0.0,0.0008643042350907,0.0040387722132471,0.0010928961748633,0.0265654648956356,0.0,0.08,0.0003027550711474,0.000799147575919,0.0,0.0,0.0,0.0,0.0,0.0,0.0,0.0,0.0
539,TBStack-LR,0,0,TreeStacking,Extract Subclass,0.0,0.0,0.0,0.0,0.0,0.0,0.0027218622412707,0.0,0.0,0.0,0.0,0.0,0.0,0.0,0.0,0.0,0.0,0.0,0.0,0.0,0.0,0.0,0.0,0.0,0.0,0.0,0.0,0.0,0.0,0.0,0.0,0.0,0.0,0.0,0.0,0.0,0.0,0.0,0.0,0.0,0.0,0.0,0.0,0.0,0.0
540,TBStack-LR,0,0,TreeStacking,Extract Subclass,0.0103092783505154,0.0014789253142716,0.0108161258603736,0.0008620689655172,0.0,7.663305030193422e-07,0.0063577826978936,0.0,0.0002510040160642,0.0952380952380952,0.0,0.0,0.0,0.0006055101422948,0.0,0.0,0.0012376237623762,0.0,0.0,0.0,0.0,0.0003027550711474,0.0018726591760299,0.0,0.0,0.0,8.778089887640449e-05,0.0,0.0008643042350907,0.0226171243941841,0.0004683840749414,0.0037950664136622,0.0045662100456621,0.0524731182795698,0.002119285498032,0.0013319126265316,1.0,0.0,0.0038171502844187,0.0,0.0769230769230769,0.0,0.0094339622641509,0.000281690140845,0.0024875621890547
541,TBStack-LR,0,0,TreeStacking,Extract Subclass,0.0,0.0076411141237367,0.0137659783677482,0.0017241379310344,0.0,7.663305030193422e-07,0.0016453047876338,0.0122850122850122,0.0037650602409638,0.1428571428571428,0.0,0.0,0.0,0.0006055101422948,0.0,0.0,0.0012376237623762,0.0,0.0,0.0,0.0,0.0006055101422948,0.0018726591760299,0.0006055101422948,0.0,0.0,0.0058813202247191,0.0010708931248661,0.0,0.0048465266558966,0.0001561280249804,0.0009487666034155,0.0,0.0240860215053763,0.0087798970632758,0.0029302077783697,0.0,0.0,0.0,0.0,0.0,0.0,0.0,0.0,0.0
542,TBStack-LR,0,0,TreeStacking,Extract Subclass,0.0137457044673539,0.0051762385999507,0.0216322517207472,0.0,0.0,6.1306440241547375e-06,0.0023968637647011,0.0049140049140049,0.0007530120481927,0.1428571428571428,0.0022045855379188,0.0,0.0,0.0018165304268846,0.0,0.0,0.0074257425742574,0.0301507537688442,0.0425531914893617,0.0,0.0,0.0,0.0009363295880149,0.0,0.0,0.0,0.0002633426966292,0.0,0.010371650821089,0.0355411954765751,0.0004683840749414,0.0009487666034155,0.0,0.0344086021505376,0.0063578564940962,0.0069259456579648,0.7142857142857143,0.003671970624235,0.000851575601612,0.0002442026295739,0.2307692307692307,0.0,0.0283018867924528,0.0039436619718309,0.0033167495854063
543,TBStack-LR,0,0,TreeStacking,Extract Subclass,0.0687285223367697,0.0128173527236874,0.023598820058997,0.0086206896551724,0.0,3.2952211629831713e-05,0.0120046312282911,0.0,0.002008032128514,0.1428571428571428,0.0004409171075837,0.0,0.0,0.0039358159249167,0.0003029385034837,0.0,0.0092821782178217,0.0653266331658291,0.0212765957446808,0.0,0.0,0.0,0.0102996254681647,0.0003027550711474,0.0,0.0,0.0015800561797752,0.0002141786249732,0.0025929127052722,0.0444264943457189,0.0039032006245121,0.0018975332068311,0.0045662100456621,0.072258064516129,0.0108991825613079,0.014917421417155,0.0,0.0,0.0,0.0,0.0,0.0,0.0,0.0,0.0
544,TBStack-LR,0,0,TreeStacking,Extract Subclass,0.0068728522336769,0.0007394626571358,0.0058997050147492,0.0,0.0,4.5979830181160536e-06,0.0010359326440657,0.0,0.0002510040160642,0.1428571428571428,0.0004409171075837,0.0,0.0,0.0012110202845897,0.0003029385034837,0.0,0.0024752475247524,0.0201005025125628,0.0,0.0,0.0,0.0,0.0037453183520599,0.0,0.0,0.0,0.0,0.0,0.0017286084701815,0.0072697899838449,0.0006245120999219,0.0009487666034155,0.0045662100456621,0.024516129032258,0.0012110202845897,0.0013319126265316,0.0,0.0,0.0,0.0,0.0,0.0,0.0,0.0,0.0
545,TBStack-LR,0,0,TreeStacking,Extract Subclass,0.0034364261168384,0.0133103278284446,0.007866273352999,0.0034482758620689,0.0,2.1457254084541585e-05,0.0054843492921126,0.0049140049140049,0.0027610441767068,0.3333333333333333,0.0167548500881834,0.0,0.0,0.0003027550711474,0.0003029385034837,0.0,0.0049504950495049,0.0050251256281407,0.026595744680851,0.0,0.0,0.0,0.0028089887640449,0.0003027550711474,0.0063636363636363,0.0,0.0019311797752808,0.0004283572499464,0.0077787381158167,0.0339256865912762,0.0110850897736143,0.0009487666034155,0.0319634703196347,0.0735483870967741,0.0096881622767181,0.0151838039424613,0.625,0.003671970624235,0.0008851904279914,9.76810518295661e-05,0.3076923076923077,0.0,0.0377358490566037,0.0045070422535211,0.0008291873963515
546,TBStack-LR,0,0,TreeStacking,Extract Subclass,0.0,0.0002464875523786,0.031465093411996,0.0,0.0,0.0,0.0008531210009953,0.0,0.0,0.0476190476190476,0.0,0.0,0.0,0.0003027550711474,0.0003029385034837,0.0,0.0006188118811881,0.0050251256281407,0.0,0.0,0.0,0.0,0.0009363295880149,0.0003027550711474,0.0,0.0,0.0,0.0,0.0,0.0008077544426494,0.0,0.0009487666034155,0.0,0.0051612903225806,0.0003027550711474,0.0005327650506126,0.0,0.0,0.0,0.0,0.0,0.0,0.0,0.0,0.0
547,TBStack-LR,0,0,TreeStacking,Extract Subclass,0.0,0.0019719004190288,0.0049164208456243,0.0,0.0,7.663305030193422e-07,0.0006703093579248,0.0024570024570024,0.0,0.1428571428571428,0.0,0.0,0.0,0.0,0.0,0.0,0.0012376237623762,0.0,0.0,0.0,0.0,0.0,0.0018726591760299,0.0,0.0,0.0,0.0001755617977528,0.0002141786249732,0.0017286084701815,0.0105008077544426,0.0028103044496487,0.0009487666034155,0.0045662100456621,0.013763440860215,0.0015137753557372,0.0010655301012253,0.0,0.0,0.0,0.0,0.0,0.0,0.0,0.0,0.0
548,TBStack-LR,0,0,TreeStacking,Extract Subclass,0.0,0.0083805767808725,0.0167158308751229,0.0060344827586206,0.0,7.663305030193422e-07,0.0018281164307042,0.0098280098280098,0.0082831325301204,0.1428571428571428,0.0,0.0,0.0,0.0012110202845897,0.0,0.0,0.0012376237623762,0.0,0.0,0.0,0.0,0.0012110202845897,0.0018726591760299,0.0012110202845897,0.0,0.0,0.0074613764044943,0.0021417862497322,0.0,0.0080775444264943,0.0001561280249804,0.0009487666034155,0.0,0.0356989247311827,0.0093854072055706,0.0042621204049014,0.0,0.0,0.0,0.0,0.0,0.0,0.0,0.0,0.0
549,TBStack-LR,0,0,TreeStacking,Extract Subclass,0.0034364261168384,0.0034508257333004,0.0334316617502458,0.0025862068965517,0.0,2.2989915090580268e-06,0.0297576730109077,0.0073710073710073,0.002008032128514,0.0952380952380952,0.0013227513227513,0.0,0.0,0.0009082652134423,0.0006058770069675,0.0,0.0018564356435643,0.0050251256281407,0.0,0.0222222222222222,0.0175438596491228,0.0,0.0,0.0006055101422948,0.0018181818181818,0.0,0.0006144662921348,0.0008567144998929,0.0060501296456352,0.0048465266558966,0.0029664324746291,0.0341555977229601,0.0045662100456621,0.1449462365591398,0.0036330608537693,0.0045285029302077,0.0,0.0,0.0,0.0,0.0,0.0,0.0,0.0,0.0
550,TBStack-LR,0,1,TreeStacking,Extract Subclass,0.0103092783505154,0.0152822282474735,0.0324483775811209,0.018103448275862,0.0,0.0009104006375869,0.0100952651784444,0.0147420147420147,0.0072791164658634,0.1904761904761904,0.0039682539682539,0.0,0.0,0.004844081138359,0.0024235080278703,0.008130081300813,0.0327970297029703,0.0201005025125628,0.026595744680851,0.1,0.0350877192982456,0.0009082652134423,0.0393258426966292,0.0018165304268846,0.0,0.0379746835443038,0.0006144662921348,0.0006425358749196,0.0518582541054451,0.08562197092084,0.0103044496487119,0.0037950664136622,0.0319634703196347,0.0954838709677419,0.015137753557372,0.0301012253596164,0.8333333333333334,0.0024479804161566,0.0031000339883244,2.930431554886984e-05,0.1538461538461538,0.0,0.0188679245283018,0.0016901408450704,0.0008291873963515
551,TBStack-LR,0,0,TreeStacking,Extract Subclass,0.0,0.0,0.0,0.0,0.0,0.0,6.09372143568077e-05,0.0,0.0,0.0,0.0,0.0,0.0,0.0,0.0,0.0,0.0006188118811881,0.0,0.0,0.0,0.0,0.0,0.0,0.0,0.0,0.0,0.0,0.0,0.0,0.0,0.0,0.0009487666034155,0.0,0.0043010752688172,0.0,0.0002663825253063,0.0,0.0,0.0,0.0,0.0,0.0,0.0,0.0,0.0
552,TBStack-LR,0,0,TreeStacking,Extract Subclass,0.0,0.0303179689425684,0.0412979351032448,0.0146551724137931,0.0,0.0,0.0090999573439499,0.0221130221130221,0.0055220883534136,0.1904761904761904,0.0026455026455026,0.0,0.0,0.0045413260672116,0.0012117540139351,0.0,0.0068069306930693,0.0,0.0,0.1222222222222222,0.0467836257309941,0.0012110202845897,0.0028089887640449,0.0015137753557372,0.0009090909090909,0.0126582278481012,0.0022823033707865,0.0004283572499464,0.0086430423509075,0.1155088852988691,0.0202966432474629,0.0009487666034155,0.0273972602739726,0.0976344086021505,0.0317892824704813,0.0218433670751198,0.4,0.003671970624235,0.0025734017083801,0.0002930431554886,0.3076923076923077,0.0,0.0377358490566037,0.0028169014084507,0.0008291873963515
553,TBStack-LR,0,0,TreeStacking,Extract Subclass,0.0,0.0081340892284939,0.023598820058997,0.0,0.0641025641025641,4.5979830181160536e-06,0.0028843614795555,0.0,0.0,0.0476190476190476,0.0,0.0,0.0,0.0018165304268846,0.0003029385034837,0.0,0.0024752475247524,0.0100502512562814,0.0106382978723404,0.0,0.0,0.0003027550711474,0.0018726591760299,0.0003027550711474,0.0009090909090909,0.0,0.0002633426966292,0.0,0.0017286084701815,0.0274636510500807,0.0054644808743169,0.0009487666034155,0.0,0.0468817204301075,0.0099909173478655,0.0010655301012253,0.5625,0.0012239902080783,0.0002240988425294,0.0003223474710375,0.1538461538461538,0.0,0.0188679245283018,0.0045070422535211,0.0033167495854063
554,TBStack-LR,0,0,TreeStacking,Extract Subclass,0.0,0.001232437761893,0.0265486725663716,0.0,0.0,9.962296539251447e-06,0.0013609311206353,0.0,0.0005020080321285,0.0952380952380952,0.0,0.0,0.0,0.0006055101422948,0.0,0.0,0.0061881188118811,0.0100502512562814,0.0,0.0,0.0,0.0,0.0093632958801498,0.0,0.0,0.0,0.0,0.0,0.0051858254105445,0.0016155088852988,0.0029664324746291,0.0009487666034155,0.0,0.0098924731182795,0.0009082652134423,0.0029302077783697,0.0,0.0,0.0,0.0,0.0,0.0,0.0,0.0,0.0
555,TBStack-LR,0,0,TreeStacking,Extract Subclass,0.0,0.0004929751047572,0.0009832841691248,0.0,0.0,1.5326610060386844e-06,0.000406248095712,0.0,0.0,0.0952380952380952,0.0008818342151675,0.0,0.0,0.0006055101422948,0.0006058770069675,0.0,0.0030940594059405,0.0100502512562814,0.0053191489361702,0.0,0.0,0.0,0.0037453183520599,0.0006055101422948,0.0036363636363636,0.0,8.778089887640449e-05,0.0,0.0025929127052722,0.0032310177705977,0.0006245120999219,0.0009487666034155,0.0,0.0077419354838709,0.0006055101422948,0.001598295151838,0.9,0.00734394124847,0.0002614486496177,0.0004981733643307,0.1538461538461538,0.0095238095238095,0.0283018867924528,0.0140845070422535,0.0
556,TBStack-LR,0,0,TreeStacking,Extract Subclass,0.0,0.0039438008380576,0.0137659783677482,0.0034482758620689,0.0,2.2989915090580268e-06,0.0010156202392801,0.0,0.0002510040160642,0.1428571428571428,0.0,0.0,0.0,0.0,0.0,0.0,0.0018564356435643,0.0,0.0,0.0,0.0,0.0,0.0028089887640449,0.0,0.0,0.0,0.0,0.0,0.006914433880726,0.0040387722132471,0.0001561280249804,0.0009487666034155,0.0,0.0129032258064516,0.004844081138359,0.002397442727757,0.0,0.0,0.0,0.0,0.0,0.0,0.0,0.0,0.0
557,TBStack-LR,0,0,TreeStacking,Extract Subclass,0.0,0.0002464875523786,0.0324483775811209,0.0,0.0,0.0,0.0023765513599155,0.0,0.0,0.0952380952380952,0.0008818342151675,0.0,0.0,0.0003027550711474,0.0003029385034837,0.0,0.0018564356435643,0.0050251256281407,0.0106382978723404,0.0,0.0,0.0,0.0009363295880149,0.0003027550711474,0.0027272727272727,0.0,8.778089887640449e-05,0.0,0.0017286084701815,0.0080775444264943,0.0201405152224824,0.0009487666034155,0.0,0.0038709677419354,0.0003027550711474,0.0010655301012253,0.3703703703703703,0.003671970624235,0.0002614486496177,0.0001758258932932,0.3846153846153846,0.0476190476190476,0.0943396226415094,0.0076056338028169,0.0008291873963515
558,TBStack-LR,0,0,TreeStacking,Extract Subclass,0.0,0.0273601183140251,0.023598820058997,0.0086206896551724,0.0,0.0005502253011678,0.0117202575612926,0.0319410319410319,0.0012550200803212,0.2857142857142857,0.0030864197530864,0.028169014084507,0.0,0.0118074477747502,0.0063617085731596,0.0,0.0272277227722772,0.0603015075376884,0.0212765957446808,0.3,0.2105263157894736,0.0,0.0037453183520599,0.0063578564940962,0.01,0.0,0.0067591292134831,0.0004283572499464,0.0198789974070872,0.067043618739903,0.0009367681498829,0.0018975332068311,0.0228310502283105,0.0812903225806451,0.0275507114744171,0.0484816196057538,0.9411764705882352,0.0,0.0003734980708824,0.0003516517865864,0.1538461538461538,0.0,0.0188679245283018,0.0047887323943661,0.005804311774461
559,TBStack-LR,0,1,TreeStacking,Extract Subclass,0.0068728522336769,0.0258811929997535,0.0226155358898721,0.0060344827586206,0.0,1.6092940563406187e-05,0.008632772033881,0.0073710073710073,0.0072791164658634,0.238095238095238,0.001763668430335,0.0,0.0,0.0118074477747502,0.0021205695243865,0.0,0.0111386138613861,0.1909547738693467,0.0319148936170212,0.0,0.0058479532163742,0.0,0.0102996254681647,0.002119285498032,0.0,0.0,0.0055301966292134,0.0017134289997858,0.0043215211754537,0.067043618739903,0.0,0.0009487666034155,0.0,0.0688172043010752,0.023312140478353,0.0199786893979754,0.0,0.0,0.0,0.0,0.0,0.0,0.0,0.0,0.0
560,TBStack-LR,0,0,TreeStacking,Extract Subclass,0.0,0.0145427655903376,0.0757128810226155,0.0051724137931034,0.0,0.0,0.0386748187117872,0.0049140049140049,0.0,0.1428571428571428,0.0,0.0,0.0,0.0027247956403269,0.0015146925174189,0.0,0.0321782178217821,0.0452261306532663,0.0,0.0,0.0,0.0,0.048689138576779,0.0003027550711474,0.0009090909090909,0.0,0.0003511235955056,0.0,0.0432152117545375,0.0331179321486268,0.0,0.0455407969639468,0.0,0.1075268817204301,0.017862549197699,0.0175812466702184,1.0,0.0024479804161566,0.0088220244342437,7.814484146365288e-05,0.0769230769230769,0.0,0.0094339622641509,0.0022535211267605,0.0041459369817578
561,TBStack-LR,0,0,TreeStacking,Extract Subclass,0.0,0.0022183879714074,0.023598820058997,0.0,0.0,0.0,0.0045093538624037,0.0,0.0,0.0476190476190476,0.0,0.0,0.0,0.0003027550711474,0.0,0.0,0.0284653465346534,0.0,0.0,0.0,0.0116959064327485,0.0,0.0411985018726591,0.0,0.0,0.0,0.0,0.0,0.0371650821089023,0.0306946688206785,0.0003122560499609,0.0009487666034155,0.0,0.0331182795698924,0.0018165304268846,0.0122535961640916,0.4444444444444444,0.0134638922888616,0.0026070165347595,0.0001465215777443,0.6153846153846154,0.0,0.0754716981132075,0.0050704225352112,0.0041459369817578
562,TBStack-LR,0,0,TreeStacking,Extract Subclass,0.0,0.0004929751047572,0.0049164208456243,0.0120689655172413,0.0,2.2989915090580268e-06,0.0010765574536369,0.0,0.0,0.0952380952380952,0.0,0.0,0.0,0.0003027550711474,0.0,0.0,0.0018564356435643,0.0,0.0,0.0,0.0116959064327485,0.0,0.0009363295880149,0.0,0.0,0.0,0.0,0.0,0.0,0.0080775444264943,0.0053083528493364,0.0009487666034155,0.0,0.0154838709677419,0.0006055101422948,0.0045285029302077,1.0,0.0,0.0003212083409589,0.0001367534725613,0.0769230769230769,0.0,0.0094339622641509,0.0033802816901408,0.0008291873963515
563,TBStack-LR,0,0,TreeStacking,Extract Subclass,0.0,0.0155287157998521,0.0019665683382497,0.0051724137931034,0.0,2.758789810869632e-05,0.0023359265503442,0.0,0.0,0.0952380952380952,0.005731922398589,0.0,0.0,0.015137753557372,0.0151469251741896,0.0,0.005569306930693,0.0,0.0053191489361702,0.0,0.0,0.015137753557372,0.0074906367041198,0.015137753557372,0.0072727272727272,0.0,0.0,0.0,0.0095073465859982,0.0080775444264943,0.0078064012490242,0.0009487666034155,0.0136986301369863,0.021505376344086,0.017862549197699,0.0047948854555141,0.3333333333333333,0.003671970624235,0.000212893900403,0.0016117373551878,0.2307692307692307,0.0571428571428571,0.0849056603773584,0.0059154929577464,0.0008291873963515
564,TBStack-LR,0,0,TreeStacking,Extract Subclass,0.0,0.0009859502095144,0.007866273352999,0.0,0.0,1.1494957545290131e-05,0.0010765574536369,0.0,0.0,0.0952380952380952,0.0,0.0,0.0,0.0006055101422948,0.0003029385034837,0.0,0.0037128712871287,0.0050251256281407,0.0,0.0111111111111111,0.0116959064327485,0.0,0.0037453183520599,0.0,0.0,0.0,8.778089887640449e-05,0.0,0.0025929127052722,0.0161550888529886,0.0003122560499609,0.0009487666034155,0.0,0.0150537634408602,0.0012110202845897,0.0021310602024507,1.0,0.0,0.0003062684181236,0.0,0.0769230769230769,0.0,0.0094339622641509,0.000281690140845,0.0008291873963515
565,TBStack-LR,0,0,TreeStacking,Extract Subclass,0.0,0.0147892531427162,0.0442477876106194,0.0163793103448275,0.0,2.5288906599638294e-05,0.0071499664845321,0.0122850122850122,0.0022590361445783,0.238095238095238,0.0,0.0,0.0,0.0015137753557372,0.0003029385034837,0.0,0.0086633663366336,0.0251256281407035,0.0585106382978723,0.0,0.0,0.0,0.0028089887640449,0.0003027550711474,0.0,0.0,0.000438904494382,0.0002141786249732,0.0224719101123595,0.0783521809369951,0.0099921935987509,0.0009487666034155,0.0273972602739726,0.0739784946236559,0.0142294883439297,0.0191795418220564,0.6304347826086957,0.01468788249694,0.0016658013961357,0.0007619122042706,0.2307692307692307,0.0,0.0283018867924528,0.0129577464788732,0.0066334991708126
566,TBStack-LR,0,1,TreeStacking,Extract Subclass,0.0,0.0,0.0,0.0,0.0,0.0,0.0,0.0,0.0,0.0,0.0,0.0,0.0,0.0,0.0,0.0,0.0,0.0,0.0,0.0,0.0,0.0,0.0,0.0,0.0,0.0,0.0,0.0,0.0,0.0,0.0,0.0009487666034155,0.0,0.0021505376344086,0.0,0.0,0.0,0.0,0.0,0.0,0.0,0.0,0.0,0.0,0.0
567,TBStack-LR,0,0,TreeStacking,Extract Subclass,0.0068728522336769,0.0071481390189795,0.023598820058997,0.0017241379310344,0.0,7.050240627777948e-05,0.0030468607178403,0.0098280098280098,0.0015060240963855,0.1428571428571428,0.0013227513227513,0.0,0.0,0.0030275507114744,0.0003029385034837,0.0,0.0099009900990099,0.0150753768844221,0.0106382978723404,0.0,0.0,0.0,0.0102996254681647,0.0006055101422948,0.0,0.0379746835443038,0.0015800561797752,0.0002141786249732,0.0077787381158167,0.0403877221324717,0.0020296643247462,0.0009487666034155,0.0,0.0408602150537634,0.0078716318498334,0.0085242408098028,0.0,0.0,0.0,0.0,0.0,0.0,0.0,0.0,0.0
568,TBStack-LR,0,0,TreeStacking,Extract Subclass,0.0,0.0199654917426669,0.0049164208456243,0.0051724137931034,0.0,0.0004797228948901,0.0064593447218216,0.0098280098280098,0.0012550200803212,0.1904761904761904,0.0026455026455026,0.0,0.0,0.0045413260672116,0.0003029385034837,0.0,0.0228960396039603,0.0753768844221105,0.0053191489361702,0.0,0.0,0.0,0.0337078651685393,0.0003027550711474,0.0,0.0,0.0007022471910112,0.0014992503748125,0.0233362143474503,0.0468497576736672,0.0103044496487119,0.0009487666034155,0.0182648401826484,0.0610752688172043,0.0187708144111413,0.0218433670751198,1.0,0.0,6.72296527588435e-05,0.0,0.0769230769230769,0.0,0.0094339622641509,0.000281690140845,0.0016583747927031
569,TBStack-LR,0,0,TreeStacking,Extract Subclass,0.0068728522336769,0.0256347054473749,0.015732546705998,0.0051724137931034,0.0,0.0001333415075253,0.0091608945583067,0.0221130221130221,0.0057730923694779,0.238095238095238,0.0030864197530864,0.0,0.0,0.0093854072055706,0.004241139048773,0.0,0.0173267326732673,0.1105527638190954,0.026595744680851,0.0,0.0,0.0,0.0177902621722846,0.0018165304268846,0.0,0.1139240506329113,0.0022823033707865,0.0008567144998929,0.0181503889369057,0.0403877221324717,0.0031225604996096,0.0018975332068311,0.0091324200913242,0.0713978494623655,0.0224038752649106,0.0229088971763452,0.7903225806451613,0.0305997552019583,0.0017815857981093,0.0007521440990876,0.1538461538461538,0.0666666666666666,0.0849056603773584,0.0174647887323943,0.0033167495854063
570,TBStack-LR,0,0,TreeStacking,Extract Subclass,0.0,0.0019719004190288,0.0127826941986234,0.0,0.0,0.0,0.0005484349292112,0.0,0.0,0.1428571428571428,0.0008818342151675,0.0,0.0,0.0,0.0,0.0,0.0006188118811881,0.0,0.0,0.0,0.0,0.0,0.0009363295880149,0.0,0.0009090909090909,0.0,0.0,0.0002141786249732,0.0025929127052722,0.0080775444264943,0.0,0.0009487666034155,0.0,0.0120430107526881,0.0024220405691795,0.000799147575919,0.0,0.0,0.0,0.0,0.0,0.0,0.0,0.0,0.0
571,TBStack-LR,0,0,TreeStacking,Extract Subclass,0.0240549828178694,0.0345082573330046,0.0521140609636184,0.0396551724137931,0.0,0.013511939429237,0.0284779915094148,0.0245700245700245,0.0007530120481927,0.1904761904761904,0.0061728395061728,0.0,0.0,0.0248259158340902,0.0015146925174189,0.0,0.1188118811881188,0.3869346733668342,0.3351063829787234,0.0,0.0292397660818713,0.0015137753557372,0.1161048689138576,0.0012110202845897,0.0,0.0,0.0021945224719101,0.001927607624759,0.0717372515125324,0.2019386106623586,0.0043715846994535,0.0047438330170777,0.0,0.112258064516129,0.0402664244626097,0.083910495471497,0.1571428571428571,0.03671970624235,0.0068611595621108,0.00112333209604,0.6153846153846154,0.1333333333333333,0.2075471698113207,0.0197183098591549,0.0140961857379767
572,TBStack-LR,0,0,TreeStacking,Extract Subclass,0.0,0.001232437761893,0.0176991150442477,0.0,0.0,6.89697452717408e-06,0.0013203063110641,0.0,0.0,0.0952380952380952,0.0,0.0,0.0,0.0018165304268846,0.0009088155104513,0.0,0.0037128712871287,0.0,0.0,0.0,0.0,0.0018165304268846,0.0056179775280898,0.0018165304268846,0.0,0.0,0.0,0.0,0.0008643042350907,0.0153473344103392,0.0014051522248243,0.0009487666034155,0.0,0.0232258064516129,0.0018165304268846,0.0021310602024507,0.0,0.0,0.0,0.0,0.0,0.0,0.0,0.0,0.0
573,TBStack-LR,0,0,TreeStacking,Extract Subclass,0.0,0.0103524771999014,0.0412979351032448,0.0008620689655172,0.0,0.0,0.0030874855274115,0.0245700245700245,0.0002510040160642,0.1428571428571428,0.0,0.0,0.0,0.0015137753557372,0.0015146925174189,0.0,0.0061881188118811,0.0251256281407035,0.0,0.0,0.0058479532163742,0.0,0.0084269662921348,0.0,0.0,0.0,8.778089887640449e-05,0.0002141786249732,0.006914433880726,0.0444264943457189,0.0009367681498829,0.0009487666034155,0.0,0.0318279569892473,0.0105964274901604,0.0071923281832711,0.4736842105263157,0.003671970624235,0.0004295227815148,0.0002442026295739,0.3076923076923077,0.0,0.0377358490566037,0.0053521126760563,0.0049751243781094
574,TBStack-LR,0,0,TreeStacking,Extract Subclass,0.0,0.0426423465614986,0.0039331366764995,0.0,0.0,7.663305030193422e-07,0.0043671670289045,0.0,0.0233433734939759,0.0476190476190476,0.0,0.0,0.0,0.0523766273085074,0.0508936685852771,0.0,0.0012376237623762,0.0,0.0,0.0,0.0,0.0523766273085074,0.0018726591760299,0.0523766273085074,0.0,0.0,0.0036867977528089,0.0,0.0,0.0008077544426494,0.0188914910226385,0.0009487666034155,0.0,0.0249462365591397,0.0523766273085074,0.000799147575919,0.36,0.0085679314565483,0.0016247166083387,0.0010842596753081,0.2307692307692307,0.0095238095238095,0.0377358490566037,0.0140845070422535,0.0
575,TBStack-LR,0,0,TreeStacking,Extract Subclass,0.0,0.0046832634951934,0.0019665683382497,0.0,0.0,4.0615516660025137e-05,0.0018078040259186,0.0,0.003012048192771,0.0952380952380952,0.0004409171075837,0.0,0.0,0.0027247956403269,0.0009088155104513,0.0,0.0086633663366336,0.0452261306532663,0.0,0.0,0.0,0.0,0.0131086142322097,0.0,0.0,0.0,0.0,0.0,0.010371650821089,0.0088852988691437,0.0039032006245121,0.0009487666034155,0.0045662100456621,0.024516129032258,0.004844081138359,0.0042621204049014,0.9666666666666668,0.0012239902080783,0.0010607345213061,0.0014456795670775,0.0769230769230769,0.0285714285714285,0.0377358490566037,0.0422535211267605,0.0
576,TBStack-LR,0,0,TreeStacking,Extract Subclass,0.0137457044673539,0.0041902883904362,0.0127826941986234,0.0068965517241379,0.0,7.663305030193421e-06,0.0029046738843411,0.0024570024570024,0.0,0.1428571428571428,0.0008818342151675,0.0,0.0,0.0,0.0,0.0,0.0030940594059405,0.0,0.0212765957446808,0.0,0.0,0.0,0.0009363295880149,0.0,0.0045454545454545,0.0,0.0001755617977528,0.0010708931248661,0.0,0.0218093699515347,0.0,0.0009487666034155,0.0,0.0232258064516129,0.0030275507114744,0.0071923281832711,0.0,0.0,0.0,0.0,0.0,0.0,0.0,0.0,0.0
577,TBStack-LR,0,0,TreeStacking,Extract Subclass,0.0034364261168384,0.0022183879714074,0.0108161258603736,0.0008620689655172,0.0,0.0,0.0010765574536369,0.0,0.0,0.0952380952380952,0.0,0.0,0.0,0.0018165304268846,0.0,0.0,0.0024752475247524,0.0,0.0,0.0,0.0,0.0009082652134423,0.0037453183520599,0.0,0.0,0.0,0.0001755617977528,0.0,0.003457216940363,0.0040387722132471,0.0,0.0009487666034155,0.0,0.0146236559139784,0.0024220405691795,0.0013319126265316,0.0,0.0,0.0,0.0,0.0,0.0,0.0,0.0,0.0
578,TBStack-LR,0,0,TreeStacking,Extract Subclass,0.0103092783505154,0.0280995809711609,0.0629301868239921,0.0189655172413793,0.0,0.0001923489562578,0.0144014949929922,0.0515970515970515,0.0062751004016064,0.3809523809523809,0.0004409171075837,0.0,0.0,0.007568876778686,0.0006058770069675,0.0,0.0191831683168316,0.1256281407035175,0.0744680851063829,0.0,0.0,0.0,0.0149812734082397,0.0006055101422948,0.0,0.0,0.0003511235955056,0.0004283572499464,0.024200518582541,0.1486268174474959,0.0056206088992974,0.0018975332068311,0.0730593607305936,0.1019354838709677,0.0278534665455646,0.043953116675546,0.5714285714285714,0.018359853121175,0.0003622931287559,0.000224666419208,0.2307692307692307,0.0095238095238095,0.0377358490566037,0.0078873239436619,0.0024875621890547
579,TBStack-LR,0,0,TreeStacking,Extract Subclass,0.0,0.0409169336948484,0.0117994100294985,0.0379310344827586,0.0,0.0010560034331606,0.0133452499441408,0.0294840294840294,0.0005020080321285,0.1428571428571428,0.0207231040564373,0.0,0.0,0.0,0.0,0.0,0.0327970297029703,0.0,0.0053191489361702,0.0,0.0175438596491228,0.0,0.045880149812734,0.0,0.0472727272727272,0.0,0.0048279494382022,0.0089955022488755,0.03457216940363,0.0411954765751211,0.0167056986729117,0.0028462998102466,0.0502283105022831,0.0447311827956989,0.0239176506206478,0.0378263185935002,0.0,0.0,0.0,0.0,0.0,0.0,0.0,0.0,0.0
580,TBStack-LR,0,0,TreeStacking,Extract Subclass,0.0,0.0,0.0058997050147492,0.0,0.0,0.0,0.0002234364526416,0.0,0.0,0.0476190476190476,0.0004409171075837,0.0,0.0,0.0,0.0,0.0,0.0006188118811881,0.0,0.0,0.0,0.0,0.0,0.0009363295880149,0.0,0.0,0.0,0.0007022471910112,0.0,0.0008643042350907,0.0008077544426494,0.0012490241998438,0.0009487666034155,0.0,0.0055913978494623,0.0,0.0002663825253063,0.0,0.0,0.0,0.0,0.0,0.0,0.0,0.0,0.0
581,TBStack-LR,0,0,TreeStacking,Extract Subclass,0.0,0.003697313285679,0.0176991150442477,0.0,0.0064102564102564,7.663305030193421e-06,0.0078609006520281,0.0,0.0,0.1428571428571428,0.0013227513227513,0.0,0.0,0.0033303057826218,0.0033323235383217,0.0,0.0074257425742574,0.0251256281407035,0.0053191489361702,0.0,0.0,0.0018165304268846,0.0084269662921348,0.0018165304268846,0.0027272727272727,0.0,0.0003511235955056,0.0,0.0086430423509075,0.0193861066235864,0.0003122560499609,0.0018975332068311,0.0319634703196347,0.0640860215053763,0.0039358159249167,0.0050612679808204,0.6818181818181818,0.0061199510403916,0.0009076003122443,0.0004102604176841,0.2307692307692307,0.0285714285714285,0.0566037735849056,0.0123943661971831,0.0016583747927031
582,TBStack-LR,0,0,TreeStacking,Extract Subclass,0.0,0.0113384274094158,0.0009832841691248,0.0,0.0,0.0,0.0009546830249233,0.0,0.0,0.0,0.0013227513227513,0.0,0.0,0.0139267332727823,0.0139351711602544,0.0,0.0,0.0,0.0,0.0,0.0,0.0,0.0,0.0139267332727823,0.0,0.0,0.0016678370786516,0.0,0.0,0.0008077544426494,0.0040593286494925,0.0009487666034155,0.0,0.0154838709677419,0.0139267332727823,0.0,0.0,0.0,0.0,0.0,0.0,0.0,0.0,0.0,0.0
583,TBStack-LR,0,0,TreeStacking,Extract Subclass,0.0,0.0046832634951934,0.0,0.0,0.0,0.0,0.0003859356909264,0.0,0.0,0.0,0.0,0.0,0.0,0.0057523463518013,0.005755831566192,0.0,0.0,0.0,0.0,0.0,0.0,0.0057523463518013,0.0,0.0057523463518013,0.0,0.0,0.0,0.0,0.0,0.0,0.0029664324746291,0.0009487666034155,0.0,0.0146236559139784,0.0057523463518013,0.0,0.0,0.0,0.0,0.0,0.0,0.0,0.0,0.0,0.0
584,TBStack-LR,0,0,TreeStacking,Extract Subclass,0.0,0.0108454523046586,0.007866273352999,0.0034482758620689,0.0,2.2989915090580268e-06,0.0035343584326948,0.0147420147420147,0.0057730923694779,0.2857142857142857,0.0044091710758377,0.0,0.0,0.0006055101422948,0.0006058770069675,0.0,0.0018564356435643,0.0100502512562814,0.0106382978723404,0.0,0.0,0.0,0.0009363295880149,0.0006055101422948,0.0027272727272727,0.0,0.0007900280898876,0.0008567144998929,0.006914433880726,0.048465266558966,0.0120218579234972,0.0009487666034155,0.0228310502283105,0.0395698924731182,0.0087798970632758,0.0117208311134789,0.0,0.0,0.0,0.0,0.0,0.0,0.0,0.0,0.0
585,TBStack-LR,0,1,TreeStacking,Extract Subclass,0.0,0.0004929751047572,0.0108161258603736,0.0,0.0,0.0,0.00050781011964,0.0,0.0,0.0476190476190476,0.0,0.0,0.0,0.0003027550711474,0.0003029385034837,0.0,0.0006188118811881,0.0050251256281407,0.0,0.0,0.0058479532163742,0.0,0.0,0.0003027550711474,0.0,0.0,0.0,0.0,0.0,0.0080775444264943,0.0001561280249804,0.0009487666034155,0.0,0.0064516129032258,0.0006055101422948,0.0002663825253063,0.0,0.0,0.0,0.0,0.0,0.0,0.0,0.0,0.0
586,TBStack-LR,0,0,TreeStacking,Extract Subclass,0.0,0.0009859502095144,0.0039331366764995,0.0,0.0,7.663305030193422e-07,0.0003859356909264,0.0,0.0,0.0952380952380952,0.0,0.0,0.0,0.0006055101422948,0.0003029385034837,0.0,0.0018564356435643,0.0100502512562814,0.0,0.0,0.0,0.0,0.0028089887640449,0.0,0.0,0.0,0.0,0.0,0.0017286084701815,0.0008077544426494,0.0,0.0009487666034155,0.0045662100456621,0.006021505376344,0.0009082652134423,0.0010655301012253,0.0,0.0,0.0,0.0,0.0,0.0,0.0,0.0,0.0
587,TBStack-LR,0,0,TreeStacking,Extract Subclass,0.0068728522336769,0.0022183879714074,0.0334316617502458,0.0017241379310344,0.0,5.364313521135396e-05,0.0042452926001909,0.0,0.0,0.1428571428571428,0.0,0.0,0.0,0.0018165304268846,0.0003029385034837,0.0,0.0080445544554455,0.0301507537688442,0.0,0.0,0.0467836257309941,0.0,0.0046816479400749,0.0003027550711474,0.0,0.0,0.0001755617977528,0.0012850717498393,0.0077787381158167,0.0234248788368336,0.0026541764246682,0.0018975332068311,0.0,0.0438709677419354,0.0027247956403269,0.0066595631326584,0.0,0.0,0.0,0.0,0.0,0.0,0.0,0.0,0.0
588,TBStack-LR,0,0,TreeStacking,Extract Subclass,0.0721649484536082,0.0468326349519349,0.0707964601769911,0.0155172413793103,0.0,0.0001724243631793,0.0244155105522942,0.0614250614250614,0.019578313253012,0.3333333333333333,0.005731922398589,0.0,0.0,0.0030275507114744,0.0027264465313541,0.0,0.0136138613861386,0.0402010050251256,0.0851063829787234,0.0,0.0,0.0,0.0056179775280898,0.0024220405691795,0.0027272727272727,0.0,0.0043012640449438,0.0027843221246519,0.010371650821089,0.1857835218093699,0.0254488680718188,0.0028462998102466,0.0958904109589041,0.1354838709677419,0.0378443838934302,0.041555673947789,1.0,0.0636474908200734,0.0060544037290047,0.003360228182937,0.0769230769230769,0.0,0.0094339622641509,0.0428169014084507,0.0281923714759535
589,TBStack-LR,0,0,TreeStacking,Extract Subclass,0.0,0.0002464875523786,0.0049164208456243,0.0,0.0,0.0001042209484106,0.0008531210009953,0.0,0.0,0.0476190476190476,0.0004409171075837,0.1126760563380281,0.0,0.0003027550711474,0.0003029385034837,0.0,0.010519801980198,0.0,0.0,0.0,0.0,0.0003027550711474,0.0159176029962546,0.0003027550711474,0.0009090909090909,0.0,0.0,0.0,0.0008643042350907,0.0145395799676898,0.0,0.0018975332068311,0.0,0.0288172043010752,0.0003027550711474,0.0045285029302077,0.0,0.0,0.0,0.0,0.0,0.0,0.0,0.0,0.0
590,TBStack-LR,0,0,TreeStacking,Extract Subclass,0.0034364261168384,0.0007394626571358,0.0127826941986234,0.0008620689655172,0.0,6.1306440241547375e-06,0.0021734273120594,0.0024570024570024,0.0022590361445783,0.1428571428571428,0.0004409171075837,0.0,0.0,0.0006055101422948,0.0,0.0,0.0049504950495049,0.0050251256281407,0.0053191489361702,0.0111111111111111,0.0,0.0,0.0065543071161048,0.0003027550711474,0.0,0.050632911392405,0.0,0.0,0.003457216940363,0.0250403877221324,0.0039032006245121,0.0009487666034155,0.0136986301369863,0.0150537634408602,0.0006055101422948,0.0053276505061267,1.0,0.0,0.0040561890497835,0.0036923437591575,0.0769230769230769,0.0,0.0094339622641509,0.0140845070422535,0.0
591,TBStack-LR,0,0,TreeStacking,Extract Subclass,0.0,0.0,0.0,0.0,0.0,0.0,0.0052202880298998,0.0,0.0,0.0,0.0,0.0,0.0,0.0,0.0,0.0,0.0,0.0,0.0,0.0,0.0,0.0,0.0,0.0,0.0,0.0,0.0,0.0,0.0,0.0,0.0,0.0,0.0,0.0,0.0,0.0,0.26,0.0269277845777233,0.001277363402418,0.000449332838416,0.3846153846153846,0.1047619047619047,0.1509433962264151,0.0140845070422535,0.0
592,TBStack-LR,0,0,TreeStacking,Extract Subclass,0.0,0.0032043381809218,0.0068829891838741,0.0025862068965517,0.0,3.831652515096711e-05,0.001685929597205,0.0049140049140049,0.0,0.1428571428571428,0.0004409171075837,0.0,0.0,0.0012110202845897,0.0003029385034837,0.0,0.0074257425742574,0.0201005025125628,0.0159574468085106,0.0,0.0,0.0,0.0084269662921348,0.0009082652134423,0.0027272727272727,0.0126582278481012,0.0002633426966292,0.0,0.003457216940363,0.0153473344103392,0.0014051522248243,0.0009487666034155,0.0,0.0279569892473118,0.0030275507114744,0.0047948854555141,1.0,0.0024479804161566,0.0002091589196941,9.76810518295661e-06,0.0769230769230769,0.0,0.0094339622641509,0.0016901408450704,0.0008291873963515
593,TBStack-LR,0,0,TreeStacking,Extract Subclass,0.0,0.0108454523046586,0.0196656833824975,0.0043103448275862,0.0,3.0653220120773688e-06,0.005362474863399,0.0147420147420147,0.0012550200803212,0.238095238095238,0.0008818342151675,0.0,0.0,0.0009082652134423,0.0006058770069675,0.0,0.0030940594059405,0.0100502512562814,0.0,0.0,0.0058479532163742,0.0003027550711474,0.0037453183520599,0.0006055101422948,0.0,0.0,0.000877808988764,0.0008567144998929,0.003457216940363,0.117124394184168,0.0018735362997658,0.0009487666034155,0.0,0.043010752688172,0.0118074477747502,0.015716568993074,0.0,0.0,0.0,0.0,0.0,0.0,0.0,0.0,0.0
594,TBStack-LR,0,0,TreeStacking,Extract Subclass,0.0034364261168384,0.0921863445895982,0.063913470993117,0.075,0.0,0.0,0.042777924478479,0.1007371007371007,0.0358935742971887,0.3333333333333333,0.0044091710758377,0.0,0.0,0.0154405086285195,0.0087852166010299,0.002710027100271,0.0476485148514851,0.1306532663316583,0.0851063829787234,0.0,0.0058479532163742,0.0,0.0533707865168539,0.0015137753557372,0.0,0.2151898734177215,0.0193995786516853,0.0098522167487684,0.1080380293863439,0.1114701130856219,0.0412177985948477,0.0018975332068311,0.0410958904109589,0.1565591397849462,0.0778080532848925,0.1811401172083111,0.945770065075922,0.1848225214198286,0.0068424846585667,0.0046398499619043,0.0769230769230769,0.0666666666666666,0.0754716981132075,0.1298591549295774,0.0265339966832504
595,TBStack-LR,0,0,TreeStacking,Extract Subclass,0.0446735395189003,0.0054227261523293,0.0521140609636184,0.0008620689655172,0.0,0.0006582779020936,0.0199874063090329,0.0147420147420147,0.0002510040160642,0.1904761904761904,0.0074955908289241,0.0,0.0,0.0003027550711474,0.0003029385034837,0.0,0.0259900990099009,0.0,0.0159574468085106,0.0,0.0,0.0,0.0215355805243445,0.0003027550711474,0.0372727272727272,0.0,0.0002633426966292,0.0008567144998929,0.041486603284356,0.0379644588045234,0.0004683840749414,0.01707779886148,0.0091324200913242,0.0688172043010752,0.0060551014229488,0.0159829515183803,0.0,0.0,0.0,0.0,0.0,0.0,0.0,0.0,0.0
596,TBStack-LR,0,0,TreeStacking,Extract Subclass,0.0,0.011831402514173,0.0127826941986234,0.0017241379310344,0.0,1.6092940563406187e-05,0.0039812313379781,0.0098280098280098,0.0040160642570281,0.2857142857142857,0.0022045855379188,0.0,0.0,0.0027247956403269,0.0003029385034837,0.0,0.0092821782178217,0.0452261306532663,0.0106382978723404,0.0,0.0,0.0,0.0121722846441947,0.0,0.0,0.0,0.0006144662921348,0.0017134289997858,0.0051858254105445,0.0411954765751211,0.0082747853239656,0.0009487666034155,0.0182648401826484,0.0417204301075268,0.0118074477747502,0.0087906233351092,0.0,0.0,0.0,0.0,0.0,0.0,0.0,0.0,0.0
597,TBStack-LR,0,0,TreeStacking,Extract Subclass,0.0240549828178694,0.0046832634951934,0.023598820058997,0.0,0.0,9.349232136835974e-05,0.0145843066360626,0.0049140049140049,0.0007530120481927,0.1904761904761904,0.0008818342151675,0.0,0.0,0.0015137753557372,0.0,0.0,0.010519801980198,0.0251256281407035,0.0212765957446808,0.0,0.0292397660818713,0.0,0.0074906367041198,0.0,0.0,0.0,0.000438904494382,0.0002141786249732,0.0095073465859982,0.0274636510500807,0.0021857923497267,0.0028462998102466,0.0091324200913242,0.1161290322580645,0.0054495912806539,0.0063931806073521,0.0,0.0,0.0,0.0,0.0,0.0,0.0,0.0,0.0
598,TBStack-LR,0,0,TreeStacking,Extract Subclass,0.0274914089347079,0.0369731328567907,0.0363815142576204,0.0025862068965517,0.0,0.0004873861999203,0.0149296175174178,0.0147420147420147,0.0067771084337349,0.1904761904761904,0.0308641975308641,0.0,0.0,0.0127157129881925,0.0087852166010299,0.0,0.0253712871287128,0.1306532663316583,0.0638297872340425,0.0,0.0058479532163742,0.004844081138359,0.0262172284644194,0.0099909173478655,0.0254545454545454,0.0,0.0015800561797752,0.0034268579995716,0.0181503889369057,0.1243941841680129,0.0134270101483216,0.0009487666034155,0.0319634703196347,0.1178494623655913,0.0339085679685134,0.0285029302077783,0.936842105263158,0.0354957160342717,0.0036229312875598,0.0020024615625061,0.0769230769230769,0.0285714285714285,0.0377358490566037,0.0267605633802816,0.011608623548922
599,TBStack-LR,0,0,TreeStacking,Extract Subclass,0.0034364261168384,0.0027113630761646,0.0226155358898721,0.0,0.0,4.5979830181160536e-06,0.0037374824805508,0.0,0.0,0.0952380952380952,0.0,0.0,0.0,0.0006055101422948,0.0006058770069675,0.0,0.0024752475247524,0.0050251256281407,0.0106382978723404,0.0,0.0116959064327485,0.0,0.0,0.0006055101422948,0.0,0.0,0.0,0.0,0.0,0.0226171243941841,0.0001561280249804,0.0009487666034155,0.0,0.0563440860215053,0.0033303057826218,0.0026638252530633,0.82,0.0122399020807833,0.0012885683445445,0.0005372457850626,0.1538461538461538,0.019047619047619,0.0377358490566037,0.0140845070422535,0.0
600,TBStack-LR,0,0,TreeStacking,Extract Subclass,0.0068728522336769,0.0046832634951934,0.0049164208456243,0.0008620689655172,0.0,0.0,0.0021328025024882,0.0122850122850122,0.0002510040160642,0.1904761904761904,0.0,0.0,0.0,0.0009082652134423,0.0003029385034837,0.0,0.0024752475247524,0.0100502512562814,0.0053191489361702,0.0,0.0058479532163742,0.0,0.0018726591760299,0.0,0.0,0.0,0.0015800561797752,0.0,0.0,0.0218093699515347,0.0010928961748633,0.0009487666034155,0.0,0.0305376344086021,0.0039358159249167,0.0034629728289824,0.0,0.0,0.0,0.0,0.0,0.0,0.0,0.0,0.0
601,TBStack-LR,0,0,TreeStacking,Extract Subclass,0.0,0.0120778900665516,0.0412979351032448,0.0051724137931034,0.0,3.2952211629831713e-05,0.0053015376490422,0.0196560196560196,0.0,0.238095238095238,0.0035273368606701,0.0,0.0,0.0006055101422948,0.0006058770069675,0.0,0.0061881188118811,0.0100502512562814,0.0159574468085106,0.0,0.0,0.0,0.0028089887640449,0.0,0.0027272727272727,0.0,0.0,0.0004283572499464,0.0129645635263612,0.0581583198707592,0.0006245120999219,0.0028462998102466,0.0273972602739726,0.061505376344086,0.0139267332727823,0.0103889184869472,0.1666666666666666,0.0085679314565483,0.0010906143669767,0.00042979662805,0.6153846153846154,0.0476190476190476,0.1226415094339622,0.0084507042253521,0.0049751243781094
602,TBStack-LR,0,0,TreeStacking,Extract Subclass,0.0,0.0,0.0,0.0,0.0,1.1494957545290131e-05,0.0001218744287136,0.0,0.0,0.0,0.0,0.0,0.0,0.0,0.0,0.0,0.0037128712871287,0.0,0.0,0.0,0.0,0.0,0.0,0.0,0.0,0.0,0.0,0.0,0.0,0.0,0.0,0.0009487666034155,0.0,0.006021505376344,0.0,0.001598295151838,0.0,0.0,0.0,0.0,0.0,0.0,0.0,0.0,0.0
603,TBStack-LR,0,0,TreeStacking,Extract Subclass,0.0,0.0,0.0029498525073746,0.0,0.0,4.5979830181160536e-06,0.000101562023928,0.0,0.0,0.0,0.0,0.0,0.0,0.0,0.0,0.0,0.0024752475247524,0.0,0.0,0.0,0.0,0.0,0.0,0.0,0.0,0.0,0.0,0.0,0.0,0.0,0.0,0.0009487666034155,0.0,0.0051612903225806,0.0,0.0010655301012253,0.0,0.0,0.0,0.0,0.0,0.0,0.0,0.0,0.0
604,TBStack-LR,0,0,TreeStacking,Extract Subclass,0.0137457044673539,0.0014789253142716,0.0186823992133726,0.0,0.0,7.663305030193422e-07,0.0016453047876338,0.0,0.0,0.0476190476190476,0.0,0.0,0.0,0.0006055101422948,0.0003029385034837,0.0,0.0018564356435643,0.0100502512562814,0.0053191489361702,0.0,0.0058479532163742,0.0,0.0009363295880149,0.0003027550711474,0.0,0.0,0.0,0.0,0.0008643042350907,0.0032310177705977,0.0006245120999219,0.0009487666034155,0.0,0.024516129032258,0.0018165304268846,0.000799147575919,0.0,0.0,0.0,0.0,0.0,0.0,0.0,0.0,0.0
605,TBStack-LR,0,0,TreeStacking,Extract Subclass,0.0,0.0032043381809218,0.0108161258603736,0.0,0.0,0.0,0.0009953078344945,0.0,0.0005020080321285,0.0952380952380952,0.0004409171075837,0.0,0.0,0.0006055101422948,0.0006058770069675,0.0,0.0030940594059405,0.0100502512562814,0.0053191489361702,0.0,0.0,0.0,0.0037453183520599,0.0,0.0009090909090909,0.0,8.778089887640449e-05,0.0,0.0,0.0161550888529886,0.0001561280249804,0.0009487666034155,0.0045662100456621,0.0172043010752688,0.0039358159249167,0.001598295151838,1.0,0.0,0.0002950634759971,0.0,0.0769230769230769,0.0,0.0094339622641509,0.000281690140845,0.0008291873963515
606,TBStack-LR,0,0,TreeStacking,Extract Subclass,0.0,0.0463396598471777,0.0176991150442477,0.0120689655172413,0.0,6.283910124758607e-05,0.0275233084844914,0.0221130221130221,0.0138052208835341,0.238095238095238,0.009700176366843,0.0,0.0,0.0208900999091734,0.0205998182368979,0.0,0.010519801980198,0.1507537688442211,0.026595744680851,0.0,0.0,0.0118074477747502,0.0112359550561797,0.020587344838026,0.009090909090909,0.0,0.008690308988764,0.0002141786249732,0.03457216940363,0.0460420032310177,0.0153005464480874,0.0104364326375711,0.0045662100456621,0.0851612903225806,0.0402664244626097,0.0452850293020777,1.0,0.0171358629130966,0.0035818464997628,0.0009377380975638,0.0769230769230769,0.0,0.0094339622641509,0.0188732394366197,0.0041459369817578
607,TBStack-LR,0,0,TreeStacking,Extract Subclass,0.0,0.0,0.0,0.0,0.0,0.0,0.000406248095712,0.0,0.0,0.0,0.0,0.0,0.0,0.0,0.0,0.0,0.0,0.0,0.0,0.0,0.0,0.0,0.0,0.0,0.0,0.0,0.0,0.0,0.0,0.0,0.0,0.0,0.0,0.0,0.0,0.0,0.0,0.0,0.0,0.0,0.0,0.0,0.0,0.0,0.0
608,TBStack-LR,0,0,TreeStacking,Extract Subclass,0.0,0.0002464875523786,0.0068829891838741,0.0,0.0,7.663305030193422e-07,0.0003453108813552,0.0,0.0,0.0476190476190476,0.0,0.0,0.0,0.0003027550711474,0.0,0.0,0.0018564356435643,0.0050251256281407,0.0,0.0,0.0,0.0,0.0028089887640449,0.0,0.0,0.0,0.0003511235955056,0.0,0.0017286084701815,0.0,0.0,0.0009487666034155,0.0,0.0055913978494623,0.0003027550711474,0.000799147575919,0.375,0.0024479804161566,0.0015649569169975,0.0001758258932932,0.3076923076923077,0.0,0.0377358490566037,0.0022535211267605,0.0008291873963515
609,TBStack-LR,0,1,TreeStacking,Extract Subclass,0.0034364261168384,0.0066551639142223,0.0098328416912487,0.0008620689655172,0.0,2.1457254084541585e-05,0.0150108671365602,0.0024570024570024,0.0007530120481927,0.1904761904761904,0.0022045855379188,0.0,0.0,0.0036330608537693,0.0021205695243865,0.0,0.0074257425742574,0.0603015075376884,0.0106382978723404,0.0,0.0,0.0,0.0093632958801498,0.0018165304268846,0.0018181818181818,0.0126582278481012,8.778089887640449e-05,0.0,0.0043215211754537,0.0226171243941841,0.0035909445745511,0.0018975332068311,0.0136986301369863,0.0812903225806451,0.0066606115652437,0.0069259456579648,0.68,0.0097919216646266,0.0041458285867953,0.0003321155762205,0.2307692307692307,0.0285714285714285,0.0566037735849056,0.0070422535211267,0.0049751243781094
610,TBStack-LR,0,0,TreeStacking,Extract Subclass,0.0,0.0029578506285432,0.0334316617502458,0.0008620689655172,0.0,0.0004299114121938,0.0036359204566228,0.0245700245700245,0.0,0.1428571428571428,0.0052910052910052,0.0,0.0,0.0,0.0,0.0,0.021039603960396,0.0,0.0,0.0,0.0,0.0,0.0318352059925093,0.0,0.0309090909090909,0.0,0.0001755617977528,0.0,0.0319792566983578,0.0266558966074313,0.0006245120999219,0.0009487666034155,0.0,0.0292473118279569,0.0033303057826218,0.014118273841236,1.0,0.0,0.0007544661031825,0.0001562896829273,0.0769230769230769,0.0,0.0094339622641509,0.0061971830985915,0.0008291873963515
611,TBStack-LR,0,0,TreeStacking,Extract Subclass,0.0,0.0009859502095144,0.0,0.0,0.0,0.0,8.124961914241028e-05,0.0,0.0,0.0,0.0,0.0,0.0,0.0012110202845897,0.0012117540139351,0.0,0.0,0.0,0.0,0.0,0.0,0.0012110202845897,0.0,0.0,0.0,0.0,0.0003511235955056,0.0,0.0,0.0,0.0,0.0009487666034155,0.0,0.0098924731182795,0.0012110202845897,0.0,0.0,0.0,0.0,0.0,0.0,0.0,0.0,0.0,0.0
612,TBStack-LR,0,0,TreeStacking,Extract Subclass,0.0,0.0002464875523786,0.0058997050147492,0.0,0.0,0.0,0.0005281225244256,0.0,0.0,0.0476190476190476,0.0008818342151675,0.0,0.0,0.0003027550711474,0.0003029385034837,0.0,0.0043316831683168,0.0050251256281407,0.0053191489361702,0.0,0.0,0.0,0.0056179775280898,0.0,0.0027272727272727,0.0,0.0,0.0,0.0051858254105445,0.0048465266558966,0.0,0.0009487666034155,0.0,0.006021505376344,0.0003027550711474,0.0018646776771443,1.0,0.0,0.0003510881866295,9.76810518295661e-06,0.0769230769230769,0.0,0.0094339622641509,0.0014084507042253,0.0008291873963515
613,TBStack-LR,0,0,TreeStacking,Extract Subclass,0.0068728522336769,0.0502834606852353,0.0825958702064896,0.0224137931034482,0.0,0.0021173711798424,0.0215514614775243,0.0196560196560196,0.0057730923694779,0.2857142857142857,0.0445326278659612,0.0,0.0,0.0051468362095065,0.0036352620418055,0.0,0.0488861386138613,0.0854271356783919,0.1595744680851064,0.0,0.0,0.0,0.045880149812734,0.0030275507114744,0.0127272727272727,0.0,0.0036867977528089,0.0006425358749196,0.0613656006914433,0.1397415185783521,0.0277907884465261,0.0009487666034155,0.1643835616438356,0.1376344086021505,0.0578262185891613,0.0428875865743207,0.8947368421052632,0.0012239902080783,0.0003660281094648,0.0016410416707367,0.2307692307692307,0.0,0.0283018867924528,0.0053521126760563,0.0008291873963515
614,TBStack-LR,0,0,TreeStacking,Extract Subclass,0.0034364261168384,0.0004929751047572,0.0029498525073746,0.0,0.0,0.0,0.0207592776908858,0.0,0.0,0.0,0.0,0.0,0.0,0.0006055101422948,0.0,0.0,0.0,0.0,0.0,0.0,0.0,0.0,0.0,0.0,0.0,0.0,0.0,0.0,0.0,0.0,0.0001561280249804,0.0313092979127134,0.0,0.0821505376344086,0.0006055101422948,0.0,1.0,0.003671970624235,0.0030328043355656,0.0006251587317092,0.0769230769230769,0.0,0.0094339622641509,0.0140845070422535,0.0
615,TBStack-LR,0,0,TreeStacking,Extract Subclass,0.0,0.0256347054473749,0.0098328416912487,0.0232758620689655,0.0,0.0002904392606443,0.0081046495094554,0.027027027027027,0.0005020080321285,0.2857142857142857,0.0013227513227513,0.0,0.0,0.0066606115652437,0.0012117540139351,0.0,0.0216584158415841,0.0904522613065326,0.0319148936170212,0.0,0.0,0.0012110202845897,0.0271535580524344,0.0012110202845897,0.0,0.0126582278481012,0.0016678370786516,0.0023559648747055,0.0319792566983578,0.0565428109854604,0.0020296643247462,0.0009487666034155,0.0182648401826484,0.053763440860215,0.023312140478353,0.0332978156632924,0.5673076923076923,0.0746634026927784,0.0040785989340365,0.0126203918963799,0.3846153846153846,0.0285714285714285,0.0754716981132075,0.0292957746478873,0.0182421227197346
616,TBStack-LR,0,0,TreeStacking,Extract Subclass,0.0034364261168384,0.0051762385999507,0.0108161258603736,0.0008620689655172,0.0,0.0,0.0029249862891267,0.0,0.0005020080321285,0.0952380952380952,0.0,0.0,0.0,0.0045413260672116,0.0039382005452893,0.0,0.0043316831683168,0.0753768844221105,0.0106382978723404,0.0,0.0,0.0,0.0046816479400749,0.0018165304268846,0.0,0.0,0.0016678370786516,0.0004283572499464,0.0008643042350907,0.0121163166397415,0.0003122560499609,0.0018975332068311,0.0,0.0339784946236559,0.0051468362095065,0.0037293553542887,0.3043478260869565,0.04406364749082,0.0882165093617291,8.79129466466095e-05,0.3076923076923077,0.1904761904761905,0.2264150943396226,0.0323943661971831,0.0024875621890547
617,TBStack-LR,0,0,TreeStacking,Extract Subclass,0.0,0.014296278037959,0.0245821042281219,0.0008620689655172,0.0,7.893204181099225e-05,0.0052812252442566,0.0171990171990172,0.0012550200803212,0.238095238095238,0.0105820105820105,0.0,0.0,0.0006055101422948,0.0006058770069675,0.0,0.0092821782178217,0.0,0.026595744680851,0.0,0.0,0.0006055101422948,0.0093632958801498,0.0006055101422948,0.0136363636363636,0.0,0.0007900280898876,0.0002141786249732,0.0224719101123595,0.0460420032310177,0.0040593286494925,0.0009487666034155,0.045662100456621,0.0516129032258064,0.0169542839842567,0.0127863612147043,0.0,0.0,0.0,0.0,0.0,0.0,0.0,0.0,0.0
618,TBStack-LR,0,0,TreeStacking,Extract Subclass,0.0103092783505154,0.0029578506285432,0.015732546705998,0.0025862068965517,0.0,0.0,0.0091405821535211,0.0,0.0015060240963855,0.0476190476190476,0.0,0.0,0.0,0.0015137753557372,0.0,0.0,0.0061881188118811,0.0,0.0,0.0,0.0,0.0003027550711474,0.0093632958801498,0.0003027550711474,0.0,0.0,0.0001755617977528,0.0004283572499464,0.0077787381158167,0.0080775444264943,0.0009367681498829,0.0037950664136622,0.0,0.0129032258064516,0.0027247956403269,0.0034629728289824,0.0,0.0,0.0,0.0,0.0,0.0,0.0,0.0,0.0
619,TBStack-LR,0,0,TreeStacking,Extract Subclass,0.0,0.0002464875523786,0.0058997050147492,0.0,0.0,2.2989915090580268e-06,0.000304686071784,0.0,0.0,0.0476190476190476,0.0,0.0,0.0,0.0003027550711474,0.0003029385034837,0.0,0.0018564356435643,0.0050251256281407,0.0,0.0,0.0,0.0,0.0028089887640449,0.0003027550711474,0.0,0.0,0.0,0.0,0.0017286084701815,0.0,0.0006245120999219,0.0009487666034155,0.0,0.0077419354838709,0.0003027550711474,0.000799147575919,0.0,0.0,0.0,0.0,0.0,0.0,0.0,0.0,0.0
620,TBStack-LR,0,0,TreeStacking,Extract Subclass,0.0171821305841924,0.0340152822282474,0.0403146509341199,0.0525862068965517,0.0,0.0,0.017529605329975,0.0122850122850122,0.0153112449799196,0.238095238095238,0.0039682539682539,0.0,0.0,0.0036330608537693,0.0021205695243865,0.0,0.016089108910891,0.0402010050251256,0.0904255319148936,0.0,0.0,0.0003027550711474,0.0046816479400749,0.0015137753557372,0.0009090909090909,0.0,0.0020189606741573,0.0027843221246519,0.0751944684528954,0.1243941841680129,0.0163934426229508,0.0028462998102466,0.136986301369863,0.1088172043010752,0.038449894035725,0.0623335109216835,0.8526645768025078,0.0893512851897184,0.0049936692076985,0.0042979662805009,0.1538461538461538,0.0666666666666666,0.0849056603773584,0.0898591549295774,0.005804311774461
621,TBStack-LR,0,1,TreeStacking,Extract Subclass,0.0,0.0007394626571358,0.288102261553589,0.0,0.0384615384615384,2.758789810869632e-05,0.0148280554934898,0.0024570024570024,0.0,0.0952380952380952,0.0083774250440917,0.0,0.0,0.0,0.0,0.0,0.005569306930693,0.0,0.0372340425531914,0.0,0.0,0.0,0.0018726591760299,0.0,0.0036363636363636,0.0,0.0,0.0004283572499464,0.0,0.0145395799676898,0.0034348165495706,0.0009487666034155,0.0,0.0163440860215053,0.0009082652134423,0.0026638252530633,0.392156862745098,0.0269277845777233,0.0012997732866709,0.0016898821966514,0.3076923076923077,0.0571428571428571,0.0943396226415094,0.0430985915492957,0.0024875621890547
622,TBStack-LR,0,0,TreeStacking,Extract Subclass,0.1134020618556701,0.0687700271136307,0.1101278269419862,0.0629310344827586,0.0,0.0017748214449927,0.060307529808454,0.0147420147420147,0.0105421686746987,0.3333333333333333,0.0083774250440917,0.0,0.0,0.015137753557372,0.0024235080278703,0.0,0.0495049504950495,0.2311557788944723,0.2074468085106383,0.0,0.0175438596491228,0.0,0.0308988764044943,0.0027247956403269,0.0009090909090909,0.0886075949367088,0.0043012640449438,0.001927607624759,0.0553154710458081,0.2245557350565428,0.0351288056206089,0.0075901328273244,0.1415525114155251,0.2670967741935484,0.0554041780199818,0.0908364411294619,0.954248366013072,0.0428396572827417,0.0027302708981508,0.0023541133490925,0.0769230769230769,0.019047619047619,0.0283018867924528,0.0430985915492957,0.0066334991708126
623,TBStack-LR,0,0,TreeStacking,Extract Subclass,0.0,0.0009859502095144,0.0039331366764995,0.0,0.0,0.0,0.000304686071784,0.0,0.0,0.0476190476190476,0.0,0.0,0.0,0.0006055101422948,0.0,0.0,0.0006188118811881,0.0,0.0,0.0,0.0,0.0006055101422948,0.0009363295880149,0.0006055101422948,0.0,0.0,0.0,0.0,0.0,0.0016155088852988,0.0001561280249804,0.0009487666034155,0.0,0.0047311827956989,0.0006055101422948,0.0002663825253063,0.0,0.0,0.0,0.0,0.0,0.0,0.0,0.0,0.0
624,TBStack-LR,0,0,TreeStacking,Extract Subclass,0.0,0.002464875523786,0.0029498525073746,0.0,0.0,3.0653220120773688e-06,0.0005484349292112,0.0,0.0005020080321285,0.0476190476190476,0.001763668430335,0.0,0.0,0.0009082652134423,0.0009088155104513,0.0,0.0024752475247524,0.0150753768844221,0.0053191489361702,0.0,0.0,0.0,0.0028089887640449,0.0009082652134423,0.0027272727272727,0.0,0.0,0.0,0.0017286084701815,0.0080775444264943,0.0024980483996877,0.0009487666034155,0.0,0.0150537634408602,0.0030275507114744,0.0010655301012253,0.0,0.0,0.0,0.0,0.0,0.0,0.0,0.0,0.0
625,TBStack-LR,0,0,TreeStacking,Extract Subclass,0.0,0.0034508257333004,0.0088495575221238,0.0068965517241379,0.0,0.0,0.0010562450488513,0.0,0.001004016064257,0.0476190476190476,0.0,0.0,0.0,0.0015137753557372,0.0006058770069675,0.0,0.0012376237623762,0.0150753768844221,0.0,0.0,0.0,0.0006055101422948,0.0018726591760299,0.0006055101422948,0.0,0.0,0.0007022471910112,0.0,0.0025929127052722,0.0137318255250403,0.0026541764246682,0.0009487666034155,0.0,0.0270967741935483,0.0033303057826218,0.0034629728289824,0.0,0.0,0.0,0.0,0.0,0.0,0.0,0.0,0.0
626,TBStack-LR,0,1,TreeStacking,Extract Subclass,0.0,0.104757209760907,0.0,0.0,0.0,0.0,0.008632772033881,0.0,0.0032630522088353,0.0,0.0,0.0,0.0,0.1286709052376627,0.0,0.0,0.0,0.0,0.0,0.0,0.0,0.0,0.0,0.0,0.0,0.0,0.0373068820224719,0.0002141786249732,0.0,0.0,0.0,0.0009487666034155,0.0,0.0120430107526881,0.1286709052376627,0.0,0.0,0.0,0.0,0.0,0.0,0.0,0.0,0.0,0.0
627,TBStack-LR,0,0,TreeStacking,Extract Subclass,0.0,0.0631008134089228,0.0,0.0,0.0,0.0,0.005260912839471,0.0,0.0085341365461847,0.0,0.001763668430335,0.0,0.0,0.077505298213745,0.0775522568918509,0.0,0.0,0.0,0.0,0.0,0.0,0.077505298213745,0.0,0.077505298213745,0.0,0.0,0.0019311797752808,0.0,0.0,0.0016155088852988,0.0351288056206089,0.0009487666034155,0.0,0.013763440860215,0.077505298213745,0.0,0.4473684210526316,0.0061199510403916,0.0003100033988324,0.0005177095746967,0.5384615384615385,0.0095238095238095,0.0754716981132075,0.0107042253521126,0.0008291873963515
628,TBStack-LR,0,0,TreeStacking,Extract Subclass,0.0034364261168384,0.0056692137047079,0.0403146509341199,0.0172413793103448,0.0,0.0005678509027373,0.0078405882472425,0.0049140049140049,0.0,0.1428571428571428,0.001763668430335,0.0,0.0,0.0003027550711474,0.0003029385034837,0.0,0.0241336633663366,0.0050251256281407,0.0851063829787234,0.0,0.1052631578947368,0.0,0.0046816479400749,0.0003027550711474,0.0,0.0,0.0002633426966292,0.0012850717498393,0.0509939498703543,0.1130856219709208,0.0001561280249804,0.0009487666034155,0.0,0.0705376344086021,0.0057523463518013,0.0266382525306339,0.188235294117647,0.05875152998776,0.0009972398492561,0.0010061148338445,0.4615384615384615,0.1619047619047619,0.2169811320754716,0.0239436619718309,0.0140961857379767
629,TBStack-LR,0,0,TreeStacking,Extract Subclass,0.0034364261168384,0.0226768548188316,0.0304818092428711,0.0189655172413793,0.0,2.9120559114735e-05,0.0091202697487355,0.0196560196560196,0.0085341365461847,0.3333333333333333,0.001763668430335,0.0,0.0,0.0054495912806539,0.0048470160557406,0.0,0.0099009900990099,0.0552763819095477,0.026595744680851,0.0,0.0058479532163742,0.0012110202845897,0.0093632958801498,0.0015137753557372,0.0,0.0379746835443038,0.0024578651685393,0.0012850717498393,0.0121002592912705,0.0533117932148626,0.0112412177985948,0.0018975332068311,0.0045662100456621,0.086021505376344,0.0214956100514683,0.0295684603090037,0.7241379310344828,0.0342717258261933,0.0015948367626681,0.0023638814542754,0.1538461538461538,0.0095238095238095,0.0283018867924528,0.0245070422535211,0.0132669983416252
630,TBStack-LR,0,0,TreeStacking,Extract Subclass,0.0,0.0009859502095144,0.0147492625368731,0.0086206896551724,0.0384615384615384,1.1494957545290131e-05,0.0121265056570047,0.0,0.0,0.0476190476190476,0.001763668430335,0.0,0.0,0.0012110202845897,0.0,0.0,0.0037128712871287,0.0201005025125628,0.0,0.0,0.0,0.0,0.0056179775280898,0.0,0.0,0.0,0.0,0.0,0.0051858254105445,0.0016155088852988,0.0,0.0037950664136622,0.0,0.0589247311827956,0.0012110202845897,0.001598295151838,0.0,0.0,0.0,0.0,0.0,0.0,0.0,0.0,0.0
631,TBStack-LR,0,0,TreeStacking,Extract Subclass,0.0,0.0027113630761646,0.007866273352999,0.0,0.0,0.0009188302731201,0.0042859174097621,0.0024570024570024,0.0,0.1428571428571428,0.0066137566137566,0.0985915492957746,0.0,0.0015137753557372,0.0009088155104513,0.002710027100271,0.0309405940594059,0.0251256281407035,0.0053191489361702,0.0,0.175438596491228,0.0,0.0177902621722846,0.0,0.0,0.0,0.0014044943820224,0.0,0.0259291270527225,0.0379644588045234,0.033879781420765,0.0009487666034155,0.0045662100456621,0.0344086021505376,0.0027247956403269,0.0143846563665423,0.9285714285714286,0.0048959608323133,0.0003249433216677,0.0006837673628069,0.1538461538461538,0.0,0.0188679245283018,0.0078873239436619,0.0033167495854063
632,TBStack-LR,0,0,TreeStacking,Extract Subclass,0.0103092783505154,0.0108454523046586,0.0285152409046214,0.0017241379310344,0.0,1.5326610060386844e-06,0.0055249741016838,0.0196560196560196,0.0002510040160642,0.238095238095238,0.0008818342151675,0.0,0.0,0.0018165304268846,0.0003029385034837,0.0,0.0080445544554455,0.0301507537688442,0.0425531914893617,0.0,0.0,0.0,0.0009363295880149,0.0,0.0009090909090909,0.0,0.0001755617977528,0.0002141786249732,0.0077787381158167,0.0508885298869143,0.0003122560499609,0.0009487666034155,0.0,0.0511827956989247,0.0118074477747502,0.0130527437400106,0.46,0.0281517747858017,0.0022260485024594,0.0026764608201301,0.2307692307692307,0.0095238095238095,0.0377358490566037,0.0140845070422535,0.0
633,TBStack-LR,0,0,TreeStacking,Extract Subclass,0.0,0.0,0.0009832841691248,0.0,0.0,0.4061053551175551,0.0209420893339562,0.0,0.0,0.0,0.0,0.0,0.0,0.0,0.0,0.0,0.6373762376237624,0.0,0.0,0.0,0.0,0.0,0.0,0.0,0.0,0.0,0.0,0.0,0.0,0.0,0.0,0.0009487666034155,0.0,0.418494623655914,0.0,0.27437400106553,0.0742857142857142,0.2998776009791921,0.0047135456545366,0.0022075917713481,0.1538461538461538,0.6000000000000001,0.6132075471698113,0.0985915492957746,0.0
634,TBStack-LR,1,1,TreeStacking,Extract Subclass,0.0,0.0,0.0039331366764995,0.0,0.0,9.195966036232106e-05,0.0004671853100688,0.0,0.0,0.0,0.0,0.0,0.0,0.0,0.0,0.0,0.0099009900990099,0.0,0.0,0.0,0.0,0.0,0.0,0.0,0.0,0.0,0.0,0.0,0.0,0.0,0.0,0.0009487666034155,0.0,0.0193548387096774,0.0,0.0042621204049014,0.0,0.0,0.0,0.0,0.0,0.0,0.0,0.0,0.0
635,TBStack-LR,1,1,TreeStacking,Extract Subclass,0.0103092783505154,0.0027113630761646,0.023598820058997,0.0034482758620689,0.0,2.2989915090580268e-06,0.0039202941236212,0.0024570024570024,0.0007530120481927,0.0952380952380952,0.0013227513227513,0.0,0.0,0.0036330608537693,0.0003029385034837,0.0,0.0043316831683168,0.0,0.026595744680851,0.0,0.0,0.0003027550711474,0.0018726591760299,0.0003027550711474,0.0,0.0,0.0002633426966292,0.0002141786249732,0.0008643042350907,0.0306946688206785,0.0004683840749414,0.0037950664136622,0.0,0.0425806451612903,0.0042385709960641,0.0037293553542887,0.0,0.0,0.0,0.0,0.0,0.0,0.0,0.0,0.0
636,TBStack-LR,1,1,TreeStacking,Extract Subclass,0.0,0.0019719004190288,0.0029498525073746,0.0008620689655172,0.0,9.962296539251447e-06,0.0072921533180313,0.0,0.0,0.0952380952380952,0.0,0.0,0.0,0.0009082652134423,0.0,0.0,0.0068069306930693,0.0,0.0,0.0333333333333333,0.0058479532163742,0.0,0.0093632958801498,0.0,0.0,0.0,8.778089887640449e-05,0.0,0.0051858254105445,0.0032310177705977,0.0,0.0037950664136622,0.0,0.0305376344086021,0.0018165304268846,0.003196590303676,0.0,0.0,0.0,0.0,0.0,0.0,0.0,0.0,0.0
637,TBStack-LR,1,1,TreeStacking,Extract Subclass,0.0,0.0014789253142716,0.0068829891838741,0.0,0.0,0.0,0.000304686071784,0.0,0.0,0.0,0.0,0.0,0.0,0.0018165304268846,0.0018176310209027,0.0,0.0,0.0,0.0,0.0,0.0,0.0018165304268846,0.0,0.0018165304268846,0.0,0.0,0.0,0.0,0.0,0.0016155088852988,0.0,0.0009487666034155,0.0,0.0098924731182795,0.0018165304268846,0.0,0.0,0.0,0.0,0.0,0.0,0.0,0.0,0.0,0.0
638,TBStack-LR,1,1,TreeStacking,Extract Subclass,0.0,0.01059896475228,0.0088495575221238,0.0,0.0,0.0003134291757349,0.0079015254615993,0.0,0.0005020080321285,0.1428571428571428,0.0004409171075837,0.0,0.0,0.0093854072055706,0.0081793395940624,0.0,0.0185643564356435,0.0201005025125628,0.1170212765957446,0.0,0.023391812865497,0.0081743869209809,0.0037453183520599,0.0087798970632758,0.0036363636363636,0.0,0.0028967696629213,0.0017134289997858,0.0449438202247191,0.0403877221324717,0.0014051522248243,0.0028462998102466,0.0182648401826484,0.0593548387096774,0.0127157129881925,0.0175812466702184,0.0,0.0,0.0,0.0,0.0,0.0,0.0,0.0,0.0
639,TBStack-LR,1,1,TreeStacking,Extract Subclass,0.0,0.001232437761893,0.0049164208456243,0.0,0.0,2.5288906599638294e-05,0.000710934167496,0.0,0.0,0.0476190476190476,0.0,0.0,0.0,0.0012110202845897,0.0006058770069675,0.0,0.0061881188118811,0.0201005025125628,0.0,0.0,0.023391812865497,0.0,0.0046816479400749,0.0,0.0,0.0,0.0,0.0,0.0051858254105445,0.0040387722132471,0.0,0.0009487666034155,0.0,0.0111827956989247,0.0012110202845897,0.0026638252530633,0.0,0.0,0.0,0.0,0.0,0.0,0.0,0.0,0.0
640,TBStack-LR,1,1,TreeStacking,Extract Subclass,0.0,0.0399309834853339,0.0009832841691248,0.0,0.0,0.0,0.00337185919441,0.0,0.0007530120481927,0.0,0.0026455026455026,0.0,0.0,0.0490463215258855,0.0490760375643744,0.0,0.0,0.0,0.0,0.0,0.0,0.0490463215258855,0.0,0.0490463215258855,0.0,0.0,0.001755617977528,0.0,0.0,0.0032310177705977,0.0293520686963309,0.0009487666034155,0.0,0.0189247311827957,0.0490463215258855,0.0,0.9,0.0208078335373316,0.0017218261067681,0.0003711879969523,0.1538461538461538,0.019047619047619,0.0377358490566037,0.0140845070422535,0.0
641,TBStack-LR,1,1,TreeStacking,Extract Subclass,0.0171821305841924,0.0510229233423712,0.0766961651917404,0.0155172413793103,0.0,0.0024714158722373,0.0294936117486949,0.0294840294840294,0.0238453815261044,0.3809523809523809,0.0061728395061728,0.0,0.0,0.0145322434150772,0.0021205695243865,0.008130081300813,0.0631188118811881,0.2010050251256281,0.0425531914893617,0.0666666666666666,0.0116959064327485,0.0,0.0861423220973782,0.0027247956403269,0.0,0.0,0.0039501404494382,0.0040693938744913,0.0605012964563526,0.1623586429725363,0.033879781420765,0.0018975332068311,0.091324200913242,0.1965591397849462,0.0478353012412957,0.0879062333510921,0.45,0.2093023255813953,0.0154292053081545,0.0249477406372711,0.2307692307692307,0.0,0.0283018867924528,0.0845070422535211,0.072139303482587
642,TBStack-LR,1,1,TreeStacking,Extract Subclass,0.0,0.0113384274094158,0.0226155358898721,0.0146551724137931,0.0,1.2261288048309477e-05,0.0056062237208263,0.0073710073710073,0.001004016064257,0.1428571428571428,0.0,0.0,0.0,0.0112019376324553,0.0,0.0,0.0049504950495049,0.0201005025125628,0.0,0.0,0.0,0.0099909173478655,0.0074906367041198,0.0006055101422948,0.0045454545454545,0.0,0.0006144662921348,0.0029985007496251,0.03457216940363,0.0129240710823909,0.0157689305230288,0.0009487666034155,0.0182648401826484,0.123010752688172,0.0142294883439297,0.0205114544485881,0.0,0.0,0.0,0.0,0.0,0.0,0.0,0.0,0.0
643,TBStack-LR,1,1,TreeStacking,Extract Subclass,0.0034364261168384,0.0160216909046093,0.0226155358898721,0.0043103448275862,0.0,8.736167734420501e-05,0.0041437305762629,0.0221130221130221,0.001004016064257,0.1428571428571428,0.0070546737213403,0.0,0.0,0.0009082652134423,0.0,0.0,0.0099009900990099,0.0150753768844221,0.0212765957446808,0.0,0.0,0.0,0.0112359550561797,0.0,0.0118181818181818,0.0,0.0012289325842696,0.0004283572499464,0.0216076058772687,0.048465266558966,0.0004683840749414,0.0018975332068311,0.0,0.0494623655913978,0.0187708144111413,0.0127863612147043,0.7307692307692307,0.0097919216646266,0.0013221831709239,0.0004688690487819,0.1538461538461538,0.0,0.0188679245283018,0.0073239436619718,0.0024875621890547
644,TBStack-LR,1,1,TreeStacking,Extract Subclass,0.0034364261168384,0.0192260290855311,0.0334316617502458,0.0120689655172413,0.0,0.0001019219569015,0.0098312039162316,0.0245700245700245,0.0032630522088353,0.2857142857142857,0.0052910052910052,0.0140845070422535,0.0,0.0009082652134423,0.0,0.005420054200542,0.016089108910891,0.0,0.0159574468085106,0.0,0.0526315789473684,0.0009082652134423,0.0131086142322097,0.0,0.0009090909090909,0.0,0.0038623595505617,0.0006425358749196,0.0216076058772687,0.0751211631663974,0.009367681498829,0.0047438330170777,0.0091324200913242,0.1273118279569892,0.017862549197699,0.0213106020245071,0.2653061224489796,0.0232558139534883,0.0043699274293248,0.0031648660792779,0.3846153846153846,0.0476190476190476,0.0943396226415094,0.0276056338028169,0.0149253731343283
645,TBStack-LR,1,1,TreeStacking,Extract Subclass,0.0,0.0,0.0039331366764995,0.0,0.0,8.046470281703093e-05,0.0007515589770672,0.0,0.0005020080321285,0.0,0.0,0.0,0.0,0.0,0.0,0.0,0.0092821782178217,0.0,0.0,0.0,0.0,0.0,0.0,0.0,0.0,0.0,0.0,0.0,0.0,0.0,0.0074941451990632,0.0009487666034155,0.0,0.0335483870967741,0.0,0.003995737879595,0.0,0.0,0.0,0.0,0.0,0.0,0.0,0.0,0.0
646,TBStack-LR,1,0,TreeStacking,Extract Subclass,0.0618556701030927,0.0867636184372689,0.0688298918387414,0.0318965517241379,0.0,0.0005073107929988,0.0243342609331518,0.0393120393120393,0.0080321285140562,0.238095238095238,0.0198412698412698,0.0,0.0,0.0290644868301544,0.0281732808239927,0.0,0.0253712871287128,0.0150753768844221,0.0106382978723404,0.0,0.0,0.028156221616712,0.0365168539325842,0.0290644868301544,0.0372727272727272,0.0,0.0111481741573033,0.0017134289997858,0.0458081244598098,0.1890145395799677,0.0232630757220921,0.0009487666034155,0.0547945205479452,0.1741935483870967,0.0877989706327581,0.0468833244539158,0.9136690647482014,0.0575275397796817,0.0062224778609018,0.0033797643933029,0.1538461538461538,0.0,0.0188679245283018,0.0391549295774647,0.0091210613598673
647,TBStack-LR,1,1,TreeStacking,Extract Subclass,0.0,0.0019719004190288,0.0029498525073746,0.0008620689655172,0.0,9.962296539251447e-06,0.0329873453718185,0.0,0.0,0.0952380952380952,0.0,0.0,0.0,0.0009082652134423,0.0,0.0,0.0068069306930693,0.0,0.0,0.0333333333333333,0.0058479532163742,0.0,0.0093632958801498,0.0,0.0,0.0,8.778089887640449e-05,0.0,0.0051858254105445,0.0032310177705977,0.0,0.0037950664136622,0.0,0.0404301075268817,0.0018165304268846,0.003196590303676,0.0,0.0,0.0,0.0,0.0,0.0,0.0,0.0,0.0
648,TBStack-LR,1,1,TreeStacking,Extract Subclass,0.0034364261168384,0.0088735518856297,0.0255653883972468,0.0,0.0,1.6859271066425527e-05,0.0034124840039812,0.0073710073710073,0.001004016064257,0.1904761904761904,0.0013227513227513,0.0070422535211267,0.0,0.002119285498032,0.0,0.0,0.0074257425742574,0.0050251256281407,0.0,0.0,0.0,0.0018165304268846,0.0093632958801498,0.0,0.0,0.0,0.0007022471910112,0.0,0.0008643042350907,0.0476575121163166,0.0015612802498048,0.0009487666034155,0.0,0.0473118279569892,0.0108991825613079,0.0045285029302077,0.0,0.0,0.0,0.0,0.0,0.0,0.0,0.0,0.0
649,TBStack-LR,1,1,TreeStacking,Extract Subclass,0.0446735395189003,0.0093665269903869,0.0580137659783677,0.0008620689655172,0.0,3.0653220120773686e-05,0.0108468241555117,0.0,0.0,0.0952380952380952,0.0004409171075837,0.0,0.0,0.0196790796245837,0.0015146925174189,0.0,0.010519801980198,0.0251256281407035,0.0531914893617021,0.0111111111111111,0.0,0.0,0.0065543071161048,0.0,0.0,0.0,0.0,0.0,0.0008643042350907,0.0888529886914378,0.0099921935987509,0.0047438330170777,0.0,0.0787096774193548,0.0199818346957311,0.0063931806073521,0.1568627450980392,0.0269277845777233,0.0017517059524387,0.0015922011448219,0.3846153846153846,0.1714285714285714,0.2169811320754716,0.0143661971830985,0.0008291873963515
650,TBStack-LR,1,1,TreeStacking,Extract Subclass,0.0481099656357388,0.0135568153808232,0.0442477876106194,0.0051724137931034,0.0,0.0001670600496582,0.0151530539700595,0.0024570024570024,0.0002510040160642,0.1904761904761904,0.0,0.0,0.0,0.0057523463518013,0.0006058770069675,0.0,0.0173267326732673,0.0954773869346733,0.026595744680851,0.0,0.0,0.0,0.0215355805243445,0.0009082652134423,0.0,0.0,0.0007022471910112,0.001927607624759,0.0060501296456352,0.0702746365105008,0.0014051522248243,0.0028462998102466,0.0,0.1053763440860215,0.0121102028458976,0.0151838039424613,0.0,0.0,0.0,0.0,0.0,0.0,0.0,0.0,0.0
651,TBStack-LR,1,1,TreeStacking,Extract Subclass,0.0,0.0,0.0167158308751229,0.0,0.0,9.195966036232106e-05,0.0006906217627104,0.0,0.0,0.0,0.0,0.0,0.0,0.0,0.0,0.0,0.0099009900990099,0.0,0.0,0.0,0.0,0.0,0.0,0.0,0.0,0.0,0.0,0.0,0.0,0.0,0.0,0.0009487666034155,0.0,0.0133333333333333,0.0,0.0042621204049014,0.5,0.0,1.8674903544123192e-05,9.76810518295661e-06,0.1538461538461538,0.0,0.0188679245283018,0.0005633802816901,0.0008291873963515
652,TBStack-LR,1,1,TreeStacking,Extract Subclass,0.0584192439862542,0.0,0.0766961651917404,0.0,0.0,0.0,0.2770002640612622,0.0,0.0,0.0,0.0,0.0,0.0,0.0,0.0,0.0,0.0,0.0,0.0,0.0,0.0,0.0,0.0,0.0,0.0,0.0,0.0,0.0,0.0,0.0,0.0009367681498829,0.2182163187855787,0.0,0.0946236559139784,0.0,0.0,0.0,0.0,0.0,0.0,0.0,0.0,0.0,0.0,0.0
653,TBStack-LR,1,1,TreeStacking,Extract Subclass,0.0,0.0502834606852353,0.0432645034414945,0.0189655172413793,0.0,0.0013357140667627,0.0449107269809672,0.0024570024570024,0.0025100401606425,0.2857142857142857,0.0039682539682539,0.0,0.0,0.0087798970632758,0.0003029385034837,0.0,0.0433168316831683,0.0,0.0,0.3111111111111111,0.0,0.0003027550711474,0.0655430711610487,0.0003027550711474,0.0,0.0,0.0043890449438202,0.0010708931248661,0.0829732065687121,0.0904684975767366,0.0281030444964871,0.0275142314990512,0.0319634703196347,0.1544086021505376,0.0342113230396609,0.0868407032498668,0.4,0.0122399020807833,0.0115149455253063,0.0002735069451227,0.4615384615384615,0.0095238095238095,0.0660377358490566,0.0084507042253521,0.0016583747927031
654,TBStack-LR,1,0,TreeStacking,Extract Subclass,0.0,0.0009859502095144,0.0009832841691248,0.0,0.0,0.0,0.0003453108813552,0.0024570024570024,0.0,0.1428571428571428,0.0,0.0,0.0,0.0,0.0,0.0,0.0006188118811881,0.0,0.0,0.0,0.0,0.0,0.0009363295880149,0.0,0.0009090909090909,0.0,0.0002633426966292,0.0,0.0008643042350907,0.0024232633279483,0.0,0.0009487666034155,0.0045662100456621,0.0068817204301075,0.0009082652134423,0.000799147575919,0.0,0.0,0.0,0.0,0.0,0.0,0.0,0.0,0.0
655,TBStack-LR,1,1,TreeStacking,Extract Subclass,0.0034364261168384,0.0125708651713088,0.015732546705998,0.0017241379310344,0.0,1.992459307850289e-05,0.0198858442851049,0.0049140049140049,0.001004016064257,0.1904761904761904,0.0008818342151675,0.0,0.0,0.004844081138359,0.004241139048773,0.0,0.010519801980198,0.0351758793969849,0.0159574468085106,0.0,0.0,0.0,0.0121722846441947,0.0045413260672116,0.0027272727272727,0.0253164556962025,0.0010533707865168,0.0,0.0129645635263612,0.0323101777059773,0.0029664324746291,0.0037950664136622,0.0045662100456621,0.126021505376344,0.0145322434150772,0.0085242408098028,0.6,0.0,2.614486496177248e-05,4.884052591478305e-05,0.1538461538461538,0.0,0.0188679245283018,0.0014084507042253,0.0024875621890547
656,TBStack-LR,1,1,TreeStacking,Extract Subclass,0.0068728522336769,0.0199654917426669,0.0442477876106194,0.0163793103448275,0.0,6.283910124758607e-05,0.0107655745363693,0.0098280098280098,0.0057730923694779,0.2857142857142857,0.0008818342151675,0.0,0.0,0.0039358159249167,0.0015146925174189,0.002710027100271,0.0099009900990099,0.0552763819095477,0.0212765957446808,0.0,0.0058479532163742,0.0003027550711474,0.0056179775280898,0.0009082652134423,0.0009090909090909,0.0,0.0018433988764044,0.0025701434996787,0.0146931719965427,0.0549273021001615,0.0076502732240437,0.0018975332068311,0.0045662100456621,0.1075268817204301,0.0160460187708144,0.0343633457645178,0.9942528735632185,0.033047735618115,0.0043848673521601,0.0053236173247113,0.0769230769230769,0.0095238095238095,0.0188679245283018,0.0490140845070422,0.0240464344941956
657,TBStack-LR,1,1,TreeStacking,Extract Subclass,0.0,0.0002464875523786,0.0019665683382497,0.0,0.0,3.0653220120773688e-06,0.000406248095712,0.0,0.0,0.0952380952380952,0.0,0.0,0.0,0.0003027550711474,0.0003029385034837,0.0,0.0024752475247524,0.0050251256281407,0.0,0.0,0.0116959064327485,0.0,0.0009363295880149,0.0,0.0,0.0,0.0,0.0,0.0017286084701815,0.0032310177705977,0.0001561280249804,0.0009487666034155,0.0045662100456621,0.0116129032258064,0.0003027550711474,0.0013319126265316,0.0,0.0,0.0,0.0,0.0,0.0,0.0,0.0,0.0
658,TBStack-LR,1,1,TreeStacking,Extract Subclass,0.0103092783505154,0.0093665269903869,0.0255653883972468,0.0,0.0,6.513809275664408e-05,0.0057484105543255,0.0,0.0002510040160642,0.1428571428571428,0.0,0.0,0.0,0.0042385709960641,0.0009088155104513,0.0,0.0167079207920792,0.0703517587939698,0.0106382978723404,0.0,0.0292397660818713,0.0,0.0187265917602996,0.0009082652134423,0.0009090909090909,0.0,0.0005266853932584,0.0002141786249732,0.0086430423509075,0.0379644588045234,0.0007806401249024,0.0018975332068311,0.0,0.0511827956989247,0.0063578564940962,0.0122535961640916,0.8888888888888888,0.0061199510403916,0.000403377916553,0.0003907242073182,0.1538461538461538,0.0,0.0188679245283018,0.0076056338028169,0.005804311774461
659,TBStack-LR,1,1,TreeStacking,Extract Subclass,0.0515463917525773,0.0478185851614493,0.1061946902654867,0.0353448275862069,0.0,0.001743401894369,0.0354248339460908,0.0491400491400491,0.0138052208835341,0.3333333333333333,0.0158730158730158,0.0,0.0,0.0087798970632758,0.0060587700696758,0.0,0.0457920792079207,0.135678391959799,0.1861702127659574,0.0,0.0,0.0006055101422948,0.0346441947565543,0.0027247956403269,0.009090909090909,0.0,0.0034234550561797,0.0032126793745984,0.0639585133967156,0.221324717285945,0.0221701795472287,0.0104364326375711,0.1278538812785388,0.2077419354838709,0.0484408113835906,0.0692594565796483,0.3832335329341317,0.055079559363525,0.0032195533710068,0.0052747767987965,0.2307692307692307,0.2285714285714286,0.2547169811320754,0.0470422535211267,0.0182421227197346
660,TBStack-LR,1,1,TreeStacking,Extract Subclass,0.0,0.0,0.0029498525073746,0.0,0.0,7.663305030193421e-06,0.0001218744287136,0.0,0.0,0.0,0.0,0.0,0.0,0.0,0.0,0.0,0.0030940594059405,0.0,0.0,0.0,0.0,0.0,0.0046816479400749,0.0,0.0,0.0,0.0,0.0,0.0,0.0,0.0,0.0009487666034155,0.0,0.0038709677419354,0.0,0.0013319126265316,0.0,0.0,0.0,0.0,0.0,0.0,0.0,0.0,0.0
661,TBStack-LR,1,1,TreeStacking,Extract Subclass,0.0,0.0093665269903869,0.0255653883972468,0.0043103448275862,0.0,3.0653220120773688e-06,0.0109280737746541,0.0073710073710073,0.003012048192771,0.238095238095238,0.001763668430335,0.0,0.0,0.004844081138359,0.0048470160557406,0.0,0.0024752475247524,0.0804020100502512,0.0106382978723404,0.0,0.0,0.0,0.0009363295880149,0.004844081138359,0.0009090909090909,0.0,0.0002633426966292,0.0004283572499464,0.0017286084701815,0.0444264943457189,0.0046838407494145,0.00853889943074,0.0045662100456621,0.0950537634408602,0.0096881622767181,0.0050612679808204,0.0,0.0,0.0,0.0,0.0,0.0,0.0,0.0,0.0
662,TBStack-LR,1,1,TreeStacking,Extract Subclass,0.0,0.0059157012570865,0.0068829891838741,0.0060344827586206,0.0,0.0,0.0022343645264162,0.0,0.0012550200803212,0.1428571428571428,0.0,0.0,0.0,0.0027247956403269,0.0012117540139351,0.0,0.005569306930693,0.0452261306532663,0.0159574468085106,0.0,0.0,0.0,0.0056179775280898,0.0006055101422948,0.0,0.0,0.0003511235955056,0.0002141786249732,0.0086430423509075,0.011308562197092,0.0006245120999219,0.0009487666034155,0.0,0.0210752688172043,0.0042385709960641,0.0074587107085775,0.6055555555555555,0.0611995104039167,0.1187574466177882,0.0001172172621954,0.2307692307692307,0.1333333333333333,0.160377358490566,0.0507042253521126,0.0033167495854063
663,TBStack-LR,1,1,TreeStacking,Extract Subclass,0.0,0.0046832634951934,0.0068829891838741,0.0051724137931034,0.0,0.0,0.0013812435254209,0.0,0.0027610441767068,0.0952380952380952,0.0022045855379188,0.0,0.0,0.0015137753557372,0.0003029385034837,0.0,0.0030940594059405,0.0251256281407035,0.0,0.0,0.0,0.0,0.0046816479400749,0.0,0.0,0.0,0.001316713483146,0.0008567144998929,0.006914433880726,0.0121163166397415,0.0004683840749414,0.0009487666034155,0.0,0.0172043010752688,0.0039358159249167,0.003196590303676,0.0,0.0,0.0,0.0,0.0,0.0,0.0,0.0,0.0
664,TBStack-LR,1,1,TreeStacking,Extract Subclass,0.0034364261168384,0.0044367759428148,0.0226155358898721,0.0043103448275862,0.0,0.0002130398798393,0.0027624870508419,0.0,0.0,0.0952380952380952,0.0004409171075837,0.0,0.0,0.002119285498032,0.0,0.0,0.0154702970297029,0.0351758793969849,0.0,0.0,0.0292397660818713,0.0,0.0187265917602996,0.0,0.0,0.0,8.778089887640449e-05,0.0,0.0146931719965427,0.0153473344103392,0.0003122560499609,0.0009487666034155,0.0,0.0227956989247311,0.0033303057826218,0.0082578582844965,0.0,0.0,0.0,0.0,0.0,0.0,0.0,0.0,0.0
665,TBStack-LR,1,1,TreeStacking,Extract Subclass,0.0068728522336769,0.04239585900912,0.0363815142576204,0.0689655172413793,0.0,2.2989915090580268e-06,0.0214295870488107,0.0491400491400491,0.0133032128514056,0.3333333333333333,0.0171957671957671,0.0,0.0,0.0015137753557372,0.0015146925174189,0.0,0.0018564356435643,0.0100502512562814,0.0053191489361702,0.0,0.0,0.0003027550711474,0.0,0.0015137753557372,0.0018181818181818,0.0,0.0116748595505617,0.0032126793745984,0.0086430423509075,0.1147011308562197,0.0594847775175644,0.0028462998102466,0.0045662100456621,0.1006451612903225,0.0390554041780199,0.0596696856686201,1.0,0.0,0.0008366356787767,0.0008498251509172,0.0769230769230769,0.0,0.0094339622641509,0.0140845070422535,0.0
666,TBStack-LR,1,1,TreeStacking,Extract Subclass,0.0,0.0004929751047572,0.0029498525073746,0.0,0.0,7.663305030193422e-07,0.0025390505982003,0.0,0.0005020080321285,0.0952380952380952,0.0008818342151675,0.0,0.0,0.0,0.0,0.0,0.0012376237623762,0.0,0.0,0.0,0.0,0.0,0.0018726591760299,0.0,0.0,0.0,0.001316713483146,0.0,0.0,0.0088852988691437,0.0010928961748633,0.0009487666034155,0.0,0.0073118279569892,0.0006055101422948,0.0005327650506126,0.4646464646464646,0.0208078335373316,0.001105554289812,0.0009572743079297,0.2307692307692307,0.0,0.0283018867924528,0.0278873239436619,0.0008291873963515
667,TBStack-LR,1,1,TreeStacking,Extract Subclass,0.0,0.0007394626571358,0.0049164208456243,0.0,0.0,0.0007701621555344,0.002092177692917,0.0,0.0022590361445783,0.0,0.0,0.0,0.0,0.0009082652134423,0.0,0.0,0.0284653465346534,0.0,0.0,0.0,0.0,0.0,0.0,0.0,0.0,0.0,0.0,0.0,0.0,0.0,0.0252927400468384,0.0009487666034155,0.0,0.0636559139784946,0.0009082652134423,0.0122535961640916,0.76,0.0134638922888616,0.0005490421641972,0.00042979662805,0.2307692307692307,0.0,0.0283018867924528,0.0140845070422535,0.0
668,TBStack-LR,1,1,TreeStacking,Extract Subclass,0.0,0.0076411141237367,0.0422812192723697,0.0017241379310344,0.0,7.663305030193422e-07,0.0025187381934147,0.0,0.0032630522088353,0.0952380952380952,0.0070546737213403,0.0,0.0,0.0009082652134423,0.0009088155104513,0.0,0.0043316831683168,0.0150753768844221,0.0106382978723404,0.0,0.0,0.0,0.0046816479400749,0.0003027550711474,0.0018181818181818,0.0,0.0001755617977528,0.0,0.0051858254105445,0.0226171243941841,0.0049960967993754,0.0009487666034155,0.0045662100456621,0.0443010752688172,0.0093854072055706,0.003196590303676,0.0,0.0,0.0,0.0,0.0,0.0,0.0,0.0,0.0
669,TBStack-LR,1,1,TreeStacking,Extract Subclass,0.0103092783505154,0.0165146660093665,0.0481809242871189,0.0129310344827586,0.0,0.0003555773534009,0.0150921167557027,0.0393120393120393,0.0032630522088353,0.3809523809523809,0.0044091710758377,0.0,0.0,0.0039358159249167,0.0027264465313541,0.0,0.0204207920792079,0.0653266331658291,0.026595744680851,0.0,0.0350877192982456,0.0,0.0177902621722846,0.0009082652134423,0.0072727272727272,0.0,0.0006144662921348,0.0,0.0146931719965427,0.0864297253634895,0.0064012490241998,0.0037950664136622,0.0593607305936073,0.1066666666666666,0.0154405086285195,0.0261054874800213,0.7592592592592593,0.03671970624235,0.002790030589492,0.0010354191493934,0.3076923076923077,0.0095238095238095,0.0471698113207547,0.0152112676056338,0.0066334991708126
670,TBStack-LR,1,1,TreeStacking,Extract Subclass,0.0,0.0009859502095144,0.0481809242871189,0.0017241379310344,0.0,0.0,0.001990615668989,0.0,0.0002510040160642,0.0952380952380952,0.0008818342151675,0.0,0.0,0.0006055101422948,0.0003029385034837,0.0,0.0024752475247524,0.0100502512562814,0.0,0.0,0.0,0.0,0.0037453183520599,0.0006055101422948,0.0009090909090909,0.0,8.778089887640449e-05,0.0,0.0025929127052722,0.0032310177705977,0.0009367681498829,0.0009487666034155,0.0091324200913242,0.0141935483870967,0.0012110202845897,0.0029302077783697,0.0,0.0,0.0,0.0,0.0,0.0,0.0,0.0,0.0
671,TBStack-LR,1,1,TreeStacking,Extract Subclass,0.0,0.0069016514666009,0.0108161258603736,0.0112068965517241,0.0,7.126873678079883e-05,0.0028437366699843,0.0024570024570024,0.0002510040160642,0.1428571428571428,0.0004409171075837,0.0,0.0,0.0027247956403269,0.0018176310209027,0.0,0.0092821782178217,0.0201005025125628,0.0425531914893617,0.0,0.0,0.0015137753557372,0.0065543071161048,0.0018165304268846,0.0,0.0,0.000438904494382,0.0002141786249732,0.0060501296456352,0.0250403877221324,0.0015612802498048,0.0009487666034155,0.0045662100456621,0.0296774193548387,0.0066606115652437,0.0138518913159296,0.6,0.003671970624235,1.8674903544123192e-05,2.930431554886984e-05,0.2307692307692307,0.0,0.0283018867924528,0.0014084507042253,0.0091210613598673
672,TBStack-LR,1,1,TreeStacking,Extract Subclass,0.0,0.0056692137047079,0.0088495575221238,0.0,0.0,0.0,0.0060327842213239,0.0049140049140049,0.0002510040160642,0.3333333333333333,0.0004409171075837,0.0,0.0,0.0003027550711474,0.0,0.0,0.0024752475247524,0.0050251256281407,0.0106382978723404,0.0,0.0,0.0,0.0018726591760299,0.0,0.0,0.0,0.0020189606741573,0.0002141786249732,0.0060501296456352,0.0210016155088853,0.0012490241998438,0.0018975332068311,0.0273972602739726,0.0447311827956989,0.0057523463518013,0.0087906233351092,0.0,0.0,0.0,0.0,0.0,0.0,0.0,0.0,0.0
673,TBStack-LR,1,1,TreeStacking,Extract Subclass,0.0,0.0009859502095144,0.0098328416912487,0.0,0.0,7.663305030193422e-07,0.0005484349292112,0.0,0.0002510040160642,0.0952380952380952,0.0004409171075837,0.0,0.0,0.0006055101422948,0.0,0.0,0.0012376237623762,0.0100502512562814,0.0,0.0,0.0,0.0,0.0,0.0,0.0,0.0,8.778089887640449e-05,0.0004283572499464,0.0008643042350907,0.0096930533117932,0.0,0.0009487666034155,0.0045662100456621,0.013763440860215,0.0012110202845897,0.0013319126265316,1.0,0.0,0.0009225402350796,9.76810518295661e-06,0.0769230769230769,0.0,0.0094339622641509,0.0008450704225352,0.0041459369817578
674,TBStack-LR,1,1,TreeStacking,Extract Subclass,0.0,0.001232437761893,0.0226155358898721,0.0,0.0,2.2989915090580268e-06,0.0008734334057809,0.0,0.0,0.0476190476190476,0.0004409171075837,0.0,0.0,0.0,0.0,0.0,0.0018564356435643,0.0,0.0053191489361702,0.0,0.0,0.0,0.0009363295880149,0.0,0.0009090909090909,0.0,0.0,0.0,0.0025929127052722,0.0331179321486268,0.0010928961748633,0.0028462998102466,0.0,0.0184946236559139,0.0015137753557372,0.000799147575919,0.0,0.0,0.0,0.0,0.0,0.0,0.0,0.0,0.0
675,TBStack-LR,1,1,TreeStacking,Extract Subclass,0.0,0.0167611535617451,0.0,0.0,0.0,0.0,0.0014421807397777,0.0,0.0087851405622489,0.0476190476190476,0.0,0.0,0.0,0.020587344838026,0.0205998182368979,0.0,0.0006188118811881,0.0,0.0053191489361702,0.0,0.0,0.020587344838026,0.0,0.020587344838026,0.0,0.0,0.0,0.0,0.0,0.0,0.0107728337236533,0.0009487666034155,0.0,0.0176344086021505,0.020587344838026,0.0002663825253063,0.0,0.0,0.0,0.0,0.0,0.0,0.0,0.0,0.0
676,TBStack-LR,1,1,TreeStacking,Extract Subclass,0.0,0.0004929751047572,0.0019665683382497,0.0,0.0,0.0,0.0003656232861408,0.0,0.0,0.0476190476190476,0.0,0.0,0.0,0.0006055101422948,0.0006058770069675,0.0,0.0024752475247524,0.0100502512562814,0.0,0.0,0.0,0.0,0.0037453183520599,0.0,0.0,0.0,0.0,0.0,0.0025929127052722,0.0016155088852988,0.0,0.0009487666034155,0.0,0.0055913978494623,0.0006055101422948,0.0010655301012253,0.0,0.0,0.0,0.0,0.0,0.0,0.0,0.0,0.0
677,TBStack-LR,1,1,TreeStacking,Extract Subclass,0.0034364261168384,0.0017254128666502,0.007866273352999,0.0,0.0,2.2989915090580268e-06,0.0007312465722816,0.0,0.0,0.0476190476190476,0.0004409171075837,0.0,0.0,0.0003027550711474,0.0003029385034837,0.0,0.0018564356435643,0.0,0.0053191489361702,0.0,0.0,0.0003027550711474,0.0018726591760299,0.0003027550711474,0.0,0.0,8.778089887640449e-05,0.0,0.0008643042350907,0.0096930533117932,0.0001561280249804,0.0009487666034155,0.0,0.0197849462365591,0.002119285498032,0.0010655301012253,0.9411764705882352,0.003671970624235,0.0035967864225981,0.0,0.1538461538461538,0.0,0.0188679245283018,0.0047887323943661,0.0008291873963515
678,TBStack-LR,1,1,TreeStacking,Extract Subclass,0.0137457044673539,0.0825733300468326,0.0285152409046214,0.0129310344827586,0.0,0.0004268460901817,0.0235623895512989,0.0393120393120393,0.0138052208835341,0.3809523809523809,0.0088183421516754,0.0,0.0,0.0039358159249167,0.0,0.0,0.0259900990099009,0.0653266331658291,0.0531914893617021,0.0,0.0,0.0,0.0299625468164794,0.0039358159249167,0.0009090909090909,0.3037974683544304,0.0096558988764044,0.0032126793745984,0.038029386343993,0.1219709208400646,0.0427790788446526,0.0018975332068311,0.1324200913242009,0.0903225806451612,0.0663033605812897,0.0687266915290357,1.0,0.0085679314565483,0.0064428417227225,0.0016117373551878,0.0769230769230769,0.0,0.0094339622641509,0.0205633802816901,0.005804311774461
679,TBStack-LR,1,1,TreeStacking,Extract Subclass,0.0034364261168384,0.0179935913236381,0.0285152409046214,0.0,0.0,1.6859271066425527e-05,0.0036968576709796,0.0024570024570024,0.0002510040160642,0.1428571428571428,0.0,0.0,0.0,0.0208900999091734,0.0181763102090275,0.0,0.0049504950495049,0.0050251256281407,0.0,0.0,0.0,0.020587344838026,0.0074906367041198,0.0199818346957311,0.0,0.0,8.778089887640449e-05,0.0,0.0008643042350907,0.0153473344103392,0.0059328649492583,0.0009487666034155,0.0,0.0421505376344086,0.0214956100514683,0.0042621204049014,0.9886685552407932,0.0305997552019583,0.0026555712839743,0.0037216480747064,0.0769230769230769,0.0380952380952381,0.0471698113207547,0.0994366197183098,0.005804311774461
680,TBStack-LR,1,0,TreeStacking,Extract Subclass,0.0790378006872852,0.0014789253142716,0.0688298918387414,0.0008620689655172,0.0,0.0010950862888146,0.0344295261115963,0.0,0.0005020080321285,0.0952380952380952,0.0216049382716049,0.0,0.0,0.0015137753557372,0.0015146925174189,0.0,0.0334158415841584,0.0100502512562814,0.0053191489361702,0.0,0.0,0.0009082652134423,0.049625468164794,0.0015137753557372,0.0463636363636363,0.0,8.778089887640449e-05,0.0,0.0475367329299913,0.0137318255250403,0.0003122560499609,0.0512333965844402,0.0,0.0636559139784946,0.0018165304268846,0.014917421417155,1.0,0.0281517747858017,0.0060805485939665,0.0008400570457342,0.0769230769230769,0.0,0.0094339622641509,0.0180281690140845,0.0033167495854063
681,TBStack-LR,1,1,TreeStacking,Extract Subclass,0.0,0.001232437761893,0.0255653883972468,0.0,0.0,9.962296539251447e-06,0.0013406187158497,0.0,0.0005020080321285,0.0952380952380952,0.0,0.0,0.0,0.0006055101422948,0.0,0.0,0.0061881188118811,0.0100502512562814,0.0,0.0,0.0,0.0,0.0093632958801498,0.0,0.0,0.0,0.0,0.0,0.0051858254105445,0.0016155088852988,0.0028103044496487,0.0009487666034155,0.0,0.0098924731182795,0.0009082652134423,0.0029302077783697,0.0,0.0,0.0,0.0,0.0,0.0,0.0,0.0,0.0
682,TBStack-LR,1,1,TreeStacking,Extract Subclass,0.0,0.003697313285679,0.0049164208456243,0.0017241379310344,0.0,7.663305030193421e-06,0.0009343706201377,0.0049140049140049,0.002008032128514,0.1428571428571428,0.0004409171075837,0.0,0.0,0.0003027550711474,0.0,0.0,0.0030940594059405,0.0050251256281407,0.0053191489361702,0.0,0.0,0.0,0.0037453183520599,0.0,0.0,0.0,0.0021067415730337,0.0012850717498393,0.0051858254105445,0.0064620355411954,0.0,0.0009487666034155,0.0,0.0129032258064516,0.0030275507114744,0.0029302077783697,0.66,0.05140758873929,0.0768509630647757,6.837673628069627e-05,0.2307692307692307,0.1142857142857143,0.1415094339622641,0.0422535211267605,0.0
683,TBStack-LR,1,1,TreeStacking,Extract Subclass,0.0,0.0,0.0,0.0,0.0,0.0,0.0037374824805508,0.0,0.0,0.0,0.0,0.0,0.0,0.0,0.0,0.0,0.0,0.0,0.0,0.0,0.0,0.0,0.0,0.0,0.0,0.0,0.0,0.0,0.0,0.0,0.0,0.0,0.0,0.0,0.0,0.0,0.0,0.0,0.0,0.0,0.0,0.0,0.0,0.0,0.0
684,TBStack-LR,1,1,TreeStacking,Extract Subclass,0.0,0.0071481390189795,0.0108161258603736,0.0025862068965517,0.0,3.0653220120773688e-06,0.0025593630029859,0.0049140049140049,0.0042670682730923,0.1904761904761904,0.0,0.0,0.0,0.0012110202845897,0.0012117540139351,0.0,0.0024752475247524,0.0150753768844221,0.0,0.0,0.0,0.0,0.0037453183520599,0.0012110202845897,0.0,0.0,0.0001755617977528,0.0,0.006914433880726,0.0266558966074313,0.0103044496487119,0.0009487666034155,0.0091324200913242,0.046021505376344,0.0051468362095065,0.0055940330314331,0.0,0.0,0.0,0.0,0.0,0.0,0.0,0.0,0.0
685,TBStack-LR,1,1,TreeStacking,Extract Subclass,0.0034364261168384,0.0234163174759674,0.0285152409046214,0.0034482758620689,0.0,0.0001279771940042,0.0190733480936808,0.0515970515970515,0.009789156626506,0.238095238095238,0.0070546737213403,0.0,0.0,0.007568876778686,0.0033323235383217,0.0,0.0167079207920792,0.1105527638190954,0.1170212765957446,0.0,0.0,0.0003027550711474,0.0009363295880149,0.002119285498032,0.0063636363636363,0.0,0.0040379213483146,0.0040693938744913,0.024200518582541,0.0775444264943457,0.0070257611241217,0.0104364326375711,0.0228310502283105,0.1320430107526881,0.0199818346957311,0.0263718700053276,0.0,0.0,0.0,0.0,0.0,0.0,0.0,0.0,0.0
686,TBStack-LR,1,1,TreeStacking,Extract Subclass,0.0,0.0140497904855804,0.0186823992133726,0.0103448275862068,0.0,0.0003885295650308,0.0108874489650829,0.0049140049140049,0.0002510040160642,0.1428571428571428,0.0035273368606701,0.0,0.0,0.0042385709960641,0.0030293850348379,0.0,0.0266089108910891,0.050251256281407,0.0106382978723404,0.0,0.0,0.0012110202845897,0.0374531835205992,0.0024220405691795,0.0027272727272727,0.0,0.0019311797752808,0.0014992503748125,0.041486603284356,0.0403877221324717,0.004215456674473,0.0047438330170777,0.0091324200913242,0.0546236559139785,0.0090826521344232,0.0293020777836973,0.4,0.0024479804161566,8.963953701179133e-05,0.0002442026295739,0.3846153846153846,0.0,0.0471698113207547,0.0056338028169014,0.0190713101160862
687,TBStack-LR,1,1,TreeStacking,Extract Subclass,0.0,0.051762385999507,0.056047197640118,0.0232758620689655,0.0,0.0038944916163442,0.0157014888992707,0.0073710073710073,0.0203313253012048,0.1428571428571428,0.0030864197530864,0.0,0.0,0.0378443838934302,0.0266585883065737,0.0,0.0668316831683168,0.1909547738693467,0.0,0.0,0.0,0.0263396911898274,0.099250936329588,0.0266424462609748,0.0,0.0,0.0003511235955056,0.004711929749411,0.0432152117545375,0.04281098546042,0.1245901639344262,0.0009487666034155,0.0045662100456621,0.090752688172043,0.0408719346049046,0.0410229088971763,0.5645161290322581,0.025703794369645,0.01013673764375,0.0128352902104049,0.3846153846153846,0.019047619047619,0.0660377358490566,0.0174647887323943,0.005804311774461
688,TBStack-LR,1,1,TreeStacking,Extract Subclass,0.0,0.0525018486566428,0.0108161258603736,0.0,0.0,1.379394905434816e-05,0.0138936848733521,0.0,0.0183232931726907,0.1904761904761904,0.0343915343915343,0.0,0.0,0.0190735694822888,0.0,0.0,0.0049504950495049,0.0452261306532663,0.0159574468085106,0.0,0.0,0.0,0.0046816479400749,0.0,0.0045454545454545,0.0,0.0051790730337078,0.0021417862497322,0.0025929127052722,0.0541195476575121,0.0907103825136612,0.0009487666034155,0.0319634703196347,0.1875268817204301,0.0360278534665455,0.030633990410229,0.54,0.0024479804161566,0.0089303388747997,0.0130208842088811,0.1538461538461538,0.0095238095238095,0.0283018867924528,0.028169014084507,0.0
689,TBStack-LR,1,1,TreeStacking,Extract Subclass,0.0,0.1762385999507024,0.1878072763028515,0.1568965517241379,0.0,0.0004414063697391,0.0635575145741504,0.0614250614250614,0.0727911646586345,0.3333333333333333,0.009700176366843,0.0,0.0,0.0193763245534362,0.0009088155104513,0.0,0.047029702970297,0.0201005025125628,0.0478723404255319,0.0,0.0175438596491228,0.0,0.0599250936329588,0.0006055101422948,0.0009090909090909,0.0,0.0104459269662921,0.016063396872992,0.1158167675021607,0.3206785137318255,0.1033567525370804,0.0018975332068311,0.1050228310502283,0.2791397849462365,0.1710566151983045,0.178742674480554,0.2733333333333333,0.0624235006119951,0.0165496995208019,0.0061441381600797,0.4615384615384615,0.0761904761904762,0.1320754716981132,0.0422535211267605,0.0132669983416252
690,TBStack-LR,1,0,TreeStacking,Extract Subclass,0.0034364261168384,0.0184865664283953,0.0845624385447394,0.0094827586206896,0.0,0.0002927382521533,0.0113343218703662,0.0196560196560196,0.001004016064257,0.2857142857142857,0.0030864197530864,0.0,0.0,0.0042385709960641,0.0006058770069675,0.0,0.0321782178217821,0.0703517587939698,0.0478723404255319,0.0,0.0,0.0,0.0402621722846441,0.0009082652134423,0.0009090909090909,0.0,0.0006144662921348,0.0004283572499464,0.0371650821089023,0.0945072697899838,0.0068696330991412,0.0028462998102466,0.0821917808219178,0.0855913978494623,0.0160460187708144,0.0319659030367607,0.0,0.0,0.0,0.0,0.0,0.0,0.0,0.0,0.0
691,TBStack-LR,1,0,TreeStacking,Extract Subclass,0.0,0.0022183879714074,0.0147492625368731,0.0025862068965517,0.032051282051282,4.214817766606382e-05,0.0021124900977026,0.0098280098280098,0.0,0.1904761904761904,0.0039682539682539,0.0,0.0,0.0,0.0,0.0,0.0068069306930693,0.0,0.0,0.0,0.023391812865497,0.0,0.0065543071161048,0.0,0.01,0.0,0.0001755617977528,0.0,0.0086430423509075,0.024232633279483,0.0,0.0009487666034155,0.0,0.0159139784946236,0.0018165304268846,0.0071923281832711,0.0,0.0,0.0,0.0,0.0,0.0,0.0,0.0,0.0
692,TBStack-LR,1,1,TreeStacking,Extract Subclass,0.0,0.0147892531427162,0.0432645034414945,0.0060344827586206,0.0,0.0003816325905036,0.0069671548414616,0.0196560196560196,0.0015060240963855,0.1428571428571428,0.001763668430335,0.0,0.0,0.0057523463518013,0.0018176310209027,0.0,0.0228960396039603,0.0351758793969849,0.026595744680851,0.0888888888888888,0.023391812865497,0.0012110202845897,0.0262172284644194,0.0,0.0,0.0,0.0033356741573033,0.0014992503748125,0.0302506482281763,0.0597738287560581,0.0020296643247462,0.0009487666034155,0.0,0.0632258064516129,0.0121102028458976,0.0218433670751198,0.6410256410256411,0.011015911872705,0.0005901269519942,0.0007033035731728,0.3076923076923077,0.0,0.0377358490566037,0.0109859154929577,0.0024875621890547
693,TBStack-LR,1,1,TreeStacking,Extract Subclass,0.0343642611683848,0.0354942075425191,0.0471976401179941,0.0060344827586206,0.0,0.0001486681175857,0.0170827324246917,0.0343980343980344,0.0092871485943775,0.238095238095238,0.001763668430335,0.0,0.0,0.0127157129881925,0.0021205695243865,0.0,0.0179455445544554,0.0552763819095477,0.0638297872340425,0.0,0.0,0.0015137753557372,0.0159176029962546,0.0045413260672116,0.0054545454545454,0.0253164556962025,0.0033356741573033,0.001927607624759,0.0121002592912705,0.1090468497576736,0.0165495706479313,0.0037950664136622,0.0593607305936073,0.1238709677419354,0.0420829548894944,0.029035695258391,0.3468208092485549,0.02203182374541,0.003578111519054,0.0037900248109871,0.3076923076923077,0.019047619047619,0.0566037735849056,0.0487323943661971,0.0165837479270315
694,TBStack-LR,1,1,TreeStacking,Extract Subclass,0.0,0.0073946265713581,0.0196656833824975,0.0034482758620689,0.0,0.0003640069889341,0.0058905973878247,0.0049140049140049,0.0027610441767068,0.1904761904761904,0.0004409171075837,0.0,0.0,0.0030275507114744,0.0,0.0,0.0266089108910891,0.050251256281407,0.0106382978723404,0.0,0.0409356725146198,0.0,0.0318352059925093,0.0,0.0,0.0,0.0007022471910112,0.0002141786249732,0.0121002592912705,0.0646203554119547,0.0034348165495706,0.0009487666034155,0.0228310502283105,0.0576344086021505,0.0063578564940962,0.0210442194992008,0.3934426229508196,0.0097919216646266,0.0015948367626681,0.0011819407271377,0.1538461538461538,0.0857142857142857,0.1037735849056603,0.0171830985915492,0.0066334991708126
695,TBStack-LR,1,1,TreeStacking,Extract Subclass,0.0,0.0421493714567414,0.0127826941986234,0.0198275862068965,0.0,0.000713453698311,0.0150108671365602,0.0466830466830466,0.0253514056224899,0.238095238095238,0.0185185185185185,0.0,0.0,0.002119285498032,0.0003029385034837,0.0,0.0290841584158415,0.0301507537688442,0.026595744680851,0.0,0.0,0.0003027550711474,0.0393258426966292,0.002119285498032,0.0427272727272727,0.0,0.0055301966292134,0.0023559648747055,0.0458081244598098,0.1397415185783521,0.0471506635441061,0.0009487666034155,0.0593607305936073,0.1225806451612903,0.0381471389645776,0.0471497069792221,0.5319148936170213,0.01468788249694,0.0049749943041544,0.0007130716783558,0.1538461538461538,0.0095238095238095,0.0283018867924528,0.0132394366197183,0.0041459369817578
696,TBStack-LR,1,1,TreeStacking,Extract Subclass,0.0,0.0014789253142716,0.0,0.0,0.0,2.2989915090580268e-06,0.000406248095712,0.0,0.0007530120481927,0.0952380952380952,0.0008818342151675,0.0,0.0,0.0012110202845897,0.0012117540139351,0.0,0.0018564356435643,0.0201005025125628,0.0053191489361702,0.0,0.0,0.0,0.0018726591760299,0.0012110202845897,0.0018181818181818,0.0,0.0001755617977528,0.0,0.003457216940363,0.0024232633279483,0.0004683840749414,0.0009487666034155,0.0,0.0124731182795698,0.0018165304268846,0.0018646776771443,0.24,0.0611995104039167,0.0283933233484849,9.76810518295661e-06,0.3846153846153846,0.219047619047619,0.2641509433962264,0.0422535211267605,0.0
697,TBStack-LR,1,1,TreeStacking,Extract Subclass,0.0,0.002464875523786,0.0068829891838741,0.0017241379310344,0.0,4.5979830181160536e-06,0.0009749954297089,0.0024570024570024,0.0,0.1904761904761904,0.0004409171075837,0.0,0.0,0.0012110202845897,0.0006058770069675,0.0,0.0024752475247524,0.0201005025125628,0.0,0.0,0.0,0.0,0.0037453183520599,0.0006055101422948,0.0,0.0,0.0001755617977528,0.0,0.003457216940363,0.0096930533117932,0.0004683840749414,0.0009487666034155,0.0045662100456621,0.0172043010752688,0.0030275507114744,0.002397442727757,0.0,0.0,0.0,0.0,0.0,0.0,0.0,0.0,0.0
698,TBStack-LR,1,1,TreeStacking,Extract Subclass,0.0,0.0071481390189795,0.0167158308751229,0.0017241379310344,0.0,0.0001402384820525,0.0058905973878247,0.0049140049140049,0.0015060240963855,0.3333333333333333,0.0013227513227513,0.0,0.0,0.0051468362095065,0.0009088155104513,0.0,0.0142326732673267,0.0854271356783919,0.0319148936170212,0.0,0.0,0.0,0.0159176029962546,0.0006055101422948,0.0,0.1392405063291139,0.0005266853932584,0.0,0.0121002592912705,0.0282714054927302,0.0024980483996877,0.0066413662239089,0.0228310502283105,0.064516129032258,0.0069633666363911,0.0106553010122535,1.0,0.0,0.0006312117397913,9.76810518295661e-06,0.0769230769230769,0.0,0.0094339622641509,0.0005633802816901,0.0016583747927031
699,TBStack-LR,1,1,TreeStacking,Extract Subclass,0.0,0.0221838797140744,0.0324483775811209,0.0034482758620689,0.0,0.0,0.0066218439601064,0.0073710073710073,0.0087851405622489,0.238095238095238,0.0035273368606701,0.0140845070422535,0.0,0.0027247956403269,0.0012117540139351,0.0,0.0142326732673267,0.0351758793969849,0.0159574468085106,0.0,0.0058479532163742,0.0006055101422948,0.0177902621722846,0.0009082652134423,0.0,0.0,0.0009655898876404,0.0004283572499464,0.0198789974070872,0.0630048465266559,0.0120218579234972,0.0009487666034155,0.0091324200913242,0.0589247311827956,0.0221011201937632,0.0154501864677677,0.0,0.0,0.0,0.0,0.0,0.0,0.0,0.0,0.0
700,TBStack-LR,1,1,TreeStacking,Extract Subclass,0.0,0.0019719004190288,0.0019665683382497,0.0017241379310344,0.0,6.89697452717408e-06,0.0010968698584225,0.0,0.0,0.1428571428571428,0.0079365079365079,0.0,0.0,0.0015137753557372,0.0006058770069675,0.0,0.0037128712871287,0.0251256281407035,0.0106382978723404,0.0,0.0,0.0,0.0028089887640449,0.0015137753557372,0.0054545454545454,0.0,8.778089887640449e-05,0.0,0.0043215211754537,0.0096930533117932,0.0028103044496487,0.0009487666034155,0.0,0.0159139784946236,0.0024220405691795,0.0026638252530633,1.0,0.0,0.0001942189968588,0.0005079414695137,0.0769230769230769,0.0,0.0094339622641509,0.0140845070422535,0.0
701,TBStack-LR,1,1,TreeStacking,Extract Subclass,0.0,0.0,0.007866273352999,0.0,0.0,7.663305030193422e-07,0.0003249984765696,0.0,0.0,0.0952380952380952,0.0,0.0,0.0,0.0,0.0,0.0,0.0012376237623762,0.0,0.0,0.0,0.0058479532163742,0.0,0.0009363295880149,0.0,0.0,0.0,8.778089887640449e-05,0.0,0.0025929127052722,0.0024232633279483,0.0003122560499609,0.0009487666034155,0.0,0.0120430107526881,0.0,0.000799147575919,0.28,0.011015911872705,0.0087772046657379,0.0,0.3076923076923077,0.0857142857142857,0.1226415094339622,0.0140845070422535,0.0
702,TBStack-LR,1,1,TreeStacking,Extract Subclass,0.0,0.0017254128666502,0.0255653883972468,0.0,0.0,4.291450816908317e-05,0.001990615668989,0.0049140049140049,0.0,0.0952380952380952,0.0,0.0,0.0,0.0012110202845897,0.0012117540139351,0.0,0.010519801980198,0.0201005025125628,0.0106382978723404,0.0,0.0,0.0,0.0140449438202247,0.0,0.0,0.0,0.0,0.0,0.0095073465859982,0.0169628432956381,0.0004683840749414,0.0009487666034155,0.0,0.0283870967741935,0.002119285498032,0.0053276505061267,0.0,0.0,0.0,0.0,0.0,0.0,0.0,0.0,0.0
703,TBStack-LR,1,1,TreeStacking,Extract Subclass,0.0274914089347079,0.0002464875523786,0.0108161258603736,0.0,0.0,0.0,0.047835713270094,0.0,0.0,0.0,0.0004409171075837,0.0,0.0,0.0003027550711474,0.0003029385034837,0.0,0.0,0.0,0.0,0.0,0.0,0.0,0.0,0.0003027550711474,0.0,0.0,0.0,0.0,0.0,0.0016155088852988,0.0,0.0891840607210626,0.0,0.1088172043010752,0.0003027550711474,0.0,0.0,0.0,0.0,0.0,0.0,0.0,0.0,0.0,0.0
704,TBStack-LR,1,1,TreeStacking,Extract Subclass,0.0584192439862542,0.0083805767808725,0.0344149459193707,0.0043103448275862,0.0,0.0002115072188333,0.0118624443947919,0.0024570024570024,0.0005020080321285,0.1904761904761904,0.0008818342151675,0.0,0.0,0.0081743869209809,0.0009088155104513,0.0,0.0154702970297029,0.0653266331658291,0.0212765957446808,0.1444444444444444,0.0058479532163742,0.0003027550711474,0.0177902621722846,0.0006055101422948,0.0,0.0,0.0007022471910112,0.0008567144998929,0.0112359550561797,0.0662358642972536,0.0007806401249024,0.0066413662239089,0.0,0.0868817204301075,0.0115046927036027,0.0117208311134789,0.5263157894736842,0.0061199510403916,0.0001307243248088,0.0009475062027467,0.3846153846153846,0.0,0.0471698113207547,0.0053521126760563,0.0016583747927031
705,TBStack-LR,1,1,TreeStacking,Extract Subclass,0.0,0.001232437761893,0.0049164208456243,0.0,0.0,7.663305030193422e-07,0.0007312465722816,0.0,0.0,0.0952380952380952,0.0,0.0,0.0,0.0009082652134423,0.0,0.0,0.0018564356435643,0.0050251256281407,0.0,0.0,0.0,0.0,0.0028089887640449,0.0,0.0,0.0,0.0006144662921348,0.0,0.0017286084701815,0.0129240710823909,0.0006245120999219,0.0009487666034155,0.0,0.0141935483870967,0.0012110202845897,0.0010655301012253,0.0,0.0,0.0,0.0,0.0,0.0,0.0,0.0,0.0
706,TBStack-LR,1,1,TreeStacking,Extract Subclass,0.0240549828178694,0.0157752033522307,0.0471976401179941,0.0103448275862068,0.0,3.831652515096711e-06,0.0123702545144319,0.0073710073710073,0.0005020080321285,0.2857142857142857,0.0008818342151675,0.0,0.0,0.0036330608537693,0.0036352620418055,0.0,0.0043316831683168,0.0552763819095477,0.0159574468085106,0.0,0.0,0.0003027550711474,0.0037453183520599,0.0003027550711474,0.0009090909090909,0.0,0.0006144662921348,0.0006425358749196,0.0051858254105445,0.0638126009693053,0.0032786885245901,0.0037950664136622,0.0228310502283105,0.0834408602150537,0.0130184680593399,0.0154501864677677,0.9,0.0012239902080783,0.0002016889582765,8.79129466466095e-05,0.1538461538461538,0.0,0.0188679245283018,0.0028169014084507,0.0049751243781094
707,TBStack-LR,1,1,TreeStacking,Extract Subclass,0.0034364261168384,0.0091200394380083,0.0245821042281219,0.0137931034482758,0.0064102564102564,0.0002605523710265,0.005464036887327,0.0,0.0005020080321285,0.1428571428571428,0.0030864197530864,0.0,0.0,0.0051468362095065,0.0003029385034837,0.0,0.0198019801980198,0.0804020100502512,0.0159574468085106,0.0,0.0,0.0,0.0271535580524344,0.0003027550711474,0.0,0.0,8.778089887640449e-05,0.0002141786249732,0.017286084701815,0.0331179321486268,0.0035909445745511,0.0009487666034155,0.0182648401826484,0.0417204301075268,0.0087798970632758,0.0162493340436867,0.6944444444444444,0.0134638922888616,0.0004556676464766,0.0006349268368921,0.1538461538461538,0.0095238095238095,0.0283018867924528,0.0101408450704225,0.0033167495854063
708,TBStack-LR,1,1,TreeStacking,Extract Subclass,0.0,0.0,0.0068829891838741,0.0,0.0,0.0004046225055942,0.0009546830249233,0.0,0.0,0.0,0.0,0.0,0.0,0.0,0.0,0.0,0.0204207920792079,0.0,0.0,0.0,0.0,0.0,0.0,0.0,0.0,0.0,0.0,0.0,0.0,0.0,0.0,0.0009487666034155,0.0,0.0210752688172043,0.0,0.0087906233351092,0.0,0.0,0.0,0.0,0.0,0.0,0.0,0.0,0.0
709,TBStack-LR,1,1,TreeStacking,Extract Subclass,0.0,0.0034508257333004,0.0137659783677482,0.0,0.0,7.663305030193421e-06,0.0011171822632081,0.0,0.0,0.0952380952380952,0.0,0.0,0.0,0.0039358159249167,0.0036352620418055,0.0,0.0030940594059405,0.0402010050251256,0.0,0.0,0.0,0.0015137753557372,0.0046816479400749,0.0039358159249167,0.0,0.0,0.0002633426966292,0.0002141786249732,0.003457216940363,0.0048465266558966,0.0007806401249024,0.0009487666034155,0.0,0.0197849462365591,0.0039358159249167,0.0018646776771443,0.0,0.0,0.0,0.0,0.0,0.0,0.0,0.0,0.0
710,TBStack-LR,1,1,TreeStacking,Extract Subclass,0.0,0.0,0.0,0.0,0.0,0.0,0.0008124961914241,0.0,0.0,0.0,0.0,0.0,0.0,0.0,0.0,0.0,0.0,0.0,0.0,0.0,0.0,0.0,0.0,0.0,0.0,0.0,0.0,0.0,0.0,0.0,0.0,0.0,0.0,0.0,0.0,0.0,0.0,0.0,0.0,0.0,0.0,0.0,0.0,0.0,0.0
711,TBStack-LR,1,1,TreeStacking,Extract Subclass,0.0103092783505154,0.0128173527236874,0.0462143559488692,0.0103448275862068,0.0,0.0008789810869631,0.0074343401515305,0.0245700245700245,0.0012550200803212,0.1904761904761904,0.0004409171075837,0.0352112676056338,0.0,0.0036330608537693,0.0003029385034837,0.018970189701897,0.0309405940594059,0.0402010050251256,0.0053191489361702,0.0444444444444444,0.0467836257309941,0.0,0.0383895131086142,0.0003027550711474,0.0009090909090909,0.0632911392405063,0.0007022471910112,0.0,0.0397579948141745,0.0735056542810985,0.0035909445745511,0.0018975332068311,0.0091324200913242,0.083010752688172,0.0118074477747502,0.0239744272775705,1.0,0.0085679314565483,0.0020467694284359,0.0003711879969523,0.0769230769230769,0.0,0.0094339622641509,0.0101408450704225,0.0041459369817578
712,TBStack-LR,1,1,TreeStacking,Extract Subclass,0.0,0.0014789253142716,0.0009832841691248,0.0,0.0,0.0,0.000203124047856,0.0,0.0,0.0,0.0,0.0,0.0,0.0018165304268846,0.0018176310209027,0.0,0.0,0.0,0.0,0.0,0.0,0.0018165304268846,0.0,0.0018165304268846,0.0,0.0,0.0,0.0,0.0,0.0,0.0,0.0009487666034155,0.0,0.0086021505376344,0.0018165304268846,0.0,0.0,0.0,0.0,0.0,0.0,0.0,0.0,0.0,0.0
713,TBStack-LR,1,1,TreeStacking,Extract Subclass,0.0,0.001232437761893,0.0009832841691248,0.0,0.0,2.6821567605676978e-05,0.0007515589770672,0.0,0.0,0.0476190476190476,0.0,0.0,0.0,0.0015137753557372,0.0,0.0,0.0061881188118811,0.0251256281407035,0.0,0.0,0.0,0.0,0.0093632958801498,0.0,0.0,0.0,0.0,0.0,0.0043215211754537,0.0,0.0,0.0009487666034155,0.0,0.0081720430107526,0.0015137753557372,0.0026638252530633,0.0,0.0,0.0,0.0,0.0,0.0,0.0,0.0,0.0
714,TBStack-LR,1,1,TreeStacking,Extract Subclass,0.0,0.0029578506285432,0.0019665683382497,0.0,0.0,2.2989915090580268e-06,0.0007921837866385,0.0073710073710073,0.0007530120481927,0.1904761904761904,0.0,0.0,0.0,0.0,0.0,0.0,0.0018564356435643,0.0,0.0053191489361702,0.0,0.0,0.0,0.0018726591760299,0.0,0.0,0.0,0.000438904494382,0.0,0.0017286084701815,0.0072697899838449,0.0,0.0009487666034155,0.0,0.0129032258064516,0.0030275507114744,0.0018646776771443,0.0,0.0,0.0,0.0,0.0,0.0,0.0,0.0,0.0
715,TBStack-LR,1,1,TreeStacking,Extract Subclass,0.0,0.0,0.0,0.0,0.0,0.0,0.0104608884645853,0.0,0.0,0.0,0.0,0.0,0.0,0.0,0.0,0.0,0.0,0.0,0.0,0.0,0.0,0.0,0.0,0.0,0.0,0.0,0.0,0.0,0.0,0.0,0.0,0.0,0.0,0.0,0.0,0.0,0.68,0.011015911872705,0.0038208852651276,0.0011624045167718,0.2307692307692307,0.0,0.0283018867924528,0.0140845070422535,0.0
716,TBStack-LR,1,1,TreeStacking,Extract Subclass,0.0,0.1449346807986196,0.0108161258603736,0.0017241379310344,0.0,4.138184716304448e-05,0.0145233694217058,0.0,0.0946285140562249,0.0952380952380952,0.0052910052910052,0.0,0.0,0.1765062064789585,0.1766131475310512,0.0,0.0074257425742574,0.0351758793969849,0.0053191489361702,0.0,0.0,0.1743869209809264,0.0102996254681647,0.1765062064789585,0.0072727272727272,0.0,0.0171172752808988,0.0002141786249732,0.0112359550561797,0.0218093699515347,0.0644808743169398,0.0009487666034155,0.0,0.0795698924731182,0.1774144716924008,0.0069259456579648,0.3660130718954248,0.0526315789473684,0.0047770403265867,0.0016898821966514,0.3076923076923077,0.2285714285714286,0.2641509433962264,0.0430985915492957,0.0024875621890547
717,TBStack-LR,1,1,TreeStacking,Extract Subclass,0.0,0.0002464875523786,0.0019665683382497,0.0,0.0,0.0,0.0103390140358717,0.0,0.0,0.0476190476190476,0.0,0.0,0.0,0.1522858007871631,0.0003029385034837,0.0,0.0006188118811881,0.0050251256281407,0.0053191489361702,0.0,0.0,0.1519830457160157,0.0,0.1522858007871631,0.0,0.0,0.0,0.0,0.0,0.0008077544426494,0.0001561280249804,0.0009487666034155,0.0,0.1797849462365591,0.1522858007871631,0.0005327650506126,0.9666666666666668,0.0195838433292533,0.001490257302821,0.000224666419208,0.0769230769230769,0.0380952380952381,0.0471698113207547,0.0422535211267605,0.0
718,TBStack-LR,1,1,TreeStacking,Extract Subclass,0.0,0.0076411141237367,0.0019665683382497,0.0017241379310344,0.0,0.0,0.0010968698584225,0.0,0.0,0.0952380952380952,0.0,0.0,0.0,0.0093854072055706,0.0093910936079975,0.0,0.0006188118811881,0.0,0.0,0.0,0.0,0.0093854072055706,0.0009363295880149,0.0093854072055706,0.0,0.0,0.0,0.0,0.0025929127052722,0.0,0.004839968774395,0.0009487666034155,0.0,0.0184946236559139,0.0093854072055706,0.000799147575919,0.0,0.0,0.0,0.0,0.0,0.0,0.0,0.0,0.0
719,TBStack-LR,1,1,TreeStacking,Extract Subclass,0.0,0.0579245748089721,0.007866273352999,0.0232758620689655,0.0,4.5979830181160536e-06,0.0138124352542097,0.0442260442260442,0.0062751004016064,0.3333333333333333,0.0035273368606701,0.0,0.0,0.0006055101422948,0.0006058770069675,0.0,0.0080445544554455,0.0,0.0106382978723404,0.0,0.0,0.0006055101422948,0.0102996254681647,0.0006055101422948,0.0118181818181818,0.0,0.0018433988764044,0.0010708931248661,0.03457216940363,0.0735056542810985,0.0473067915690866,0.0009487666034155,0.0958904109589041,0.0903225806451612,0.0590372388737511,0.0356952583910495,0.0,0.0,0.0,0.0,0.0,0.0,0.0,0.0,0.0
720,TBStack-LR,1,1,TreeStacking,Extract Subclass,0.0103092783505154,0.0123243776189302,0.0186823992133726,0.0025862068965517,0.0,6.054010973852803e-05,0.0057890353638967,0.0024570024570024,0.0027610441767068,0.1428571428571428,0.0026455026455026,0.0,0.0,0.0042385709960641,0.0015146925174189,0.0,0.0092821782178217,0.0150753768844221,0.0,0.1111111111111111,0.0116959064327485,0.0003027550711474,0.0121722846441947,0.0012110202845897,0.0,0.0,0.0020189606741573,0.0002141786249732,0.0146931719965427,0.0630048465266559,0.0120218579234972,0.0018975332068311,0.0045662100456621,0.0662365591397849,0.0115046927036027,0.0109216835375599,0.8888888888888888,0.00734394124847,0.002043034447727,0.0002930431554886,0.1538461538461538,0.0,0.0188679245283018,0.0076056338028169,0.0041459369817578
721,TBStack-LR,1,1,TreeStacking,Extract Subclass,0.0,0.0041902883904362,0.0058997050147492,0.0008620689655172,0.0,1.2261288048309477e-05,0.0026609250269139,0.0122850122850122,0.0007530120481927,0.1428571428571428,0.0,0.0,0.0,0.0015137753557372,0.0009088155104513,0.0,0.0049504950495049,0.0251256281407035,0.0212765957446808,0.0,0.0,0.0,0.0037453183520599,0.0,0.0,0.0,0.0011411516853932,0.0002141786249732,0.0129645635263612,0.0201938610662358,0.0014051522248243,0.0009487666034155,0.0,0.024516129032258,0.0042385709960641,0.0093233883857218,0.2666666666666666,0.0624235006119951,0.1337571291444279,1.953621036591322e-05,0.3076923076923077,0.2,0.2358490566037736,0.0422535211267605,0.0
722,TBStack-LR,1,1,TreeStacking,Extract Subclass,0.0103092783505154,0.0428888341138772,0.0452310717797443,0.0094827586206896,0.0,0.0008046470281703,0.0174077309012614,0.1007371007371007,0.0072791164658634,0.4285714285714285,0.0066137566137566,0.0,0.0,0.0033303057826218,0.0012117540139351,0.0,0.0327970297029703,0.0050251256281407,0.0,0.1111111111111111,0.0994152046783625,0.0,0.0337078651685393,0.0012110202845897,0.0,0.0,0.0032478932584269,0.0044977511244377,0.031114952463267,0.1453957996768982,0.0081186572989851,0.0009487666034155,0.0365296803652968,0.1187096774193548,0.0432939751740841,0.0580713905167821,0.6621621621621622,0.0024479804161566,0.008433586440526,0.0167229960732217,0.3076923076923077,0.019047619047619,0.0566037735849056,0.0208450704225352,0.0008291873963515
723,TBStack-LR,1,1,TreeStacking,Extract Subclass,0.0,0.0672911017993591,0.0452310717797443,0.0086206896551724,0.0,1.1494957545290131e-05,0.0150514919461315,0.0024570024570024,0.0168172690763052,0.238095238095238,0.1415343915343915,0.0,0.0,0.0006055101422948,0.0003029385034837,0.0,0.0037128712871287,0.0050251256281407,0.0,0.0,0.0058479532163742,0.0003027550711474,0.0046816479400749,0.0003027550711474,0.0,0.0,0.1804775280898876,0.0100663953737417,0.0077787381158167,0.0355411954765751,0.1408274785323965,0.0009487666034155,0.0,0.1449462365591398,0.0063578564940962,0.0093233883857218,0.0,0.0,0.0,0.0,0.0,0.0,0.0,0.0,0.0
724,TBStack-LR,1,1,TreeStacking,Extract Subclass,0.0,0.0083805767808725,0.0088495575221238,0.0198275862068965,0.0,0.0001310425160163,0.004753102719831,0.0319410319410319,0.001004016064257,0.2857142857142857,0.0048500881834215,0.0,0.0,0.0,0.0,0.0,0.0117574257425742,0.0,0.0,0.0,0.0,0.0,0.0177902621722846,0.0,0.0172727272727272,0.0,0.001316713483146,0.0004283572499464,0.0337078651685393,0.0226171243941841,0.0006245120999219,0.0009487666034155,0.0045662100456621,0.0275268817204301,0.0069633666363911,0.0205114544485881,0.0,0.0,0.0,0.0,0.0,0.0,0.0,0.0,0.0
725,TBStack-LR,1,1,TreeStacking,Extract Subclass,0.0,0.0586640374661079,0.1091445427728613,0.0327586206896551,0.0,0.0001502007785917,0.0518981942272145,0.0073710073710073,0.0092871485943775,0.3333333333333333,0.0044091710758377,0.0,0.0,0.015137753557372,0.0069675855801272,0.0,0.0253712871287128,0.2311557788944723,0.1808510638297872,0.0222222222222222,0.0175438596491228,0.0,0.0028089887640449,0.0,0.0,0.0,0.0021945224719101,0.0049261083743842,0.017286084701815,0.1550888529886914,0.0348165495706479,0.0218216318785578,0.0410958904109589,0.1926881720430107,0.0499545867393278,0.1052210974960042,0.0,0.0,0.0,0.0,0.0,0.0,0.0,0.0,0.0
726,TBStack-LR,1,1,TreeStacking,Extract Subclass,0.0068728522336769,0.0638402760660586,0.0442477876106194,0.0336206896551724,0.1025641025641025,0.0001042209484106,0.0231561414555869,0.027027027027027,0.002008032128514,0.2857142857142857,0.0101410934744268,0.0,0.0,0.0012110202845897,0.0012117540139351,0.0,0.010519801980198,0.0201005025125628,0.0319148936170212,0.0,0.0175438596491228,0.0,0.0074906367041198,0.0012110202845897,0.0,0.0,0.0043012640449438,0.0027843221246519,0.1374243733794295,0.2124394184168013,0.0085870413739266,0.0009487666034155,0.1552511415525114,0.0946236559139784,0.0759915228580078,0.0602024507192328,0.6666666666666666,0.003671970624235,0.0057406653494634,0.0002735069451227,0.2307692307692307,0.0,0.0283018867924528,0.0033802816901408,0.0008291873963515
727,TBStack-LR,1,0,TreeStacking,Extract Subclass,0.0,0.0391915208281981,0.0009832841691248,0.0008620689655172,0.0,0.0,0.0037374824805508,0.0024570024570024,0.0002510040160642,0.1428571428571428,0.0008818342151675,0.0,0.0,0.0463215258855585,0.0463495910330203,0.0,0.0006188118811881,0.0100502512562814,0.0,0.0,0.0,0.0457160157432637,0.0009363295880149,0.0463215258855585,0.0009090909090909,0.0,0.0135182584269662,0.0,0.0008643042350907,0.0064620355411954,0.0001561280249804,0.0009487666034155,0.0045662100456621,0.0206451612903225,0.0481380563124432,0.0018646776771443,0.0,0.0,0.0,0.0,0.0,0.0,0.0,0.0,0.0
728,TBStack-LR,1,1,TreeStacking,Extract Subclass,0.0,0.0653192013803302,0.0029498525073746,0.0,0.0,0.0,0.0115780707277934,0.0,0.0,0.0,0.0,0.0,0.0,0.080230093854072,0.0,0.0,0.0,0.0,0.0,0.0,0.0,0.0,0.0,0.0,0.0,0.0,0.0,0.0,0.0,0.0,0.0413739266198282,0.0018975332068311,0.0,0.0563440860215053,0.080230093854072,0.0,1.0,0.03671970624235,0.0036229312875598,0.0039267782835485,0.0769230769230769,0.0,0.0094339622641509,0.056338028169014,0.0
729,TBStack-LR,1,1,TreeStacking,Extract Subclass,0.0,0.0,0.0029498525073746,0.0,0.0,0.6341699107991294,0.0522638175133554,0.0,0.001004016064257,0.0,0.0,0.0,0.0,0.0,0.0,0.0,0.7964108910891089,0.0,0.0,0.0,0.0,0.0,0.0,0.0,0.0,0.0,0.0,0.0,0.0,0.0,0.2021857923497267,0.0009487666034155,0.0,0.535483870967742,0.0,0.3428343100692594,0.07,0.7123623011015912,0.0122133869178565,0.0043468068064156,0.1538461538461538,0.8,0.8113207547169811,0.2253521126760563,0.0
730,TBStack-LR,1,1,TreeStacking,Extract Subclass,0.0,0.003697313285679,0.007866273352999,0.0,0.0,0.0,0.0037374824805508,0.0,0.0005020080321285,0.0476190476190476,0.0,0.0,0.0,0.0045413260672116,0.0045440775522568,0.0,0.0006188118811881,0.0050251256281407,0.0053191489361702,0.0,0.0,0.0042385709960641,0.0,0.0045413260672116,0.0,0.0,0.0,0.0,0.0,0.0008077544426494,0.0023419203747072,0.0151802656546489,0.0,0.0288172043010752,0.0045413260672116,0.0002663825253063,0.0,0.0,0.0,0.0,0.0,0.0,0.0,0.0,0.0
731,TBStack-LR,1,1,TreeStacking,Extract Subclass,0.0,0.0081340892284939,0.0176991150442477,0.0051724137931034,0.0,0.0,0.006540594340964,0.0122850122850122,0.0102911646586345,0.2857142857142857,0.0004409171075837,0.0,0.0,0.0006055101422948,0.0,0.0,0.0117574257425742,0.0100502512562814,0.026595744680851,0.0,0.0,0.0,0.0131086142322097,0.0003027550711474,0.0,0.0379746835443038,0.0006144662921348,0.0004283572499464,0.0043215211754537,0.0638126009693053,0.0098360655737704,0.0018975332068311,0.0547945205479452,0.0365591397849462,0.0081743869209809,0.0191795418220564,1.0,0.0,0.0017218261067681,0.00112333209604,0.0769230769230769,0.0,0.0094339622641509,0.0140845070422535,0.0
732,TBStack-LR,1,1,TreeStacking,Extract Subclass,0.0,0.0009859502095144,0.0324483775811209,0.0,0.0,5.517579621739264e-05,0.0024781133838435,0.0049140049140049,0.0002510040160642,0.1428571428571428,0.0,0.0,0.0,0.0003027550711474,0.0003029385034837,0.0,0.0080445544554455,0.0050251256281407,0.0053191489361702,0.0,0.0,0.0,0.0112359550561797,0.0,0.0,0.0,0.0,0.0,0.0051858254105445,0.0129240710823909,0.0010928961748633,0.0009487666034155,0.0,0.0197849462365591,0.0012110202845897,0.0045285029302077,0.3846153846153846,0.0,0.0001381942862265,0.000214898314025,0.3076923076923077,0.0,0.0377358490566037,0.0036619718309859,0.0008291873963515
733,TBStack-LR,1,1,TreeStacking,Extract Subclass,0.0,0.0,0.0058997050147492,0.0,0.0,2.2989915090580268e-06,0.0004265605004976,0.0,0.0,0.0476190476190476,0.0,0.0,0.0,0.0,0.0,0.0,0.0018564356435643,0.0,0.0,0.0,0.0,0.0,0.0028089887640449,0.0,0.0,0.0,8.778089887640449e-05,0.0,0.0,0.0024232633279483,0.0006245120999219,0.0009487666034155,0.0,0.006021505376344,0.0,0.000799147575919,0.0,0.0,0.0,0.0,0.0,0.0,0.0,0.0,0.0
734,TBStack-LR,1,1,TreeStacking,Extract Subclass,0.0034364261168384,0.01059896475228,0.0176991150442477,0.0034482758620689,0.0,1.379394905434816e-05,0.0177124169730454,0.0147420147420147,0.0070281124497991,0.2857142857142857,0.0030864197530864,0.0,0.0,0.0030275507114744,0.0009088155104513,0.0,0.005569306930693,0.0452261306532663,0.0,0.0111111111111111,0.0116959064327485,0.0,0.0056179775280898,0.0003027550711474,0.0,0.0,0.0010533707865168,0.0023559648747055,0.0017286084701815,0.0516962843295638,0.0071818891491022,0.00853889943074,0.0639269406392694,0.1169892473118279,0.0087798970632758,0.0175812466702184,0.48,0.0048959608323133,0.0062374177837371,0.0004004923125012,0.3076923076923077,0.0,0.0377358490566037,0.0070422535211267,0.0041459369817578
735,TBStack-LR,1,1,TreeStacking,Extract Subclass,0.0,0.0004929751047572,0.0039331366764995,0.0,0.0,0.0,0.0002640612622128,0.0,0.0,0.0476190476190476,0.0,0.0,0.0,0.0006055101422948,0.0,0.0,0.0006188118811881,0.0,0.0,0.0,0.0,0.0006055101422948,0.0009363295880149,0.0006055101422948,0.0,0.0,0.0002633426966292,0.0,0.0,0.0008077544426494,0.0,0.0009487666034155,0.0,0.0047311827956989,0.0006055101422948,0.0002663825253063,0.0,0.0,0.0,0.0,0.0,0.0,0.0,0.0,0.0
736,TBStack-LR,1,1,TreeStacking,Extract Subclass,0.0,0.0046832634951934,0.0019665683382497,0.0,0.0,4.0615516660025137e-05,0.0018078040259186,0.0,0.003012048192771,0.0952380952380952,0.0004409171075837,0.0,0.0,0.0027247956403269,0.0009088155104513,0.0,0.0086633663366336,0.0452261306532663,0.0,0.0,0.0,0.0,0.0131086142322097,0.0,0.0,0.0,0.0,0.0,0.010371650821089,0.0088852988691437,0.0039032006245121,0.0009487666034155,0.0045662100456621,0.024516129032258,0.004844081138359,0.0042621204049014,0.9916666666666668,0.0012239902080783,0.0027414758402772,0.005841326899408,0.0769230769230769,0.0285714285714285,0.0377358490566037,0.1690140845070422,0.0
737,TBStack-LR,1,1,TreeStacking,Extract Subclass,0.0034364261168384,0.004929751047572,0.0196656833824975,0.0025862068965517,0.0,6.743708426570211e-05,0.0039202941236212,0.0122850122850122,0.001004016064257,0.1904761904761904,0.0,0.0070422535211267,0.0,0.0012110202845897,0.0009088155104513,0.0,0.0099009900990099,0.0150753768844221,0.0106382978723404,0.0111111111111111,0.0116959064327485,0.0,0.0112359550561797,0.0003027550711474,0.0,0.0,0.0002633426966292,0.0,0.0121002592912705,0.0597738287560581,0.0024980483996877,0.0009487666034155,0.0091324200913242,0.0313978494623655,0.004844081138359,0.0111880660628662,0.7727272727272727,0.02937576499388,0.0006722965275884,0.0012112450426866,0.1538461538461538,0.0095238095238095,0.0283018867924528,0.0185915492957746,0.005804311774461
738,TBStack-LR,1,1,TreeStacking,Extract Subclass,0.0,0.0014789253142716,0.0,0.0,0.0,0.0,0.0001218744287136,0.0,0.0,0.0,0.0,0.0,0.0,0.0018165304268846,0.0018176310209027,0.0,0.0,0.0,0.0,0.0,0.0,0.0018165304268846,0.0,0.0018165304268846,0.0,0.0,0.0,0.0,0.0,0.0,0.0009367681498829,0.0009487666034155,0.0,0.0073118279569892,0.0018165304268846,0.0,0.0,0.0,0.0,0.0,0.0,0.0,0.0,0.0,0.0
739,TBStack-LR,1,1,TreeStacking,Extract Subclass,0.0,0.0019719004190288,0.0049164208456243,0.0051724137931034,0.0,7.663305030193421e-06,0.0018687412402754,0.0122850122850122,0.0042670682730923,0.1904761904761904,0.001763668430335,0.0,0.0,0.0,0.0,0.0,0.0030940594059405,0.0,0.0159574468085106,0.0,0.0,0.0,0.0018726591760299,0.0,0.0009090909090909,0.0,0.0011411516853932,0.0,0.0095073465859982,0.0177705977382875,0.0113973458235753,0.0009487666034155,0.0,0.013763440860215,0.0024220405691795,0.0069259456579648,0.0,0.0,0.0,0.0,0.0,0.0,0.0,0.0,0.0
740,TBStack-LR,1,1,TreeStacking,Extract Subclass,0.0,0.0,0.0009832841691248,0.0,0.0,0.0,6.09372143568077e-05,0.0,0.0,0.0476190476190476,0.0,0.0,0.0,0.0,0.0,0.0,0.0006188118811881,0.0,0.0,0.0,0.0,0.0,0.0009363295880149,0.0,0.0,0.0,0.0,0.0,0.0,0.0,0.0003122560499609,0.0009487666034155,0.0,0.0038709677419354,0.0,0.0002663825253063,0.0,0.0,0.0,0.0,0.0,0.0,0.0,0.0,0.0
741,TBStack-LR,1,0,TreeStacking,Extract Subclass,0.0103092783505154,0.0051762385999507,0.0265486725663716,0.0051724137931034,0.0,0.0001333415075253,0.0062765330787511,0.0024570024570024,0.0002510040160642,0.1904761904761904,0.0,0.0,0.0,0.0039358159249167,0.0006058770069675,0.0,0.0123762376237623,0.0653266331658291,0.0106382978723404,0.0,0.0,0.0,0.0168539325842696,0.0006055101422948,0.0009090909090909,0.0,0.0001755617977528,0.0,0.006914433880726,0.0347334410339256,0.0004683840749414,0.0028462998102466,0.0091324200913242,0.053763440860215,0.0066606115652437,0.0109216835375599,1.0,0.0085679314565483,0.0006013318941207,0.0005665501006114,0.0769230769230769,0.0,0.0094339622641509,0.0112676056338028,0.0016583747927031
742,TBStack-LR,1,1,TreeStacking,Extract Subclass,0.0,0.0017254128666502,0.015732546705998,0.0,0.0,5.517579621739264e-05,0.0015640551684913,0.0024570024570024,0.0,0.1428571428571428,0.0,0.0,0.0,0.0018165304268846,0.0018176310209027,0.0,0.0080445544554455,0.0,0.0,0.0,0.0,0.0018165304268846,0.0121722846441947,0.0018165304268846,0.0,0.0,0.0,0.0,0.0086430423509075,0.0088852988691437,0.0007806401249024,0.0009487666034155,0.0,0.0189247311827957,0.002119285498032,0.0045285029302077,0.0,0.0,0.0,0.0,0.0,0.0,0.0,0.0,0.0
743,TBStack-LR,1,0,TreeStacking,Extract Subclass,0.0240549828178694,0.0098595020951441,0.0304818092428711,0.0025862068965517,0.0128205128205128,7.356772828985686e-05,0.0060530966261095,0.0024570024570024,0.0035140562248995,0.0952380952380952,0.0013227513227513,0.0,0.0,0.0054495912806539,0.0,0.0,0.0123762376237623,0.0904522613065326,0.0531914893617021,0.0,0.0,0.0,0.0093632958801498,0.0,0.0,0.0,0.0007900280898876,0.0006425358749196,0.0017286084701815,0.0549273021001615,0.0007806401249024,0.0009487666034155,0.0,0.0524731182795698,0.0115046927036027,0.0095897709110282,0.3235294117647059,0.0159118727050183,0.0010868793862679,0.0007326078887217,0.4615384615384615,0.019047619047619,0.0754716981132075,0.0095774647887323,0.0024875621890547
744,TBStack-LR,1,1,TreeStacking,Extract Subclass,0.0,0.0492975104757209,0.0206489675516224,0.0474137931034482,0.0,0.0006191950464396,0.0225061445024476,0.0515970515970515,0.0153112449799196,0.1904761904761904,0.0268959435626102,0.0,0.0,0.0027247956403269,0.0018176310209027,0.0,0.0321782178217821,0.0150753768844221,0.0585106382978723,0.0222222222222222,0.0,0.0012110202845897,0.0355805243445692,0.0018165304268846,0.0154545454545454,0.0,0.0186095505617977,0.0070678946241165,0.0622299049265341,0.0920840064620355,0.0153005464480874,0.0009487666034155,0.0639269406392694,0.1367741935483871,0.0405691795337571,0.1110815130527437,0.4375,0.0048959608323133,0.0002203638618206,0.0002539707347568,0.3846153846153846,0.0,0.0471698113207547,0.0045070422535211,0.0008291873963515
745,TBStack-LR,1,1,TreeStacking,Extract Subclass,0.0,0.0115849149617944,0.0442477876106194,0.0146551724137931,0.0,0.0013556386598412,0.0078405882472425,0.0122850122850122,0.001004016064257,0.1904761904761904,0.0,0.0,0.0,0.0081743869209809,0.0003029385034837,0.0,0.0383663366336633,0.0050251256281407,0.0,0.2888888888888889,0.0,0.0,0.0580524344569288,0.0003027550711474,0.0,0.0,0.0035990168539325,0.0008567144998929,0.0328435609334485,0.0105008077544426,0.0146760343481654,0.0009487666034155,0.0,0.0481720430107526,0.0105964274901604,0.0253063399041022,0.3333333333333333,0.0,7.469961417649278e-06,1.953621036591322e-05,0.2307692307692307,0.0,0.0283018867924528,0.0008450704225352,0.0074626865671641
746,TBStack-LR,1,1,TreeStacking,Extract Subclass,0.0103092783505154,0.0101059896475228,0.0540806293018682,0.0034482758620689,0.0,0.0001379394905434,0.0067843431983912,0.0122850122850122,0.0022590361445783,0.1904761904761904,0.0039682539682539,0.0,0.0,0.0057523463518013,0.0054528930627082,0.0,0.0123762376237623,0.0301507537688442,0.0478723404255319,0.0,0.0116959064327485,0.0039358159249167,0.0074906367041198,0.0051468362095065,0.0,0.0,0.0003511235955056,0.0002141786249732,0.0121002592912705,0.0541195476575121,0.0134270101483216,0.0009487666034155,0.0136986301369863,0.0713978494623655,0.0115046927036027,0.0122535961640916,0.8095238095238095,0.0012239902080783,0.0003921729744265,0.0002930431554886,0.1538461538461538,0.0095238095238095,0.0283018867924528,0.0059154929577464,0.0049751243781094
747,TBStack-LR,1,1,TreeStacking,Extract Subclass,0.0,0.0009859502095144,0.0009832841691248,0.0,0.0,3.0653220120773688e-06,0.0007312465722816,0.0024570024570024,0.0007530120481927,0.1428571428571428,0.0008818342151675,0.0,0.0,0.0003027550711474,0.0,0.0,0.0030940594059405,0.0050251256281407,0.0106382978723404,0.0,0.0,0.0,0.0009363295880149,0.0,0.0009090909090909,0.0,0.0003511235955056,0.0002141786249732,0.0025929127052722,0.0096930533117932,0.0009367681498829,0.0009487666034155,0.0,0.0073118279569892,0.0012110202845897,0.002397442727757,1.0,0.0,0.0002465087267824,1.953621036591322e-05,0.0769230769230769,0.0,0.0094339622641509,0.0008450704225352,0.0024875621890547
748,TBStack-LR,1,1,TreeStacking,Extract Subclass,0.0034364261168384,0.0064086763618437,0.0039331366764995,0.0068965517241379,0.0,0.0002490574134812,0.0040218561475493,0.0122850122850122,0.0022590361445783,0.1428571428571428,0.0119047619047619,0.0,0.0,0.0003027550711474,0.0003029385034837,0.0,0.016089108910891,0.0,0.0106382978723404,0.0,0.0,0.0003027550711474,0.0224719101123595,0.0003027550711474,0.0236363636363636,0.0,0.0027212078651685,0.0021417862497322,0.024200518582541,0.0363489499192245,0.0004683840749414,0.0009487666034155,0.0091324200913242,0.0365591397849462,0.0069633666363911,0.0138518913159296,0.9230769230769232,0.0061199510403916,0.0010121797720914,0.0002832750503057,0.0769230769230769,0.019047619047619,0.0283018867924528,0.0073239436619718,0.0066334991708126
749,TBStack-LR,1,1,TreeStacking,Extract Subclass,0.0034364261168384,0.0096130145427655,0.0275319567354965,0.0060344827586206,0.0,3.2952211629831713e-05,0.0065609067457496,0.0147420147420147,0.0005020080321285,0.3333333333333333,0.0004409171075837,0.0,0.0,0.0009082652134423,0.0003029385034837,0.0,0.0061881188118811,0.0100502512562814,0.0053191489361702,0.0111111111111111,0.0058479532163742,0.0,0.0074906367041198,0.0003027550711474,0.0,0.0,0.0002633426966292,0.0008567144998929,0.0112359550561797,0.0525040387722132,0.0020296643247462,0.0009487666034155,0.045662100456621,0.0761290322580645,0.010293672419013,0.0130527437400106,0.3571428571428571,0.0269277845777233,0.001318448190215,0.0011819407271377,0.3076923076923077,0.0285714285714285,0.0660377358490566,0.0078873239436619,0.0024875621890547
750,TBStack-LR,1,1,TreeStacking,Extract Subclass,0.0137457044673539,0.0372196204091693,0.071779744346116,0.0362068965517241,0.0,0.0017296079453146,0.0200686559281753,0.0196560196560196,0.0057730923694779,0.238095238095238,0.0030864197530864,0.0,0.0,0.0081743869209809,0.0015146925174189,0.0,0.0464108910891089,0.135678391959799,0.101063829787234,0.0,0.0116959064327485,0.0,0.045880149812734,0.0015137753557372,0.0018181818181818,0.0253164556962025,0.0055301966292134,0.0032126793745984,0.0458081244598098,0.1187399030694668,0.0137392661982825,0.0047438330170777,0.0228310502283105,0.12,0.0302755071147441,0.0745871070857751,0.4930232558139535,0.0648714810281517,0.0195451540492793,0.0445034872135503,0.2307692307692307,0.0761904761904762,0.1037735849056603,0.0605633802816901,0.0422885572139303
751,TBStack-LR,1,1,TreeStacking,Extract Subclass,0.0,0.0014789253142716,0.0,0.0,0.0,0.0,0.0001218744287136,0.0,0.0,0.0,0.0,0.0,0.0,0.0018165304268846,0.0018176310209027,0.0,0.0,0.0,0.0,0.0,0.0,0.0018165304268846,0.0,0.0018165304268846,0.0,0.0,0.0,0.0,0.0,0.0,0.0009367681498829,0.0009487666034155,0.0,0.0086021505376344,0.0018165304268846,0.0,0.0,0.0,0.0,0.0,0.0,0.0,0.0,0.0,0.0
752,TBStack-LR,1,1,TreeStacking,Extract Subclass,0.0,0.0046832634951934,0.0019665683382497,0.0,0.0,4.0615516660025137e-05,0.0018078040259186,0.0,0.003012048192771,0.0952380952380952,0.0004409171075837,0.0,0.0,0.0027247956403269,0.0009088155104513,0.0,0.0086633663366336,0.0452261306532663,0.0,0.0,0.0,0.0,0.0131086142322097,0.0,0.0,0.0,0.0,0.0,0.010371650821089,0.0088852988691437,0.0039032006245121,0.0009487666034155,0.0045662100456621,0.024516129032258,0.004844081138359,0.0042621204049014,0.7207843137254902,0.0012239902080783,0.0107791543256679,0.0268622892531306,0.1538461538461538,0.0476190476190476,0.0660377358490566,0.7183098591549296,0.0
753,TBStack-LR,1,1,TreeStacking,Extract Subclass,0.0034364261168384,0.0160216909046093,0.0206489675516224,0.0137931034482758,0.0,6.590442325966343e-05,0.0071093416749608,0.0024570024570024,0.0035140562248995,0.238095238095238,0.0,0.0,0.0,0.0084771419921283,0.0030293850348379,0.0,0.0099009900990099,0.0954773869346733,0.0372340425531914,0.0,0.0058479532163742,0.0,0.0065543071161048,0.0030275507114744,0.0,0.0,0.0038623595505617,0.0012850717498393,0.0146931719965427,0.0492730210016155,0.0,0.0018975332068311,0.0,0.0619354838709677,0.0148349984862246,0.0167820990942994,0.625,0.00734394124847,0.0083588868263495,0.0,0.3076923076923077,0.0,0.0377358490566037,0.0022535211267605,0.0008291873963515
754,TBStack-LR,1,1,TreeStacking,Extract Subclass,0.0,0.0017254128666502,0.0068829891838741,0.0,0.0,7.663305030193421e-06,0.000710934167496,0.0,0.0,0.0476190476190476,0.0,0.0,0.0,0.0024220405691795,0.0006058770069675,0.0,0.0030940594059405,0.0351758793969849,0.0,0.0,0.0,0.0003027550711474,0.0046816479400749,0.0006055101422948,0.0,0.0,0.0003511235955056,0.0,0.0025929127052722,0.0008077544426494,0.0003122560499609,0.0009487666034155,0.0,0.0172043010752688,0.0024220405691795,0.0013319126265316,0.0,0.0,0.0,0.0,0.0,0.0,0.0,0.0,0.0
755,TBStack-LR,1,1,TreeStacking,Extract Subclass,0.0,0.0083805767808725,0.0196656833824975,0.0068965517241379,0.0,0.0001302761855132,0.0044687290528325,0.0073710073710073,0.0007530120481927,0.1428571428571428,0.0022045855379188,0.0,0.0,0.0018165304268846,0.0003029385034837,0.0,0.0173267326732673,0.0301507537688442,0.0212765957446808,0.0,0.0,0.0,0.0224719101123595,0.0003027550711474,0.0009090909090909,0.0,0.0002633426966292,0.0,0.010371650821089,0.0355411954765751,0.0031225604996096,0.0009487666034155,0.0319634703196347,0.0546236559139785,0.0072661217075386,0.0127863612147043,0.0,0.0,0.0,0.0,0.0,0.0,0.0,0.0,0.0
756,TBStack-LR,1,1,TreeStacking,Extract Subclass,0.0,0.0019719004190288,0.0039331366764995,0.0,0.0,2.069092358152224e-05,0.0012390566919217,0.0,0.0,0.1428571428571428,0.0,0.028169014084507,0.0,0.0012110202845897,0.0,0.0,0.0068069306930693,0.0201005025125628,0.0,0.0,0.0526315789473684,0.0,0.0018726591760299,0.0,0.0,0.0,8.778089887640449e-05,0.0,0.003457216940363,0.0064620355411954,0.0,0.0009487666034155,0.0045662100456621,0.0159139784946236,0.0012110202845897,0.0047948854555141,0.8431372549019608,0.018359853121175,0.0261710098267342,0.0001074491570125,0.1538461538461538,0.019047619047619,0.0377358490566037,0.0143661971830985,0.0008291873963515
757,TBStack-LR,1,1,TreeStacking,Extract Subclass,0.0,0.0017254128666502,0.0127826941986234,0.0008620689655172,0.0,0.0,0.00387966931405,0.0,0.0005020080321285,0.1428571428571428,0.0,0.0,0.0,0.0012110202845897,0.0,0.0,0.0024752475247524,0.0201005025125628,0.0053191489361702,0.0,0.0,0.0,0.0028089887640449,0.0003027550711474,0.0,0.0,0.0,0.0,0.0,0.0210016155088853,0.0017174082747853,0.0018975332068311,0.0091324200913242,0.0270967741935483,0.002119285498032,0.0026638252530633,0.0,0.0,0.0,0.0,0.0,0.0,0.0,0.0,0.0
758,TBStack-LR,1,1,TreeStacking,Extract Subclass,0.0,0.0032043381809218,0.0108161258603736,0.0017241379310344,0.0,0.0,0.0013812435254209,0.0024570024570024,0.0007530120481927,0.1904761904761904,0.0004409171075837,0.0,0.0,0.0015137753557372,0.0,0.0,0.0030940594059405,0.0251256281407035,0.0053191489361702,0.0,0.0,0.0,0.0037453183520599,0.0003027550711474,0.0,0.0,0.0006144662921348,0.0,0.0043215211754537,0.011308562197092,0.0010928961748633,0.0009487666034155,0.0,0.0180645161290322,0.0036330608537693,0.003196590303676,0.0,0.0,0.0,0.0,0.0,0.0,0.0,0.0,0.0
759,TBStack-LR,1,1,TreeStacking,Extract Subclass,0.0,0.0113384274094158,0.0009832841691248,0.0198275862068965,0.0,6.1306440241547375e-06,0.0028640490747699,0.0147420147420147,0.003012048192771,0.238095238095238,0.0,0.0,0.0,0.0018165304268846,0.0,0.0,0.0049504950495049,0.0,0.0,0.0,0.0,0.0,0.0074906367041198,0.0,0.0,0.0,0.0027212078651685,0.0021417862497322,0.006914433880726,0.0137318255250403,0.0009367681498829,0.0009487666034155,0.0045662100456621,0.016774193548387,0.0057523463518013,0.0133191262653169,0.0,0.0,0.0,0.0,0.0,0.0,0.0,0.0,0.0
760,TBStack-LR,1,1,TreeStacking,Extract Subclass,0.0,0.0,0.0039331366764995,0.0,0.0,0.0032078594856389,0.0037984196949076,0.0,0.0,0.0,0.0,0.0,0.0,0.0,0.0,0.0,0.0569306930693069,0.0,0.0,0.0,0.0,0.0,0.0,0.0,0.0,0.0,0.0,0.0,0.0,0.0,0.0143637782982045,0.0009487666034155,0.0,0.0451612903225806,0.0,0.0245071923281832,0.0,0.0,0.0,0.0,0.0,0.0,0.0,0.0,0.0
761,TBStack-LR,1,1,TreeStacking,Extract Subclass,0.0687285223367697,0.0027113630761646,0.0186823992133726,0.0008620689655172,0.0,4.214817766606382e-05,0.0057077857447543,0.0024570024570024,0.0007530120481927,0.0952380952380952,0.0066137566137566,0.0,0.0,0.0,0.0,0.0,0.0068069306930693,0.0,0.0106382978723404,0.0,0.0058479532163742,0.0,0.0074906367041198,0.0,0.01,0.0,0.0001755617977528,0.0,0.0,0.0161550888529886,0.0034348165495706,0.0028462998102466,0.0,0.0481720430107526,0.0030275507114744,0.0037293553542887,0.4705882352941176,0.0048959608323133,0.0002801235531618,0.0003711879969523,0.2307692307692307,0.0,0.0283018867924528,0.0047887323943661,0.0091210613598673
762,TBStack-LR,1,1,TreeStacking,Extract Subclass,0.0034364261168384,0.0019719004190288,0.0127826941986234,0.0,0.0,6.1306440241547375e-06,0.0018078040259186,0.0,0.0,0.0952380952380952,0.0,0.0,0.0,0.0024220405691795,0.0,0.0,0.0030940594059405,0.0402010050251256,0.0,0.0,0.0058479532163742,0.0,0.0037453183520599,0.0,0.0,0.0,0.0,0.0,0.0043215211754537,0.0153473344103392,0.0003122560499609,0.0018975332068311,0.0,0.0210752688172043,0.0027247956403269,0.002397442727757,0.0,0.0,0.0,0.0,0.0,0.0,0.0,0.0,0.0
763,TBStack-LR,1,1,TreeStacking,Extract Subclass,0.0,0.0327828444663544,0.0255653883972468,0.0068965517241379,0.0,8.582901633816633e-05,0.0117202575612926,0.0196560196560196,0.0128012048192771,0.1904761904761904,0.064373897707231,0.0,0.0,0.0042385709960641,0.0003029385034837,0.0,0.0247524752475247,0.0653266331658291,0.0,0.0111111111111111,0.0,0.0,0.0374531835205992,0.0027247956403269,0.0354545454545454,0.0,0.0101825842696629,0.0025701434996787,0.0354364736387208,0.0395799676898223,0.0056206088992974,0.0047438330170777,0.0730593607305936,0.0658064516129032,0.0196790796245837,0.0340969632392115,1.0,0.0,1.8674903544123192e-05,9.76810518295661e-06,0.0769230769230769,0.0,0.0094339622641509,0.0008450704225352,0.005804311774461
764,TBStack-LR,1,1,TreeStacking,Extract Subclass,0.0,0.0007394626571358,0.0019665683382497,0.0,0.0,0.0,0.0004265605004976,0.0,0.0002510040160642,0.0476190476190476,0.0,0.0,0.0,0.0009082652134423,0.0009088155104513,0.0,0.0030940594059405,0.0150753768844221,0.0,0.0,0.0,0.0,0.0046816479400749,0.0,0.0,0.0,0.0,0.0002141786249732,0.003457216940363,0.0024232633279483,0.0007806401249024,0.0009487666034155,0.0,0.0073118279569892,0.0009082652134423,0.001598295151838,0.0,0.0,0.0,0.0,0.0,0.0,0.0,0.0,0.0
765,TBStack-LR,1,1,TreeStacking,Extract Subclass,0.0068728522336769,0.0101059896475228,0.0412979351032448,0.0025862068965517,0.0,0.0001716580326763,0.0127561902053584,0.0049140049140049,0.0035140562248995,0.1904761904761904,0.0004409171075837,0.028169014084507,0.0,0.0036330608537693,0.0012117540139351,0.029810298102981,0.0179455445544554,0.0402010050251256,0.0053191489361702,0.0444444444444444,0.1052631578947368,0.0,0.0093632958801498,0.0003027550711474,0.0027272727272727,0.0,0.0011411516853932,0.0002141786249732,0.0181503889369057,0.0573505654281098,0.0031225604996096,0.01707779886148,0.0273972602739726,0.1002150537634408,0.0081743869209809,0.0143846563665423,0.3333333333333333,0.0012239902080783,0.0001232543633912,0.0002930431554886,0.3846153846153846,0.0,0.0471698113207547,0.0016901408450704,0.0024875621890547
766,TBStack-LR,1,1,TreeStacking,Extract Subclass,0.0,0.002464875523786,0.0098328416912487,0.0,0.0,6.1306440241547375e-06,0.0010562450488513,0.0024570024570024,0.0005020080321285,0.1428571428571428,0.0,0.0,0.0,0.0003027550711474,0.0003029385034837,0.0,0.0030940594059405,0.0050251256281407,0.0106382978723404,0.0,0.0058479532163742,0.0,0.0018726591760299,0.0003027550711474,0.0,0.0,8.778089887640449e-05,0.0,0.0008643042350907,0.0137318255250403,0.0012490241998438,0.0009487666034155,0.0,0.0223655913978494,0.0030275507114744,0.0021310602024507,0.2733333333333333,0.0599755201958384,0.054183365142919,6.837673628069627e-05,0.3076923076923077,0.1904761904761905,0.2264150943396226,0.0422535211267605,0.0
767,TBStack-LR,1,1,TreeStacking,Extract Subclass,0.0,0.0002464875523786,0.0058997050147492,0.0,0.0,2.1457254084541585e-05,0.0005281225244256,0.0,0.0,0.0476190476190476,0.0,0.0,0.0047393364928909,0.0,0.0,0.0,0.0049504950495049,0.0,0.0,0.0,0.0,0.0,0.0,0.0,0.0,0.0,0.0,0.0,0.0008643042350907,0.0024232633279483,0.0,0.0028462998102466,0.0,0.0150537634408602,0.0003027550711474,0.0021310602024507,0.0,0.0,0.0,0.0,0.0,0.0,0.0,0.0,0.0
768,TBStack-LR,1,1,TreeStacking,Extract Subclass,0.0034364261168384,0.0214444170569386,0.0530973451327433,0.0112068965517241,0.0,0.0012100358642675,0.0115577583230078,0.0245700245700245,0.003012048192771,0.4285714285714285,0.0035273368606701,0.0140845070422535,0.0,0.0108991825613079,0.0069675855801272,0.008130081300813,0.036509900990099,0.0452261306532663,0.0,0.1,0.0818713450292397,0.0054495912806539,0.0411985018726591,0.0069633666363911,0.0045454545454545,0.0,0.0012289325842696,0.0023559648747055,0.0492653414001728,0.0864297253634895,0.0082747853239656,0.0018975332068311,0.0045662100456621,0.0877419354838709,0.0227066303360581,0.0396909962706446,0.3255813953488372,0.0134638922888616,0.0014006177658092,0.0009768105182956,0.4615384615384615,0.0476190476190476,0.1037735849056603,0.012112676056338,0.0024875621890547
769,TBStack-LR,1,1,TreeStacking,Extract Subclass,0.0,0.0002464875523786,0.0,0.0,0.0,7.663305030193422e-07,0.0001828116430704,0.0,0.0,0.0476190476190476,0.0,0.0,0.0,0.0003027550711474,0.0003029385034837,0.0,0.0018564356435643,0.0050251256281407,0.0053191489361702,0.0,0.0,0.0,0.0018726591760299,0.0003027550711474,0.0018181818181818,0.0,0.0,0.0,0.0008643042350907,0.0008077544426494,0.0001561280249804,0.0009487666034155,0.0,0.0047311827956989,0.0003027550711474,0.000799147575919,0.0,0.0,0.0,0.0,0.0,0.0,0.0,0.0,0.0
770,TBStack-LR,1,1,TreeStacking,Extract Subclass,0.0,0.0,0.0049164208456243,0.0,0.0,7.663305030193422e-07,0.0002843736669984,0.0,0.0,0.0952380952380952,0.0,0.0,0.0,0.0,0.0,0.0,0.0012376237623762,0.0,0.0053191489361702,0.0,0.0,0.0,0.0009363295880149,0.0,0.0009090909090909,0.0,0.0,0.0,0.0017286084701815,0.0008077544426494,0.0001561280249804,0.0009487666034155,0.0045662100456621,0.0047311827956989,0.0,0.000799147575919,0.345,0.0758873929008567,0.0373161922618669,0.0,0.3076923076923077,0.2571428571428572,0.2924528301886792,0.056338028169014,0.0
771,TBStack-LR,1,1,TreeStacking,Extract Subclass,0.0,0.0,0.0009832841691248,0.0,0.0,2.2989915090580268e-06,6.09372143568077e-05,0.0,0.0,0.0,0.0,0.0,0.0,0.0,0.0,0.0,0.0018564356435643,0.0,0.0,0.0,0.0,0.0,0.0,0.0,0.0,0.0,0.0,0.0,0.0,0.0,0.0,0.0009487666034155,0.0,0.0025806451612903,0.0,0.000799147575919,0.7307692307692307,0.00734394124847,0.0016882112803887,1.953621036591322e-05,0.2307692307692307,0.0095238095238095,0.0377358490566037,0.0146478873239436,0.0024875621890547
772,TBStack-LR,1,1,TreeStacking,Extract Subclass,0.0,0.0,0.0,0.0,0.0,7.663305030193422e-07,4.062480957120514e-05,0.0,0.0,0.0,0.0,0.0,0.0,0.0,0.0,0.0,0.0012376237623762,0.0,0.0,0.0,0.0,0.0,0.0,0.0,0.0,0.0,0.0,0.0,0.0,0.0,0.0,0.0009487666034155,0.0,0.003010752688172,0.0,0.0005327650506126,0.0,0.0,0.0,0.0,0.0,0.0,0.0,0.0,0.0
773,TBStack-LR,1,1,TreeStacking,Extract Subclass,0.0,0.0019719004190288,0.0098328416912487,0.0,0.0,7.663305030193422e-07,0.0009343706201377,0.0098280098280098,0.0,0.1428571428571428,0.0,0.0,0.0,0.0,0.0,0.0,0.0012376237623762,0.0,0.0,0.0,0.0,0.0,0.0018726591760299,0.0,0.0,0.0,0.0,0.0,0.0008643042350907,0.0080775444264943,0.0001561280249804,0.0009487666034155,0.0045662100456621,0.0172043010752688,0.0024220405691795,0.002397442727757,1.0,0.0,9.71094984294406e-05,0.000214898314025,0.0769230769230769,0.0,0.0094339622641509,0.0011267605633802,0.0008291873963515
774,TBStack-LR,1,1,TreeStacking,Extract Subclass,0.0,0.0,0.0108161258603736,0.0,0.0,0.000160929405634,0.0005281225244256,0.0,0.0,0.0,0.0,0.0,0.0,0.0,0.0,0.0,0.0129950495049504,0.0,0.0,0.0,0.0,0.0,0.0,0.0,0.0,0.0,0.0,0.0,0.0,0.0,0.0,0.0009487666034155,0.0,0.010752688172043,0.0,0.0055940330314331,0.0,0.0,0.0,0.0,0.0,0.0,0.0,0.0,0.0
775,TBStack-LR,1,1,TreeStacking,Extract Subclass,0.0,0.0,0.0894788593903638,0.0,0.0,0.0,0.6216814608681521,0.0,0.0,0.0,0.0,0.0,0.0,0.0,0.0,0.0,0.0,0.0,0.0,0.0,0.0,0.0,0.0,0.0,0.0,0.0,0.0,0.0,0.0,0.0,0.0,0.1555977229601518,0.0,0.1376344086021505,0.0,0.0,0.0,0.0,0.0,0.0,0.0,0.0,0.0,0.0,0.0
776,TBStack-LR,1,1,TreeStacking,Extract Subclass,0.0,0.0009859502095144,0.0,0.0,0.0,0.0,8.124961914241028e-05,0.0,0.0002510040160642,0.0,0.0,0.0,0.0,0.0012110202845897,0.0012117540139351,0.0,0.0,0.0,0.0,0.0,0.0,0.0012110202845897,0.0,0.0012110202845897,0.0,0.0,0.0001755617977528,0.0,0.0,0.0,0.0003122560499609,0.0009487666034155,0.0,0.0034408602150537,0.0012110202845897,0.0,0.0,0.0,0.0,0.0,0.0,0.0,0.0,0.0,0.0
777,TBStack-LR,1,1,TreeStacking,Extract Subclass,0.0,0.0110919398570372,0.0245821042281219,0.0043103448275862,0.0064102564102564,4.5979830181160536e-06,0.003676545266194,0.0049140049140049,0.0012550200803212,0.238095238095238,0.0044091710758377,0.0,0.0,0.0,0.0,0.0,0.0024752475247524,0.0,0.0053191489361702,0.0,0.0,0.0,0.0028089887640449,0.0,0.0036363636363636,0.0,0.0007900280898876,0.0012850717498393,0.013828867761452,0.0266558966074313,0.0023419203747072,0.0009487666034155,0.0045662100456621,0.0378494623655914,0.0090826521344232,0.0111880660628662,0.0,0.0,0.0,0.0,0.0,0.0,0.0,0.0,0.0
778,TBStack-LR,1,1,TreeStacking,Extract Subclass,0.0,0.0,0.007866273352999,0.0,0.0,3.44848726358704e-05,0.0004265605004976,0.0,0.0,0.0,0.0,0.0,0.0,0.0,0.0,0.0,0.0061881188118811,0.0,0.0,0.0,0.0,0.0,0.0018726591760299,0.0,0.0,0.0,0.0,0.0,0.0,0.0,0.0,0.0009487666034155,0.0,0.0150537634408602,0.0,0.0026638252530633,0.6666666666666666,0.0024479804161566,0.0002726535917441,4.884052591478305e-05,0.1538461538461538,0.0,0.0188679245283018,0.0016901408450704,0.0041459369817578
779,TBStack-LR,1,1,TreeStacking,Extract Subclass,0.0,0.0184865664283953,0.0127826941986234,0.0008620689655172,0.0,1.6859271066425527e-05,0.0073530905323881,0.0196560196560196,0.0060240963855421,0.1904761904761904,0.0008818342151675,0.0,0.0,0.0006055101422948,0.0006058770069675,0.0,0.0049504950495049,0.0100502512562814,0.0212765957446808,0.0,0.0,0.0,0.0037453183520599,0.0006055101422948,0.0009090909090909,0.0,0.0151860955056179,0.0,0.0008643042350907,0.0541195476575121,0.0112412177985948,0.0009487666034155,0.0,0.0313978494623655,0.0090826521344232,0.0183803942461374,0.75,0.0012239902080783,0.0019011051807917,2.930431554886984e-05,0.1538461538461538,0.0,0.0188679245283018,0.0011267605633802,0.0008291873963515
780,TBStack-LR,1,1,TreeStacking,Extract Subclass,0.0,0.004929751047572,0.0108161258603736,0.0017241379310344,0.0,0.0,0.0024984257886291,0.0073710073710073,0.0025100401606425,0.1904761904761904,0.0013227513227513,0.0,0.0,0.0006055101422948,0.0,0.0,0.0018564356435643,0.0100502512562814,0.0,0.0,0.0,0.0,0.0028089887640449,0.0003027550711474,0.0,0.0,0.0007022471910112,0.0,0.0008643042350907,0.0347334410339256,0.0060889929742388,0.0009487666034155,0.0228310502283105,0.0202150537634408,0.0057523463518013,0.0066595631326584,0.0,0.0,0.0,0.0,0.0,0.0,0.0,0.0,0.0
781,TBStack-LR,1,1,TreeStacking,Extract Subclass,0.0,0.0002464875523786,0.0029498525073746,0.0,0.0,0.0,0.000203124047856,0.0,0.0,0.0476190476190476,0.0,0.0,0.0,0.0003027550711474,0.0,0.002710027100271,0.0012376237623762,0.0050251256281407,0.0,0.0,0.0058479532163742,0.0,0.0009363295880149,0.0,0.0,0.0,8.778089887640449e-05,0.0,0.0008643042350907,0.0016155088852988,0.0,0.0009487666034155,0.0,0.0025806451612903,0.0003027550711474,0.0005327650506126,0.72,0.00734394124847,0.0033614826379421,0.0,0.2307692307692307,0.0095238095238095,0.0377358490566037,0.0140845070422535,0.0
782,TBStack-LR,1,1,TreeStacking,Extract Subclass,0.0,0.0029578506285432,0.0167158308751229,0.0,0.0,1.5326610060386844e-06,0.0048749771485446,0.0024570024570024,0.0007530120481927,0.0952380952380952,0.0,0.0,0.0,0.0009082652134423,0.0006058770069675,0.0,0.0030940594059405,0.0100502512562814,0.0159574468085106,0.0111111111111111,0.0,0.0,0.0009363295880149,0.0003027550711474,0.0027272727272727,0.0,8.778089887640449e-05,0.0002141786249732,0.0051858254105445,0.0177705977382875,0.0007806401249024,0.0056925996204933,0.0,0.0451612903225806,0.0036330608537693,0.0026638252530633,0.28125,0.0097919216646266,0.0014827873414033,0.0005958544161603,0.3846153846153846,0.0476190476190476,0.0943396226415094,0.0090140845070422,0.0008291873963515
783,TBStack-LR,1,1,TreeStacking,Extract Subclass,0.0034364261168384,0.0184865664283953,0.0727630285152409,0.0103448275862068,0.0,0.001704319038715,0.0118218195852206,0.0245700245700245,0.0015060240963855,0.238095238095238,0.0013227513227513,0.0,0.0,0.0124129579170451,0.0036352620418055,0.0,0.0451732673267326,0.1909547738693467,0.0159574468085106,0.0,0.0,0.0009082652134423,0.0655430711610487,0.0030275507114744,0.0,0.0,0.0011411516853932,0.0010708931248661,0.0406222990492653,0.0783521809369951,0.004839968774395,0.0018975332068311,0.0182648401826484,0.0847311827956989,0.0181653042688465,0.0316995205114544,1.0,0.0012239902080783,8.590455630296669e-05,0.0003321155762205,0.0769230769230769,0.0,0.0094339622641509,0.0008450704225352,0.0008291873963515
784,TBStack-LR,1,1,TreeStacking,Extract Subclass,0.0,0.0103524771999014,0.0127826941986234,0.0017241379310344,0.0,1.2261288048309477e-05,0.0049359143629014,0.0049140049140049,0.001004016064257,0.238095238095238,0.0008818342151675,0.0,0.0,0.0072661217075386,0.0054528930627082,0.0,0.005569306930693,0.1155778894472361,0.0053191489361702,0.0111111111111111,0.0,0.0,0.0065543071161048,0.0060551014229488,0.0,0.0,0.000877808988764,0.0,0.003457216940363,0.0234248788368336,0.0024980483996877,0.0037950664136622,0.0091324200913242,0.061505376344086,0.0108991825613079,0.0066595631326584,0.0,0.0,0.0,0.0,0.0,0.0,0.0,0.0,0.0
785,TBStack-LR,1,0,TreeStacking,Extract Subclass,0.0,0.0007394626571358,0.0058997050147492,0.0,0.0,3.2952211629831713e-05,0.0008328085962097,0.0,0.0,0.0952380952380952,0.0004409171075837,0.0,0.0,0.0003027550711474,0.0,0.0,0.0061881188118811,0.0050251256281407,0.0212765957446808,0.0,0.0,0.0,0.0056179775280898,0.0,0.0,0.0,0.0,0.0,0.0008643042350907,0.0064620355411954,0.0001561280249804,0.0009487666034155,0.0,0.0124731182795698,0.0006055101422948,0.0037293553542887,0.0,0.0,0.0,0.0,0.0,0.0,0.0,0.0,0.0
786,TBStack-LR,1,1,TreeStacking,Extract Subclass,0.0034364261168384,0.0014789253142716,0.0068829891838741,0.0,0.0,2.2989915090580268e-06,0.0013406187158497,0.0,0.0002510040160642,0.0476190476190476,0.0,0.0,0.0,0.0018165304268846,0.0018176310209027,0.0,0.0037128712871287,0.0,0.0053191489361702,0.0,0.0,0.0018165304268846,0.0046816479400749,0.0018165304268846,0.0045454545454545,0.0,0.0030723314606741,0.0,0.0,0.005654281098546,0.0017174082747853,0.0009487666034155,0.0,0.0120430107526881,0.0018165304268846,0.0018646776771443,0.0,0.0,0.0,0.0,0.0,0.0,0.0,0.0,0.0
787,TBStack-LR,1,1,TreeStacking,Extract Subclass,0.0,0.0056692137047079,0.0167158308751229,0.0017241379310344,0.0,1.45602795573675e-05,0.0044687290528325,0.0024570024570024,0.001004016064257,0.1428571428571428,0.0004409171075837,0.0,0.0,0.0015137753557372,0.0009088155104513,0.0,0.0043316831683168,0.0150753768844221,0.0,0.0,0.0058479532163742,0.0006055101422948,0.0056179775280898,0.0009082652134423,0.0,0.0,0.0006144662921348,0.0004283572499464,0.006914433880726,0.0210016155088853,0.0024980483996877,0.0056925996204933,0.0091324200913242,0.0451612903225806,0.0051468362095065,0.0047948854555141,0.5714285714285714,0.0024479804161566,0.0014939922835298,7.814484146365288e-05,0.2307692307692307,0.0,0.0283018867924528,0.0019718309859154,0.0016583747927031
788,TBStack-LR,1,1,TreeStacking,Extract Subclass,0.0034364261168384,0.0209514419521814,0.0373647984267453,0.0103448275862068,0.0,0.0001892836342457,0.0085718348195242,0.0098280098280098,0.0067771084337349,0.238095238095238,0.0008818342151675,0.0,0.0,0.0066606115652437,0.0024235080278703,0.0,0.0185643564356435,0.0301507537688442,0.0106382978723404,0.0,0.0,0.0006055101422948,0.0196629213483146,0.0006055101422948,0.0,0.0,0.0025456460674157,0.001927607624759,0.024200518582541,0.0759289176090468,0.0107728337236533,0.0009487666034155,0.045662100456621,0.0941935483870967,0.0175597941265516,0.0258391049547149,0.7422680412371134,0.0208078335373316,0.0020056846406388,0.0010647234649422,0.1538461538461538,0.0476190476190476,0.0660377358490566,0.0273239436619718,0.0041459369817578
789,TBStack-LR,1,1,TreeStacking,Extract Subclass,0.0034364261168384,0.0004929751047572,0.0,0.0,0.0,0.0,0.0010765574536369,0.0,0.0,0.0952380952380952,0.0,0.0,0.0,0.0003027550711474,0.0,0.0,0.005569306930693,0.0050251256281407,0.0,0.0,0.0,0.0,0.0074906367041198,0.0,0.0,0.0,0.0,0.0002141786249732,0.0043215211754537,0.0080775444264943,0.0,0.0009487666034155,0.0,0.0141935483870967,0.0006055101422948,0.0026638252530633,0.0,0.0,0.0,0.0,0.0,0.0,0.0,0.0,0.0
790,TBStack-LR,1,1,TreeStacking,Extract Subclass,0.0,0.0014789253142716,0.0,0.0,0.0,2.2989915090580268e-06,0.000406248095712,0.0,0.0007530120481927,0.0952380952380952,0.0008818342151675,0.0,0.0,0.0012110202845897,0.0012117540139351,0.0,0.0018564356435643,0.0201005025125628,0.0053191489361702,0.0,0.0,0.0,0.0018726591760299,0.0012110202845897,0.0018181818181818,0.0,0.0,0.0,0.003457216940363,0.0024232633279483,0.0004683840749414,0.0009487666034155,0.0,0.0124731182795698,0.0018165304268846,0.0013319126265316,0.0,0.0,0.0,0.0,0.0,0.0,0.0,0.0,0.0
791,TBStack-LR,1,1,TreeStacking,Extract Subclass,0.0034364261168384,0.0101059896475228,0.0039331366764995,0.0086206896551724,0.0,0.0001678263801612,0.0027421746460563,0.0,0.0,0.0476190476190476,0.0,0.0,0.0,0.0045413260672116,0.0006058770069675,0.0,0.0167079207920792,0.0653266331658291,0.0053191489361702,0.0,0.0,0.0006055101422948,0.0243445692883895,0.0006055101422948,0.0,0.0,0.0028967696629213,0.0021417862497322,0.0129645635263612,0.0064620355411954,0.0001561280249804,0.0009487666034155,0.0,0.0240860215053763,0.0045413260672116,0.0098561534363345,0.0,0.0,0.0,0.0,0.0,0.0,0.0,0.0,0.0
792,TBStack-LR,1,1,TreeStacking,Extract Subclass,0.0,0.0041902883904362,0.0127826941986234,0.0025862068965517,0.0,1.0728627042270793e-05,0.0021124900977026,0.0024570024570024,0.0005020080321285,0.0952380952380952,0.0026455026455026,0.0,0.0,0.0009082652134423,0.0009088155104513,0.0,0.005569306930693,0.0150753768844221,0.0053191489361702,0.0,0.0,0.0,0.0046816479400749,0.0009082652134423,0.0072727272727272,0.0,0.0002633426966292,0.0004283572499464,0.0086430423509075,0.0258481421647819,0.0012490241998438,0.0009487666034155,0.0136986301369863,0.0301075268817204,0.0051468362095065,0.0047948854555141,0.82,0.0171358629130966,0.042362151199489,0.0,0.2307692307692307,0.0095238095238095,0.0377358490566037,0.0140845070422535,0.0
793,TBStack-LR,1,1,TreeStacking,Extract Subclass,0.0034364261168384,0.0246487552378604,0.0550639134709931,0.0137931034482758,0.0,0.0001302761855132,0.008531210009953,0.0343980343980344,0.0062751004016064,0.2857142857142857,0.0088183421516754,0.0,0.0,0.0036330608537693,0.0027264465313541,0.0,0.0129950495049504,0.0301507537688442,0.0319148936170212,0.0222222222222222,0.0175438596491228,0.0012110202845897,0.0102996254681647,0.0015137753557372,0.0072727272727272,0.0,0.0021945224719101,0.0008567144998929,0.0146931719965427,0.1114701130856219,0.0076502732240437,0.0009487666034155,0.0182648401826484,0.1027956989247311,0.0236148955495004,0.0261054874800213,0.4545454545454545,0.0048959608323133,0.0005415722027795,0.0001367534725613,0.2307692307692307,0.0,0.0283018867924528,0.0030985915492957,0.0016583747927031
794,TBStack-LR,1,1,TreeStacking,Extract Subclass,0.0,0.0,0.0019665683382497,0.0,0.0,4.5979830181160536e-06,0.0012796815014929,0.0,0.0,0.0,0.0,0.0,0.0,0.0,0.0,0.0,0.0024752475247524,0.0,0.0,0.0,0.0,0.0,0.0028089887640449,0.0,0.0,0.0,0.0,0.0,0.0,0.0,0.0,0.0009487666034155,0.0,0.0129032258064516,0.0,0.0010655301012253,0.0,0.0,0.0,0.0,0.0,0.0,0.0,0.0,0.0
795,TBStack-LR,1,1,TreeStacking,Extract Subclass,0.0,0.0064086763618437,0.0176991150442477,0.0,0.0,7.663305030193422e-07,0.0020515528833458,0.0,0.0005020080321285,0.1428571428571428,0.0008818342151675,0.0,0.0,0.0,0.0,0.0,0.0012376237623762,0.0,0.0,0.0,0.0,0.0,0.0018726591760299,0.0,0.0018181818181818,0.0,0.0,0.0,0.0017286084701815,0.011308562197092,0.0014051522248243,0.0009487666034155,0.0091324200913242,0.0301075268817204,0.0072661217075386,0.003995737879595,0.0,0.0,0.0,0.0,0.0,0.0,0.0,0.0,0.0
796,TBStack-LR,1,1,TreeStacking,Extract Subclass,0.0,0.0478185851614493,0.0973451327433628,0.0,0.0,0.0312317996505532,0.0233795779082285,0.0122850122850122,0.0002510040160642,0.0952380952380952,0.0,0.0,0.0,0.0,0.0,0.0,0.1769801980198019,0.0,0.0,0.0,0.0058479532163742,0.0,0.2668539325842696,0.0,0.0,0.0,0.0006144662921348,0.0,0.2454624027657735,0.0339256865912762,0.0009367681498829,0.0009487666034155,0.0,0.1303225806451612,0.0584317287314562,0.0796483750665956,0.0,0.0,0.0,0.0,0.0,0.0,0.0,0.0,0.0
797,TBStack-LR,1,1,TreeStacking,Extract Subclass,0.0,0.0096130145427655,0.0127826941986234,0.0043103448275862,0.0,1.992459307850289e-05,0.0033515467896244,0.0,0.0007530120481927,0.1428571428571428,0.0022045855379188,0.0,0.0,0.0009082652134423,0.0006058770069675,0.0,0.0049504950495049,0.0100502512562814,0.026595744680851,0.0,0.0058479532163742,0.0003027550711474,0.0018726591760299,0.0006055101422948,0.0,0.0,0.0007900280898876,0.0,0.006914433880726,0.0452342487883683,0.0004683840749414,0.0009487666034155,0.0,0.0356989247311827,0.0081743869209809,0.0077250932338838,0.0,0.0,0.0,0.0,0.0,0.0,0.0,0.0,0.0
798,TBStack-LR,1,1,TreeStacking,Extract Subclass,0.0,0.0525018486566428,0.0255653883972468,0.0577586206896551,0.0,0.0007985163841461,0.0251061323150047,0.0737100737100737,0.0190763052208835,0.3333333333333333,0.0145502645502645,0.0070422535211267,0.0,0.0115046927036027,0.0,0.0,0.0377475247524752,0.0552763819095477,0.0691489361702127,0.3,0.0760233918128654,0.0,0.0327715355805243,0.0,0.0,0.0632911392405063,0.0092169943820224,0.0074962518740629,0.0726015557476231,0.1098546042003231,0.0365339578454332,0.0018975332068311,0.0547945205479452,0.1724731182795699,0.028156221616712,0.0791156100159829,0.6779661016949152,0.011015911872705,0.0086053955531319,0.0160099243948658,0.3076923076923077,0.0285714285714285,0.0660377358490566,0.0166197183098591,0.0107794361525704
799,TBStack-LR,1,1,TreeStacking,Extract Subclass,0.0,0.002464875523786,0.0167158308751229,0.0,0.0,4.5979830181160536e-06,0.0009953078344945,0.0,0.0002510040160642,0.0476190476190476,0.0,0.0,0.0,0.0027247956403269,0.0015146925174189,0.0,0.0030940594059405,0.0150753768844221,0.0,0.0,0.0,0.0018165304268846,0.0046816479400749,0.0,0.0,0.0,0.0002633426966292,0.0,0.003457216940363,0.0040387722132471,0.0017174082747853,0.0018975332068311,0.0,0.021505376344086,0.0030275507114744,0.0013319126265316,0.0,0.0,0.0,0.0,0.0,0.0,0.0,0.0,0.0
800,TBStack-LR,1,1,TreeStacking,Extract Subclass,0.0,0.0150357406950948,0.0550639134709931,0.0017241379310344,0.1474358974358974,8.659534684118566e-05,0.0183421015213991,0.0073710073710073,0.0017570281124497,0.1904761904761904,0.0008818342151675,0.0,0.0,0.0063578564940962,0.0015146925174189,0.0,0.0142326732673267,0.0653266331658291,0.0425531914893617,0.0,0.0175438596491228,0.0012110202845897,0.0112359550561797,0.002119285498032,0.0018181818181818,0.0,0.0014922752808988,0.0017134289997858,0.013828867761452,0.1050080775444265,0.0046838407494145,0.0056925996204933,0.0136986301369863,0.1251612903225806,0.0175597941265516,0.028236547682472,0.713963963963964,0.0807833537331701,0.008370091768476,0.0098364819192373,0.2307692307692307,0.1428571428571428,0.1698113207547169,0.1250704225352112,0.017412935323383
801,TBStack-LR,1,1,TreeStacking,Extract Subclass,0.0,0.0,0.0009832841691248,0.0,0.0,0.0770744566716733,0.0091405821535211,0.0,0.0,0.0,0.0,0.0,0.0,0.0,0.0,0.0,0.2778465346534653,0.0,0.0,0.0,0.0,0.0,0.0,0.0,0.0,0.0,0.0,0.0,0.0,0.0,0.0,0.0009487666034155,0.0,0.0877419354838709,0.0,0.1196057538625466,0.1,0.0697674418604651,0.0030888290461979,0.0002344345243909,0.4615384615384615,0.3047619047619048,0.3584905660377358,0.028169014084507,0.0
802,TBStack-LR,1,1,TreeStacking,Extract Subclass,0.0,0.0,0.0029498525073746,0.0008620689655172,0.0,0.0,6.09372143568077e-05,0.0,0.0,0.0476190476190476,0.0,0.0,0.0,0.0,0.0,0.0,0.0006188118811881,0.0,0.0,0.0,0.0,0.0,0.0009363295880149,0.0,0.0,0.0,0.0,0.0,0.0008643042350907,0.0,0.0,0.0009487666034155,0.0,0.0017204301075268,0.0,0.0002663825253063,0.0,0.0,0.0,0.0,0.0,0.0,0.0,0.0,0.0
803,TBStack-LR,1,1,TreeStacking,Extract Subclass,0.0,0.0,0.0068829891838741,0.0,0.0,0.0,6.09372143568077e-05,0.0,0.0,0.0,0.0,0.0,0.0,0.0,0.0,0.0,0.0,0.0,0.0,0.0,0.0,0.0,0.0,0.0,0.0,0.0,0.0,0.0,0.0,0.0,0.0,0.0009487666034155,0.0,0.0,0.0,0.0,0.0,0.0,0.0,0.0,0.0,0.0,0.0,0.0,0.0
804,TBStack-LR,1,1,TreeStacking,Extract Subclass,0.0068728522336769,0.0357406950948977,0.039331366764995,0.0189655172413793,0.0,0.0001172485669619,0.0138733724685665,0.0196560196560196,0.0032630522088353,0.1904761904761904,0.0035273368606701,0.0,0.0,0.0078716318498334,0.0027264465313541,0.0,0.0136138613861386,0.1256281407035175,0.0372340425531914,0.0,0.0116959064327485,0.0003027550711474,0.0102996254681647,0.0015137753557372,0.0009090909090909,0.0,0.004125702247191,0.0004283572499464,0.03457216940363,0.0872374798061389,0.0034348165495706,0.0037950664136622,0.0228310502283105,0.0993548387096774,0.0275507114744171,0.0322322855620671,0.9555555555555556,0.0195838433292533,0.0013035082673797,0.0015922011448219,0.0769230769230769,0.019047619047619,0.0283018867924528,0.0253521126760563,0.0132669983416252
805,TBStack-LR,1,1,TreeStacking,Extract Subclass,0.0,0.0394380083805767,0.0108161258603736,0.0094827586206896,0.0,0.0,0.0082062115333834,0.081081081081081,0.009789156626506,0.238095238095238,0.0110229276895943,0.0,0.0,0.0015137753557372,0.0,0.0,0.0179455445544554,0.0,0.0425531914893617,0.0,0.0,0.0015137753557372,0.0196629213483146,0.0,0.0,0.0,0.0062324438202247,0.0006425358749196,0.0259291270527225,0.0436187399030694,0.0263856362217017,0.0009487666034155,0.0,0.0718279569892473,0.0414774447471995,0.0239744272775705,0.8461538461538461,0.0085679314565483,0.0018189356051975,0.0003711879969523,0.1538461538461538,0.0380952380952381,0.0566037735849056,0.0109859154929577,0.0124378109452736
806,TBStack-LR,1,1,TreeStacking,Extract Subclass,0.0,0.0004929751047572,0.007866273352999,0.0043103448275862,0.0,5.670845722343132e-05,0.0014218683349921,0.0,0.001004016064257,0.0952380952380952,0.0004409171075837,0.0,0.0,0.0006055101422948,0.0,0.0,0.010519801980198,0.0100502512562814,0.0,0.0,0.0,0.0,0.0159176029962546,0.0,0.0,0.0,0.000438904494382,0.0002141786249732,0.0121002592912705,0.005654281098546,0.0003122560499609,0.0009487666034155,0.0,0.0180645161290322,0.0006055101422948,0.0071923281832711,0.0,0.0,0.0,0.0,0.0,0.0,0.0,0.0,0.0
807,TBStack-LR,1,1,TreeStacking,Extract Subclass,0.0,0.0086270643332511,0.0039331366764995,0.0060344827586206,0.0,5.057781319927659e-05,0.0024374885742723,0.0073710073710073,0.0002510040160642,0.238095238095238,0.0013227513227513,0.0,0.0,0.0036330608537693,0.0036352620418055,0.0,0.0074257425742574,0.0,0.0319148936170212,0.0,0.0,0.0036330608537693,0.0056179775280898,0.0036330608537693,0.0,0.0,0.0009655898876404,0.0002141786249732,0.0129645635263612,0.0153473344103392,0.0010928961748633,0.0009487666034155,0.0136986301369863,0.0240860215053763,0.0093854072055706,0.0066595631326584,1.0,0.0,0.0004706075693119,1.953621036591322e-05,0.0769230769230769,0.0,0.0094339622641509,0.0008450704225352,0.0016583747927031
808,TBStack-LR,1,1,TreeStacking,Extract Subclass,0.1374570446735395,0.0046832634951934,0.0275319567354965,0.0017241379310344,0.0,9.962296539251447e-06,0.0222014584306636,0.0,0.0,0.0476190476190476,0.0,0.028169014084507,0.0,0.0054495912806539,0.0054528930627082,0.0,0.0037128712871287,0.0050251256281407,0.0,0.0,0.0,0.0036330608537693,0.0056179775280898,0.0054495912806539,0.0018181818181818,0.0,0.0,0.0,0.0077787381158167,0.0169628432956381,0.0001561280249804,0.0009487666034155,0.0,0.0378494623655914,0.0057523463518013,0.0042621204049014,0.0,0.0,0.0,0.0,0.0,0.0,0.0,0.0,0.0
809,TBStack-LR,1,1,TreeStacking,Extract Subclass,0.0,0.2043381809218634,0.2182890855457227,0.046551724137931,0.173076923076923,0.0087407657174386,0.0512481972740752,0.0835380835380835,0.0105421686746987,0.1904761904761904,0.0030864197530864,0.0,0.0,0.0087798970632758,0.0012117540139351,0.0,0.1194306930693069,0.1457286432160804,0.4840425531914893,0.0,0.0,0.0,0.095505617977528,0.0006055101422948,0.0009090909090909,0.0,0.0137816011235955,0.0062111801242236,0.0717372515125324,0.1575121163166397,0.0031225604996096,0.0018975332068311,0.0,0.2025806451612903,0.1568271268543748,0.1148108684070324,0.1826923076923076,0.02937576499388,0.0016359215504651,0.0021685193506163,0.5384615384615385,0.1047619047619047,0.1698113207547169,0.0292957746478873,0.0107794361525704
810,TBStack-LR,1,1,TreeStacking,Extract Subclass,0.0,0.0362336701996549,0.0285152409046214,0.0025862068965517,0.0064102564102564,5.287680470833461e-05,0.0118218195852206,0.0024570024570024,0.0037650602409638,0.2857142857142857,0.0127865961199294,0.0,0.0,0.0196790796245837,0.0003029385034837,0.0,0.0111386138613861,0.3266331658291457,0.0638297872340425,0.0,0.0,0.0,0.0056179775280898,0.0003027550711474,0.0136363636363636,0.0,0.0053546348314606,0.0002141786249732,0.0121002592912705,0.1098546042003231,0.0323185011709601,0.0009487666034155,0.0365296803652968,0.1058064516129032,0.0272479564032697,0.0245071923281832,0.2258064516129032,0.0428396572827417,0.0021401439461565,0.0021782874557993,0.5384615384615385,0.1523809523809524,0.2169811320754716,0.0349295774647887,0.005804311774461
811,TBStack-LR,1,1,TreeStacking,Extract Subclass,0.0,0.0285925560759181,0.0186823992133726,0.0120689655172413,0.0,0.0013617693038653,0.0367248278523694,0.0073710073710073,0.0032630522088353,0.238095238095238,0.0048500881834215,0.0,0.0,0.0090826521344232,0.0006058770069675,0.0,0.0408415841584158,0.0150753768844221,0.0159574468085106,0.3,0.0292397660818713,0.0,0.0543071161048689,0.0003027550711474,0.0,0.0,0.0051790730337078,0.0002141786249732,0.041486603284356,0.0848142164781906,0.0073380171740827,0.0104364326375711,0.0684931506849315,0.1221505376344086,0.0163487738419618,0.0455514118273841,0.5791245791245792,0.1346389228886168,0.0182416457818995,0.0264324926250805,0.3076923076923077,0.0571428571428571,0.0943396226415094,0.0836619718309859,0.0414593698175787
812,TBStack-LR,1,1,TreeStacking,Extract Subclass,0.0,0.0066551639142223,0.0029498525073746,0.0060344827586206,0.0,1.2261288048309477e-05,0.0011984318823505,0.0,0.0027610441767068,0.0476190476190476,0.0022045855379188,0.0,0.0,0.0036330608537693,0.0036352620418055,0.0,0.005569306930693,0.0251256281407035,0.0,0.0,0.0,0.002119285498032,0.0084269662921348,0.0036330608537693,0.0081818181818181,0.0,0.0012289325842696,0.0023559648747055,0.0086430423509075,0.0032310177705977,0.0015612802498048,0.0009487666034155,0.0,0.0210752688172043,0.0078716318498334,0.0029302077783697,0.4842105263157895,0.00734394124847,0.0014080877272268,0.0023638814542754,0.1538461538461538,0.019047619047619,0.0377358490566037,0.0267605633802816,0.0016583747927031
813,TBStack-LR,1,1,TreeStacking,Extract Subclass,0.0,0.0,0.0,0.0,0.0,4.5979830181160536e-06,0.0002640612622128,0.0,0.0,0.0476190476190476,0.0,0.0,0.0,0.0,0.0,0.0,0.0024752475247524,0.0,0.0,0.0,0.0,0.0,0.0037453183520599,0.0,0.0036363636363636,0.0,0.0,0.0,0.003457216940363,0.0008077544426494,0.0006245120999219,0.0009487666034155,0.0,0.0051612903225806,0.0,0.0010655301012253,1.0,0.0,0.0001531342090618,1.953621036591322e-05,0.0769230769230769,0.0,0.0094339622641509,0.0016901408450704,0.0016583747927031
814,TBStack-LR,1,1,TreeStacking,Extract Subclass,0.0,0.0039438008380576,0.0088495575221238,0.0017241379310344,0.0,1.1494957545290131e-05,0.0025999878125571,0.0049140049140049,0.0,0.238095238095238,0.0,0.0,0.0,0.0,0.0,0.0,0.0037128712871287,0.0,0.0,0.0,0.0292397660818713,0.0,0.0009363295880149,0.0,0.0,0.0,0.0001755617977528,0.0004283572499464,0.003457216940363,0.0250403877221324,0.0049960967993754,0.0009487666034155,0.0,0.021505376344086,0.0045413260672116,0.0103889184869472,0.0,0.0,0.0,0.0,0.0,0.0,0.0,0.0,0.0
815,TBStack-LR,1,1,TreeStacking,Extract Subclass,0.0,0.0002464875523786,0.0049164208456243,0.0,0.0,2.1457254084541585e-05,0.0007515589770672,0.0,0.0,0.0952380952380952,0.0004409171075837,0.0,0.0,0.0003027550711474,0.0,0.0,0.0049504950495049,0.0050251256281407,0.0,0.0,0.0467836257309941,0.0,0.0,0.0003027550711474,0.0,0.0,0.0002633426966292,0.0,0.0,0.0121163166397415,0.0006245120999219,0.0009487666034155,0.0,0.0103225806451612,0.0003027550711474,0.002397442727757,0.0,0.0,0.0,0.0,0.0,0.0,0.0,0.0,0.0
816,TBStack-LR,1,1,TreeStacking,Extract Subclass,0.0,0.004929751047572,0.0088495575221238,0.0043103448275862,0.0,0.0001172485669619,0.0033109219800532,0.0024570024570024,0.002008032128514,0.1904761904761904,0.0004409171075837,0.0,0.0,0.0012110202845897,0.0,0.0,0.0216584158415841,0.0201005025125628,0.0159574468085106,0.0,0.0,0.0,0.0299625468164794,0.0,0.0,0.0,0.0011411516853932,0.004711929749411,0.0285220397579948,0.0193861066235864,0.0010928961748633,0.0009487666034155,0.0,0.0262365591397849,0.0039358159249167,0.0143846563665423,0.0,0.0,0.0,0.0,0.0,0.0,0.0,0.0,0.0
817,TBStack-LR,1,1,TreeStacking,Extract Subclass,0.0103092783505154,0.013063840276066,0.0501474926253687,0.0146551724137931,0.0,6.820341476872145e-05,0.011192135036867,0.0049140049140049,0.0035140562248995,0.1904761904761904,0.0022045855379188,0.0,0.0,0.0009082652134423,0.0009088155104513,0.0,0.0086633663366336,0.0150753768844221,0.0425531914893617,0.0,0.0058479532163742,0.0,0.0046816479400749,0.0009082652134423,0.0054545454545454,0.0,0.0012289325842696,0.0017134289997858,0.017286084701815,0.0533117932148626,0.0031225604996096,0.0189753320683111,0.0045662100456621,0.061505376344086,0.0115046927036027,0.0189131592967501,0.0,0.0,0.0,0.0,0.0,0.0,0.0,0.0,0.0
818,TBStack-LR,1,1,TreeStacking,Extract Subclass,0.0,0.0007394626571358,0.0019665683382497,0.0,0.0,0.0,0.000304686071784,0.0,0.0,0.0476190476190476,0.0004409171075837,0.0,0.0,0.0006055101422948,0.0006058770069675,0.002710027100271,0.0018564356435643,0.0100502512562814,0.0053191489361702,0.0,0.0,0.0,0.0018726591760299,0.0,0.0009090909090909,0.0,0.0,0.0,0.0017286084701815,0.0016155088852988,0.0,0.0009487666034155,0.0,0.0038709677419354,0.0009082652134423,0.000799147575919,0.74,0.00734394124847,0.00413088866396,1.953621036591322e-05,0.2307692307692307,0.0095238095238095,0.0377358490566037,0.0140845070422535,0.0
819,TBStack-LR,1,1,TreeStacking,Extract Subclass,0.0,0.0029578506285432,0.0068829891838741,0.0008620689655172,0.0,4.5979830181160536e-06,0.0013609311206353,0.0,0.001004016064257,0.0952380952380952,0.0,0.0,0.0,0.0,0.0,0.0,0.0024752475247524,0.0,0.0,0.0,0.0116959064327485,0.0,0.0018726591760299,0.0,0.0,0.0,0.0,0.0,0.0008643042350907,0.0193861066235864,0.0046838407494145,0.0009487666034155,0.0,0.0172043010752688,0.0033303057826218,0.003995737879595,1.0,0.0012239902080783,0.0005191623185266,0.0,0.0769230769230769,0.0,0.0094339622641509,0.000281690140845,0.0008291873963515
820,TBStack-LR,1,1,TreeStacking,Extract Subclass,0.0,0.0818338673896968,0.0344149459193707,0.0224137931034482,0.032051282051282,0.0002329644729178,0.0263248766021409,0.0737100737100737,0.0135542168674698,0.238095238095238,0.0088183421516754,0.0,0.0,0.0045413260672116,0.0006058770069675,0.0,0.0272277227722772,0.0753768844221105,0.0531914893617021,0.0,0.0,0.0,0.0308988764044943,0.0006055101422948,0.0,0.0,0.009129213483146,0.0002141786249732,0.0561797752808988,0.1276252019386106,0.0368462138953942,0.0009487666034155,0.182648401826484,0.1088172043010752,0.0826521344232515,0.0554075652637187,0.93,0.0697674418604651,0.0070329686747167,0.0059683122667864,0.0769230769230769,0.019047619047619,0.0283018867924528,0.0845070422535211,0.0298507462686567
821,TBStack-LR,1,1,TreeStacking,Extract Subclass,0.0,0.0135568153808232,0.0,0.0,0.0,0.0,0.0011171822632081,0.0,0.0,0.0,0.0,0.0,0.0,0.0166515289131092,0.0,0.0,0.0,0.0,0.0,0.0,0.0,0.0,0.0,0.0,0.0,0.0,0.0,0.0,0.0,0.0,0.0074941451990632,0.0009487666034155,0.0,0.0116129032258064,0.0166515289131092,0.0,0.8,0.0097919216646266,0.000851575601612,0.0001660577881102,0.1538461538461538,0.0,0.0188679245283018,0.0140845070422535,0.0
822,TBStack-LR,1,1,TreeStacking,Extract Subclass,0.0103092783505154,0.0022183879714074,0.0117994100294985,0.0,0.0,0.0,0.0011984318823505,0.0,0.0,0.0952380952380952,0.0,0.0,0.0,0.0009082652134423,0.0003029385034837,0.0,0.0018564356435643,0.0150753768844221,0.0053191489361702,0.0,0.0116959064327485,0.0,0.0,0.0003027550711474,0.0,0.0,8.778089887640449e-05,0.0,0.0017286084701815,0.0137318255250403,0.0,0.0009487666034155,0.0,0.0197849462365591,0.0027247956403269,0.0013319126265316,0.0,0.0,0.0,0.0,0.0,0.0,0.0,0.0,0.0
823,TBStack-LR,1,1,TreeStacking,Extract Subclass,0.0034364261168384,0.0007394626571358,0.0039331366764995,0.0008620689655172,0.0,1.5326610060386844e-06,0.00050781011964,0.0,0.0,0.0476190476190476,0.0004409171075837,0.0,0.0,0.0006055101422948,0.0003029385034837,0.005420054200542,0.0030940594059405,0.0100502512562814,0.0053191489361702,0.0,0.0,0.0,0.0037453183520599,0.0,0.0018181818181818,0.0,8.778089887640449e-05,0.0,0.003457216940363,0.0016155088852988,0.0001561280249804,0.0009487666034155,0.0,0.0047311827956989,0.0009082652134423,0.001598295151838,0.7647058823529411,0.0085679314565483,0.0055539163140222,3.907242073182644e-05,0.2307692307692307,0.0095238095238095,0.0377358490566037,0.0143661971830985,0.0008291873963515
824,TBStack-LR,1,1,TreeStacking,Extract Subclass,0.0343642611683848,0.0157752033522307,0.0471976401179941,0.0051724137931034,0.0,0.0001831529902216,0.0127358778005728,0.0122850122850122,0.0,0.3333333333333333,0.0004409171075837,0.0,0.0,0.0030275507114744,0.0003029385034837,0.0,0.0142326732673267,0.050251256281407,0.0478723404255319,0.0,0.0409356725146198,0.0,0.0065543071161048,0.0003027550711474,0.0,0.0,0.0010533707865168,0.0008567144998929,0.0095073465859982,0.0630048465266559,0.0,0.0066413662239089,0.0,0.0787096774193548,0.0133212231304874,0.0162493340436867,1.0,0.0024479804161566,0.0030813590847803,1.953621036591322e-05,0.0769230769230769,0.0,0.0094339622641509,0.0011267605633802,0.0008291873963515
825,TBStack-LR,1,1,TreeStacking,Extract Subclass,0.0,0.004929751047572,0.0019665683382497,0.0,0.0,4.981148269625724e-05,0.0019093660498466,0.0,0.003012048192771,0.0952380952380952,0.0004409171075837,0.0,0.0,0.0030275507114744,0.0012117540139351,0.0,0.0092821782178217,0.050251256281407,0.0,0.0,0.0,0.0,0.0140449438202247,0.0,0.0,0.0,0.0,0.0,0.0112359550561797,0.0088852988691437,0.004215456674473,0.0009487666034155,0.0045662100456621,0.0253763440860215,0.0051468362095065,0.0045285029302077,0.8611111111111112,0.0,0.0038918498985952,0.0087815265594779,0.1538461538461538,0.019047619047619,0.0377358490566037,0.2535211267605634,0.0
826,TBStack-LR,1,1,TreeStacking,Extract Subclass,0.0068728522336769,0.0138033029332018,0.0324483775811209,0.0043103448275862,0.0,0.0001325751770223,0.0073734029371737,0.0024570024570024,0.0002510040160642,0.238095238095238,0.0004409171075837,0.0,0.0,0.0081743869209809,0.0030293850348379,0.0,0.0142326732673267,0.1206030150753768,0.0904255319148936,0.0,0.0,0.0009082652134423,0.0056179775280898,0.0033303057826218,0.0,0.0,0.001755617977528,0.0002141786249732,0.0060501296456352,0.0621970920840064,0.0023419203747072,0.0056925996204933,0.0,0.0546236559139785,0.0121102028458976,0.0146510388918486,0.5576923076923077,0.0012239902080783,0.0010457945984708,0.0008693613612831,0.1538461538461538,0.0,0.0188679245283018,0.0146478873239436,0.0207296849087893
827,TBStack-LR,1,1,TreeStacking,Extract Subclass,0.3539518900343643,0.061128912989894,0.095378564405113,0.0137931034482758,0.0,0.0001325751770223,0.0904308261055026,0.0196560196560196,0.0052710843373493,0.1904761904761904,0.0083774250440917,0.0,0.0,0.0251286709052376,0.0015146925174189,0.0,0.0216584158415841,0.4070351758793969,0.1648936170212765,0.0,0.0,0.0,0.0037453183520599,0.0042385709960641,0.0036363636363636,0.0,0.0044768258426966,0.0010708931248661,0.0129645635263612,0.1429725363489499,0.0519906323185011,0.0531309297912713,0.0547945205479452,0.2774193548387096,0.051468362095065,0.054874800213106,0.5745257452574526,0.1175030599755201,0.0501757308423502,0.0895637564225291,0.1538461538461538,0.0857142857142857,0.1037735849056603,0.103943661971831,0.0082918739635157
828,TBStack-LR,1,1,TreeStacking,Extract Subclass,0.0,0.0221838797140744,0.168141592920354,0.0094827586206896,0.0,0.0030691536645924,0.0234202027177997,0.0098280098280098,0.0,0.238095238095238,0.0,0.0,0.0,0.0003027550711474,0.0003029385034837,0.0,0.0556930693069306,0.0050251256281407,0.026595744680851,0.0,0.0058479532163742,0.0,0.0786516853932584,0.0003027550711474,0.0009090909090909,0.0,0.0002633426966292,0.0,0.2636127917026793,0.0759289176090468,0.0,0.0009487666034155,0.0,0.050752688172043,0.0272479564032697,0.0836441129461907,0.0,0.0,0.0,0.0,0.0,0.0,0.0,0.0,0.0
829,TBStack-LR,1,1,TreeStacking,Extract Subclass,0.0,0.001232437761893,0.0049164208456243,0.0,0.0,0.0,0.0004468729052832,0.0,0.0005020080321285,0.0476190476190476,0.0013227513227513,0.0,0.0,0.0006055101422948,0.0006058770069675,0.0,0.0024752475247524,0.0100502512562814,0.0053191489361702,0.0,0.0,0.0,0.0028089887640449,0.0,0.0018181818181818,0.0,8.778089887640449e-05,0.0002141786249732,0.0025929127052722,0.0040387722132471,0.0001561280249804,0.0009487666034155,0.0,0.0055913978494623,0.0015137753557372,0.0010655301012253,0.0,0.0,0.0,0.0,0.0,0.0,0.0,0.0,0.0
830,TBStack-LR,1,1,TreeStacking,Extract Subclass,0.0,0.0002464875523786,0.0019665683382497,0.0,0.0,0.0,0.0001828116430704,0.0,0.0,0.0476190476190476,0.0,0.0,0.0,0.0003027550711474,0.0003029385034837,0.0,0.0012376237623762,0.0050251256281407,0.0,0.0,0.0,0.0,0.0009363295880149,0.0,0.0,0.0,0.0,0.0002141786249732,0.0008643042350907,0.0016155088852988,0.0001561280249804,0.0009487666034155,0.0,0.006021505376344,0.0003027550711474,0.0005327650506126,0.0,0.0,0.0,0.0,0.0,0.0,0.0,0.0,0.0
831,TBStack-LR,1,1,TreeStacking,Extract Subclass,0.0,0.0002464875523786,0.0019665683382497,0.0,0.0,0.0,0.000101562023928,0.0,0.0,0.0476190476190476,0.0,0.0,0.0,0.0003027550711474,0.0,0.0,0.0006188118811881,0.0,0.0,0.0,0.0,0.0003027550711474,0.0009363295880149,0.0003027550711474,0.0009090909090909,0.0,0.0,0.0,0.0,0.0,0.0,0.0009487666034155,0.0,0.0038709677419354,0.0003027550711474,0.0002663825253063,0.0,0.0,0.0,0.0,0.0,0.0,0.0,0.0,0.0
832,TBStack-LR,1,1,TreeStacking,Extract Subclass,0.0034364261168384,0.0014789253142716,0.0127826941986234,0.0017241379310344,0.0,3.831652515096711e-06,0.0018281164307042,0.0,0.0002510040160642,0.1428571428571428,0.0,0.0,0.0,0.0015137753557372,0.0,0.0,0.0037128712871287,0.0251256281407035,0.0,0.0,0.0058479532163742,0.0,0.0037453183520599,0.0,0.0,0.0,0.0,0.0,0.0025929127052722,0.0129240710823909,0.0007806401249024,0.0018975332068311,0.0,0.0266666666666666,0.002119285498032,0.0026638252530633,0.0,0.0,0.0,0.0,0.0,0.0,0.0,0.0,0.0
833,TBStack-LR,1,1,TreeStacking,Extract Subclass,0.0,0.0041902883904362,0.0098328416912487,0.0077586206896551,0.0,1.2261288048309477e-05,0.0245373849810079,0.0024570024570024,0.002008032128514,0.2857142857142857,0.0004409171075837,0.0,0.0,0.0015137753557372,0.0012117540139351,0.0,0.005569306930693,0.0251256281407035,0.0,0.0,0.0,0.0,0.0074906367041198,0.0012110202845897,0.0009090909090909,0.0,0.0001755617977528,0.0,0.34485738980121,0.0315024232633279,0.0900858704137392,0.0009487666034155,0.0182648401826484,0.0417204301075268,0.0036330608537693,0.1446457112413425,0.1963470319634703,0.0208078335373316,0.0046649909053219,0.0025983159786664,0.5384615384615385,0.1142857142857143,0.1792452830188679,0.0616901408450704,0.0041459369817578
834,TBStack-LR,1,0,TreeStacking,Extract Subclass,0.0309278350515463,0.0197190041902883,0.0580137659783677,0.0198275862068965,0.0,0.000635287987003,0.0155796144705571,0.0147420147420147,0.002008032128514,0.1904761904761904,0.0004409171075837,0.0,0.0,0.0066606115652437,0.0024235080278703,0.0,0.0290841584158415,0.0854271356783919,0.1223404255319148,0.0,0.023391812865497,0.0009082652134423,0.0187265917602996,0.0015137753557372,0.0,0.0,0.000438904494382,0.0006425358749196,0.0259291270527225,0.1510500807754442,0.004215456674473,0.0009487666034155,0.0045662100456621,0.1070967741935483,0.0190735694822888,0.0436867341502397,0.3973941368078176,0.0575275397796817,0.0037349807088246,0.0077558755152675,0.3846153846153846,0.1047619047619047,0.1509433962264151,0.0864788732394366,0.0323383084577114
835,TBStack-LR,1,1,TreeStacking,Extract Subclass,0.0,0.0039438008380576,0.007866273352999,0.0025862068965517,0.0,6.1306440241547375e-06,0.0016249923828482,0.0049140049140049,0.0007530120481927,0.1428571428571428,0.0,0.0,0.0,0.0015137753557372,0.0009088155104513,0.0,0.0030940594059405,0.0150753768844221,0.0106382978723404,0.0,0.0,0.0006055101422948,0.0028089887640449,0.0009082652134423,0.0009090909090909,0.0253164556962025,0.0002633426966292,0.0002141786249732,0.0017286084701815,0.0177705977382875,0.0001561280249804,0.0009487666034155,0.0091324200913242,0.0223655913978494,0.0036330608537693,0.0042621204049014,1.0,0.0012239902080783,0.0003324132830853,0.0001367534725613,0.0769230769230769,0.0,0.0094339622641509,0.0028169014084507,0.0008291873963515
836,TBStack-LR,1,1,TreeStacking,Extract Subclass,0.1683848797250859,0.0202119792950456,0.0285152409046214,0.0051724137931034,0.0,5.977377923550869e-05,0.0273811216509922,0.0,0.0065261044176706,0.1904761904761904,0.0074955908289241,0.0,0.0,0.0009082652134423,0.0,0.0,0.0080445544554455,0.0,0.0106382978723404,0.0,0.0,0.0006055101422948,0.0102996254681647,0.0,0.0072727272727272,0.0,0.0050912921348314,0.0083529663739558,0.0060501296456352,0.0791599353796446,0.014207650273224,0.0009487666034155,0.0091324200913242,0.0950537634408602,0.023312140478353,0.028236547682472,0.9322033898305084,0.0379436964504283,0.0135281001273628,0.0361908297028542,0.0769230769230769,0.0285714285714285,0.0377358490566037,0.0166197183098591,0.0008291873963515
837,TBStack-LR,1,1,TreeStacking,Extract Subclass,0.0343642611683848,0.0034508257333004,0.0245821042281219,0.0060344827586206,0.0769230769230769,0.0001785550072035,0.0081046495094554,0.0,0.0,0.1428571428571428,0.0,0.0,0.0,0.0027247956403269,0.0015146925174189,0.0,0.016089108910891,0.0351758793969849,0.0212765957446808,0.0,0.0,0.0006055101422948,0.0205992509363295,0.0006055101422948,0.0,0.0126582278481012,0.0007022471910112,0.0004283572499464,0.0077787381158167,0.0403877221324717,0.0003122560499609,0.0018975332068311,0.0,0.053763440860215,0.0039358159249167,0.0109216835375599,0.7156862745098039,0.0061199510403916,0.0013931478043915,0.0023931857698243,0.1538461538461538,0.019047619047619,0.0377358490566037,0.0287323943661971,0.0074626865671641
838,TBStack-LR,1,0,TreeStacking,Extract Subclass,0.0,0.0,0.0019665683382497,0.0,0.0,0.0,8.124961914241028e-05,0.0,0.0,0.0476190476190476,0.0,0.0,0.0,0.0,0.0,0.0,0.0006188118811881,0.0,0.0,0.0,0.0,0.0,0.0009363295880149,0.0,0.0009090909090909,0.0,0.0001755617977528,0.0,0.0,0.0,0.0001561280249804,0.0009487666034155,0.0,0.003010752688172,0.0,0.0002663825253063,0.0,0.0,0.0,0.0,0.0,0.0,0.0,0.0,0.0
839,TBStack-LR,1,1,TreeStacking,Extract Subclass,0.0,0.0014789253142716,0.0167158308751229,0.0,0.0,0.0,0.004956226767687,0.0,0.0,0.0952380952380952,0.0004409171075837,0.0,0.0,0.0015137753557372,0.0015146925174189,0.0,0.0018564356435643,0.0251256281407035,0.0053191489361702,0.0,0.0,0.0,0.0018726591760299,0.0,0.0,0.0,0.0,0.0,0.0008643042350907,0.005654281098546,0.0,0.00853889943074,0.0,0.053763440860215,0.0018165304268846,0.001598295151838,0.0,0.0,0.0,0.0,0.0,0.0,0.0,0.0,0.0
840,TBStack-LR,1,1,TreeStacking,Extract Subclass,0.0,0.0059157012570865,0.0029498525073746,0.0,0.0,5.747478772645066e-05,0.003168735146554,0.0,0.0007530120481927,0.1904761904761904,0.0105820105820105,0.0,0.0,0.0009082652134423,0.0006058770069675,0.0,0.0092821782178217,0.0150753768844221,0.0106382978723404,0.0,0.0,0.0,0.0121722846441947,0.0006055101422948,0.0127272727272727,0.0,8.778089887640449e-05,0.0,0.0121002592912705,0.0290791599353796,0.0023419203747072,0.0018975332068311,0.0319634703196347,0.0331182795698924,0.0060551014229488,0.0077250932338838,1.0,0.0024479804161566,0.0002539786882,0.0002637388399398,0.0769230769230769,0.0,0.0094339622641509,0.0025352112676056,0.0033167495854063
841,TBStack-LR,1,1,TreeStacking,Extract Subclass,0.0,0.013063840276066,0.0098328416912487,0.0060344827586206,0.0,0.0002421604389541,0.0120655684426479,0.0098280098280098,0.0017570281124497,0.1904761904761904,0.0,0.0070422535211267,0.0,0.0084771419921283,0.0021205695243865,0.002710027100271,0.0173267326732673,0.0,0.0,0.0111111111111111,0.0,0.0,0.0224719101123595,0.0006055101422948,0.0,0.0,0.0010533707865168,0.0004283572499464,0.013828867761452,0.0339256865912762,0.0024980483996877,0.0056925996204933,0.0136986301369863,0.0954838709677419,0.0130184680593399,0.015716568993074,0.4705882352941176,0.0048959608323133,0.0054231919892133,0.0003223474710375,0.2307692307692307,0.0,0.0283018867924528,0.0047887323943661,0.0016583747927031
842,TBStack-LR,1,1,TreeStacking,Extract Subclass,0.0,0.0,0.0019665683382497,0.0,0.0,0.1666538944916163,0.0267108122930673,0.0,0.0,0.0,0.0,0.0,0.0,0.0,0.0,0.0,0.4084158415841584,0.0,0.0,0.0,0.0,0.0,0.0,0.0,0.0,0.0,0.0,0.0,0.0,0.0,0.1021077283372365,0.0009487666034155,0.0,0.3389247311827957,0.0,0.1758124667021843,0.11,0.0758873929008567,0.0031187088918685,0.0004102604176841,0.6153846153846154,0.1619047619047619,0.2358490566037736,0.028169014084507,0.0
843,TBStack-LR,1,1,TreeStacking,Extract Subclass,0.0,0.0,0.0019665683382497,0.0,0.0,0.0,4.062480957120514e-05,0.0,0.0,0.0,0.0,0.0,0.0,0.0,0.0,0.0,0.0006188118811881,0.0,0.0,0.0,0.0,0.0,0.0,0.0,0.0,0.0,0.0,0.0,0.0,0.0,0.0,0.0009487666034155,0.0,0.0025806451612903,0.0,0.0002663825253063,0.34,0.02203182374541,0.006046933767587,1.953621036591322e-05,0.3076923076923077,0.0952380952380952,0.1320754716981132,0.0140845070422535,0.0
844,TBStack-LR,1,1,TreeStacking,Extract Subclass,0.0,0.0115849149617944,0.0049164208456243,0.0017241379310344,0.0,5.057781319927659e-05,0.0026609250269139,0.0024570024570024,0.0032630522088353,0.1428571428571428,0.0105820105820105,0.0,0.0,0.0099909173478655,0.0084822780975461,0.0,0.0080445544554455,0.0100502512562814,0.026595744680851,0.0,0.0,0.0093854072055706,0.0074906367041198,0.0099909173478655,0.0109090909090909,0.0,0.0,0.0002141786249732,0.010371650821089,0.0347334410339256,0.0056206088992974,0.0009487666034155,0.0045662100456621,0.0309677419354838,0.0136239782016348,0.0082578582844965,1.0,0.0134638922888616,0.0006237417783737,0.0010647234649422,0.0769230769230769,0.0,0.0094339622641509,0.0174647887323943,0.0041459369817578
845,TBStack-LR,1,1,TreeStacking,Extract Subclass,0.0584192439862542,0.0073946265713581,0.0678466076696165,0.0077586206896551,0.0,0.0010161542470036,0.0174483557108326,0.054054054054054,0.0,0.1904761904761904,0.015432098765432,0.0,0.0,0.0,0.0,0.021680216802168,0.0321782178217821,0.0,0.0053191489361702,0.0,0.0,0.0,0.047752808988764,0.0,0.0472727272727272,0.0,0.0002633426966292,0.0,0.0492653414001728,0.0387722132471728,0.0003122560499609,0.0398481973434535,0.0,0.1178494623655913,0.0084771419921283,0.0261054874800213,0.2054054054054054,0.0734394124847001,0.0071636929995256,0.0048645163811123,0.3846153846153846,0.3428571428571428,0.3867924528301886,0.052112676056338,0.0066334991708126
846,TBStack-LR,1,1,TreeStacking,Extract Subclass,0.0,0.0083805767808725,0.0098328416912487,0.0008620689655172,0.0,3.755019464794777e-05,0.0059921594117527,0.0294840294840294,0.0037650602409638,0.3809523809523809,0.0,0.0,0.0,0.0012110202845897,0.0003029385034837,0.0,0.0068069306930693,0.0201005025125628,0.0212765957446808,0.0,0.0,0.0,0.0065543071161048,0.0003027550711474,0.0,0.0,0.0006144662921348,0.0002141786249732,0.0025929127052722,0.0767366720516962,0.0051522248243559,0.0018975332068311,0.0136986301369863,0.0494623655913978,0.0072661217075386,0.017314864144912,0.7333333333333333,0.0012239902080783,0.0001419292669353,0.0023345771387266,0.1538461538461538,0.0,0.0188679245283018,0.004225352112676,0.0024875621890547
847,TBStack-LR,1,1,TreeStacking,Extract Subclass,0.0,0.0160216909046093,0.0,0.0,0.0,7.663305030193422e-07,0.0018078040259186,0.0,0.0005020080321285,0.0476190476190476,0.0,0.0,0.0,0.0196790796245837,0.0196910027264465,0.0,0.0012376237623762,0.0,0.0,0.0,0.0058479532163742,0.0196790796245837,0.0009363295880149,0.0196790796245837,0.0009090909090909,0.0,0.0055301966292134,0.0,0.0077787381158167,0.0,0.0009367681498829,0.0009487666034155,0.0,0.0141935483870967,0.0196790796245837,0.0026638252530633,0.48,0.018359853121175,0.0338874799711659,0.0001758258932932,0.3846153846153846,0.0761904761904762,0.1226415094339622,0.0140845070422535,0.0
848,TBStack-LR,1,1,TreeStacking,Extract Subclass,0.0,0.0,0.1061946902654867,0.0,0.0,0.0018506881647917,0.0112530722512238,0.0098280098280098,0.0,0.1428571428571428,0.0,0.0,0.0,0.0,0.0,0.0,0.0433168316831683,0.0,0.0,0.0,0.023391812865497,0.0,0.0617977528089887,0.0,0.0,0.0,0.0,0.0008567144998929,0.0,0.0549273021001615,0.0,0.0009487666034155,0.0,0.0490322580645161,0.0,0.0215769845498135,0.25,0.0024479804161566,0.0025995465733419,0.0001465215777443,0.6923076923076923,0.0,0.0849056603773584,0.0045070422535211,0.0041459369817578
849,TBStack-LR,1,1,TreeStacking,Extract Subclass,0.0,0.0019719004190288,0.0029498525073746,0.0008620689655172,0.0,9.962296539251447e-06,0.0246998842192927,0.0,0.0,0.0952380952380952,0.0,0.0,0.0,0.0009082652134423,0.0,0.0,0.0068069306930693,0.0,0.0,0.0333333333333333,0.0058479532163742,0.0,0.0093632958801498,0.0,0.0,0.0,8.778089887640449e-05,0.0,0.0051858254105445,0.0032310177705977,0.0,0.0037950664136622,0.0,0.0382795698924731,0.0018165304268846,0.003196590303676,0.0,0.0,0.0,0.0,0.0,0.0,0.0,0.0,0.0
850,TBStack-LR,1,1,TreeStacking,Extract Subclass,0.0,0.0002464875523786,0.0098328416912487,0.0,0.0,0.0002743463200809,0.0018281164307042,0.0,0.0007530120481927,0.0476190476190476,0.0,0.0,0.0,0.0003027550711474,0.0003029385034837,0.0,0.0173267326732673,0.0050251256281407,0.0,0.0,0.0,0.0,0.0252808988764044,0.0,0.0,0.0,0.0002633426966292,0.0,0.0121002592912705,0.005654281098546,0.0004683840749414,0.0009487666034155,0.0,0.0258064516129032,0.0003027550711474,0.0074587107085775,0.0,0.0,0.0,0.0,0.0,0.0,0.0,0.0,0.0
851,TBStack-LR,1,1,TreeStacking,Extract Subclass,0.0,0.0,0.0019665683382497,0.0,0.0,0.1451583238819238,0.0250451951006479,0.0,0.0012550200803212,0.0,0.0,0.0,0.0,0.0,0.0,0.0,0.3811881188118812,0.0,0.0,0.0,0.0,0.0,0.0,0.0,0.0,0.0,0.0,0.0,0.0,0.0,0.0975800156128025,0.0009487666034155,0.0,0.424516129032258,0.0,0.1640916355887053,0.0,0.0,0.0,0.0,0.0,0.0,0.0,0.0,0.0
852,TBStack-LR,1,1,TreeStacking,Extract Subclass,0.0034364261168384,0.0076411141237367,0.0127826941986234,0.0060344827586206,0.0,0.0,0.0046312282911173,0.0,0.0017570281124497,0.1904761904761904,0.0008818342151675,0.0,0.0,0.0030275507114744,0.0003029385034837,0.0,0.0037128712871287,0.0100502512562814,0.0106382978723404,0.0,0.0,0.0024220405691795,0.0037453183520599,0.0030275507114744,0.0054545454545454,0.0,0.0,0.0012850717498393,0.0051858254105445,0.0201938610662358,0.0035909445745511,0.0037950664136622,0.0273972602739726,0.0412903225806451,0.0063578564940962,0.0111880660628662,0.0,0.0,0.0,0.0,0.0,0.0,0.0,0.0,0.0
853,TBStack-LR,1,1,TreeStacking,Extract Subclass,0.0,0.0167611535617451,0.0206489675516224,0.0025862068965517,0.0,9.732397388345644e-05,0.0045296662671893,0.0,0.0042670682730923,0.0952380952380952,0.0013227513227513,0.0,0.0,0.0157432636996669,0.0151469251741896,0.0,0.0111386138613861,0.0050251256281407,0.0053191489361702,0.0,0.0058479532163742,0.0154405086285195,0.0149812734082397,0.0157432636996669,0.0027272727272727,0.0,0.0055301966292134,0.0002141786249732,0.0164217804667242,0.0169628432956381,0.0049960967993754,0.0009487666034155,0.0,0.0369892473118279,0.017862549197699,0.0109216835375599,0.0,0.0,0.0,0.0,0.0,0.0,0.0,0.0,0.0
854,TBStack-LR,1,1,TreeStacking,Extract Subclass,0.0,0.0014789253142716,0.007866273352999,0.0,0.0,7.663305030193422e-07,0.0015640551684913,0.0,0.0,0.0476190476190476,0.0,0.0,0.0,0.0006055101422948,0.0,0.0,0.0018564356435643,0.0100502512562814,0.0,0.0,0.0116959064327485,0.0,0.0009363295880149,0.0,0.0,0.0,0.0,0.0002141786249732,0.0017286084701815,0.0161550888529886,0.0003122560499609,0.0018975332068311,0.0,0.0253763440860215,0.0018165304268846,0.0021310602024507,0.0,0.0,0.0,0.0,0.0,0.0,0.0,0.0,0.0
855,TBStack-LR,1,1,TreeStacking,Extract Subclass,0.0,0.0078876016761153,0.0058997050147492,0.0034482758620689,0.0,0.0,0.0030062359082691,0.0,0.0040160642570281,0.1428571428571428,0.001763668430335,0.0,0.0,0.0036330608537693,0.0015146925174189,0.0,0.0092821782178217,0.0603015075376884,0.0053191489361702,0.0,0.0,0.0,0.0102996254681647,0.0,0.0009090909090909,0.0,0.0010533707865168,0.0004283572499464,0.0146931719965427,0.0290791599353796,0.0018735362997658,0.0009487666034155,0.0,0.0262365591397849,0.0072661217075386,0.0098561534363345,0.305,0.0734394124847001,0.2591777813467593,4.884052591478305e-05,0.3076923076923077,0.2380952380952381,0.2735849056603773,0.056338028169014,0.0
856,TBStack-LR,1,1,TreeStacking,Extract Subclass,0.0,0.0014789253142716,0.0176991150442477,0.0,0.0,0.0,0.0022749893359874,0.0,0.0007530120481927,0.0952380952380952,0.0022045855379188,0.0,0.0,0.0069633666363911,0.0003029385034837,0.0,0.0024752475247524,0.0050251256281407,0.0,0.2333333333333333,0.0,0.0,0.0037453183520599,0.0,0.0,0.0,8.778089887640449e-05,0.0002141786249732,0.0,0.0323101777059773,0.0,0.0018975332068311,0.0,0.0236559139784946,0.0081743869209809,0.0021310602024507,0.4545454545454545,0.003671970624235,0.00019048401615,5.860863109773967e-05,0.3076923076923077,0.0,0.0377358490566037,0.0030985915492957,0.0008291873963515
857,TBStack-LR,1,0,TreeStacking,Extract Subclass,0.0,0.0051762385999507,0.0039331366764995,0.0,0.0,7.663305030193422e-07,0.0058296601734679,0.0024570024570024,0.0002510040160642,0.0952380952380952,0.0004409171075837,0.0,0.0,0.004844081138359,0.004241139048773,0.0,0.0018564356435643,0.0100502512562814,0.0,0.0,0.0,0.0042385709960641,0.0028089887640449,0.004844081138359,0.0027272727272727,0.0,0.0218574438202247,0.0002141786249732,0.003457216940363,0.0145395799676898,0.1256830601092896,0.0009487666034155,0.0,0.016774193548387,0.0057523463518013,0.0018646776771443,0.9285714285714286,0.0134638922888616,0.0028087054930361,0.0045421689100748,0.1538461538461538,0.0095238095238095,0.0283018867924528,0.0354929577464788,0.0008291873963515
858,TBStack-LR,1,1,TreeStacking,Extract Subclass,0.0,0.043628296771013,0.1828908554572271,0.0094827586206896,0.0128205128205128,0.0,0.0400357498324226,0.0,0.0052710843373493,0.1428571428571428,0.0035273368606701,0.0,0.0,0.0018165304268846,0.0006058770069675,0.0,0.1497524752475247,0.0301507537688442,0.026595744680851,0.0,0.0058479532163742,0.0,0.2200374531835206,0.0006055101422948,0.0,0.0,0.008251404494382,0.0025701434996787,0.2074330164217804,0.2641357027463651,0.0029664324746291,0.0009487666034155,0.0045662100456621,0.1303225806451612,0.043899485316379,0.1425146510388918,0.22,0.0171358629130966,0.0038246202458364,0.0035751264969621,0.4615384615384615,0.1238095238095238,0.1792452830188679,0.028169014084507,0.0
859,TBStack-LR,1,1,TreeStacking,Extract Subclass,0.0,0.0,0.0009832841691248,0.0,0.0,7.663305030193422e-07,4.062480957120514e-05,0.0,0.0,0.0,0.0,0.0,0.0,0.0,0.0,0.0,0.0012376237623762,0.0,0.0,0.0,0.0,0.0,0.0018726591760299,0.0,0.0,0.0,0.0,0.0,0.0,0.0,0.0,0.0009487666034155,0.0,0.0034408602150537,0.0,0.0005327650506126,0.0,0.0,0.0,0.0,0.0,0.0,0.0,0.0,0.0
860,TBStack-LR,1,1,TreeStacking,Extract Subclass,0.0034364261168384,0.0103524771999014,0.0098328416912487,0.0043103448275862,0.0,0.0,0.0024578009790579,0.0122850122850122,0.0022590361445783,0.2857142857142857,0.0013227513227513,0.0,0.0,0.0006055101422948,0.0003029385034837,0.0,0.0006188118811881,0.0050251256281407,0.0,0.0,0.0,0.0003027550711474,0.0009363295880149,0.0006055101422948,0.0,0.0,0.0011411516853932,0.0,0.0017286084701815,0.0226171243941841,0.0004683840749414,0.0009487666034155,0.0,0.0279569892473118,0.0090826521344232,0.0087906233351092,0.0,0.0,0.0,0.0,0.0,0.0,0.0,0.0,0.0
861,TBStack-LR,1,1,TreeStacking,Extract Subclass,0.0,0.0123243776189302,0.0108161258603736,0.0146551724137931,0.0,0.0001141832449498,0.0047937275294022,0.0073710073710073,0.0007530120481927,0.238095238095238,0.0,0.0,0.0,0.0030275507114744,0.0009088155104513,0.0,0.0136138613861386,0.050251256281407,0.0585106382978723,0.0,0.0,0.0,0.0093632958801498,0.0,0.0,0.0,0.0003511235955056,0.0008567144998929,0.017286084701815,0.024232633279483,0.0017174082747853,0.0037950664136622,0.0,0.032258064516129,0.0121102028458976,0.0127863612147043,0.0,0.0,0.0,0.0,0.0,0.0,0.0,0.0,0.0
862,TBStack-LR,1,1,TreeStacking,Extract Subclass,0.0,0.0527483362090214,0.0275319567354965,0.1310344827586206,0.0,0.0202579468473163,0.0517560073937153,0.0294840294840294,0.0454317269076305,0.2857142857142857,0.0035273368606701,0.0,0.0,0.0018165304268846,0.0003029385034837,0.5555555555555556,0.1448019801980198,0.0251256281407035,0.2978723404255319,0.0,0.9824561403508772,0.0,0.0065543071161048,0.0003027550711474,0.0063636363636363,0.0,0.0214185393258426,0.0053544656243306,0.0190146931719965,0.2116316639741518,0.0,0.0009487666034155,0.0045662100456621,0.1720430107526881,0.0496518316681804,0.1454448588172615,0.7272727272727273,0.011015911872705,0.0005639820870325,0.0006153906265262,0.2307692307692307,0.019047619047619,0.0471698113207547,0.0092957746478873,0.0091210613598673
863,TBStack-LR,1,1,TreeStacking,Extract Subclass,0.0,0.0273601183140251,0.0698131760078662,0.0198275862068965,0.0,3.98491861570058e-05,0.0108468241555117,0.0196560196560196,0.0075301204819277,0.238095238095238,0.0,0.0,0.0,0.0072661217075386,0.0003029385034837,0.0,0.0099009900990099,0.0050251256281407,0.0106382978723404,0.0111111111111111,0.0058479532163742,0.0,0.0121722846441947,0.0003027550711474,0.0,0.0,0.0010533707865168,0.0004283572499464,0.0190146931719965,0.0912762520193861,0.0123341139734582,0.0009487666034155,0.0228310502283105,0.0950537634408602,0.0317892824704813,0.0221097496004262,0.3043478260869565,0.00734394124847,0.0037798004773305,0.0002832750503057,0.2307692307692307,0.0666666666666666,0.0943396226415094,0.0064788732394366,0.0024875621890547
864,TBStack-LR,1,1,TreeStacking,Extract Subclass,0.0,0.0,0.0,0.0,0.0,0.0,0.0060327842213239,0.0,0.0,0.0,0.0,0.0,0.0,0.0,0.0,0.0,0.0,0.0,0.0,0.0,0.0,0.0,0.0,0.0,0.0,0.0,0.0,0.0,0.0,0.0,0.0,0.0,0.0,0.0,0.0,0.0,0.0,0.0,0.0,0.0,0.0,0.0,0.0,0.0,0.0
865,TBStack-LR,1,1,TreeStacking,Extract Subclass,0.0206185567010309,0.1079615479418289,0.0914454277286135,0.0482758620689655,0.0,0.0046654201023817,0.0669090613637748,0.167076167076167,0.0421686746987951,0.3809523809523809,0.0123456790123456,0.0,0.0,0.0196790796245837,0.0048470160557406,0.0,0.0841584158415841,0.2964824120603015,0.25,0.0111111111111111,0.0116959064327485,0.0006055101422948,0.0543071161048689,0.0057523463518013,0.01,0.0126582278481012,0.0089536516853932,0.0055686442493039,0.0950734658599827,0.3400646203554119,0.0683840749414519,0.0180265654648956,0.1141552511415525,0.3660215053763441,0.1029367241901301,0.1478423015450186,0.1172839506172839,0.0416156670746633,0.0019645998528417,0.0025885478734835,0.5384615384615385,0.3428571428571428,0.4056603773584905,0.0456338028169014,0.0207296849087893
866,TBStack-LR,1,1,TreeStacking,Extract Subclass,0.0,0.0372196204091693,0.0098328416912487,0.0103448275862068,0.0,0.0002551880575054,0.0088358960817371,0.027027027027027,0.0087851405622489,0.1428571428571428,0.0074955908289241,0.0,0.0,0.0018165304268846,0.0009088155104513,0.0,0.0191831683168316,0.0,0.0851063829787234,0.0,0.0,0.0009082652134423,0.0140449438202247,0.0,0.0,0.0,0.0028967696629213,0.0008567144998929,0.0363007778738115,0.0500807754442649,0.0195160031225605,0.0009487666034155,0.0,0.0791397849462365,0.0345140781108083,0.0314331379861481,0.3934426229508196,0.0122399020807833,0.0020542393898535,0.0010647234649422,0.3076923076923077,0.0285714285714285,0.0660377358490566,0.0171830985915492,0.0041459369817578
867,TBStack-LR,1,1,TreeStacking,Extract Subclass,0.0,0.0032043381809218,0.0,0.0,0.0,5.594212672041198e-05,0.0011171822632081,0.0,0.0,0.0476190476190476,0.0026455026455026,0.0,0.0,0.0027247956403269,0.0,0.0,0.0092821782178217,0.0452261306532663,0.0,0.0,0.0,0.0,0.0140449438202247,0.0,0.0,0.0,0.0006144662921348,0.0,0.0077787381158167,0.0040387722132471,0.0,0.0009487666034155,0.0,0.010752688172043,0.0027247956403269,0.003995737879595,0.0,0.0,0.0,0.0,0.0,0.0,0.0,0.0,0.0
868,TBStack-LR,1,1,TreeStacking,Extract Subclass,0.0,0.0022183879714074,0.0068829891838741,0.0034482758620689,0.0,7.663305030193421e-06,0.0014624931445633,0.0122850122850122,0.0015060240963855,0.1428571428571428,0.0048500881834215,0.0,0.0,0.0,0.0,0.0,0.0030940594059405,0.0,0.0053191489361702,0.0,0.0,0.0,0.0037453183520599,0.0,0.0045454545454545,0.0,0.0001755617977528,0.0,0.003457216940363,0.0266558966074313,0.0031225604996096,0.0018975332068311,0.0091324200913242,0.0253763440860215,0.0027247956403269,0.0047948854555141,0.0,0.0,0.0,0.0,0.0,0.0,0.0,0.0,0.0
869,TBStack-LR,1,1,TreeStacking,Extract Subclass,0.0,0.0165146660093665,0.0294985250737463,0.0017241379310344,0.0,0.0001164822364589,0.0081452743190266,0.0515970515970515,0.0045180722891566,0.3809523809523809,0.0004409171075837,0.0,0.0,0.0012110202845897,0.0009088155104513,0.0,0.0123762376237623,0.0201005025125628,0.0106382978723404,0.0,0.0,0.0,0.0084269662921348,0.0,0.0009090909090909,0.0,0.0011411516853932,0.0,0.0164217804667242,0.0403877221324717,0.004215456674473,0.0018975332068311,0.0045662100456621,0.0610752688172043,0.0154405086285195,0.0210442194992008,0.5,0.0012239902080783,2.987984567059711e-05,0.000449332838416,0.1538461538461538,0.0,0.0188679245283018,0.0022535211267605,0.0008291873963515
870,TBStack-LR,1,1,TreeStacking,Extract Subclass,0.0137457044673539,0.0032043381809218,0.015732546705998,0.0051724137931034,0.0,1.5326610060386843e-05,0.0030671731226259,0.0,0.0,0.1428571428571428,0.0008818342151675,0.0,0.0,0.0024220405691795,0.0021205695243865,0.0,0.005569306930693,0.0402010050251256,0.0319148936170212,0.0,0.0,0.0,0.0028089887640449,0.0003027550711474,0.0,0.0,8.778089887640449e-05,0.0,0.0051858254105445,0.0129240710823909,0.0009367681498829,0.0009487666034155,0.0,0.0369892473118279,0.0033303057826218,0.003995737879595,1.0,0.0024479804161566,0.0009897698878385,0.0002832750503057,0.0769230769230769,0.0,0.0094339622641509,0.0028169014084507,0.0008291873963515
871,TBStack-LR,1,1,TreeStacking,Extract Subclass,0.0,0.0293320187330539,0.0137659783677482,0.018103448275862,0.0,0.0001678263801612,0.0178952286161158,0.0196560196560196,0.0042670682730923,0.1904761904761904,0.0110229276895943,0.0,0.0,0.0039358159249167,0.0030293850348379,0.0,0.0167079207920792,0.0402010050251256,0.0159574468085106,0.0222222222222222,0.0467836257309941,0.0009082652134423,0.0149812734082397,0.002119285498032,0.0063636363636363,0.0759493670886076,0.0018433988764044,0.00663953737417,0.0198789974070872,0.079967689822294,0.0085870413739266,0.0047438330170777,0.0365296803652968,0.3948387096774193,0.0263396911898274,0.0332978156632924,0.9230769230769232,0.0599755201958384,0.0035258217891304,0.0041319084923906,0.0769230769230769,0.0380952380952381,0.0471698113207547,0.0439436619718309,0.0124378109452736
872,TBStack-LR,1,1,TreeStacking,Extract Subclass,0.0137457044673539,0.0051762385999507,0.007866273352999,0.0,0.0961538461538461,2.1457254084541585e-05,0.011192135036867,0.0171990171990172,0.0012550200803212,0.1904761904761904,0.0066137566137566,0.0,0.0,0.0003027550711474,0.0003029385034837,0.0,0.0049504950495049,0.0050251256281407,0.026595744680851,0.0,0.0,0.0,0.0028089887640449,0.0003027550711474,0.0072727272727272,0.0,0.0006144662921348,0.0,0.003457216940363,0.0266558966074313,0.0056206088992974,0.0018975332068311,0.0045662100456621,0.1113978494623656,0.0042385709960641,0.0055940330314331,0.46,0.0061199510403916,0.002491232132786,0.0018364037743958,0.2307692307692307,0.0095238095238095,0.0377358490566037,0.0140845070422535,0.0
873,TBStack-LR,1,1,TreeStacking,Extract Subclass,0.0206185567010309,0.0041902883904362,0.0127826941986234,0.0,0.0,0.0,0.0031890475513396,0.0,0.0,0.0952380952380952,0.0,0.0,0.0,0.0039358159249167,0.0018176310209027,0.0,0.005569306930693,0.0351758793969849,0.0,0.0,0.0116959064327485,0.0018165304268846,0.0065543071161048,0.0018165304268846,0.0,0.0,0.0007022471910112,0.0,0.006914433880726,0.0161550888529886,0.0006245120999219,0.0009487666034155,0.0,0.0318279569892473,0.0051468362095065,0.0058604155567394,0.34,0.018359853121175,0.0377643899469259,5.860863109773967e-05,0.4615384615384615,0.0476190476190476,0.1037735849056603,0.0140845070422535,0.0
874,TBStack-LR,1,1,TreeStacking,Extract Subclass,0.1580756013745704,0.0806014296278038,0.0373647984267453,0.0120689655172413,0.0,0.0006873984612083,0.0363998293757998,0.0786240786240786,0.0072791164658634,0.3809523809523809,0.0110229276895943,0.0,0.0,0.0429912201029367,0.0,0.0,0.036509900990099,0.4070351758793969,0.2287234042553191,0.0,0.0,0.0072661217075386,0.0037453183520599,0.0042385709960641,0.0009090909090909,0.0,0.0298455056179775,0.0036410366245448,0.0008643042350907,0.1122778675282714,0.0362217017954722,0.0009487666034155,0.1141552511415525,0.1931182795698924,0.0811383590675143,0.0588705380927011,1.0,0.01468788249694,0.0005415722027795,0.0009572743079297,0.0769230769230769,0.0,0.0094339622641509,0.0180281690140845,0.0008291873963515
875,TBStack-LR,1,1,TreeStacking,Extract Subclass,0.0962199312714776,0.0140497904855804,0.0403146509341199,0.0034482758620689,0.0,3.0653220120773686e-05,0.0214702118583819,0.0049140049140049,0.0002510040160642,0.1428571428571428,0.0,0.0,0.0,0.0130184680593399,0.0,0.0,0.0080445544554455,0.2160804020100502,0.0212765957446808,0.0,0.0,0.0,0.0084269662921348,0.0,0.0,0.0,0.0009655898876404,0.0,0.0025929127052722,0.0549273021001615,0.0017174082747853,0.0018975332068311,0.0,0.104516129032258,0.0163487738419618,0.0079914757591901,1.0,0.0881272949816401,0.0034884719820422,0.0066911520503252,0.0769230769230769,0.0,0.0094339622641509,0.0552112676056338,0.0074626865671641
876,TBStack-LR,1,1,TreeStacking,Extract Subclass,0.0,0.0059157012570865,0.0,0.0,0.0,0.0,0.00050781011964,0.0,0.0007530120481927,0.0,0.0,0.0,0.0,0.0072661217075386,0.007270524083611,0.0,0.0,0.0,0.0,0.0,0.0,0.0072661217075386,0.0,0.0072661217075386,0.0,0.0,0.0007022471910112,0.0,0.0,0.0016155088852988,0.0026541764246682,0.0009487666034155,0.0,0.0124731182795698,0.0072661217075386,0.0,0.0,0.0,0.0,0.0,0.0,0.0,0.0,0.0,0.0
877,TBStack-LR,1,1,TreeStacking,Extract Subclass,0.0,0.0009859502095144,0.0019665683382497,0.0,0.0,1.5326610060386844e-06,0.0004468729052832,0.0,0.0,0.0476190476190476,0.0,0.0,0.0,0.0012110202845897,0.0,0.0,0.0030940594059405,0.0201005025125628,0.0,0.0,0.0,0.0,0.0046816479400749,0.0,0.0,0.0,0.000438904494382,0.0,0.003457216940363,0.0008077544426494,0.0,0.0009487666034155,0.0,0.0068817204301075,0.0012110202845897,0.0013319126265316,0.39,0.0391676866585067,0.0209158919694179,0.0,0.3846153846153846,0.1238095238095238,0.1698113207547169,0.028169014084507,0.0
878,TBStack-LR,1,1,TreeStacking,Extract Subclass,0.0,0.0303179689425684,0.0098328416912487,0.0077586206896551,0.0,0.0002253011678876,0.0120858808474335,0.0049140049140049,0.0150602409638554,0.4285714285714285,0.001763668430335,0.0,0.0,0.0087798970632758,0.0033323235383217,0.0,0.0173267326732673,0.1457286432160804,0.0212765957446808,0.0,0.0,0.0,0.0224719101123595,0.0030275507114744,0.0,0.0,0.0044768258426966,0.0042835724994645,0.013828867761452,0.0936995153473344,0.0340359094457455,0.0009487666034155,0.0182648401826484,0.0924731182795698,0.0236148955495004,0.0500799147575919,0.5,0.0244798041615667,0.0032344932938421,0.0017191865122003,0.3076923076923077,0.0095238095238095,0.0471698113207547,0.0208450704225352,0.0024875621890547
879,TBStack-LR,1,1,TreeStacking,Extract Subclass,0.0721649484536082,0.0157752033522307,0.0265486725663716,0.025,0.0,1.5326610060386843e-05,0.0174686681156182,0.0171990171990172,0.0112951807228915,0.3809523809523809,0.0044091710758377,0.0,0.0,0.0018165304268846,0.0,0.0,0.0074257425742574,0.0301507537688442,0.0159574468085106,0.0,0.0,0.0,0.0084269662921348,0.0,0.0,0.0,0.0064957865168539,0.003855215249518,0.0060501296456352,0.0807754442649434,0.0062451209992193,0.0018975332068311,0.0,0.0812903225806451,0.0115046927036027,0.0340969632392115,0.7078651685393258,0.0354957160342717,0.0032942529851833,0.0041026041768417,0.1538461538461538,0.0095238095238095,0.0283018867924528,0.0250704225352112,0.0024875621890547
880,TBStack-LR,1,1,TreeStacking,Extract Subclass,0.0,0.0135568153808232,0.112094395280236,0.0103448275862068,0.0128205128205128,0.0002337308034208,0.0084093355812394,0.0049140049140049,0.0040160642570281,0.1428571428571428,0.0026455026455026,0.0,0.0,0.0018165304268846,0.0,0.0,0.016089108910891,0.0201005025125628,0.0159574468085106,0.0,0.0,0.0006055101422948,0.0215355805243445,0.0018165304268846,0.0,0.0,0.0021945224719101,0.0012850717498393,0.0121002592912705,0.0444264943457189,0.0012490241998438,0.0009487666034155,0.0091324200913242,0.0954838709677419,0.0096881622767181,0.0159829515183803,0.5,0.0171358629130966,0.0008329006980678,0.0014163752515287,0.2307692307692307,0.0285714285714285,0.0566037735849056,0.0259154929577464,0.0016583747927031
881,TBStack-LR,1,0,TreeStacking,Extract Subclass,0.0,0.0044367759428148,0.0265486725663716,0.0034482758620689,0.0,0.002654568862459,0.0071093416749608,0.0,0.0,0.1904761904761904,0.0008818342151675,0.0,0.0,0.0042385709960641,0.0009088155104513,0.021680216802168,0.0519801980198019,0.0603015075376884,0.0,0.0,0.0,0.0006055101422948,0.0786516853932584,0.0009082652134423,0.0009090909090909,0.0,0.0001755617977528,0.0004283572499464,0.0630942091616248,0.0096930533117932,0.0046838407494145,0.0009487666034155,0.0136986301369863,0.0821505376344086,0.0042385709960641,0.0258391049547149,0.7894736842105263,0.0,0.0004706075693119,0.0009182018871979,0.1538461538461538,0.0,0.0188679245283018,0.0053521126760563,0.0091210613598673
882,TBStack-LR,1,1,TreeStacking,Extract Subclass,0.0,0.0009859502095144,0.0009832841691248,0.0,0.0,0.0,0.0065609067457496,0.0,0.0261044176706827,0.0476190476190476,0.0013227513227513,0.0,0.0,0.0003027550711474,0.0003029385034837,0.0,0.0006188118811881,0.0,0.0,0.0,0.0,0.0003027550711474,0.0009363295880149,0.0003027550711474,0.0,0.0,0.0079880617977528,0.0,0.0,0.0040387722132471,0.0282591725214676,0.0009487666034155,0.0,0.0679569892473118,0.0012110202845897,0.0002663825253063,0.0,0.0,0.0,0.0,0.0,0.0,0.0,0.0,0.0
883,TBStack-LR,1,1,TreeStacking,Extract Subclass,0.0,0.0002464875523786,0.0049164208456243,0.0,0.0,0.0,0.000203124047856,0.0,0.0,0.0476190476190476,0.0,0.0,0.0,0.0003027550711474,0.0003029385034837,0.0,0.0018564356435643,0.0050251256281407,0.0,0.0,0.0,0.0,0.0028089887640449,0.0,0.0,0.0,8.778089887640449e-05,0.0,0.0017286084701815,0.0008077544426494,0.0,0.0009487666034155,0.0,0.0034408602150537,0.0003027550711474,0.000799147575919,0.74,0.0048959608323133,0.0029394298178449,4.884052591478305e-05,0.2307692307692307,0.019047619047619,0.0471698113207547,0.0140845070422535,0.0
884,TBStack-LR,1,1,TreeStacking,Extract Subclass,0.0206185567010309,0.0103524771999014,0.0373647984267453,0.0008620689655172,0.0,3.2952211629831713e-05,0.0081858991285978,0.0,0.0007530120481927,0.1428571428571428,0.0008818342151675,0.0,0.0,0.0072661217075386,0.0003029385034837,0.0,0.0086633663366336,0.1055276381909547,0.0159574468085106,0.0,0.0,0.0006055101422948,0.0102996254681647,0.0024220405691795,0.0018181818181818,0.0,0.0014922752808988,0.0002141786249732,0.003457216940363,0.0525040387722132,0.0010928961748633,0.0018975332068311,0.0091324200913242,0.0804301075268817,0.0130184680593399,0.0063931806073521,0.0,0.0,0.0,0.0,0.0,0.0,0.0,0.0,0.0
885,TBStack-LR,1,1,TreeStacking,Extract Subclass,0.0,0.0039438008380576,0.0,0.0068965517241379,0.0,4.5979830181160536e-06,0.0011171822632081,0.0,0.0007530120481927,0.1904761904761904,0.0026455026455026,0.0,0.0,0.0024220405691795,0.0024235080278703,0.0,0.0030940594059405,0.0100502512562814,0.0053191489361702,0.0,0.0,0.0018165304268846,0.0037453183520599,0.0024220405691795,0.0036363636363636,0.0,0.0014922752808988,0.0008567144998929,0.0095073465859982,0.0032310177705977,0.0015612802498048,0.0009487666034155,0.0,0.016774193548387,0.004844081138359,0.0055940330314331,0.36,0.055079559363525,0.0010868793862679,0.0009670424131127,0.3076923076923077,0.0,0.0377358490566037,0.028169014084507,0.0
886,TBStack-LR,1,1,TreeStacking,Extract Subclass,0.0,0.0004929751047572,0.0245821042281219,0.0,0.0,0.0,0.0006906217627104,0.0,0.0,0.0476190476190476,0.0,0.0,0.0,0.0006055101422948,0.0006058770069675,0.0,0.0012376237623762,0.0050251256281407,0.0,0.0111111111111111,0.0,0.0,0.0018726591760299,0.0006055101422948,0.0,0.0,0.0,0.0,0.0,0.0,0.0,0.0009487666034155,0.0,0.006021505376344,0.0006055101422948,0.0005327650506126,0.0,0.0,0.0,0.0,0.0,0.0,0.0,0.0,0.0
887,TBStack-LR,1,1,TreeStacking,Extract Subclass,0.0,0.0017254128666502,0.0167158308751229,0.0,0.0,7.663305030193422e-07,0.0012593690967073,0.0,0.0002510040160642,0.0952380952380952,0.0004409171075837,0.0,0.0,0.0006055101422948,0.0003029385034837,0.0,0.0012376237623762,0.0100502512562814,0.0053191489361702,0.0,0.0,0.0,0.0009363295880149,0.0003027550711474,0.0,0.0,0.0,0.0,0.0017286084701815,0.011308562197092,0.0003122560499609,0.0018975332068311,0.0045662100456621,0.0184946236559139,0.002119285498032,0.0010655301012253,0.0,0.0,0.0,0.0,0.0,0.0,0.0,0.0,0.0
888,TBStack-LR,1,1,TreeStacking,Extract Subclass,0.0,0.0125708651713088,0.0,0.0,0.0,2.2989915090580268e-06,0.0181592898783286,0.0,0.0,0.0476190476190476,0.0008818342151675,0.0,0.0,0.0154405086285195,0.0148439866707058,0.0,0.0018564356435643,0.0,0.0159574468085106,0.0,0.0,0.0154405086285195,0.0,0.0154405086285195,0.0,0.0,0.0007900280898876,0.0,0.0,0.0024232633279483,0.0068696330991412,0.0161290322580645,0.0,0.2636559139784946,0.0154405086285195,0.0010655301012253,0.1044444444444444,0.0709914320685434,0.0057219904459193,0.0046886904878191,0.4615384615384615,0.4857142857142857,0.5377358490566038,0.1267605633802817,0.0
889,TBStack-LR,1,1,TreeStacking,Extract Subclass,0.0068728522336769,0.0007394626571358,0.0196656833824975,0.0,0.0,2.2989915090580268e-06,0.0009749954297089,0.0024570024570024,0.0,0.0952380952380952,0.0,0.0,0.0,0.0,0.0,0.0,0.0018564356435643,0.0,0.0053191489361702,0.0,0.0,0.0,0.0018726591760299,0.0,0.0018181818181818,0.0,0.0,0.0,0.0025929127052722,0.005654281098546,0.0053083528493364,0.0009487666034155,0.0045662100456621,0.013763440860215,0.0009082652134423,0.0013319126265316,0.0,0.0,0.0,0.0,0.0,0.0,0.0,0.0,0.0
890,TBStack-LR,1,0,TreeStacking,Extract Subclass,0.0,0.0273601183140251,0.0167158308751229,0.0112068965517241,0.0,0.0008092450111884,0.0171436696390485,0.0024570024570024,0.0002510040160642,0.1428571428571428,0.0070546737213403,0.0,0.0,0.0078716318498334,0.0054528930627082,0.0,0.0371287128712871,0.0904522613065326,0.0106382978723404,0.0,0.0,0.0024220405691795,0.0533707865168539,0.004844081138359,0.0027272727272727,0.0,0.0043012640449438,0.001927607624759,0.0743301642178046,0.0565428109854604,0.0073380171740827,0.0047438330170777,0.0091324200913242,0.053763440860215,0.0160460187708144,0.0487480021310602,0.5,0.0012239902080783,4.481976850589567e-05,0.0001172172621954,0.2307692307692307,0.0,0.0283018867924528,0.0033802816901408,0.0082918739635157
891,TBStack-LR,1,1,TreeStacking,Extract Subclass,0.0,0.0150357406950948,0.0019665683382497,0.0,0.0,0.0,0.0013406187158497,0.0,0.001004016064257,0.0,0.0004409171075837,0.0,0.0,0.0184680593399939,0.0184792487125113,0.0,0.0,0.100502512562814,0.0,0.0,0.0,0.0124129579170451,0.0,0.0184680593399939,0.0,0.0,0.0005266853932584,0.0,0.0,0.005654281098546,0.0067135050741608,0.0009487666034155,0.0,0.0206451612903225,0.0184680593399939,0.003196590303676,0.0,0.0,0.0,0.0,0.0,0.0,0.0,0.0,0.0
892,TBStack-LR,1,1,TreeStacking,Extract Subclass,0.0,0.0179935913236381,0.0147492625368731,0.0146551724137931,0.0,0.0,0.0054843492921126,0.0098280098280098,0.0007530120481927,0.1904761904761904,0.0030864197530864,0.0,0.0,0.0036330608537693,0.0,0.0,0.0043316831683168,0.0452261306532663,0.0106382978723404,0.0,0.0,0.0,0.0046816479400749,0.0012110202845897,0.0,0.0,0.0030723314606741,0.0006425358749196,0.0129645635263612,0.0331179321486268,0.0020296643247462,0.0018975332068311,0.0,0.0434408602150537,0.0090826521344232,0.0170484816196057,1.0,0.0012239902080783,0.0009300101964973,9.76810518295661e-05,0.0769230769230769,0.0,0.0094339622641509,0.0030985915492957,0.0024875621890547
893,TBStack-LR,1,1,TreeStacking,Extract Subclass,0.0,0.0027113630761646,0.0137659783677482,0.0008620689655172,0.0,7.663305030193422e-07,0.0005281225244256,0.0,0.0005020080321285,0.0952380952380952,0.0022045855379188,0.0,0.0,0.0006055101422948,0.0006058770069675,0.0,0.0012376237623762,0.0050251256281407,0.0053191489361702,0.0,0.0,0.0003027550711474,0.0009363295880149,0.0006055101422948,0.0009090909090909,0.0,0.0012289325842696,0.0004283572499464,0.0008643042350907,0.0016155088852988,0.0003122560499609,0.0009487666034155,0.0,0.0141935483870967,0.0015137753557372,0.0013319126265316,0.0,0.0,0.0,0.0,0.0,0.0,0.0,0.0,0.0
894,TBStack-LR,1,1,TreeStacking,Extract Subclass,0.0,0.0041902883904362,0.0019665683382497,0.0017241379310344,0.0,0.0,0.001685929597205,0.0147420147420147,0.003012048192771,0.1428571428571428,0.0004409171075837,0.0,0.0,0.0009082652134423,0.0,0.0,0.0061881188118811,0.0,0.0053191489361702,0.0333333333333333,0.0,0.0,0.0084269662921348,0.0,0.0009090909090909,0.0,0.0012289325842696,0.0002141786249732,0.0077787381158167,0.0064620355411954,0.0028103044496487,0.0009487666034155,0.0,0.0141935483870967,0.004844081138359,0.0063931806073521,0.0,0.0,0.0,0.0,0.0,0.0,0.0,0.0,0.0
895,TBStack-LR,1,1,TreeStacking,Extract Subclass,0.0,0.0409169336948484,0.1347099311701081,0.0267241379310344,0.0,0.0015418569720749,0.0229327050029452,0.0049140049140049,0.0035140562248995,0.238095238095238,0.0008818342151675,0.0,0.0,0.0084771419921283,0.0015146925174189,0.008130081300813,0.0402227722772277,0.1256281407035175,0.0478723404255319,0.0222222222222222,0.1111111111111111,0.0,0.0337078651685393,0.0006055101422948,0.0009090909090909,0.0,0.0019311797752808,0.0027843221246519,0.0518582541054451,0.1421647819063005,0.0065573770491803,0.0075901328273244,0.0228310502283105,0.1436559139784946,0.0375416288222827,0.0495471497069792,0.6231884057971014,0.040391676866585,0.0224883188478331,0.0427843007013499,0.1538461538461538,0.019047619047619,0.0377358490566037,0.0388732394366197,0.0107794361525704
896,TBStack-LR,1,0,TreeStacking,Extract Subclass,0.0,0.0631008134089228,0.0186823992133726,0.018103448275862,0.0,0.000200778591791,0.0155999268753427,0.0663390663390663,0.0025100401606425,0.3809523809523809,0.0061728395061728,0.0,0.0,0.0006055101422948,0.0006058770069675,0.0,0.0179455445544554,0.0100502512562814,0.1329787234042553,0.0,0.0,0.0,0.0037453183520599,0.0,0.0,0.0,0.0032478932584269,0.0021417862497322,0.024200518582541,0.0920840064620355,0.0095238095238095,0.0009487666034155,0.0273972602739726,0.0808602150537634,0.0405691795337571,0.0554075652637187,0.0,0.0,0.0,0.0,0.0,0.0,0.0,0.0,0.0
897,TBStack-LR,1,1,TreeStacking,Extract Subclass,0.0,0.0064086763618437,0.0147492625368731,0.0051724137931034,0.0,0.0,0.0043671670289045,0.0,0.0002510040160642,0.1904761904761904,0.0008818342151675,0.0,0.0,0.0051468362095065,0.0039382005452893,0.0,0.005569306930693,0.0854271356783919,0.0212765957446808,0.0,0.023391812865497,0.0,0.0009363295880149,0.0018165304268846,0.0,0.0,0.0006144662921348,0.0,0.0285220397579948,0.0210016155088853,0.0037470725995316,0.0009487666034155,0.0365296803652968,0.04,0.0057523463518013,0.0117208311134789,0.8448275862068966,0.0208078335373316,0.0635843115870306,9.76810518295661e-05,0.2307692307692307,0.0095238095238095,0.0377358490566037,0.016338028169014,0.0024875621890547
898,TBStack-LR,1,1,TreeStacking,Extract Subclass,0.0,0.0096130145427655,0.0176991150442477,0.0017241379310344,0.0,2.605523710265764e-05,0.0038390445044788,0.0147420147420147,0.0005020080321285,0.1428571428571428,0.0,0.0,0.0,0.004844081138359,0.0039382005452893,0.0,0.010519801980198,0.0351758793969849,0.0106382978723404,0.0,0.0,0.0012110202845897,0.0140449438202247,0.0003027550711474,0.0,0.050632911392405,0.0006144662921348,0.0014992503748125,0.0060501296456352,0.0323101777059773,0.0010928961748633,0.0009487666034155,0.0,0.0490322580645161,0.010293672419013,0.0133191262653169,0.8888888888888888,0.0061199510403916,0.0005901269519942,6.837673628069627e-05,0.2307692307692307,0.0,0.0283018867924528,0.0050704225352112,0.0016583747927031
899,TBStack-LR,1,1,TreeStacking,Extract Subclass,0.0034364261168384,0.081094404732561,0.0412979351032448,0.0336206896551724,0.0,7.203506728381816e-05,0.0265483130547825,0.0663390663390663,0.0115461847389558,0.2857142857142857,0.0436507936507936,0.0,0.0,0.0339085679685134,0.023326264768252,0.0,0.0099009900990099,0.0,0.026595744680851,0.0,0.0,0.0221011201937632,0.0056179775280898,0.0248259158340902,0.0045454545454545,0.0,0.0170294943820224,0.0062111801242236,0.0086430423509075,0.1033925686591276,0.0346604215456674,0.0094876660341555,0.0319634703196347,0.1716129032258064,0.0768997880714501,0.0514118273841236,0.0,0.0,0.0,0.0,0.0,0.0,0.0,0.0,0.0
900,TBStack-LR,1,0,TreeStacking,Extract Subclass,0.0,0.0369731328567907,0.0117994100294985,0.0025862068965517,0.0,0.0001141832449498,0.0066624687696776,0.0122850122850122,0.0015060240963855,0.1428571428571428,0.0030864197530864,0.0,0.0,0.0190735694822888,0.0003029385034837,0.002710027100271,0.0117574257425742,0.0251256281407035,0.026595744680851,0.0,0.0,0.0172570390554041,0.0131086142322097,0.0009082652134423,0.0027272727272727,0.0253164556962025,0.0043012640449438,0.0,0.0190146931719965,0.0516962843295638,0.0165495706479313,0.0009487666034155,0.0273972602739726,0.0692473118279569,0.0293672419013018,0.0122535961640916,0.0,0.0,0.0,0.0,0.0,0.0,0.0,0.0,0.0
901,TBStack-LR,1,1,TreeStacking,Extract Subclass,0.0103092783505154,0.0170076411141237,0.0255653883972468,0.0172413793103448,0.0,0.0006467829445483,0.0201295931425321,0.0171990171990172,0.0027610441767068,0.238095238095238,0.0167548500881834,0.0,0.0,0.0027247956403269,0.0015146925174189,0.0,0.0272277227722772,0.0402010050251256,0.026595744680851,0.0,0.0,0.0003027550711474,0.0365168539325842,0.0027247956403269,0.039090909090909,0.0,0.0003511235955056,0.0004283572499464,0.038029386343993,0.0646203554119547,0.0056206088992974,0.0037950664136622,0.0365296803652968,0.1595698924731182,0.0169542839842567,0.0343633457645178,0.1666666666666666,0.02203182374541,0.0024874971520772,0.0044640240686111,0.6923076923076923,0.0761904761904762,0.160377358490566,0.0354929577464788,0.005804311774461
902,TBStack-LR,1,1,TreeStacking,Extract Subclass,0.0,0.0110919398570372,0.023598820058997,0.0060344827586206,0.0,5.670845722343132e-05,0.0058296601734679,0.0098280098280098,0.0042670682730923,0.238095238095238,0.0013227513227513,0.0,0.0,0.0018165304268846,0.0018176310209027,0.0,0.0080445544554455,0.0301507537688442,0.0159574468085106,0.0,0.0,0.0,0.0093632958801498,0.0015137753557372,0.0009090909090909,0.0,0.000877808988764,0.0008567144998929,0.0112359550561797,0.0306946688206785,0.0079625292740046,0.0047438330170777,0.0365296803652968,0.0576344086021505,0.0108991825613079,0.014917421417155,0.33,0.03671970624235,0.1649442180631137,1.953621036591322e-05,0.3076923076923077,0.1428571428571428,0.1792452830188679,0.028169014084507,0.0
903,TBStack-LR,1,1,TreeStacking,Extract Subclass,0.0,0.0022183879714074,0.0147492625368731,0.0,0.0,0.000241394108451,0.0030062359082691,0.0024570024570024,0.0,0.0952380952380952,0.0,0.0,0.0,0.0006055101422948,0.0006058770069675,0.0,0.0167079207920792,0.0050251256281407,0.0,0.0111111111111111,0.0,0.0,0.0252808988764044,0.0,0.0,0.0,0.0,0.0,0.0129645635263612,0.0266558966074313,0.0007806401249024,0.0009487666034155,0.0,0.0249462365591397,0.0027247956403269,0.0079914757591901,0.5,0.0012239902080783,0.0006835014697149,9.76810518295661e-06,0.2307692307692307,0.0,0.0283018867924528,0.0011267605633802,0.0033167495854063
904,TBStack-LR,1,1,TreeStacking,Extract Subclass,0.0034364261168384,0.0002464875523786,0.0019665683382497,0.0,0.0,3.44848726358704e-05,0.0008937458105665,0.0,0.0,0.0,0.0,0.0,0.0,0.0003027550711474,0.0,0.0,0.0061881188118811,0.0,0.0,0.0,0.0,0.0,0.0,0.0,0.0,0.0,0.0,0.0,0.0,0.0,0.0,0.0018975332068311,0.0,0.0159139784946236,0.0003027550711474,0.0026638252530633,0.0,0.0,0.0,0.0,0.0,0.0,0.0,0.0,0.0
905,TBStack-LR,1,0,TreeStacking,Extract Subclass,0.0,0.0004929751047572,0.0039331366764995,0.0,0.0,0.0,0.0002640612622128,0.0,0.0,0.0476190476190476,0.0,0.0,0.0,0.0006055101422948,0.0,0.0,0.0006188118811881,0.0,0.0,0.0,0.0,0.0006055101422948,0.0009363295880149,0.0006055101422948,0.0,0.0,0.0001755617977528,0.0,0.0,0.0008077544426494,0.0,0.0009487666034155,0.0,0.0043010752688172,0.0006055101422948,0.0002663825253063,0.0,0.0,0.0,0.0,0.0,0.0,0.0,0.0,0.0
906,TBStack-LR,1,0,TreeStacking,Extract Subclass,0.0,0.0,0.007866273352999,0.0,0.0,7.663305030193422e-07,0.0005890597387824,0.0,0.0,0.0476190476190476,0.0,0.0,0.0,0.0,0.0,0.0,0.0012376237623762,0.0,0.0,0.0,0.0,0.0,0.0018726591760299,0.0,0.0,0.0,0.0,0.0,0.0008643042350907,0.0040387722132471,0.0001561280249804,0.0009487666034155,0.0,0.0034408602150537,0.0,0.0005327650506126,0.0,0.0,0.0,0.0,0.0,0.0,0.0,0.0,0.0
907,TBStack-LR,1,1,TreeStacking,Extract Subclass,0.0,0.0029578506285432,0.0058997050147492,0.0008620689655172,0.0,0.0001241455414891,0.0025796754077715,0.0,0.0005020080321285,0.0952380952380952,0.0,0.056338028169014,0.0,0.0024220405691795,0.0009088155104513,0.0,0.0123762376237623,0.0100502512562814,0.0,0.0,0.0058479532163742,0.0018165304268846,0.0177902621722846,0.0009082652134423,0.0,0.0,0.0,0.0,0.0025929127052722,0.0080775444264943,0.0004683840749414,0.0047438330170777,0.0,0.0404301075268817,0.0030275507114744,0.0061267980820458,0.4444444444444444,0.0012239902080783,0.000765671045309,0.000205130208842,0.3846153846153846,0.0,0.0471698113207547,0.0025352112676056,0.0016583747927031
908,TBStack-LR,1,1,TreeStacking,Extract Subclass,0.0,0.0041902883904362,0.0019665683382497,0.0,0.0,0.0,0.0001828116430704,0.0,0.0,0.0476190476190476,0.0,0.0,0.0,0.0006055101422948,0.0003029385034837,0.0,0.0006188118811881,0.0,0.0,0.0,0.0,0.0006055101422948,0.0009363295880149,0.0006055101422948,0.0009090909090909,0.0,0.0014044943820224,0.0,0.0,0.0008077544426494,0.0,0.0009487666034155,0.0,0.0111827956989247,0.0051468362095065,0.0002663825253063,0.0,0.0,0.0,0.0,0.0,0.0,0.0,0.0,0.0
909,TBStack-LR,1,1,TreeStacking,Extract Subclass,0.0,0.0,0.0,0.0,0.0,0.0,0.0312811033698279,0.0,0.0,0.0,0.0,0.0,0.0,0.0,0.0,0.0,0.0,0.0,0.0,0.0,0.0,0.0,0.0,0.0,0.0,0.0,0.0,0.0,0.0,0.0,0.0,0.0,0.0,0.0,0.0,0.0,0.076,0.2509179926560587,0.0013109782287974,0.0007228397835387,0.3846153846153846,0.5142857142857143,0.5566037735849056,0.0704225352112676,0.0
910,TBStack-LR,1,1,TreeStacking,Extract Subclass,0.0,0.0419028839043628,0.0275319567354965,0.0155172413793103,0.0,0.0001777886767004,0.0150921167557027,0.0,0.0087851405622489,0.238095238095238,0.0123456790123456,0.0,0.0,0.0036330608537693,0.0003029385034837,0.0,0.0179455445544554,0.0603015075376884,0.0851063829787234,0.0,0.0,0.0,0.0121722846441947,0.0003027550711474,0.01,0.0,0.0026334269662921,0.0017134289997858,0.0302506482281763,0.1025848142164781,0.0185792349726775,0.0009487666034155,0.0776255707762557,0.0718279569892473,0.0520738722373599,0.0266382525306339,0.0,0.0,0.0,0.0,0.0,0.0,0.0,0.0,0.0
911,TBStack-LR,1,1,TreeStacking,Extract Subclass,0.0,0.0,0.0019665683382497,0.0,0.0,0.2221906323759311,0.0290873636529828,0.0,0.0,0.0,0.0,0.0,0.0,0.0,0.0,0.0,0.4715346534653465,0.0,0.0,0.0,0.0,0.0,0.0,0.0,0.0,0.0,0.0,0.0,0.0,0.0,0.1044496487119437,0.0009487666034155,0.0,0.3019354838709677,0.0,0.202983484283431,0.0,0.0,0.0,0.0,0.0,0.0,0.0,0.0,0.0
912,TBStack-LR,1,1,TreeStacking,Extract Subclass,0.0103092783505154,0.0,0.0039331366764995,0.0,0.0,0.0001310425160163,0.0045702910767605,0.0,0.0,0.0476190476190476,0.0,0.0915492957746478,0.0,0.0,0.0,0.010840108401084,0.0117574257425742,0.0,0.0,0.0,0.0,0.0,0.0177902621722846,0.0,0.0018181818181818,0.0,0.0,0.0002141786249732,0.0051858254105445,0.0048465266558966,0.0,0.0028462998102466,0.0,0.0232258064516129,0.0,0.0050612679808204,0.0,0.0,0.0,0.0,0.0,0.0,0.0,0.0,0.0
913,TBStack-LR,1,1,TreeStacking,Extract Subclass,0.0034364261168384,0.0069016514666009,0.0196656833824975,0.0008620689655172,0.0,0.0,0.0034531088135524,0.0,0.0002510040160642,0.2857142857142857,0.0008818342151675,0.0,0.0,0.0042385709960641,0.0009088155104513,0.0,0.0024752475247524,0.0653266331658291,0.0,0.0111111111111111,0.0058479532163742,0.0,0.0028089887640449,0.0003027550711474,0.0,0.0,0.0024578651685393,0.0006425358749196,0.0008643042350907,0.0379644588045234,0.0054644808743169,0.0018975332068311,0.0045662100456621,0.0344086021505376,0.0057523463518013,0.0050612679808204,1.0,0.0085679314565483,0.0020318295056006,0.0012307812530525,0.0769230769230769,0.0,0.0094339622641509,0.0115492957746478,0.0049751243781094
914,TBStack-LR,1,1,TreeStacking,Extract Subclass,0.0137457044673539,0.1550406704461424,0.0914454277286135,0.0448275862068965,0.0,0.0300823038960242,0.0602465925940972,0.1941031941031941,0.0130522088353413,0.2857142857142857,0.0105820105820105,0.0,0.0,0.0357250983953981,0.0039382005452893,0.0,0.1769801980198019,0.5628140703517588,0.0691489361702127,0.0666666666666666,0.0526315789473684,0.0,0.247191011235955,0.0009082652134423,0.0,0.0632911392405063,0.0135182584269662,0.0464767616191904,0.1719965427830596,0.258481421647819,0.0360655737704918,0.0018975332068311,0.1506849315068493,0.1987096774193548,0.1207992733878292,0.1907298881193393,0.6959459459459459,0.0881272949816401,0.0449430228692868,0.0565475609041358,0.1538461538461538,0.0761904761904762,0.0943396226415094,0.0416901408450704,0.0199004975124378
915,TBStack-LR,1,1,TreeStacking,Extract Subclass,0.0,0.0004929751047572,0.0039331366764995,0.0,0.0,0.0,0.000203124047856,0.0,0.0,0.0476190476190476,0.0,0.0,0.0,0.0,0.0,0.0,0.0006188118811881,0.0,0.0,0.0,0.0058479532163742,0.0,0.0,0.0,0.0,0.0,0.0,0.0,0.0,0.0016155088852988,0.0,0.0009487666034155,0.0,0.006021505376344,0.0003027550711474,0.0002663825253063,0.0,0.0,0.0,0.0,0.0,0.0,0.0,0.0,0.0
916,TBStack-LR,1,1,TreeStacking,Extract Subclass,0.0068728522336769,0.0456001971900419,0.0167158308751229,0.0086206896551724,0.0,3.44848726358704e-05,0.0116796327517214,0.0442260442260442,0.0077811244979919,0.4285714285714285,0.0039682539682539,0.0,0.0,0.0003027550711474,0.0003029385034837,0.0,0.0061881188118811,0.0050251256281407,0.0,0.0,0.0467836257309941,0.0,0.0018726591760299,0.0003027550711474,0.0,0.0,0.0010533707865168,0.0002141786249732,0.0043215211754537,0.1033925686591276,0.0268540202966432,0.0009487666034155,0.0045662100456621,0.0847311827956989,0.0414774447471995,0.0340969632392115,0.8823529411764706,0.018359853121175,0.0033577476572333,0.0007814484146365,0.2307692307692307,0.0,0.0283018867924528,0.0191549295774647,0.0091210613598673
917,TBStack-LR,1,1,TreeStacking,Extract Subclass,0.0068728522336769,0.0022183879714074,0.0088495575221238,0.0,0.0,7.663305030193421e-06,0.0019093660498466,0.0,0.0,0.0952380952380952,0.0,0.0,0.0,0.0015137753557372,0.0012117540139351,0.0,0.005569306930693,0.0251256281407035,0.0159574468085106,0.0,0.0,0.0,0.0056179775280898,0.0,0.0,0.0,8.778089887640449e-05,0.0,0.0025929127052722,0.0121163166397415,0.0007806401249024,0.0009487666034155,0.0045662100456621,0.0240860215053763,0.0027247956403269,0.0047948854555141,0.61,0.03671970624235,0.0626916511976215,0.0,0.3076923076923077,0.0952380952380952,0.1320754716981132,0.028169014084507,0.0
918,TBStack-LR,1,1,TreeStacking,Extract Subclass,0.0,0.1271875770273601,0.0049164208456243,0.0,0.0,0.0,0.0106030752980845,0.0,0.009789156626506,0.0,0.0,0.0,0.0,0.1562216167120799,0.156316267797637,0.0,0.0,0.0,0.0,0.0,0.0,0.1562216167120799,0.0,0.1562216167120799,0.0,0.0,0.0180828651685393,0.0,0.0,0.0016155088852988,0.0499609679937548,0.0009487666034155,0.0,0.035268817204301,0.1562216167120799,0.0,0.197452229299363,0.0391676866585067,0.0014977272642386,0.0008009846250024,0.6153846153846154,0.1142857142857143,0.1886792452830188,0.044225352112676,0.0008291873963515
919,TBStack-LR,1,1,TreeStacking,Extract Subclass,0.0,0.0066551639142223,0.0,0.0,0.0,0.0,0.0005484349292112,0.0,0.0,0.0,0.0,0.0,0.0,0.0081743869209809,0.0078764010905786,0.0,0.0,0.0,0.0,0.0,0.0,0.0081743869209809,0.0,0.0081743869209809,0.0,0.0,0.0023700842696629,0.0,0.0,0.0,0.0,0.0009487666034155,0.0,0.0120430107526881,0.0081743869209809,0.0,1.0,0.0,7.096463346766814e-05,0.0001172172621954,0.0769230769230769,0.0,0.0094339622641509,0.0033802816901408,0.0024875621890547
920,TBStack-LR,1,1,TreeStacking,Extract Subclass,0.0,0.0059157012570865,0.0206489675516224,0.0008620689655172,0.0,2.2989915090580268e-06,0.0022140521216306,0.0,0.002008032128514,0.2857142857142857,0.0,0.0,0.0,0.0,0.0,0.0,0.0018564356435643,0.0,0.0053191489361702,0.0,0.0,0.0,0.0018726591760299,0.0,0.0,0.0,8.778089887640449e-05,0.0,0.0025929127052722,0.0315024232633279,0.0029664324746291,0.0009487666034155,0.0091324200913242,0.0275268817204301,0.0042385709960641,0.0066595631326584,0.8148148148148148,0.0097919216646266,0.0002689186110353,0.0002735069451227,0.2307692307692307,0.0095238095238095,0.0377358490566037,0.0076056338028169,0.0033167495854063
921,TBStack-LR,1,1,TreeStacking,Extract Subclass,0.0309278350515463,0.0096130145427655,0.0304818092428711,0.0025862068965517,0.0,0.0001072862704227,0.0073530905323881,0.0,0.0005020080321285,0.1428571428571428,0.0,0.0,0.0,0.0051468362095065,0.0009088155104513,0.0,0.0123762376237623,0.0854271356783919,0.0691489361702127,0.0,0.0,0.0,0.0065543071161048,0.0006055101422948,0.0,0.0,0.000877808988764,0.0004283572499464,0.0121002592912705,0.0678513731825525,0.0009367681498829,0.0009487666034155,0.0,0.0679569892473118,0.0108991825613079,0.0119872136387852,0.8148148148148148,0.003671970624235,0.0005490421641972,0.0004884052591478,0.1538461538461538,0.0095238095238095,0.0283018867924528,0.0076056338028169,0.0066334991708126
922,TBStack-LR,1,1,TreeStacking,Extract Subclass,0.0,0.0029578506285432,0.0068829891838741,0.0,0.0,2.2989915090580268e-06,0.0012593690967073,0.0024570024570024,0.0002510040160642,0.1904761904761904,0.0008818342151675,0.0,0.0,0.0003027550711474,0.0003029385034837,0.0,0.0018564356435643,0.0050251256281407,0.0053191489361702,0.0,0.0,0.0,0.0009363295880149,0.0003027550711474,0.0018181818181818,0.0,0.0006144662921348,0.0,0.0025929127052722,0.0185783521809369,0.0004683840749414,0.0009487666034155,0.0,0.0124731182795698,0.0024220405691795,0.0026638252530633,0.76,0.0269277845777233,0.0473931702142758,9.76810518295661e-06,0.1538461538461538,0.019047619047619,0.0377358490566037,0.028169014084507,0.0
923,TBStack-LR,1,1,TreeStacking,Extract Subclass,0.0,0.0004929751047572,0.0029498525073746,0.0,0.0,1.5326610060386844e-06,0.000304686071784,0.0,0.0,0.0476190476190476,0.0,0.0,0.0,0.0006055101422948,0.0006058770069675,0.002710027100271,0.0024752475247524,0.0100502512562814,0.0053191489361702,0.0,0.0,0.0,0.0028089887640449,0.0,0.0009090909090909,0.0,0.0,0.0,0.0025929127052722,0.0,0.0,0.0009487666034155,0.0,0.0038709677419354,0.0006055101422948,0.0010655301012253,0.0,0.0,0.0,0.0,0.0,0.0,0.0,0.0,0.0
924,TBStack-LR,1,1,TreeStacking,Extract Subclass,0.0,0.0273601183140251,0.0226155358898721,0.0025862068965517,0.0,3.0653220120773686e-05,0.0082062115333834,0.0,0.0032630522088353,0.1904761904761904,0.0008818342151675,0.0,0.0,0.0051468362095065,0.0021205695243865,0.0,0.010519801980198,0.0804020100502512,0.0106382978723404,0.0,0.0,0.0003027550711474,0.0140449438202247,0.0027247956403269,0.0009090909090909,0.0,0.0006144662921348,0.0,0.0112359550561797,0.0508885298869143,0.0095238095238095,0.0009487666034155,0.0365296803652968,0.0550537634408602,0.0299727520435967,0.0143846563665423,0.0,0.0,0.0,0.0,0.0,0.0,0.0,0.0,0.0
925,TBStack-LR,1,1,TreeStacking,Extract Subclass,0.0,0.0,0.0,0.0,0.0,0.0,0.0026203002173427,0.0,0.0,0.0,0.0,0.0,0.0,0.0,0.0,0.0,0.0,0.0,0.0,0.0,0.0,0.0,0.0,0.0,0.0,0.0,0.0,0.0,0.0,0.0,0.0,0.0,0.0,0.0,0.0,0.0,0.0,0.0,0.0,0.0,0.0,0.0,0.0,0.0,0.0
926,TBStack-LR,1,1,TreeStacking,Extract Subclass,0.0378006872852233,0.0056692137047079,0.0265486725663716,0.0,0.0,1.379394905434816e-05,0.0056265361256119,0.0,0.0002510040160642,0.1428571428571428,0.0,0.0,0.0,0.0030275507114744,0.0003029385034837,0.0,0.0049504950495049,0.0251256281407035,0.0319148936170212,0.0,0.0058479532163742,0.0,0.0009363295880149,0.0003027550711474,0.0,0.0,0.0007022471910112,0.0,0.0,0.0541195476575121,0.0015612802498048,0.0009487666034155,0.0,0.053763440860215,0.007568876778686,0.003995737879595,0.6764705882352942,0.003671970624235,0.0009486851000414,0.0012014769375036,0.1538461538461538,0.0,0.0188679245283018,0.0095774647887323,0.0124378109452736
927,TBStack-LR,1,1,TreeStacking,Extract Subclass,0.0,0.0027113630761646,0.0127826941986234,0.0017241379310344,0.0,2.1457254084541585e-05,0.0027827994556275,0.0049140049140049,0.001004016064257,0.1428571428571428,0.0,0.0,0.0,0.0003027550711474,0.0003029385034837,0.0,0.0049504950495049,0.0050251256281407,0.0,0.0,0.0,0.0,0.0074906367041198,0.0,0.0,0.0,0.0009655898876404,0.0002141786249732,0.0051858254105445,0.0096930533117932,0.0007806401249024,0.0028462998102466,0.0,0.0404301075268817,0.002119285498032,0.0037293553542887,0.0,0.0,0.0,0.0,0.0,0.0,0.0,0.0,0.0
928,TBStack-LR,1,1,TreeStacking,Extract Subclass,0.0,0.0002464875523786,0.0058997050147492,0.0,0.0,6.1306440241547375e-06,0.0006499969531392,0.0,0.0,0.0476190476190476,0.0004409171075837,0.0,0.0,0.0003027550711474,0.0003029385034837,0.0,0.0049504950495049,0.0050251256281407,0.0,0.0,0.0058479532163742,0.0,0.0065543071161048,0.0,0.0045454545454545,0.0,0.0,0.0,0.0051858254105445,0.0064620355411954,0.0,0.0009487666034155,0.0,0.0090322580645161,0.0003027550711474,0.0021310602024507,0.8,0.0085679314565483,0.0058863295971076,3.907242073182644e-05,0.1538461538461538,0.019047619047619,0.0377358490566037,0.0140845070422535,0.0
929,TBStack-LR,1,0,TreeStacking,Extract Subclass,0.0,0.0971160956371703,0.0471976401179941,0.1025862068965517,0.0,0.0007433405879287,0.0350185858503788,0.2113022113022113,0.0243473895582329,0.4285714285714285,0.0022045855379188,0.0,0.0,0.0024220405691795,0.0018176310209027,0.0,0.0297029702970297,0.0050251256281407,0.0851063829787234,0.0111111111111111,0.1111111111111111,0.0018165304268846,0.0121722846441947,0.0015137753557372,0.0045454545454545,0.0,0.0231741573033707,0.0216320411222959,0.0674157303370786,0.0743134087237479,0.0028103044496487,0.0009487666034155,0.0,0.112258064516129,0.0696336663639115,0.1393180607352157,0.0,0.0,0.0,0.0,0.0,0.0,0.0,0.0,0.0
930,TBStack-LR,1,0,TreeStacking,Extract Subclass,0.0,0.0194725166379097,0.0108161258603736,0.0068965517241379,0.0,1.3027618551328815e-05,0.0077390262233145,0.0221130221130221,0.0087851405622489,0.3333333333333333,0.0039682539682539,0.0,0.0,0.0054495912806539,0.0018176310209027,0.0,0.0086633663366336,0.0703517587939698,0.0053191489361702,0.0,0.0,0.0009082652134423,0.0121722846441947,0.004844081138359,0.0027272727272727,0.0126582278481012,0.0032478932584269,0.0021417862497322,0.006914433880726,0.0371567043618739,0.0099921935987509,0.0028462998102466,0.0273972602739726,0.0881720430107526,0.0175597941265516,0.0159829515183803,0.6,0.0159118727050183,0.0022372534445859,0.0031257936585461,0.1538461538461538,0.0285714285714285,0.0471698113207547,0.0169014084507042,0.0082918739635157
931,TBStack-LR,1,1,TreeStacking,Extract Subclass,0.0,0.0014789253142716,0.0049164208456243,0.0017241379310344,0.0,3.2952211629831713e-05,0.0012187442871361,0.0049140049140049,0.0002510040160642,0.0952380952380952,0.0,0.0,0.0,0.0003027550711474,0.0003029385034837,0.010840108401084,0.0061881188118811,0.0,0.0106382978723404,0.0111111111111111,0.0,0.0,0.0074906367041198,0.0,0.0,0.0,0.0002633426966292,0.0,0.006914433880726,0.0185783521809369,0.0004683840749414,0.0009487666034155,0.0,0.0154838709677419,0.0018165304268846,0.0037293553542887,0.0,0.0,0.0,0.0,0.0,0.0,0.0,0.0,0.0
932,TBStack-LR,1,1,TreeStacking,Extract Subclass,0.0,0.0086270643332511,0.0255653883972468,0.0034482758620689,0.0,9.195966036232109e-06,0.0032499847656964,0.0171990171990172,0.001004016064257,0.1904761904761904,0.0013227513227513,0.0,0.0,0.0015137753557372,0.0003029385034837,0.0,0.0049504950495049,0.0150753768844221,0.0,0.0,0.0,0.0006055101422948,0.0074906367041198,0.0003027550711474,0.0,0.0,0.0014922752808988,0.0010708931248661,0.006914433880726,0.0355411954765751,0.004839968774395,0.0018975332068311,0.0045662100456621,0.0361290322580645,0.0081743869209809,0.0087906233351092,0.0,0.0,0.0,0.0,0.0,0.0,0.0,0.0,0.0
933,TBStack-LR,1,1,TreeStacking,Extract Subclass,0.0,0.0,0.0206489675516224,0.0,0.0,0.0001310425160163,0.0028640490747699,0.0,0.0,0.0476190476190476,0.0004409171075837,0.0,0.0,0.0,0.0,0.0,0.0117574257425742,0.0,0.0,0.0,0.0,0.0,0.0037453183520599,0.0,0.0009090909090909,0.0,0.0,0.0,0.003457216940363,0.0048465266558966,0.0,0.0037950664136622,0.0,0.0210752688172043,0.0,0.0050612679808204,1.0,0.003671970624235,0.0005228972992354,0.0005763182057944,0.0769230769230769,0.0,0.0094339622641509,0.0045070422535211,0.0008291873963515
934,TBStack-LR,1,1,TreeStacking,Extract Subclass,0.0,0.0239092925807246,0.0363815142576204,0.0129310344827586,0.0,8.659534684118566e-05,0.0090593325343787,0.0368550368550368,0.0075301204819277,0.2857142857142857,0.0022045855379188,0.0,0.0,0.0036330608537693,0.0030293850348379,0.002710027100271,0.0142326732673267,0.0251256281407035,0.0531914893617021,0.0,0.0,0.0009082652134423,0.0093632958801498,0.0006055101422948,0.0054545454545454,0.0379746835443038,0.0014922752808988,0.0021417862497322,0.0190146931719965,0.0557350565428109,0.0103044496487119,0.0009487666034155,0.0365296803652968,0.0834408602150537,0.0211928549803209,0.0309003729355354,0.6744186046511628,0.02203182374541,0.001553751974871,0.0025592435579346,0.1538461538461538,0.0380952380952381,0.0566037735849056,0.024225352112676,0.0099502487562189
935,TBStack-LR,1,0,TreeStacking,Extract Subclass,0.0,0.0032043381809218,0.0137659783677482,0.0,0.0,7.663305030193422e-07,0.0011984318823505,0.0,0.0,0.0476190476190476,0.005731922398589,0.0,0.0,0.0030275507114744,0.0,0.0,0.0018564356435643,0.0,0.0,0.0,0.0,0.0,0.0,0.0,0.0,0.0,0.0,0.0,0.0008643042350907,0.0153473344103392,0.0014051522248243,0.0009487666034155,0.0,0.0172043010752688,0.0039358159249167,0.000799147575919,0.0,0.0,0.0,0.0,0.0,0.0,0.0,0.0,0.0
936,TBStack-LR,1,1,TreeStacking,Extract Subclass,0.0,0.0266206556568893,0.031465093411996,0.0137931034482758,0.0,6.89697452717408e-05,0.008429647986025,0.0221130221130221,0.0085341365461847,0.3809523809523809,0.0008818342151675,0.0,0.0,0.0006055101422948,0.0,0.0,0.0099009900990099,0.0,0.0053191489361702,0.0222222222222222,0.0409356725146198,0.0,0.0074906367041198,0.0,0.0,0.0,0.0043890449438202,0.0027843221246519,0.0190146931719965,0.0936995153473344,0.0001561280249804,0.0009487666034155,0.0,0.0718279569892473,0.020587344838026,0.0314331379861481,0.2359550561797752,0.0416156670746633,0.0010868793862679,0.0012698536737843,0.4615384615384615,0.0380952380952381,0.0943396226415094,0.0250704225352112,0.0091210613598673
937,TBStack-LR,1,1,TreeStacking,Extract Subclass,0.0,0.0,0.0029498525073746,0.0,0.0,0.0,8.124961914241028e-05,0.0,0.0,0.0476190476190476,0.0,0.0,0.0,0.0,0.0,0.0,0.0006188118811881,0.0,0.0,0.0,0.0,0.0,0.0009363295880149,0.0,0.0,0.0,0.0,0.0,0.0008643042350907,0.0008077544426494,0.0,0.0009487666034155,0.0,0.0017204301075268,0.0,0.0002663825253063,0.8,0.0012239902080783,0.0006424166819178,9.76810518295661e-06,0.1538461538461538,0.0,0.0188679245283018,0.0056338028169014,0.0008291873963515
938,TBStack-LR,1,1,TreeStacking,Extract Subclass,0.0171821305841924,0.0,0.0294985250737463,0.0,0.0,0.0,0.0883995856269423,0.0,0.0,0.0,0.0,0.0,0.0,0.0,0.0,0.0,0.0,0.0,0.0,0.0,0.0,0.0,0.0,0.0,0.0,0.0,0.0,0.0,0.0,0.0,0.0009367681498829,0.0702087286527514,0.0,0.0959139784946236,0.0,0.0,0.0,0.0,0.0,0.0,0.0,0.0,0.0,0.0,0.0
939,TBStack-LR,1,0,TreeStacking,Extract Subclass,0.0,0.0004929751047572,0.0108161258603736,0.0,0.0,0.0,0.0015640551684913,0.0049140049140049,0.0,0.0952380952380952,0.0,0.0,0.0,0.0015137753557372,0.0,0.0,0.0030940594059405,0.0251256281407035,0.0,0.0,0.0,0.0,0.0046816479400749,0.0,0.0,0.0,0.0,0.0,0.0043215211754537,0.0032310177705977,0.0,0.0018975332068311,0.0,0.0146236559139784,0.002119285498032,0.0018646776771443,0.0,0.0,0.0,0.0,0.0,0.0,0.0,0.0,0.0
940,TBStack-LR,1,1,TreeStacking,Extract Subclass,0.0,0.0002464875523786,0.0088495575221238,0.0,0.0,1.1494957545290131e-05,0.0004874977148544,0.0,0.0,0.0,0.0,0.0,0.0,0.0003027550711474,0.0003029385034837,0.0,0.0037128712871287,0.0,0.0,0.0,0.0,0.0003027550711474,0.0009363295880149,0.0003027550711474,0.0,0.0,0.0,0.0,0.0,0.0008077544426494,0.0009367681498829,0.0018975332068311,0.0,0.013763440860215,0.0003027550711474,0.001598295151838,0.0,0.0,0.0,0.0,0.0,0.0,0.0,0.0,0.0
941,TBStack-LR,1,1,TreeStacking,Extract Subclass,0.0,0.004929751047572,0.0137659783677482,0.0068965517241379,0.0,0.0,0.0027624870508419,0.0024570024570024,0.002008032128514,0.1904761904761904,0.0,0.0,0.0,0.0027247956403269,0.0003029385034837,0.0,0.0074257425742574,0.0050251256281407,0.0,0.0777777777777777,0.0,0.0,0.0112359550561797,0.0003027550711474,0.0,0.050632911392405,8.778089887640449e-05,0.0004283572499464,0.0121002592912705,0.0218093699515347,0.0032786885245901,0.0009487666034155,0.0045662100456621,0.0301075268817204,0.0030275507114744,0.0069259456579648,0.0,0.0,0.0,0.0,0.0,0.0,0.0,0.0,0.0
942,TBStack-LR,1,1,TreeStacking,Extract Subclass,0.0,0.0041902883904362,0.0,0.0,0.0,4.521349967814119e-05,0.0012390566919217,0.0,0.0,0.0476190476190476,0.0,0.0,0.0,0.0030275507114744,0.0009088155104513,0.0,0.0092821782178217,0.050251256281407,0.0,0.0,0.0,0.0,0.0140449438202247,0.0009082652134423,0.0,0.0,0.0002633426966292,0.0,0.0060501296456352,0.0,0.0004683840749414,0.0009487666034155,0.0,0.0189247311827957,0.0030275507114744,0.003995737879595,0.0,0.0,0.0,0.0,0.0,0.0,0.0,0.0,0.0
943,TBStack-LR,1,1,TreeStacking,Extract Subclass,0.0034364261168384,0.0086270643332511,0.0206489675516224,0.0068965517241379,0.0,0.0001134169144468,0.0055452865064695,0.0073710073710073,0.003012048192771,0.1904761904761904,0.0026455026455026,0.0,0.0,0.0015137753557372,0.0009088155104513,0.005420054200542,0.0154702970297029,0.0100502512562814,0.0053191489361702,0.0222222222222222,0.023391812865497,0.0003027550711474,0.0187265917602996,0.0003027550711474,0.0045454545454545,0.0126582278481012,0.0009655898876404,0.0002141786249732,0.013828867761452,0.0306946688206785,0.0024980483996877,0.0018975332068311,0.0182648401826484,0.0589247311827956,0.0078716318498334,0.0170484816196057,0.0,0.0,0.0,0.0,0.0,0.0,0.0,0.0,0.0
944,TBStack-LR,1,1,TreeStacking,Extract Subclass,0.0,0.0007394626571358,0.0068829891838741,0.0,0.0,6.667075376268277e-05,0.0010156202392801,0.0,0.0,0.0476190476190476,0.0,0.0211267605633802,0.0,0.0006055101422948,0.0003029385034837,0.0,0.0086633663366336,0.0050251256281407,0.0,0.0111111111111111,0.0058479532163742,0.0,0.0121722846441947,0.0,0.0,0.0,0.0,0.0,0.0017286084701815,0.0016155088852988,0.0,0.0009487666034155,0.0,0.0184946236559139,0.0006055101422948,0.0037293553542887,0.0,0.0,0.0,0.0,0.0,0.0,0.0,0.0,0.0
945,TBStack-LR,1,1,TreeStacking,Extract Subclass,0.0034364261168384,0.0133103278284446,0.0442477876106194,0.0068965517241379,0.0,0.0,0.0078405882472425,0.027027027027027,0.0035140562248995,0.2857142857142857,0.0,0.0,0.0,0.0042385709960641,0.0033323235383217,0.0,0.0111386138613861,0.0150753768844221,0.0053191489361702,0.0222222222222222,0.0350877192982456,0.0027247956403269,0.0102996254681647,0.0030275507114744,0.0,0.0,0.0015800561797752,0.0,0.0319792566983578,0.0880452342487883,0.0046838407494145,0.0009487666034155,0.0,0.0679569892473118,0.0163487738419618,0.0239744272775705,0.9642857142857144,0.01468788249694,0.000466872588603,0.0007619122042706,0.0769230769230769,0.0095238095238095,0.0188679245283018,0.0157746478873239,0.005804311774461
946,TBStack-LR,1,1,TreeStacking,Extract Subclass,0.0,0.0019719004190288,0.0009832841691248,0.0,0.0,0.0,0.0005687473339968,0.0024570024570024,0.002008032128514,0.0952380952380952,0.0008818342151675,0.0,0.0,0.0012110202845897,0.0012117540139351,0.0,0.0024752475247524,0.0050251256281407,0.0053191489361702,0.0333333333333333,0.0,0.0,0.0028089887640449,0.0009082652134423,0.0009090909090909,0.0,0.0009655898876404,0.0004283572499464,0.0025929127052722,0.0048465266558966,0.0,0.0009487666034155,0.0,0.016774193548387,0.0024220405691795,0.0018646776771443,0.65,0.040391676866585,0.0287070617280261,1.953621036591322e-05,0.3846153846153846,0.0761904761904762,0.1226415094339622,0.028169014084507,0.0
947,TBStack-LR,1,1,TreeStacking,Extract Subclass,0.0,0.0103524771999014,0.0511307767944936,0.0017241379310344,0.0,0.0,0.0082671487477402,0.0073710073710073,0.0040160642570281,0.238095238095238,0.0013227513227513,0.0,0.0,0.002119285498032,0.0018176310209027,0.0,0.005569306930693,0.0351758793969849,0.0106382978723404,0.0,0.0058479532163742,0.0,0.0056179775280898,0.0006055101422948,0.0018181818181818,0.0,0.0002633426966292,0.0008567144998929,0.0077787381158167,0.0904684975767366,0.0074941451990632,0.0104364326375711,0.0228310502283105,0.1010752688172043,0.0118074477747502,0.0122535961640916,0.1304347826086956,0.0134638922888616,0.0025846066505066,0.0007912165198194,0.4615384615384615,0.1428571428571428,0.1981132075471698,0.0129577464788732,0.0008291873963515
948,TBStack-LR,1,1,TreeStacking,Extract Subclass,0.0,0.0,0.0009832841691248,0.0,0.0,4.5979830181160536e-06,0.000101562023928,0.0,0.0,0.0,0.0,0.028169014084507,0.0,0.0,0.0,0.0,0.0024752475247524,0.0,0.0,0.0,0.0,0.0,0.0037453183520599,0.0,0.0,0.0,0.0,0.0,0.0,0.0,0.0,0.0009487666034155,0.0,0.0077419354838709,0.0,0.0010655301012253,0.26,0.0195838433292533,0.0143796757289748,0.0,0.3076923076923077,0.0857142857142857,0.1226415094339622,0.0140845070422535,0.0
949,TBStack-LR,1,1,TreeStacking,Extract Subclass,0.0549828178694158,0.0,0.0776794493608653,0.0,0.0,0.0009012046715507,0.0062562206739655,0.0,0.0,0.0476190476190476,0.0022045855379188,0.0,0.0,0.0,0.0,0.0,0.0303217821782178,0.0,0.0053191489361702,0.0,0.0,0.0,0.0449438202247191,0.0,0.0436363636363636,0.0,0.0,0.0,0.041486603284356,0.0040387722132471,0.0,0.0009487666034155,0.0,0.046021505376344,0.0,0.0130527437400106,0.7021276595744681,0.0085679314565483,0.0010159147528003,0.0009475062027467,0.1538461538461538,0.0095238095238095,0.0283018867924528,0.0132394366197183,0.0066334991708126
950,TBStack-LR,1,1,TreeStacking,Extract Subclass,0.0034364261168384,0.0,0.0049164208456243,0.0,0.0,7.663305030193422e-07,0.000203124047856,0.0,0.0,0.0476190476190476,0.0004409171075837,0.0,0.0,0.0,0.0,0.0,0.0012376237623762,0.0,0.0,0.0,0.0,0.0,0.0018726591760299,0.0,0.0018181818181818,0.0,0.0,0.0,0.0017286084701815,0.0008077544426494,0.0,0.0009487666034155,0.0,0.0038709677419354,0.0,0.0005327650506126,0.72,0.0061199510403916,0.0027302708981508,2.930431554886984e-05,0.2307692307692307,0.0095238095238095,0.0377358490566037,0.0140845070422535,0.0
951,TBStack-LR,1,1,TreeStacking,Extract Subclass,0.0,0.0069016514666009,0.0029498525073746,0.0,0.0,0.0002636176930386,0.0027015498364851,0.0,0.0,0.0952380952380952,0.0022045855379188,0.0,0.0,0.0039358159249167,0.0,0.0,0.0173267326732673,0.0653266331658291,0.0,0.0,0.0,0.0,0.0262172284644194,0.0,0.0009090909090909,0.0,0.0012289325842696,0.0,0.0121002592912705,0.0048465266558966,0.0009367681498829,0.0009487666034155,0.0,0.0266666666666666,0.004844081138359,0.0085242408098028,0.5625,0.0012239902080783,0.0009748299650032,0.0001758258932932,0.3076923076923077,0.0,0.0377358490566037,0.0045070422535211,0.0033167495854063
952,TBStack-LR,1,1,TreeStacking,Extract Subclass,0.0,0.0904609317229479,0.0275319567354965,0.0284482758620689,0.0,0.0017411029028599,0.0337592167536714,0.0589680589680589,0.0115461847389558,0.5238095238095237,0.0044091710758377,0.0,0.0,0.0066606115652437,0.0015146925174189,0.0,0.0445544554455445,0.100502512562814,0.0957446808510638,0.0222222222222222,0.0994152046783625,0.0,0.0327715355805243,0.0015137753557372,0.0009090909090909,0.0379746835443038,0.0164150280898876,0.0089955022488755,0.031114952463267,0.1752827140549273,0.009055425448868,0.0028462998102466,0.1187214611872146,0.1535483870967741,0.0560096881622767,0.094832179009057,1.0,0.0024479804161566,0.0007731410067267,1.953621036591322e-05,0.0769230769230769,0.0,0.0094339622641509,0.0019718309859154,0.0049751243781094
953,TBStack-LR,1,1,TreeStacking,Extract Subclass,0.0,0.0027113630761646,0.0226155358898721,0.0,0.0,1.3027618551328815e-05,0.0020515528833458,0.0,0.0,0.0952380952380952,0.0004409171075837,0.0,0.0,0.0012110202845897,0.0,0.0,0.0043316831683168,0.0201005025125628,0.0,0.0,0.0,0.0,0.0065543071161048,0.0,0.0,0.0,0.0006144662921348,0.0002141786249732,0.0086430423509075,0.0323101777059773,0.0006245120999219,0.0018975332068311,0.0136986301369863,0.043010752688172,0.0042385709960641,0.003196590303676,0.2045454545454545,0.025703794369645,0.0009524200807502,0.0014066071463457,0.3846153846153846,0.1523809523809524,0.1981132075471698,0.0247887323943662,0.0049751243781094
954,TBStack-LR,1,1,TreeStacking,Extract Subclass,0.0137457044673539,0.0175006162188809,0.0580137659783677,0.0137931034482758,0.0,0.000160929405634,0.0134874367776401,0.0196560196560196,0.0070281124497991,0.3809523809523809,0.0004409171075837,0.0,0.0,0.0051468362095065,0.0003029385034837,0.0,0.0228960396039603,0.0854271356783919,0.1170212765957446,0.0,0.0,0.0,0.0121722846441947,0.0003027550711474,0.0,0.0,0.000438904494382,0.0002141786249732,0.0337078651685393,0.1195476575121163,0.0081186572989851,0.0028462998102466,0.0273972602739726,0.0963440860215053,0.0169542839842567,0.0388918486947256,0.0,0.0,0.0,0.0,0.0,0.0,0.0,0.0,0.0
955,TBStack-LR,1,1,TreeStacking,Extract Subclass,0.0,0.0014789253142716,0.0088495575221238,0.0,0.0,0.0,0.0013203063110641,0.0,0.0,0.0476190476190476,0.0,0.0,0.0,0.0015137753557372,0.0006058770069675,0.0,0.0012376237623762,0.0150753768844221,0.0,0.0,0.0,0.0,0.0018726591760299,0.0006055101422948,0.0,0.0,0.0,0.0,0.0,0.0024232633279483,0.0006245120999219,0.0018975332068311,0.0,0.0249462365591397,0.0018165304268846,0.0005327650506126,0.0,0.0,0.0,0.0,0.0,0.0,0.0,0.0,0.0
956,TBStack-LR,1,1,TreeStacking,Extract Subclass,0.0,0.0362336701996549,0.0324483775811209,0.0232758620689655,0.0,0.0051236857431873,0.0172858564725477,0.0442260442260442,0.0067771084337349,0.2857142857142857,0.0070546737213403,0.0,0.0,0.010293672419013,0.0048470160557406,0.010840108401084,0.0742574257425742,0.1105527638190954,0.0319148936170212,0.0,0.0584795321637426,0.0036330608537693,0.097378277153558,0.004844081138359,0.0045454545454545,0.0379746835443038,0.0007900280898876,0.0032126793745984,0.0458081244598098,0.1405492730210016,0.0109289617486338,0.0018975332068311,0.045662100456621,0.1277419354838709,0.0366333636088404,0.0591369206180074,0.1721311475409836,0.0305997552019583,0.0027862956087831,0.0040830679664758,0.5384615384615385,0.0571428571428571,0.1226415094339622,0.0343661971830985,0.0265339966832504
957,TBStack-LR,1,1,TreeStacking,Extract Subclass,0.0,0.0,0.0029498525073746,0.0,0.0,0.0,0.0008531210009953,0.0,0.0022590361445783,0.0476190476190476,0.0,0.0,0.0,0.004844081138359,0.0,0.0,0.0006188118811881,0.0,0.0,0.0,0.0,0.004844081138359,0.0009363295880149,0.0,0.0,0.0,0.0,0.0,0.0008643042350907,0.0145395799676898,0.0113973458235753,0.0009487666034155,0.0,0.0692473118279569,0.004844081138359,0.0002663825253063,0.0,0.0,0.0,0.0,0.0,0.0,0.0,0.0,0.0
958,TBStack-LR,1,1,TreeStacking,Extract Subclass,0.0,0.0157752033522307,0.0452310717797443,0.0017241379310344,0.0,0.0001310425160163,0.0137921228494241,0.0073710073710073,0.0070281124497991,0.1904761904761904,0.0013227513227513,0.0,0.0,0.0027247956403269,0.0024235080278703,0.0,0.0117574257425742,0.0452261306532663,0.0425531914893617,0.0,0.0292397660818713,0.0,0.0056179775280898,0.0024220405691795,0.0009090909090909,0.0,0.0002633426966292,0.0012850717498393,0.0181503889369057,0.0525040387722132,0.0110850897736143,0.0037950664136622,0.0273972602739726,0.1032258064516129,0.0187708144111413,0.0119872136387852,0.3636363636363636,0.011015911872705,0.0019085751422093,0.000224666419208,0.2307692307692307,0.0095238095238095,0.0377358490566037,0.0061971830985915,0.0049751243781094
959,TBStack-LR,1,1,TreeStacking,Extract Subclass,0.0,0.0,0.0039331366764995,0.0,0.0,5.977377923550869e-05,0.0003656232861408,0.0,0.0,0.0,0.0,0.0,0.0,0.0,0.0,0.0,0.0080445544554455,0.0,0.0,0.0,0.0,0.0,0.0,0.0,0.0,0.0,0.0,0.0,0.0,0.0,0.0009367681498829,0.0009487666034155,0.0,0.0146236559139784,0.0,0.0034629728289824,0.0,0.0,0.0,0.0,0.0,0.0,0.0,0.0,0.0
960,TBStack-LR,1,1,TreeStacking,Extract Subclass,0.0,0.0004929751047572,0.0934119960668633,0.0,0.0,7.663305030193422e-07,0.0001828116430704,0.0,0.0,0.0476190476190476,0.0,0.0,0.0,0.0006055101422948,0.0006058770069675,0.0,0.0012376237623762,0.0,0.0053191489361702,0.0,0.0,0.0006055101422948,0.0009363295880149,0.0006055101422948,0.0009090909090909,0.0,0.0,0.0,0.0008643042350907,0.0008077544426494,0.0003122560499609,0.0009487666034155,0.0,0.0086021505376344,0.0006055101422948,0.0005327650506126,1.0,0.0048959608323133,0.0005191623185266,4.884052591478305e-05,0.0769230769230769,0.0,0.0094339622641509,0.028169014084507,0.0
961,TBStack-LR,1,1,TreeStacking,Extract Subclass,0.0,0.0061621888094651,0.0275319567354965,0.0051724137931034,0.0,0.0001494344480887,0.0056874733399687,0.0049140049140049,0.0,0.238095238095238,0.0013227513227513,0.0,0.0,0.0015137753557372,0.0006058770069675,0.0,0.0136138613861386,0.0251256281407035,0.0212765957446808,0.0,0.0292397660818713,0.0,0.0121722846441947,0.0006055101422948,0.0,0.0,0.0001755617977528,0.0002141786249732,0.0146931719965427,0.0549273021001615,0.0007806401249024,0.0028462998102466,0.0045662100456621,0.0640860215053763,0.0051468362095065,0.0159829515183803,0.9615384615384616,0.0305997552019583,0.0015462820134534,0.0006153906265262,0.0769230769230769,0.0095238095238095,0.0188679245283018,0.0073239436619718,0.0074626865671641
962,TBStack-LR,1,1,TreeStacking,Extract Subclass,0.0103092783505154,0.0017254128666502,0.0098328416912487,0.0,0.0,0.0,0.0012187442871361,0.0,0.0,0.0476190476190476,0.0,0.0,0.0,0.002119285498032,0.0018176310209027,0.0,0.0024752475247524,0.0351758793969849,0.0,0.0,0.0,0.0,0.0028089887640449,0.0,0.0,0.0,0.0,0.0,0.0008643042350907,0.0088852988691437,0.0,0.0018975332068311,0.0,0.010752688172043,0.002119285498032,0.0010655301012253,0.0,0.0,0.0,0.0,0.0,0.0,0.0,0.0,0.0
963,TBStack-LR,1,1,TreeStacking,Extract Subclass,0.0103092783505154,0.003697313285679,0.0147492625368731,0.0,0.0,6.1306440241547375e-06,0.0021734273120594,0.0,0.0,0.1428571428571428,0.0,0.0,0.0,0.0027247956403269,0.0,0.0,0.0049504950495049,0.0452261306532663,0.0,0.0,0.0116959064327485,0.0,0.0056179775280898,0.0,0.0,0.0,0.0001755617977528,0.0,0.0043215211754537,0.0129240710823909,0.0,0.0009487666034155,0.0,0.0253763440860215,0.0045413260672116,0.0029302077783697,0.6666666666666666,0.0012239902080783,0.0027713556859478,3.907242073182644e-05,0.1538461538461538,0.0,0.0188679245283018,0.0016901408450704,0.0016583747927031
964,TBStack-LR,1,1,TreeStacking,Extract Subclass,0.0,0.0004929751047572,0.0088495575221238,0.0,0.0,0.0,0.0004874977148544,0.0,0.0,0.0476190476190476,0.0,0.0,0.0,0.0006055101422948,0.0,0.0,0.0018564356435643,0.0100502512562814,0.0,0.0,0.0058479532163742,0.0,0.0018726591760299,0.0,0.0,0.0,0.0,0.0,0.0,0.005654281098546,0.0,0.0009487666034155,0.0,0.0068817204301075,0.0006055101422948,0.000799147575919,1.0,0.0,3.734980708824639e-06,9.76810518295661e-06,0.0769230769230769,0.0,0.0094339622641509,0.000281690140845,0.0008291873963515
965,TBStack-LR,1,1,TreeStacking,Extract Subclass,0.0068728522336769,0.0051762385999507,0.0373647984267453,0.0060344827586206,0.0,0.0002222358458756,0.0055249741016838,0.0024570024570024,0.0005020080321285,0.1428571428571428,0.0048500881834215,0.0,0.0,0.0042385709960641,0.0033323235383217,0.0,0.0179455445544554,0.0251256281407035,0.0159574468085106,0.0,0.0,0.0027247956403269,0.0224719101123595,0.0030275507114744,0.0145454545454545,0.0,8.778089887640449e-05,0.0,0.0397579948141745,0.0210016155088853,0.0034348165495706,0.0009487666034155,0.0136986301369863,0.0391397849462365,0.0054495912806539,0.0181140117208311,1.0,0.0,0.0014118227079357,1.953621036591322e-05,0.0769230769230769,0.0,0.0094339622641509,0.0008450704225352,0.0008291873963515
966,TBStack-LR,1,1,TreeStacking,Extract Subclass,0.0171821305841924,0.004929751047572,0.0206489675516224,0.0,0.0,0.0001172485669619,0.0082062115333834,0.0,0.0005020080321285,0.0952380952380952,0.0013227513227513,0.0,0.0,0.0018165304268846,0.0009088155104513,0.0,0.0111386138613861,0.0301507537688442,0.0425531914893617,0.0,0.0292397660818713,0.0,0.0046816479400749,0.0009082652134423,0.0027272727272727,0.0,8.778089887640449e-05,0.0,0.013828867761452,0.0282714054927302,0.0117096018735362,0.0028462998102466,0.0045662100456621,0.0666666666666666,0.0063578564940962,0.0053276505061267,0.0,0.0,0.0,0.0,0.0,0.0,0.0,0.0,0.0
967,TBStack-LR,1,1,TreeStacking,Extract Subclass,0.0,0.0088735518856297,0.0058997050147492,0.018103448275862,0.0,6.89697452717408e-06,0.0067640307936056,0.0024570024570024,0.0070281124497991,0.1904761904761904,0.0061728395061728,0.0,0.0,0.0054495912806539,0.0054528930627082,0.0,0.0266089108910891,0.0653266331658291,0.0212765957446808,0.0,0.0,0.0015137753557372,0.0365168539325842,0.0018165304268846,0.0027272727272727,0.0,0.001316713483146,0.0032126793745984,0.0518582541054451,0.0339256865912762,0.0043715846994535,0.0009487666034155,0.0045662100456621,0.0516129032258064,0.0072661217075386,0.028236547682472,0.51010101010101,0.04406364749082,0.0042317331430983,0.0049035888018442,0.3076923076923077,0.0,0.0377358490566037,0.0557746478873239,0.0456053067993366
968,TBStack-LR,1,1,TreeStacking,Extract Subclass,0.0687285223367697,0.1387724919891545,0.0403146509341199,0.0577586206896551,0.0,0.0012498850504245,0.0513700717027888,0.2063882063882063,0.0517068273092369,0.5714285714285714,0.019400352733686,0.0422535211267605,0.0,0.0115046927036027,0.004241139048773,0.0,0.0433168316831683,0.1407035175879397,0.1436170212765957,0.0,0.0409356725146198,0.0015137753557372,0.0308988764044943,0.0024220405691795,0.0009090909090909,0.0759493670886076,0.0287043539325842,0.0184193617476975,0.0181503889369057,0.2730210016155089,0.00967993754879,0.0047438330170777,0.0958904109589041,0.2210752688172043,0.0983953981229185,0.1270644645711241,0.6290322580645161,0.003671970624235,0.0112497618949798,0.0009084337820149,0.1538461538461538,0.0,0.0188679245283018,0.0174647887323943,0.0049751243781094
969,TBStack-LR,1,1,TreeStacking,Extract Subclass,0.0034364261168384,0.0189795415331525,0.0137659783677482,0.0051724137931034,0.0,7.663305030193421e-06,0.0079015254615993,0.0368550368550368,0.0130522088353413,0.2857142857142857,0.005731922398589,0.0,0.0,0.0027247956403269,0.0021205695243865,0.0,0.0080445544554455,0.0402010050251256,0.0,0.0,0.0,0.0003027550711474,0.0112359550561797,0.0015137753557372,0.0,0.0,0.0025456460674157,0.0055686442493039,0.0051858254105445,0.0436187399030694,0.0121779859484777,0.0009487666034155,0.0136986301369863,0.0584946236559139,0.0190735694822888,0.02983484283431,0.0,0.0,0.0,0.0,0.0,0.0,0.0,0.0,0.0
970,TBStack-LR,1,1,TreeStacking,Extract Subclass,0.0,0.0145427655903376,0.0422812192723697,0.0017241379310344,0.0,4.751249118719921e-05,0.005362474863399,0.0171990171990172,0.0017570281124497,0.1904761904761904,0.0008818342151675,0.0,0.0,0.0015137753557372,0.0003029385034837,0.0,0.0080445544554455,0.0251256281407035,0.0372340425531914,0.0,0.0058479532163742,0.0,0.0046816479400749,0.0,0.0,0.0,0.0011411516853932,0.0006425358749196,0.006914433880726,0.0549273021001615,0.0024980483996877,0.0018975332068311,0.0,0.0610752688172043,0.0175597941265516,0.0111880660628662,0.0,0.0,0.0,0.0,0.0,0.0,0.0,0.0,0.0
971,TBStack-LR,1,1,TreeStacking,Extract Subclass,0.0,0.0,0.0009832841691248,0.0,0.0,0.0,0.000101562023928,0.0,0.0,0.0476190476190476,0.0,0.0,0.0,0.0,0.0,0.0,0.0006188118811881,0.0,0.0,0.0,0.0058479532163742,0.0,0.0,0.0,0.0,0.0,0.0,0.0,0.0,0.0,0.0,0.0009487666034155,0.0,0.003010752688172,0.0,0.0002663825253063,0.0,0.0,0.0,0.0,0.0,0.0,0.0,0.0,0.0
972,TBStack-LR,1,1,TreeStacking,Extract Subclass,0.0,0.0002464875523786,0.1071779744346116,0.0,0.0,0.0,0.0022343645264162,0.0,0.0,0.0,0.0,0.0,0.0,0.0003027550711474,0.0003029385034837,0.0,0.0,0.0,0.0,0.0,0.0,0.0003027550711474,0.0,0.0003027550711474,0.0,0.0,0.0,0.0,0.0,0.0880452342487883,0.0,0.0009487666034155,0.0,0.0055913978494623,0.0003027550711474,0.0,0.0,0.0,0.0,0.0,0.0,0.0,0.0,0.0,0.0
973,TBStack-LR,1,1,TreeStacking,Extract Subclass,0.0,0.0,0.0019665683382497,0.0,0.0,0.0,4.062480957120514e-05,0.0,0.0,0.0,0.0,0.0070422535211267,0.0,0.0,0.0,0.0,0.0006188118811881,0.0,0.0,0.0,0.0,0.0,0.0,0.0,0.0,0.0,0.0,0.0,0.0,0.0,0.0,0.0009487666034155,0.0,0.0025806451612903,0.0,0.0002663825253063,0.0,0.0,0.0,0.0,0.0,0.0,0.0,0.0,0.0
974,TBStack-LR,1,1,TreeStacking,Extract Subclass,0.0,0.0101059896475228,0.023598820058997,0.0034482758620689,0.0,5.211047420531527e-05,0.0045906034815461,0.0,0.0040160642570281,0.1904761904761904,0.0004409171075837,0.0,0.0,0.0051468362095065,0.0009088155104513,0.0,0.0099009900990099,0.0804020100502512,0.0159574468085106,0.0,0.0116959064327485,0.0,0.0102996254681647,0.0006055101422948,0.0,0.0,0.0009655898876404,0.0008567144998929,0.0077787381158167,0.0290791599353796,0.0031225604996096,0.0018975332068311,0.0182648401826484,0.0468817204301075,0.0093854072055706,0.0085242408098028,0.0,0.0,0.0,0.0,0.0,0.0,0.0,0.0,0.0
975,TBStack-LR,1,1,TreeStacking,Extract Subclass,0.0,0.0332758195711116,0.0255653883972468,0.0310344827586206,0.0,0.0020399717990374,0.0176717921634742,0.0466830466830466,0.0055220883534136,0.238095238095238,0.0,0.0,0.0,0.004844081138359,0.0021205695243865,0.0,0.0625,0.0552763819095477,0.0319148936170212,0.0,0.0,0.0015137753557372,0.0777153558052434,0.002119285498032,0.0,0.0,0.005442415730337,0.0036410366245448,0.0812445980985306,0.0831987075928917,0.0040593286494925,0.0056925996204933,0.0,0.093763440860215,0.020587344838026,0.0599360681939264,0.0,0.0,0.0,0.0,0.0,0.0,0.0,0.0,0.0
976,TBStack-LR,1,1,TreeStacking,Extract Subclass,0.0,0.0004929751047572,0.0068829891838741,0.0,0.0,0.0,0.0006499969531392,0.0,0.001004016064257,0.1904761904761904,0.0,0.0,0.0,0.0003027550711474,0.0,0.0,0.0006188118811881,0.0050251256281407,0.0,0.0,0.0,0.0,0.0009363295880149,0.0,0.0,0.0,0.0007022471910112,0.0,0.0,0.005654281098546,0.0031225604996096,0.0009487666034155,0.0,0.0090322580645161,0.0009082652134423,0.0026638252530633,0.0,0.0,0.0,0.0,0.0,0.0,0.0,0.0,0.0
977,TBStack-LR,1,0,TreeStacking,Extract Subclass,0.0,0.0022183879714074,0.0137659783677482,0.0008620689655172,0.0,6.89697452717408e-06,0.0058905973878247,0.0049140049140049,0.0,0.1428571428571428,0.0,0.0,0.0,0.0006055101422948,0.0006058770069675,0.0,0.0043316831683168,0.0100502512562814,0.0,0.0,0.0,0.0,0.0065543071161048,0.0003027550711474,0.0,0.0,8.778089887640449e-05,0.0,0.0051858254105445,0.0161550888529886,0.0006245120999219,0.0066413662239089,0.0091324200913242,0.0494623655913978,0.002119285498032,0.0047948854555141,0.0,0.0,0.0,0.0,0.0,0.0,0.0,0.0,0.0
978,TBStack-LR,1,0,TreeStacking,Extract Subclass,0.0,0.0221838797140744,0.0137659783677482,0.0112068965517241,0.0,1.6859271066425527e-05,0.005260912839471,0.0294840294840294,0.002008032128514,0.2857142857142857,0.0,0.0,0.0,0.0018165304268846,0.0,0.0,0.0049504950495049,0.0301507537688442,0.0159574468085106,0.0,0.0,0.0,0.0046816479400749,0.0018165304268846,0.0,0.0,0.0018433988764044,0.0055686442493039,0.0077787381158167,0.0436187399030694,0.0060889929742388,0.0009487666034155,0.0091324200913242,0.0516129032258064,0.017862549197699,0.0197123068726691,0.4615384615384615,0.0048959608323133,0.0011839888846974,0.000214898314025,0.2307692307692307,0.0095238095238095,0.0377358490566037,0.0073239436619718,0.005804311774461
979,TBStack-LR,1,1,TreeStacking,Extract Subclass,0.0,0.064826226275573,0.0245821042281219,0.0025862068965517,0.0,0.0024829108297826,0.0167374215433365,0.0565110565110565,0.0050200803212851,0.1904761904761904,0.0608465608465608,0.0,0.0,0.0,0.0,0.0,0.0501237623762376,0.0,0.0319148936170212,0.0,0.0,0.0,0.0702247191011236,0.0,0.0054545454545454,0.0,0.0302844101123595,0.0006425358749196,0.003457216940363,0.0936995153473344,0.0263856362217017,0.0009487666034155,0.0365296803652968,0.1139784946236559,0.0711474417196488,0.0332978156632924,0.4946236559139785,0.0905752753977968,0.0086539503023466,0.0012503174634184,0.3076923076923077,0.0476190476190476,0.0849056603773584,0.0261971830985915,0.0182421227197346
980,TBStack-LR,1,1,TreeStacking,Extract Subclass,0.0309278350515463,0.0064086763618437,0.0147492625368731,0.0,0.0,2.9886889617754346e-05,0.0086937092482379,0.0024570024570024,0.0007530120481927,0.0952380952380952,0.0026455026455026,0.0,0.0,0.0006055101422948,0.0006058770069675,0.0,0.0061881188118811,0.0050251256281407,0.0053191489361702,0.0111111111111111,0.0,0.0,0.0084269662921348,0.0003027550711474,0.0072727272727272,0.0,0.0009655898876404,0.0004283572499464,0.0043215211754537,0.024232633279483,0.0031225604996096,0.0066413662239089,0.0091324200913242,0.072258064516129,0.0072661217075386,0.0037293553542887,0.0,0.0,0.0,0.0,0.0,0.0,0.0,0.0,0.0
981,TBStack-LR,1,0,TreeStacking,Extract Subclass,0.0068728522336769,0.0054227261523293,0.0167158308751229,0.0051724137931034,0.0,0.0,0.0025796754077715,0.0,0.0,0.1428571428571428,0.0,0.0,0.0,0.0042385709960641,0.0009088155104513,0.0,0.0043316831683168,0.0603015075376884,0.0159574468085106,0.0,0.023391812865497,0.0006055101422948,0.0,0.0009082652134423,0.0,0.0,0.0006144662921348,0.0,0.0017286084701815,0.0274636510500807,0.0007806401249024,0.0009487666034155,0.0,0.0313978494623655,0.0063578564940962,0.0045285029302077,0.6133333333333333,0.0159118727050183,0.042638539771942,0.0004004923125012,0.1538461538461538,0.0,0.0188679245283018,0.0211267605633802,0.0066334991708126
982,TBStack-LR,1,1,TreeStacking,Extract Subclass,0.0,0.0184865664283953,0.0383480825958702,0.0051724137931034,0.0,4.0615516660025137e-05,0.017428043306047,0.0417690417690417,0.0040160642570281,0.2857142857142857,0.0105820105820105,0.0,0.0,0.0003027550711474,0.0,0.0,0.0068069306930693,0.0050251256281407,0.0212765957446808,0.0,0.0,0.0,0.0046816479400749,0.0,0.009090909090909,0.0,0.0026334269662921,0.001927607624759,0.0077787381158167,0.0541195476575121,0.0070257611241217,0.0113851992409867,0.0091324200913242,0.1367741935483871,0.017862549197699,0.0170484816196057,0.0,0.0,0.0,0.0,0.0,0.0,0.0,0.0,0.0
983,TBStack-LR,1,1,TreeStacking,Extract Subclass,0.0,0.0009859502095144,0.0147492625368731,0.0,0.0,1.1494957545290131e-05,0.0009546830249233,0.0024570024570024,0.0,0.1904761904761904,0.0,0.0,0.0,0.0,0.0,0.0,0.0037128712871287,0.0,0.0,0.0,0.0175438596491228,0.0,0.0028089887640449,0.0,0.0,0.0,0.0,0.0002141786249732,0.0025929127052722,0.0064620355411954,0.0,0.0009487666034155,0.0,0.0116129032258064,0.0006055101422948,0.0037293553542887,0.0,0.0,0.0,0.0,0.0,0.0,0.0,0.0,0.0
984,TBStack-LR,1,1,TreeStacking,Extract Subclass,0.0,0.0007394626571358,0.0029498525073746,0.0,0.0,2.2989915090580268e-06,0.0003249984765696,0.0,0.0,0.0476190476190476,0.0,0.0,0.0,0.0006055101422948,0.0006058770069675,0.005420054200542,0.0018564356435643,0.0050251256281407,0.0106382978723404,0.0,0.0,0.0003027550711474,0.0009363295880149,0.0006055101422948,0.0,0.0,8.778089887640449e-05,0.0,0.0017286084701815,0.0024232633279483,0.0010928961748633,0.0009487666034155,0.0,0.0094623655913978,0.0009082652134423,0.000799147575919,0.0,0.0,0.0,0.0,0.0,0.0,0.0,0.0,0.0
985,TBStack-LR,1,1,TreeStacking,Extract Subclass,0.0137457044673539,0.0,0.0019665683382497,0.0,0.0,0.0,0.0017671792163474,0.0,0.0,0.0476190476190476,0.0,0.0,0.0,0.0,0.0,0.0,0.0006188118811881,0.0,0.0,0.0,0.0,0.0,0.0009363295880149,0.0,0.0,0.0,0.0,0.0,0.0,0.0040387722132471,0.0,0.0009487666034155,0.0,0.0163440860215053,0.0,0.0002663825253063,0.75,0.0012239902080783,0.000552777144906,0.000205130208842,0.1538461538461538,0.0,0.0188679245283018,0.0033802816901408,0.0008291873963515
986,TBStack-LR,1,1,TreeStacking,Extract Subclass,0.0481099656357388,0.0064086763618437,0.0501474926253687,0.0034482758620689,0.0,0.0005387303436225,0.0068046556031768,0.0024570024570024,0.0002510040160642,0.1428571428571428,0.0163139329805996,0.0,0.0,0.0006055101422948,0.0006058770069675,0.0,0.0235148514851485,0.0,0.0106382978723404,0.0,0.0,0.0006055101422948,0.0337078651685393,0.0006055101422948,0.0345454545454545,0.0,0.0,0.0004283572499464,0.0328435609334485,0.0387722132471728,0.0026541764246682,0.0028462998102466,0.0091324200913242,0.0425806451612903,0.0069633666363911,0.0130527437400106,0.0,0.0,0.0,0.0,0.0,0.0,0.0,0.0,0.0
987,TBStack-LR,1,1,TreeStacking,Extract Subclass,0.0034364261168384,0.0039438008380576,0.0127826941986234,0.0,0.0,2.222358458756092e-05,0.0088562084865227,0.0024570024570024,0.0,0.0952380952380952,0.0,0.0,0.0,0.0024220405691795,0.0009088155104513,0.0,0.0068069306930693,0.0402010050251256,0.0,0.0,0.0,0.0,0.0102996254681647,0.0,0.0,0.0,0.0,0.0002141786249732,0.003457216940363,0.0032310177705977,0.0,0.0047438330170777,0.0,0.0580645161290322,0.0030275507114744,0.003196590303676,0.0,0.0,0.0,0.0,0.0,0.0,0.0,0.0,0.0
988,TBStack-LR,1,1,TreeStacking,Extract Subclass,0.0,0.0039438008380576,0.0147492625368731,0.0034482758620689,0.0,7.663305030193422e-07,0.0037577948853364,0.0024570024570024,0.0002510040160642,0.2857142857142857,0.0004409171075837,0.0,0.0,0.0,0.0,0.0,0.0012376237623762,0.0,0.0,0.0,0.0,0.0,0.0018726591760299,0.0,0.0009090909090909,0.0,8.778089887640449e-05,0.0002141786249732,0.0025929127052722,0.0161550888529886,0.0,0.0028462998102466,0.0045662100456621,0.0258064516129032,0.0039358159249167,0.0042621204049014,1.0,0.0024479804161566,0.0009412151386238,0.000224666419208,0.0769230769230769,0.0,0.0094339622641509,0.0078873239436619,0.0041459369817578
989,TBStack-LR,1,1,TreeStacking,Extract Subclass,0.0,0.0,0.0019665683382497,0.0,0.0,0.1446870306225669,0.0248826958623631,0.0,0.0,0.0,0.0,0.0,0.0,0.0,0.0,0.0,0.3805693069306931,0.0,0.0,0.0,0.0,0.0,0.0,0.0,0.0,0.0,0.0,0.0,0.0,0.0,0.0950819672131147,0.0009487666034155,0.0,0.3221505376344086,0.0,0.163825253063399,0.2,0.0318237454100367,0.0025808716697978,0.0001953621036591,0.5384615384615385,0.1333333333333333,0.1981132075471698,0.0140845070422535,0.0
990,TBStack-LR,1,1,TreeStacking,Extract Subclass,0.0,0.0032043381809218,0.1081612586037364,0.0,0.0,5.364313521135396e-06,0.0035343584326948,0.0024570024570024,0.0,0.0952380952380952,0.0026455026455026,0.0,0.0,0.002119285498032,0.0015146925174189,0.0,0.0037128712871287,0.0351758793969849,0.0159574468085106,0.0,0.0058479532163742,0.0,0.0018726591760299,0.0015137753557372,0.0018181818181818,0.0,0.0,0.0,0.003457216940363,0.0153473344103392,0.0,0.0009487666034155,0.0,0.0240860215053763,0.0039358159249167,0.0021310602024507,0.6333333333333333,0.0048959608323133,0.0003959079551354,0.0004688690487819,0.2307692307692307,0.019047619047619,0.0471698113207547,0.0084507042253521,0.0016583747927031
991,TBStack-LR,1,1,TreeStacking,Extract Subclass,0.0,0.0,0.0009832841691248,0.0,0.0,0.0,2.031240478560257e-05,0.0,0.0,0.0,0.0,0.0,0.0,0.0,0.0,0.0,0.0006188118811881,0.0,0.0,0.0,0.0,0.0,0.0009363295880149,0.0,0.0,0.0,0.0,0.0,0.0,0.0,0.0,0.0009487666034155,0.0,0.0017204301075268,0.0,0.0002663825253063,0.0,0.0,0.0,0.0,0.0,0.0,0.0,0.0,0.0
992,TBStack-LR,1,1,TreeStacking,Extract Subclass,0.0,0.0009859502095144,0.0049164208456243,0.0,0.0,0.0,0.000304686071784,0.0,0.0,0.0476190476190476,0.0,0.0,0.0,0.0009082652134423,0.0,0.0,0.0006188118811881,0.0,0.0,0.0,0.0,0.0009082652134423,0.0009363295880149,0.0009082652134423,0.0,0.0,8.778089887640449e-05,0.0,0.0,0.0016155088852988,0.0001561280249804,0.0009487666034155,0.0,0.0064516129032258,0.0009082652134423,0.0002663825253063,0.0,0.0,0.0,0.0,0.0,0.0,0.0,0.0,0.0
993,TBStack-LR,1,1,TreeStacking,Extract Subclass,0.0,0.0295785062854325,0.0147492625368731,0.0,0.0,1.5326610060386844e-06,0.0041234181714773,0.0,0.0002510040160642,0.0476190476190476,0.0,0.0,0.0,0.046624280956706,0.0006058770069675,0.0,0.0024752475247524,0.0100502512562814,0.0,0.0,0.0,0.0460187708144111,0.0037453183520599,0.0012110202845897,0.0036363636363636,0.0,0.0064080056179775,0.0,0.0017286084701815,0.0016155088852988,0.0007806401249024,0.0009487666034155,0.0,0.1169892473118279,0.046624280956706,0.0010655301012253,0.3688888888888889,0.0526315789473684,0.00206544433198,0.0024127219801902,0.2307692307692307,0.2761904761904762,0.3018867924528302,0.0633802816901408,0.0024875621890547
994,TBStack-LR,1,1,TreeStacking,Extract Subclass,0.0,0.001232437761893,0.0068829891838741,0.0008620689655172,0.0,3.0653220120773688e-06,0.0005890597387824,0.0,0.0,0.0952380952380952,0.0,0.0070422535211267,0.0,0.0003027550711474,0.0003029385034837,0.0,0.0030940594059405,0.0050251256281407,0.0,0.0,0.0175438596491228,0.0,0.0018726591760299,0.0,0.0,0.0,0.0,0.0002141786249732,0.0017286084701815,0.0064620355411954,0.0,0.0009487666034155,0.0,0.0116129032258064,0.0009082652134423,0.001598295151838,0.0,0.0,0.0,0.0,0.0,0.0,0.0,0.0,0.0
995,TBStack-LR,1,1,TreeStacking,Extract Subclass,0.0,0.0039438008380576,0.0206489675516224,0.0025862068965517,0.0,7.126873678079883e-05,0.0023156141455586,0.0,0.0,0.0952380952380952,0.0,0.0,0.0,0.0006055101422948,0.0,0.0,0.0092821782178217,0.0,0.0,0.0222222222222222,0.0,0.0,0.0140449438202247,0.0,0.0,0.0,0.0,0.001927607624759,0.010371650821089,0.0129240710823909,0.0010928961748633,0.0009487666034155,0.0,0.0159139784946236,0.0042385709960641,0.0053276505061267,0.0,0.0,0.0,0.0,0.0,0.0,0.0,0.0,0.0
996,TBStack-LR,1,1,TreeStacking,Extract Subclass,0.0,0.0138033029332018,0.0167158308751229,0.0068965517241379,0.0,0.0003678386414492,0.0098312039162316,0.0024570024570024,0.0002510040160642,0.1428571428571428,0.0039682539682539,0.0,0.0,0.0045413260672116,0.0033323235383217,0.0,0.0247524752475247,0.0552763819095477,0.0106382978723404,0.0,0.0,0.0012110202845897,0.0346441947565543,0.0027247956403269,0.0027272727272727,0.0,0.0020189606741573,0.0008567144998929,0.0397579948141745,0.0403877221324717,0.0040593286494925,0.0047438330170777,0.0091324200913242,0.0477419354838709,0.0090826521344232,0.0266382525306339,0.0,0.0,0.0,0.0,0.0,0.0,0.0,0.0,0.0
997,TBStack-LR,1,1,TreeStacking,Extract Subclass,0.0343642611683848,0.0155287157998521,0.0432645034414945,0.0051724137931034,0.0,2.222358458756092e-05,0.0095874550588044,0.0,0.0015060240963855,0.1904761904761904,0.0004409171075837,0.0,0.0,0.0051468362095065,0.0003029385034837,0.0,0.0068069306930693,0.0,0.0053191489361702,0.0,0.0116959064327485,0.0051468362095065,0.0074906367041198,0.002119285498032,0.0,0.0,0.001316713483146,0.0002141786249732,0.0060501296456352,0.0541195476575121,0.0049960967993754,0.0009487666034155,0.0410958904109589,0.0735483870967741,0.0187708144111413,0.0125199786893979,0.0,0.0,0.0,0.0,0.0,0.0,0.0,0.0,0.0
998,TBStack-LR,1,1,TreeStacking,Extract Subclass,0.0,0.0108454523046586,0.0265486725663716,0.0051724137931034,0.0,3.601753364190908e-05,0.0048749771485446,0.0,0.0005020080321285,0.0952380952380952,0.0048500881834215,0.0,0.0,0.0045413260672116,0.0045440775522568,0.0,0.0068069306930693,0.0,0.0,0.0555555555555555,0.0,0.0030275507114744,0.0102996254681647,0.0045413260672116,0.01,0.0,0.001316713483146,0.0010708931248661,0.0095073465859982,0.011308562197092,0.0104605776736924,0.0009487666034155,0.0,0.0365591397849462,0.0063578564940962,0.0125199786893979,0.0,0.0,0.0,0.0,0.0,0.0,0.0,0.0,0.0
999,TBStack-LR,1,1,TreeStacking,Extract Subclass,0.0,0.0004929751047572,0.0039331366764995,0.0043103448275862,0.0,0.0,0.0005281225244256,0.0,0.0,0.0476190476190476,0.0,0.0,0.0,0.0006055101422948,0.0,0.0,0.0012376237623762,0.0100502512562814,0.0,0.0,0.0,0.0,0.0018726591760299,0.0,0.0,0.0,0.0,0.0012850717498393,0.0,0.0048465266558966,0.0028103044496487,0.0009487666034155,0.0,0.0146236559139784,0.0006055101422948,0.0066595631326584,0.0,0.0,0.0,0.0,0.0,0.0,0.0,0.0,0.0
1000,TBStack-LR,1,1,TreeStacking,Extract Subclass,0.0584192439862542,0.0285925560759181,0.0766961651917404,0.018103448275862,0.0,0.0006981270882506,0.0223639576689484,0.0221130221130221,0.0050200803212851,0.2857142857142857,0.0035273368606701,0.0492957746478873,0.0,0.0033303057826218,0.0018176310209027,0.002710027100271,0.0290841584158415,0.0452261306532663,0.0744680851063829,0.0,0.0409356725146198,0.0006055101422948,0.0205992509363295,0.0009082652134423,0.0009090909090909,0.0,0.0007900280898876,0.0012850717498393,0.0328435609334485,0.141357027463651,0.0123341139734582,0.0066413662239089,0.0821917808219178,0.1367741935483871,0.0275507114744171,0.0503462972828982,0.3461538461538461,0.003671970624235,0.0009748299650032,0.0009475062027467,0.3076923076923077,0.0095238095238095,0.0471698113207547,0.0073239436619718,0.0024875621890547
1001,TBStack-LR,1,1,TreeStacking,Extract Subclass,0.0,0.002464875523786,0.0088495575221238,0.0008620689655172,0.0,3.0653220120773686e-05,0.0022546769312018,0.0024570024570024,0.0007530120481927,0.1428571428571428,0.0,0.0,0.0,0.0012110202845897,0.0006058770069675,0.0,0.0074257425742574,0.0201005025125628,0.0053191489361702,0.0,0.0292397660818713,0.0,0.0056179775280898,0.0,0.0,0.0,0.0001755617977528,0.0,0.010371650821089,0.0193861066235864,0.0029664324746291,0.0009487666034155,0.0,0.0189247311827957,0.0024220405691795,0.0066595631326584,1.0,0.0,1.4939922835298555e-05,0.0,0.0769230769230769,0.0,0.0094339622641509,0.000281690140845,0.0033167495854063
1002,TBStack-LR,1,1,TreeStacking,Extract Subclass,0.0171821305841924,0.0189795415331525,0.0304818092428711,0.0137931034482758,0.0,3.831652515096711e-05,0.0107249497267981,0.0073710073710073,0.0075301204819277,0.238095238095238,0.0030864197530864,0.0,0.0,0.0036330608537693,0.0,0.0,0.0099009900990099,0.0603015075376884,0.0212765957446808,0.0,0.0,0.0,0.0112359550561797,0.0,0.0,0.0,0.005003511235955,0.004711929749411,0.010371650821089,0.0630048465266559,0.0067135050741608,0.0056925996204933,0.0091324200913242,0.0636559139784946,0.0136239782016348,0.0207778369738945,0.0,0.0,0.0,0.0,0.0,0.0,0.0,0.0,0.0
1003,TBStack-LR,1,1,TreeStacking,Extract Subclass,0.0103092783505154,0.0971160956371703,0.0196656833824975,0.0172413793103448,0.0,0.000160929405634,0.0204952164286729,0.0442260442260442,0.0527108433734939,0.238095238095238,0.0542328042328042,0.0,0.0,0.0054495912806539,0.0054528930627082,0.0,0.0179455445544554,0.0854271356783919,0.1223404255319148,0.0,0.0116959064327485,0.0,0.0018726591760299,0.0018165304268846,0.0063636363636363,0.0,0.0239641853932584,0.0194902548725637,0.0121002592912705,0.1567043618739903,0.170647931303669,0.0028462998102466,0.0,0.1526881720430107,0.1038449894035725,0.0447522642514651,0.3809523809523809,0.04406364749082,0.0055763261982751,0.002471330611288,0.3076923076923077,0.0761904761904762,0.1132075471698113,0.0532394366197183,0.0364842454394693
1004,TBStack-LR,1,1,TreeStacking,Extract Subclass,0.0,0.0,0.0029498525073746,0.0,0.0,2.758789810869632e-05,0.0002234364526416,0.0,0.0,0.0,0.0,0.0,0.0,0.0,0.0,0.0,0.005569306930693,0.0,0.0,0.0,0.0,0.0,0.0,0.0,0.0,0.0,0.0,0.0,0.0,0.0,0.0,0.0009487666034155,0.0,0.0064516129032258,0.0,0.002397442727757,0.0,0.0,0.0,0.0,0.0,0.0,0.0,0.0,0.0
1005,TBStack-LR,1,1,TreeStacking,Extract Subclass,0.0,0.0056692137047079,0.0049164208456243,0.0025862068965517,0.0,7.663305030193421e-06,0.0016656171924194,0.0049140049140049,0.0050200803212851,0.0952380952380952,0.0013227513227513,0.0,0.0,0.0003027550711474,0.0003029385034837,0.0,0.0030940594059405,0.0050251256281407,0.0159574468085106,0.0,0.0,0.0,0.0018726591760299,0.0003027550711474,0.0036363636363636,0.0,0.001755617977528,0.0025701434996787,0.0051858254105445,0.0161550888529886,0.0018735362997658,0.0009487666034155,0.0,0.0279569892473118,0.0054495912806539,0.0045285029302077,0.2733333333333333,0.0563035495716034,0.0918282357071625,0.0001074491570125,0.3076923076923077,0.2285714285714286,0.2641509433962264,0.0422535211267605,0.0
1006,TBStack-LR,1,1,TreeStacking,Extract Subclass,0.0034364261168384,0.0110919398570372,0.0108161258603736,0.0025862068965517,0.0,4.597983018116053e-05,0.0038999817188356,0.0098280098280098,0.0032630522088353,0.238095238095238,0.0013227513227513,0.0,0.0,0.0039358159249167,0.0039382005452893,0.0,0.0074257425742574,0.0653266331658291,0.0531914893617021,0.0,0.0,0.0,0.0018726591760299,0.0036330608537693,0.0009090909090909,0.0,0.0019311797752808,0.0006425358749196,0.0095073465859982,0.0315024232633279,0.0018735362997658,0.0028462998102466,0.0091324200913242,0.0387096774193548,0.010293672419013,0.0077250932338838,0.7692307692307693,0.018359853121175,0.0691232879782176,8.79129466466095e-05,0.2307692307692307,0.0095238095238095,0.0377358490566037,0.0146478873239436,0.0016583747927031
1007,TBStack-LR,1,0,TreeStacking,Extract Subclass,0.0,0.013063840276066,0.0206489675516224,0.0077586206896551,0.0,5.211047420531527e-05,0.0038999817188356,0.0,0.0005020080321285,0.0952380952380952,0.0074955908289241,0.0,0.0,0.0018165304268846,0.0,0.0,0.0080445544554455,0.0050251256281407,0.0,0.0,0.0,0.0,0.0121722846441947,0.0003027550711474,0.0018181818181818,0.0,0.0024578651685393,0.0,0.0181503889369057,0.048465266558966,0.0039032006245121,0.0009487666034155,0.0091324200913242,0.0378494623655914,0.0087798970632758,0.0111880660628662,1.0,0.0024479804161566,0.0009225402350796,0.0002539707347568,0.0769230769230769,0.0,0.0094339622641509,0.0030985915492957,0.0008291873963515
1008,TBStack-LR,1,1,TreeStacking,Extract Subclass,0.0,0.0046832634951934,0.0117994100294985,0.0043103448275862,0.0,3.831652515096711e-06,0.0018687412402754,0.0,0.0015060240963855,0.0952380952380952,0.0008818342151675,0.0,0.0,0.0012110202845897,0.0009088155104513,0.0,0.0037128712871287,0.0150753768844221,0.0053191489361702,0.0,0.0,0.0003027550711474,0.0046816479400749,0.0003027550711474,0.0,0.0,0.0006144662921348,0.0006425358749196,0.0025929127052722,0.0169628432956381,0.0012490241998438,0.0018975332068311,0.0,0.0344086021505376,0.0054495912806539,0.003995737879595,1.0,0.01468788249694,0.0028796701265037,0.0050110379588567,0.0769230769230769,0.0,0.0094339622641509,0.0107042253521126,0.0041459369817578
1009,TBStack-LR,1,1,TreeStacking,Extract Subclass,0.0,0.0416563963519842,0.0245821042281219,0.046551724137931,0.0,0.0,0.0134061871584976,0.0196560196560196,0.0198293172690763,0.2857142857142857,0.0092592592592592,0.0,0.0,0.0,0.0,0.0,0.0006188118811881,0.0,0.0,0.0,0.0,0.0,0.0009363295880149,0.0,0.0009090909090909,0.0,0.016502808988764,0.0100663953737417,0.0043215211754537,0.1235864297253635,0.0724434035909445,0.0009487666034155,0.0410958904109589,0.0890322580645161,0.0296699969724492,0.0516782099094299,0.6748466257668712,0.1921664626682986,0.014502930092366,0.031511907320218,0.1538461538461538,0.1904761904761905,0.2075471698113207,0.1377464788732394,0.0248756218905472
1010,TBStack-LR,1,1,TreeStacking,Extract Subclass,0.0,0.0902144441705693,0.063913470993117,0.0543103448275862,0.0,0.0001555650921129,0.0341248400398123,0.1425061425061425,0.0060240963855421,0.3809523809523809,0.0044091710758377,0.0,0.0,0.0063578564940962,0.0027264465313541,0.002710027100271,0.031559405940594,0.0100502512562814,0.0478723404255319,0.2111111111111111,0.2163742690058479,0.0,0.0046816479400749,0.002119285498032,0.0009090909090909,0.050632911392405,0.0037745786516853,0.0072820732490897,0.0423509075194468,0.2754442649434572,0.0231069476971116,0.0037950664136622,0.1552511415525114,0.1298924731182795,0.0708446866485013,0.1140117208311134,0.8607594936708861,0.1101591187270501,0.0325989116266214,0.0654072323050774,0.0769230769230769,0.0761904761904762,0.0849056603773584,0.0445070422535211,0.0273631840796019
1011,TBStack-LR,1,1,TreeStacking,Extract Subclass,0.0068728522336769,0.0170076411141237,0.015732546705998,0.0172413793103448,0.0,0.0,0.0155593020657715,0.0073710073710073,0.002008032128514,0.238095238095238,0.0004409171075837,0.0,0.0,0.0033303057826218,0.0021205695243865,0.0,0.0092821782178217,0.0351758793969849,0.0159574468085106,0.0,0.0,0.0,0.0046816479400749,0.0006055101422948,0.0,0.0759493670886076,0.0031601123595505,0.0002141786249732,0.0095073465859982,0.0290791599353796,0.0014051522248243,0.0066413662239089,0.0,0.0653763440860215,0.0163487738419618,0.0135855087906233,1.0,0.003671970624235,0.0004071128972618,0.0005470138902455,0.0769230769230769,0.0,0.0094339622641509,0.0053521126760563,0.0082918739635157
1012,TBStack-LR,1,1,TreeStacking,Extract Subclass,0.0206185567010309,0.0034508257333004,0.0511307767944936,0.0,0.0,0.0009042699935628,0.0079015254615993,0.0049140049140049,0.0,0.1904761904761904,0.0,0.1408450704225352,0.0,0.0036330608537693,0.0033323235383217,0.0,0.0352722772277227,0.0603015075376884,0.0053191489361702,0.0,0.0409356725146198,0.0,0.045880149812734,0.0,0.0,0.0,0.0,0.0,0.020743301642178,0.0258481421647819,0.0001561280249804,0.0037950664136622,0.0045662100456621,0.0705376344086021,0.0042385709960641,0.0162493340436867,0.5692307692307692,0.0232558139534883,0.0921979987973362,0.0001660577881102,0.1538461538461538,0.0095238095238095,0.0283018867924528,0.0183098591549295,0.0016583747927031
1013,TBStack-LR,1,1,TreeStacking,Extract Subclass,0.0,0.0046832634951934,0.0019665683382497,0.0,0.0,4.0615516660025137e-05,0.0018078040259186,0.0,0.003012048192771,0.0952380952380952,0.0004409171075837,0.0,0.0,0.0027247956403269,0.0009088155104513,0.0,0.0086633663366336,0.0452261306532663,0.0,0.0,0.0,0.0,0.0131086142322097,0.0,0.0,0.0,0.0,0.0,0.010371650821089,0.0088852988691437,0.0039032006245121,0.0009487666034155,0.0045662100456621,0.024516129032258,0.004844081138359,0.0042621204049014,0.6449122807017544,0.0012239902080783,0.0118996485383152,0.0297927208080176,0.1538461538461538,0.0476190476190476,0.0660377358490566,0.8028169014084507,0.0
1014,TBStack-LR,1,1,TreeStacking,Extract Subclass,0.0,0.0337687946758688,0.0147492625368731,0.0017241379310344,0.0,1.45602795573675e-05,0.0092015193678779,0.0368550368550368,0.0110441767068273,0.2857142857142857,0.0145502645502645,0.0,0.0,0.0081743869209809,0.0,0.0,0.0043316831683168,0.0402010050251256,0.0212765957446808,0.0,0.0,0.0039358159249167,0.0028089887640449,0.0081743869209809,0.0063636363636363,0.0,0.0018433988764044,0.0014992503748125,0.0051858254105445,0.0581583198707592,0.0337236533957845,0.0009487666034155,0.0136986301369863,0.1346236559139784,0.038449894035725,0.0324986680873734,0.0,0.0,0.0,0.0,0.0,0.0,0.0,0.0,0.0
1015,TBStack-LR,1,1,TreeStacking,Extract Subclass,0.0206185567010309,0.0128173527236874,0.039331366764995,0.0060344827586206,0.0,2.5288906599638294e-05,0.0120452560378623,0.0049140049140049,0.0037650602409638,0.1904761904761904,0.0004409171075837,0.0,0.0,0.0015137753557372,0.0006058770069675,0.0,0.0061881188118811,0.0251256281407035,0.0212765957446808,0.0,0.0116959064327485,0.0,0.0037453183520599,0.0006055101422948,0.0,0.0,0.0019311797752808,0.0002141786249732,0.0112359550561797,0.0936995153473344,0.0082747853239656,0.0009487666034155,0.0136986301369863,0.0808602150537634,0.0145322434150772,0.014917421417155,0.951219512195122,0.0097919216646266,0.0026891861103537,0.0016410416707367,0.0769230769230769,0.0380952380952381,0.0471698113207547,0.0230985915492957,0.0074626865671641
1016,TBStack-LR,1,1,TreeStacking,Extract Subclass,0.0,0.0002464875523786,0.0117994100294985,0.0,0.0,0.0,0.0007312465722816,0.0,0.0,0.0,0.0,0.0,0.0,0.0012110202845897,0.0003029385034837,0.0,0.0,0.0050251256281407,0.0,0.0333333333333333,0.0,0.0,0.0,0.0003027550711474,0.0,0.0,8.778089887640449e-05,0.0,0.0,0.0,0.0009367681498829,0.0018975332068311,0.0,0.0090322580645161,0.0012110202845897,0.0,0.5,0.0,0.0001718091126059,9.76810518295661e-06,0.1538461538461538,0.0,0.0188679245283018,0.0005633802816901,0.0008291873963515
1017,TBStack-LR,1,1,TreeStacking,Extract Subclass,0.0240549828178694,0.094158245008627,0.1229105211406096,0.0370689655172413,0.0,0.001308892499157,0.0383904450447888,0.0663390663390663,0.0228413654618473,0.3809523809523809,0.0229276895943562,0.0,0.0,0.023312140478353,0.004241139048773,0.0,0.0451732673267326,0.236180904522613,0.0585106382978723,0.0,0.0,0.0,0.0505617977528089,0.0018165304268846,0.0027272727272727,0.0379746835443038,0.0093925561797752,0.0072820732490897,0.0475367329299913,0.2891760904684975,0.0474629195940671,0.0047438330170777,0.228310502283105,0.3027956989247312,0.0732667272176808,0.0982951518380394,0.1766109785202864,0.3133414932680538,0.0143385909411777,0.0146619258796178,0.3846153846153846,0.2,0.2452830188679245,0.236056338028169,0.0290215588723051
1018,TBStack-LR,1,1,TreeStacking,Extract Subclass,0.0378006872852233,0.0,0.0029498525073746,0.0,0.0,5.057781319927659e-05,0.0028031118604131,0.0,0.0,0.0476190476190476,0.0,0.0,0.0,0.0,0.0,0.0,0.0074257425742574,0.0,0.0053191489361702,0.0,0.0,0.0,0.0102996254681647,0.0,0.01,0.0,0.0,0.0,0.0095073465859982,0.0,0.0,0.0009487666034155,0.0,0.0116129032258064,0.0,0.003196590303676,0.0,0.0,0.0,0.0,0.0,0.0,0.0,0.0,0.0
1019,TBStack-LR,1,1,TreeStacking,Extract Subclass,0.0,0.0002464875523786,0.0963618485742379,0.0,0.0,7.663305030193422e-07,0.0009343706201377,0.0,0.0007530120481927,0.0476190476190476,0.0008818342151675,0.0,0.0,0.0,0.0,0.0,0.0012376237623762,0.0,0.0,0.0,0.0,0.0,0.0009363295880149,0.0,0.0009090909090909,0.0,0.0,0.0,0.0017286084701815,0.0161550888529886,0.0098360655737704,0.0009487666034155,0.0,0.0468817204301075,0.0003027550711474,0.0005327650506126,0.2758620689655172,0.04406364749082,0.0041495635675041,0.0075898177271572,0.3846153846153846,0.0380952380952381,0.0849056603773584,0.0653521126760563,0.0033167495854063
1020,TBStack-LR,1,1,TreeStacking,Extract Subclass,0.0,0.001232437761893,0.0363815142576204,0.0,0.0,0.0002222358458756,0.0016046799780626,0.0,0.0,0.0476190476190476,0.0,0.0422535211267605,0.0,0.0009082652134423,0.0003029385034837,0.010840108401084,0.0154702970297029,0.0150753768844221,0.0,0.0,0.0175438596491228,0.0,0.0205992509363295,0.0003027550711474,0.0109090909090909,0.0,8.778089887640449e-05,0.0,0.0146931719965427,0.0040387722132471,0.0,0.0009487666034155,0.0,0.0253763440860215,0.0009082652134423,0.0066595631326584,0.7096774193548387,0.0085679314565483,0.0014304976114798,0.0007326078887217,0.2307692307692307,0.0,0.0283018867924528,0.0087323943661971,0.0049751243781094
1021,TBStack-LR,1,1,TreeStacking,Extract Subclass,0.0,0.0098595020951441,0.0108161258603736,0.0060344827586206,0.0,0.0,0.0059312221973959,0.0,0.0,0.1428571428571428,0.0022045855379188,0.0,0.0,0.0057523463518013,0.0054528930627082,0.0,0.0284653465346534,0.0201005025125628,0.0106382978723404,0.0,0.0,0.0045413260672116,0.0402621722846441,0.0045413260672116,0.0,0.0,0.0,0.0,0.0216076058772687,0.0533117932148626,0.0029664324746291,0.0009487666034155,0.0,0.0451612903225806,0.0118074477747502,0.0186467767714437,0.4666666666666667,0.0012239902080783,0.0017517059524387,0.0003125793658546,0.3076923076923077,0.0,0.0377358490566037,0.0084507042253521,0.0066334991708126
1022,TBStack-LR,1,1,TreeStacking,Extract Subclass,0.0,0.002464875523786,0.0019665683382497,0.0,0.0,0.0001302761855132,0.0015437427637057,0.0,0.0,0.0476190476190476,0.0,0.0,0.0,0.0030275507114744,0.0,0.0,0.0123762376237623,0.050251256281407,0.0,0.0,0.0,0.0,0.0187265917602996,0.0,0.0,0.0,0.0003511235955056,0.0,0.0086430423509075,0.0,0.0006245120999219,0.0009487666034155,0.0,0.0141935483870967,0.0030275507114744,0.0053276505061267,0.0,0.0,0.0,0.0,0.0,0.0,0.0,0.0,0.0
1023,TBStack-LR,1,1,TreeStacking,Extract Subclass,0.0,0.0271136307616465,0.0068829891838741,0.0025862068965517,0.0,0.0002222358458756,0.0059718470069671,0.0171990171990172,0.0027610441767068,0.1904761904761904,0.0026455026455026,0.0,0.0,0.0036330608537693,0.0,0.002710027100271,0.0198019801980198,0.0603015075376884,0.0106382978723404,0.0,0.0058479532163742,0.0,0.0271535580524344,0.0,0.0018181818181818,0.0,0.0022823033707865,0.0012850717498393,0.0216076058772687,0.0379644588045234,0.0,0.0009487666034155,0.0,0.0369892473118279,0.0208900999091734,0.0175812466702184,0.0,0.0,0.0,0.0,0.0,0.0,0.0,0.0,0.0
1024,TBStack-LR,1,1,TreeStacking,Extract Subclass,0.0,0.0046832634951934,0.0019665683382497,0.0,0.0,4.0615516660025137e-05,0.0018078040259186,0.0,0.003012048192771,0.0952380952380952,0.0004409171075837,0.0,0.0,0.0027247956403269,0.0009088155104513,0.0,0.0086633663366336,0.0452261306532663,0.0,0.0,0.0,0.0,0.0131086142322097,0.0,0.0,0.0,0.0,0.0,0.010371650821089,0.0088852988691437,0.0039032006245121,0.0009487666034155,0.0045662100456621,0.024516129032258,0.004844081138359,0.0042621204049014,0.9923076923076924,0.0012239902080783,0.0029282248757185,0.0063297321585558,0.0769230769230769,0.0285714285714285,0.0377358490566037,0.1830985915492957,0.0
1025,TBStack-LR,1,1,TreeStacking,Extract Subclass,0.0,0.0076411141237367,0.0186823992133726,0.0068965517241379,0.0,0.0002436930999601,0.0029249862891267,0.0,0.0002510040160642,0.0952380952380952,0.0004409171075837,0.0070422535211267,0.0,0.0039358159249167,0.0003029385034837,0.0,0.0173267326732673,0.0603015075376884,0.0053191489361702,0.0,0.0,0.0003027550711474,0.0252808988764044,0.0003027550711474,0.0,0.0,0.0,0.0002141786249732,0.010371650821089,0.011308562197092,0.0003122560499609,0.0009487666034155,0.0,0.0210752688172043,0.0045413260672116,0.0106553010122535,0.0,0.0,0.0,0.0,0.0,0.0,0.0,0.0,0.0
1026,TBStack-LR,1,0,TreeStacking,Extract Subclass,0.0,0.0086270643332511,0.0039331366764995,0.0008620689655172,0.0,5.364313521135396e-06,0.0017265544067762,0.0049140049140049,0.0060240963855421,0.1904761904761904,0.0004409171075837,0.0,0.0,0.0012110202845897,0.0006058770069675,0.0,0.0037128712871287,0.0201005025125628,0.0053191489361702,0.0,0.0,0.0,0.0046816479400749,0.0,0.0009090909090909,0.0,0.0053546348314606,0.00663953737417,0.0043215211754537,0.0032310177705977,0.0006245120999219,0.0009487666034155,0.0,0.0202150537634408,0.0057523463518013,0.0045285029302077,0.0,0.0,0.0,0.0,0.0,0.0,0.0,0.0,0.0
1027,TBStack-LR,1,1,TreeStacking,Extract Subclass,0.0,0.1885629775696327,0.0108161258603736,0.0017241379310344,0.0,6.89697452717408e-05,0.0187889744266823,0.0,0.1244979919678714,0.0952380952380952,0.0052910052910052,0.0,0.0,0.2300938540720557,0.2302332626476825,0.0,0.0099009900990099,0.050251256281407,0.0053191489361702,0.0,0.0,0.2270663033605812,0.0140449438202247,0.2300938540720557,0.0109090909090909,0.0,0.0220330056179775,0.0002141786249732,0.0146931719965427,0.0218093699515347,0.0857142857142857,0.0009487666034155,0.0,0.0950537634408602,0.231002119285498,0.0079914757591901,0.2758620689655172,0.0575275397796817,0.006622120796746,0.0019633891417742,0.3846153846153846,0.2857142857142857,0.330188679245283,0.0571830985915493,0.0024875621890547
1028,TBStack-LR,1,1,TreeStacking,Extract Subclass,0.0,0.0,0.0,0.0,0.0,0.0,0.0103593264406573,0.0,0.0,0.0,0.0,0.0,0.0,0.0,0.0,0.0,0.0,0.0,0.0,0.0,0.0,0.0,0.0,0.0,0.0,0.0,0.0,0.0,0.0,0.0,0.0,0.0,0.0,0.0,0.0,0.0,0.0,0.0,0.0,0.0,0.0,0.0,0.0,0.0,0.0
1029,TBStack-LR,1,0,TreeStacking,Extract Subclass,0.0,0.0520088735518856,0.0,0.0,0.0,0.0,0.0042859174097621,0.0,0.0017570281124497,0.0,0.0,0.0,0.0,0.0638813200121102,0.0575583156619206,0.0,0.0,0.0,0.0,0.0,0.0,0.0236148955495004,0.0,0.0638813200121102,0.0,0.0,0.0063202247191011,0.0,0.0,0.0,0.0215456674473067,0.0009487666034155,0.0,0.0227956989247311,0.0638813200121102,0.0,0.5,0.0097919216646266,0.002917019933592,0.0011917088323207,0.3846153846153846,0.0285714285714285,0.0754716981132075,0.028169014084507,0.0
1030,TBStack-LR,1,1,TreeStacking,Extract Subclass,0.0,0.0002464875523786,0.0019665683382497,0.0,0.0,0.0,0.0075765269850297,0.0,0.0002510040160642,0.0952380952380952,0.0004409171075837,0.0,0.0,0.0003027550711474,0.0,0.0,0.0006188118811881,0.0050251256281407,0.0053191489361702,0.0,0.0,0.0,0.0,0.0003027550711474,0.0009090909090909,0.0,0.0,0.0,0.0008643042350907,0.0024232633279483,0.0001561280249804,0.0208728652751423,0.0045662100456621,0.0335483870967741,0.0003027550711474,0.0005327650506126,0.0,0.0,0.0,0.0,0.0,0.0,0.0,0.0,0.0
1031,TBStack-LR,1,1,TreeStacking,Extract Subclass,0.0,0.0359871826472763,0.0471976401179941,0.0094827586206896,0.0897435897435897,0.0011832142966618,0.0147061810647762,0.0761670761670761,0.0032630522088353,0.238095238095238,0.0066137566137566,0.0,0.0,0.0136239782016348,0.0087852166010299,0.0,0.042079207920792,0.2261306532663316,0.0797872340425532,0.0,0.0116959064327485,0.0,0.046816479400749,0.0066606115652437,0.0009090909090909,0.0,0.0032478932584269,0.0021417862497322,0.0319792566983578,0.1211631663974151,0.0039032006245121,0.0009487666034155,0.0045662100456621,0.0976344086021505,0.0354223433242506,0.0482152370804475,0.0,0.0,0.0,0.0,0.0,0.0,0.0,0.0,0.0
1032,TBStack-LR,1,0,TreeStacking,Extract Subclass,0.0,0.0,0.0039331366764995,0.0,0.0,0.0,0.0025187381934147,0.0,0.0,0.0,0.0,0.0,0.0,0.0,0.0,0.0,0.0,0.0,0.0,0.0,0.0,0.0,0.0,0.0,0.0,0.0,0.0,0.0,0.0,0.0,0.0,0.0066413662239089,0.0,0.0223655913978494,0.0,0.0,0.0,0.0,0.0,0.0,0.0,0.0,0.0,0.0,0.0
1033,TBStack-LR,1,0,TreeStacking,Extract Subclass,0.0,0.013063840276066,0.0186823992133726,0.0025862068965517,0.0,1.3027618551328815e-05,0.0069265300318904,0.0024570024570024,0.0052710843373493,0.1904761904761904,0.0004409171075837,0.0,0.0,0.0015137753557372,0.0012117540139351,0.0,0.0086633663366336,0.0251256281407035,0.0319148936170212,0.0,0.0,0.0,0.0074906367041198,0.0009082652134423,0.0,0.0,0.001316713483146,0.0,0.024200518582541,0.0315024232633279,0.0046838407494145,0.0018975332068311,0.0228310502283105,0.0490322580645161,0.0090826521344232,0.017314864144912,0.3985239852398524,0.0893512851897184,0.3939657651668229,0.0004688690487819,0.3846153846153846,0.2476190476190476,0.2924528301886792,0.076338028169014,0.0149253731343283
1034,TBStack-LR,1,0,TreeStacking,Extract Subclass,0.0,0.0,0.0,0.0,0.0,7.663305030193422e-07,4.062480957120514e-05,0.0,0.0,0.0,0.0,0.0,0.0,0.0,0.0,0.0,0.0012376237623762,0.0,0.0,0.0,0.0,0.0,0.0018726591760299,0.0,0.0,0.0,0.0,0.0,0.0,0.0,0.0,0.0009487666034155,0.0,0.0021505376344086,0.0,0.0005327650506126,0.0,0.0,0.0,0.0,0.0,0.0,0.0,0.0,0.0
1035,TBStack-LR,1,1,TreeStacking,Extract Subclass,0.0068728522336769,0.6445649494700517,0.2851524090462143,0.368103448275862,0.0064102564102564,0.0218365876835361,0.1784241636367329,0.7272727272727273,0.0735441767068273,0.3809523809523809,0.0789241622574955,0.0,0.0,0.0166515289131092,0.0078764010905786,0.0,0.1751237623762376,0.135678391959799,0.9680851063829788,0.1444444444444444,0.087719298245614,0.0015137753557372,0.0449438202247191,0.002119285498032,0.0263636363636363,0.0,0.0919943820224719,0.0462625829942171,0.2636127917026793,1.0,0.0769711163153786,0.0075901328273244,0.2648401826484018,0.5341935483870968,0.6109597335755373,0.5737879595098562,0.1967213114754098,0.1774785801713586,0.0407897243210738,0.0576806611053587,0.3076923076923077,0.6190476190476191,0.6509433962264151,0.2233802816901408,0.148424543946932
1036,TBStack-LR,1,1,TreeStacking,Extract Subclass,0.0,0.0071481390189795,0.0117994100294985,0.0086206896551724,0.0,1.0728627042270793e-05,0.0033921715991956,0.0073710073710073,0.0012550200803212,0.1904761904761904,0.0,0.0,0.0,0.0024220405691795,0.0,0.0,0.0074257425742574,0.0,0.0,0.0,0.0,0.0,0.0084269662921348,0.0,0.0,0.0253164556962025,0.000438904494382,0.0002141786249732,0.0060501296456352,0.0315024232633279,0.0046838407494145,0.0009487666034155,0.0,0.0348387096774193,0.0054495912806539,0.0133191262653169,0.0,0.0,0.0,0.0,0.0,0.0,0.0,0.0,0.0
1037,TBStack-LR,1,1,TreeStacking,Extract Subclass,0.0,0.0004929751047572,0.0039331366764995,0.0,0.0,0.0,0.0002437488574272,0.0,0.0002510040160642,0.0476190476190476,0.0,0.0,0.0,0.0,0.0,0.0,0.0006188118811881,0.0,0.0,0.0,0.0058479532163742,0.0,0.0,0.0,0.0,0.0,0.0,0.0,0.0008643042350907,0.0024232633279483,0.0009367681498829,0.0009487666034155,0.0,0.0081720430107526,0.0006055101422948,0.0002663825253063,0.0,0.0,0.0,0.0,0.0,0.0,0.0,0.0,0.0
1038,TBStack-LR,1,1,TreeStacking,Extract Subclass,0.0,0.0027113630761646,0.007866273352999,0.0,0.0,0.0,0.0013812435254209,0.0,0.0,0.0952380952380952,0.0,0.0,0.0,0.0009082652134423,0.0003029385034837,0.0,0.0049504950495049,0.0150753768844221,0.0159574468085106,0.0,0.0,0.0,0.0028089887640449,0.0,0.0018181818181818,0.0,0.0,0.0,0.0060501296456352,0.0048465266558966,0.0007806401249024,0.0009487666034155,0.0091324200913242,0.0116129032258064,0.0027247956403269,0.0026638252530633,0.0,0.0,0.0,0.0,0.0,0.0,0.0,0.0,0.0
1039,TBStack-LR,1,1,TreeStacking,Extract Subclass,0.0034364261168384,0.0177471037712595,0.0216322517207472,0.0120689655172413,0.0,0.0,0.0534825618004915,0.0319410319410319,0.0050200803212851,0.1904761904761904,0.0044091710758377,0.0,0.0,0.0045413260672116,0.0006058770069675,0.0,0.0185643564356435,0.0753768844221105,0.1276595744680851,0.0,0.0,0.0,0.0018726591760299,0.0006055101422948,0.0045454545454545,0.0,0.0019311797752808,0.0012850717498393,0.0086430423509075,0.0977382875605815,0.0324746291959406,0.0104364326375711,0.0,0.1556989247311828,0.0187708144111413,0.0327650506126798,0.0,0.0,0.0,0.0,0.0,0.0,0.0,0.0,0.0
1040,TBStack-LR,1,1,TreeStacking,Extract Subclass,0.0,0.004929751047572,0.0009832841691248,0.0,0.0,0.0,0.0005890597387824,0.0,0.0,0.0476190476190476,0.0,0.0,0.0,0.0054495912806539,0.0009088155104513,0.0,0.0018564356435643,0.0050251256281407,0.0,0.0,0.0,0.0051468362095065,0.0028089887640449,0.0054495912806539,0.0027272727272727,0.0379746835443038,0.0006144662921348,0.0,0.0008643042350907,0.0008077544426494,0.0003122560499609,0.0009487666034155,0.0,0.0210752688172043,0.0054495912806539,0.000799147575919,0.0,0.0,0.0,0.0,0.0,0.0,0.0,0.0,0.0
1041,TBStack-LR,1,1,TreeStacking,Extract Subclass,0.0,0.0004929751047572,0.0058997050147492,0.0,0.0,0.0,0.0005890597387824,0.0024570024570024,0.0,0.1428571428571428,0.0004409171075837,0.0,0.0,0.0003027550711474,0.0,0.0,0.0030940594059405,0.0050251256281407,0.0,0.0,0.0058479532163742,0.0,0.0037453183520599,0.0,0.0,0.0,0.0,0.0006425358749196,0.0051858254105445,0.0048465266558966,0.0,0.0009487666034155,0.0,0.0124731182795698,0.0006055101422948,0.0021310602024507,0.0,0.0,0.0,0.0,0.0,0.0,0.0,0.0,0.0
1042,TBStack-LR,1,1,TreeStacking,Extract Subclass,0.0,0.0123243776189302,0.0344149459193707,0.0008620689655172,0.0,6.973607577476014e-05,0.0060734090308951,0.0122850122850122,0.0012550200803212,0.1904761904761904,0.0008818342151675,0.0,0.0,0.0054495912806539,0.0051499545592244,0.0,0.0092821782178217,0.0904522613065326,0.026595744680851,0.0,0.0058479532163742,0.0,0.0084269662921348,0.004844081138359,0.0,0.0,0.0018433988764044,0.0012850717498393,0.0077787381158167,0.0533117932148626,0.0070257611241217,0.0009487666034155,0.0,0.0490322580645161,0.0136239782016348,0.0191795418220564,0.0,0.0,0.0,0.0,0.0,0.0,0.0,0.0,0.0
1043,TBStack-LR,1,1,TreeStacking,Extract Subclass,0.0,0.0091200394380083,0.0304818092428711,0.0094827586206896,0.0,0.0011448977715108,0.0073124657228169,0.0,0.002008032128514,0.0952380952380952,0.0,0.0,0.0,0.0081743869209809,0.0003029385034837,0.0,0.0352722772277227,0.0,0.0,0.2777777777777778,0.0,0.0003027550711474,0.0533707865168539,0.0003027550711474,0.0,0.0,0.0031601123595505,0.0017134289997858,0.0371650821089023,0.0080775444264943,0.0168618266978922,0.0009487666034155,0.0,0.0443010752688172,0.0090826521344232,0.0210442194992008,0.0,0.0,0.0,0.0,0.0,0.0,0.0,0.0,0.0
1044,TBStack-LR,1,1,TreeStacking,Extract Subclass,0.0,0.054227261523293,0.0009832841691248,0.0,0.0,0.0,0.0045499786719749,0.0,0.0,0.0476190476190476,0.0,0.0,0.0,0.0666061156524371,0.0666464707664344,0.0,0.0006188118811881,0.0,0.0053191489361702,0.0,0.0,0.0666061156524371,0.0,0.0666061156524371,0.0,0.0,0.0,0.0,0.0,0.0008077544426494,0.0343481654957064,0.0009487666034155,0.0,0.0227956989247311,0.0666061156524371,0.0002663825253063,0.0,0.0,0.0,0.0,0.0,0.0,0.0,0.0,0.0
1045,TBStack-LR,1,1,TreeStacking,Extract Subclass,0.0,0.001232437761893,0.0,0.0,0.0,0.0,0.0002437488574272,0.0,0.0012550200803212,0.0476190476190476,0.0,0.0,0.0,0.0015137753557372,0.0015146925174189,0.0,0.0006188118811881,0.0,0.0,0.0,0.0,0.0015137753557372,0.0009363295880149,0.0015137753557372,0.0009090909090909,0.0,8.778089887640449e-05,0.0,0.0,0.0016155088852988,0.0010928961748633,0.0009487666034155,0.0,0.0090322580645161,0.0015137753557372,0.0002663825253063,0.419090909090909,0.5618115055079559,0.0047546304423337,0.0121710590579639,0.3076923076923077,0.1142857142857143,0.1509433962264151,0.3098591549295775,0.0
1046,TBStack-LR,1,1,TreeStacking,Extract Subclass,0.0,0.0,0.0,0.0,0.0,0.0,0.0020312404785602,0.0,0.0,0.0,0.0,0.0,0.0,0.0,0.0,0.0,0.0,0.0,0.0,0.0,0.0,0.0,0.0,0.0,0.0,0.0,0.0,0.0,0.0,0.0,0.0,0.0,0.0,0.0,0.0,0.0,0.37,0.0538555691554467,0.0027601507438214,0.0014847519878094,0.2307692307692307,0.0,0.0283018867924528,0.028169014084507,0.0
1047,TBStack-LR,1,1,TreeStacking,Extract Subclass,0.0034364261168384,0.0135568153808232,0.0245821042281219,0.0025862068965517,0.0,3.678386414492843e-05,0.0057890353638967,0.0122850122850122,0.0027610441767068,0.1904761904761904,0.0,0.0,0.0,0.0057523463518013,0.0039382005452893,0.0,0.0099009900990099,0.0954773869346733,0.0372340425531914,0.0,0.0,0.0,0.0084269662921348,0.0006055101422948,0.0,0.0,0.0007900280898876,0.0006425358749196,0.013828867761452,0.0444264943457189,0.0040593286494925,0.0018975332068311,0.0228310502283105,0.064516129032258,0.0154405086285195,0.0138518913159296,0.0,0.0,0.0,0.0,0.0,0.0,0.0,0.0,0.0
1048,TBStack-LR,1,1,TreeStacking,Extract Subclass,0.0034364261168384,0.0086270643332511,0.1189773844641101,0.0043103448275862,0.0,2.222358458756092e-05,0.0064999695313928,0.0073710073710073,0.0012550200803212,0.1904761904761904,0.0555555555555555,0.0,0.0,0.002119285498032,0.0018176310209027,0.002710027100271,0.0068069306930693,0.0150753768844221,0.0159574468085106,0.0111111111111111,0.0,0.0,0.0065543071161048,0.0015137753557372,0.0045454545454545,0.0,0.0007900280898876,0.0008567144998929,0.017286084701815,0.0379644588045234,0.0223263075722092,0.0009487666034155,0.0091324200913242,0.0877419354838709,0.0087798970632758,0.0111880660628662,0.2133333333333333,0.0342717258261933,0.0007544661031825,0.0010744915701252,0.6153846153846154,0.0571428571428571,0.1320754716981132,0.0422535211267605,0.0
1049,TBStack-LR,1,1,TreeStacking,Extract Subclass,0.0,0.0,0.0019665683382497,0.0,0.0,7.663305030193422e-07,6.09372143568077e-05,0.0,0.0,0.0,0.0,0.0,0.0,0.0,0.0,0.0,0.0012376237623762,0.0,0.0,0.0,0.0,0.0,0.0,0.0,0.0,0.0,0.0,0.0,0.0,0.0,0.0,0.0009487666034155,0.0,0.0051612903225806,0.0,0.0005327650506126,0.0,0.0,0.0,0.0,0.0,0.0,0.0,0.0,0.0
1050,TBStack-LR,1,1,TreeStacking,Extract Subclass,0.0,0.004929751047572,0.0019665683382497,0.0,0.0,4.981148269625724e-05,0.0019093660498466,0.0,0.003012048192771,0.0952380952380952,0.0004409171075837,0.0,0.0,0.0030275507114744,0.0012117540139351,0.0,0.0092821782178217,0.050251256281407,0.0,0.0,0.0,0.0,0.0140449438202247,0.0,0.0,0.0,0.0,0.0,0.0112359550561797,0.0088852988691437,0.004215456674473,0.0009487666034155,0.0045662100456621,0.0253763440860215,0.0051468362095065,0.0045285029302077,0.5,0.0,0.0014641124378592,0.0024322581905561,0.1538461538461538,0.019047619047619,0.0377358490566037,0.0704225352112676,0.0
1051,TBStack-LR,1,0,TreeStacking,Extract Subclass,0.0,0.0046832634951934,0.0019665683382497,0.0,0.0,4.0615516660025137e-05,0.0018078040259186,0.0,0.003012048192771,0.0952380952380952,0.0004409171075837,0.0,0.0,0.0027247956403269,0.0009088155104513,0.0,0.0086633663366336,0.0452261306532663,0.0,0.0,0.0,0.0,0.0131086142322097,0.0,0.0,0.0,0.0,0.0,0.010371650821089,0.0088852988691437,0.0039032006245121,0.0009487666034155,0.0045662100456621,0.024516129032258,0.004844081138359,0.0042621204049014,0.9928571428571428,0.0012239902080783,0.0031149739111597,0.0068181374177037,0.0769230769230769,0.0285714285714285,0.0377358490566037,0.1971830985915493,0.0
1052,TBStack-LR,1,1,TreeStacking,Extract Subclass,0.0,0.0002464875523786,0.0019665683382497,0.0,0.0,0.0,0.0001828116430704,0.0,0.0,0.0476190476190476,0.0,0.0,0.0,0.0003027550711474,0.0,0.0,0.0012376237623762,0.0050251256281407,0.0,0.0,0.0,0.0,0.0018726591760299,0.0003027550711474,0.0009090909090909,0.0,0.0,0.0,0.0008643042350907,0.0008077544426494,0.0,0.0009487666034155,0.0,0.0025806451612903,0.0003027550711474,0.0005327650506126,0.0,0.0,0.0,0.0,0.0,0.0,0.0,0.0,0.0
1053,TBStack-LR,1,1,TreeStacking,Extract Subclass,0.0,0.0327828444663544,0.0334316617502458,0.0025862068965517,0.0,0.0008644208074058,0.0109280737746541,0.0024570024570024,0.0017570281124497,0.1428571428571428,0.0361552028218694,0.0,0.0,0.0,0.0,0.0,0.0297029702970297,0.0,0.026595744680851,0.0,0.0,0.0,0.0383895131086142,0.0,0.0063636363636363,0.0,0.0106214887640449,0.0036410366245448,0.0025929127052722,0.0323101777059773,0.0363778298204527,0.0009487666034155,0.0319634703196347,0.083010752688172,0.0251286709052376,0.0170484816196057,0.34,0.0379436964504283,0.0047770403265867,0.001347998515248,0.3846153846153846,0.0476190476190476,0.0943396226415094,0.0140845070422535,0.0323383084577114
1054,TBStack-LR,1,1,TreeStacking,Extract Subclass,0.0,0.0140497904855804,0.0737463126843657,0.0025862068965517,0.0,0.0002268338288937,0.0058296601734679,0.0319410319410319,0.0015060240963855,0.1428571428571428,0.0074955908289241,0.0,0.0,0.0024220405691795,0.0,0.0,0.0154702970297029,0.0,0.0053191489361702,0.0,0.0058479532163742,0.0024220405691795,0.0215355805243445,0.0006055101422948,0.0027272727272727,0.0,0.0020189606741573,0.0002141786249732,0.027657735522904,0.0290791599353796,0.0020296643247462,0.0009487666034155,0.0091324200913242,0.0473118279569892,0.0148349984862246,0.0138518913159296,1.0,0.0,0.0005901269519942,2.930431554886984e-05,0.0769230769230769,0.0,0.0094339622641509,0.0019718309859154,0.0008291873963515
1055,TBStack-LR,1,1,TreeStacking,Extract Subclass,0.0,0.0004929751047572,0.0029498525073746,0.0008620689655172,0.0,7.663305030193422e-07,0.0003656232861408,0.0,0.0,0.0952380952380952,0.0,0.0,0.0,0.0,0.0,0.0,0.0012376237623762,0.0,0.0,0.0,0.0,0.0,0.0018726591760299,0.0,0.0,0.0,0.000438904494382,0.0,0.0,0.0048465266558966,0.0006245120999219,0.0009487666034155,0.0,0.0081720430107526,0.0006055101422948,0.000799147575919,0.0,0.0,0.0,0.0,0.0,0.0,0.0,0.0,0.0
1056,TBStack-LR,1,1,TreeStacking,Extract Subclass,0.1134020618556701,0.001232437761893,0.0619469026548672,0.0017241379310344,0.0,0.0043458602826226,0.0102374520119436,0.0,0.0,0.0952380952380952,0.0348324514991181,0.0,0.0,0.0,0.0,0.0,0.0662128712871287,0.0,0.0053191489361702,0.0,0.0,0.0,0.099250936329588,0.0,0.0972727272727272,0.0,0.0001755617977528,0.0,0.0924805531547104,0.079967689822294,0.0012490241998438,0.0009487666034155,0.0,0.0597849462365591,0.0015137753557372,0.0293020777836973,0.8933333333333333,0.0171358629130966,0.0690149735376616,0.0013089260945161,0.1538461538461538,0.0380952380952381,0.0566037735849056,0.0422535211267605,0.0091210613598673
1057,TBStack-LR,1,1,TreeStacking,Extract Subclass,0.0,0.0313039191520828,0.0,0.0,0.0,0.0,0.0025796754077715,0.0,0.0007530120481927,0.0,0.0,0.0,0.0,0.038449894035725,0.0006058770069675,0.0,0.0,0.0,0.0,0.0,0.0,0.038449894035725,0.0,0.038449894035725,0.0,0.0,0.0100070224719101,0.0,0.0,0.0,0.0015612802498048,0.0009487666034155,0.0,0.0133333333333333,0.038449894035725,0.0,0.0,0.0,0.0,0.0,0.0,0.0,0.0,0.0,0.0
1058,TBStack-LR,1,1,TreeStacking,Extract Subclass,0.0,0.0004929751047572,0.0,0.0017241379310344,0.0,0.0,0.0004671853100688,0.0024570024570024,0.0007530120481927,0.1904761904761904,0.0,0.0,0.0,0.0,0.0,0.0,0.0006188118811881,0.0,0.0,0.0,0.0,0.0,0.0009363295880149,0.0,0.0009090909090909,0.0,0.0003511235955056,0.0,0.0008643042350907,0.0040387722132471,0.0001561280249804,0.0009487666034155,0.0045662100456621,0.0051612903225806,0.0006055101422948,0.001598295151838,0.0,0.0,0.0,0.0,0.0,0.0,0.0,0.0,0.0
1059,TBStack-LR,1,1,TreeStacking,Extract Subclass,0.0,0.0004929751047572,0.0049164208456243,0.0,0.0,0.0,0.000304686071784,0.0,0.0,0.0476190476190476,0.0,0.0,0.0,0.0006055101422948,0.0006058770069675,0.005420054200542,0.0018564356435643,0.0100502512562814,0.0,0.0,0.0,0.0,0.0028089887640449,0.0,0.0,0.0,0.0,0.0,0.0017286084701815,0.0024232633279483,0.0,0.0009487666034155,0.0,0.0043010752688172,0.0006055101422948,0.000799147575919,0.8,0.00734394124847,0.0039628145320629,0.0001172172621954,0.1538461538461538,0.019047619047619,0.0377358490566037,0.0140845070422535,0.0
1060,TBStack-LR,1,0,TreeStacking,Extract Subclass,0.0,0.0,0.0039331366764995,0.0,0.0,2.2989915090580268e-06,0.000304686071784,0.0,0.0,0.0476190476190476,0.0,0.0,0.0,0.0,0.0,0.0,0.0018564356435643,0.0,0.0,0.0,0.0,0.0,0.0028089887640449,0.0,0.0,0.0,0.0,0.0,0.0025929127052722,0.0,0.0,0.0009487666034155,0.0,0.0051612903225806,0.0,0.000799147575919,0.74,0.03671970624235,0.0174311549680845,0.0001660577881102,0.3076923076923077,0.0571428571428571,0.0943396226415094,0.028169014084507,0.0
1061,TBStack-LR,1,1,TreeStacking,Extract Subclass,0.0,0.0019719004190288,0.0117994100294985,0.0,0.0,1.1494957545290131e-05,0.0018484288354898,0.0,0.001004016064257,0.0952380952380952,0.0,0.0,0.0,0.0,0.0,0.0,0.0037128712871287,0.0,0.0,0.0,0.0,0.0,0.0056179775280898,0.0,0.0,0.0,0.0055301966292134,0.0049261083743842,0.003457216940363,0.0218093699515347,0.004215456674473,0.0009487666034155,0.0,0.0193548387096774,0.0015137753557372,0.002397442727757,0.0,0.0,0.0,0.0,0.0,0.0,0.0,0.0,0.0
1062,TBStack-LR,1,1,TreeStacking,Extract Subclass,0.0274914089347079,0.0071481390189795,0.0226155358898721,0.0025862068965517,0.0,2.069092358152224e-05,0.0083483983668826,0.0073710073710073,0.001004016064257,0.238095238095238,0.0022045855379188,0.0,0.0,0.0024220405691795,0.0024235080278703,0.0,0.0061881188118811,0.0351758793969849,0.0106382978723404,0.0,0.0,0.0003027550711474,0.0065543071161048,0.0012110202845897,0.0027272727272727,0.0,0.000877808988764,0.0,0.006914433880726,0.0201938610662358,0.0001561280249804,0.0056925996204933,0.0,0.0602150537634408,0.0072661217075386,0.0053276505061267,1.0,0.003671970624235,0.0005378372220707,0.0019731572469572,0.0769230769230769,0.0,0.0094339622641509,0.0076056338028169,0.0016583747927031
1063,TBStack-LR,1,1,TreeStacking,Extract Subclass,0.0,0.0027113630761646,0.0216322517207472,0.0,0.0,0.0,0.0009140582153521,0.0073710073710073,0.0002510040160642,0.1428571428571428,0.0008818342151675,0.0,0.0,0.0003027550711474,0.0003029385034837,0.0,0.0006188118811881,0.0050251256281407,0.0,0.0,0.0,0.0,0.0009363295880149,0.0003027550711474,0.0009090909090909,0.0,8.778089887640449e-05,0.0,0.0,0.0169628432956381,0.0009367681498829,0.0009487666034155,0.0,0.0223655913978494,0.0027247956403269,0.002397442727757,0.0,0.0,0.0,0.0,0.0,0.0,0.0,0.0,0.0
1064,TBStack-LR,1,1,TreeStacking,Extract Subclass,0.0,0.0601429627803795,0.0403146509341199,0.025,0.0,0.000241394108451,0.0181186650687574,0.0712530712530712,0.0085341365461847,0.4285714285714285,0.0022045855379188,0.0,0.0,0.0127157129881925,0.0045440775522568,0.0,0.0241336633663366,0.0,0.0106382978723404,0.0333333333333333,0.0058479532163742,0.0118074477747502,0.0337078651685393,0.0045413260672116,0.0018181818181818,0.0126582278481012,0.001755617977528,0.0006425358749196,0.0432152117545375,0.1122778675282714,0.0252927400468384,0.0009487666034155,0.0593607305936073,0.1135483870967742,0.0620647895852255,0.0599360681939264,0.5625,0.0085679314565483,0.0041010088182894,0.0003418836814034,0.3846153846153846,0.0,0.0471698113207547,0.0045070422535211,0.0008291873963515
1065,TBStack-LR,1,1,TreeStacking,Extract Subclass,0.0,0.001232437761893,0.0039331366764995,0.0,0.0,2.2989915090580268e-06,0.0003453108813552,0.0024570024570024,0.0002510040160642,0.0952380952380952,0.0,0.0070422535211267,0.0,0.0,0.0,0.0,0.0018564356435643,0.0,0.0,0.0,0.0058479532163742,0.0,0.0009363295880149,0.0,0.0,0.0,0.0002633426966292,0.0,0.0008643042350907,0.0064620355411954,0.0,0.0009487666034155,0.0,0.0068817204301075,0.0015137753557372,0.0010655301012253,0.0,0.0,0.0,0.0,0.0,0.0,0.0,0.0,0.0
1066,TBStack-LR,1,1,TreeStacking,Extract Subclass,0.0034364261168384,0.0103524771999014,0.0304818092428711,0.0025862068965517,0.0,0.0004620972933206,0.0076374641993865,0.0122850122850122,0.0037650602409638,0.1428571428571428,0.0044091710758377,0.0,0.0,0.0036330608537693,0.0009088155104513,0.0,0.0284653465346534,0.0603015075376884,0.0744680851063829,0.0,0.0,0.0,0.0299625468164794,0.0003027550711474,0.0,0.0,0.0007022471910112,0.0004283572499464,0.0181503889369057,0.0815831987075929,0.0084309133489461,0.0009487666034155,0.0136986301369863,0.0735483870967741,0.0105964274901604,0.0229088971763452,0.4605263157894737,0.0159118727050183,0.001789055759527,0.0014652157774434,0.3076923076923077,0.0571428571428571,0.0943396226415094,0.0214084507042253,0.0066334991708126
1067,TBStack-LR,1,0,TreeStacking,Extract Subclass,0.0,0.0,0.0019665683382497,0.0,0.0,0.0623839009287925,0.0164327354715524,0.0,0.0002510040160642,0.0,0.0,0.0,0.0,0.0,0.0,0.0,0.25,0.0,0.0,0.0,0.0,0.0,0.0,0.0,0.0,0.0,0.0,0.0,0.0,0.0,0.0633879781420765,0.0009487666034155,0.0,0.2236559139784946,0.0,0.1076185402237613,0.24,0.0563035495716034,0.004579086349019,0.0006349268368921,0.5384615384615385,0.1523809523809524,0.2169811320754716,0.028169014084507,0.0
1068,TBStack-LR,1,0,TreeStacking,Extract Subclass,0.0,0.0078876016761153,0.0245821042281219,0.0008620689655172,0.0,5.824111822947e-05,0.0040624809571205,0.0147420147420147,0.001004016064257,0.1428571428571428,0.0013227513227513,0.0,0.0,0.0015137753557372,0.0003029385034837,0.0,0.0099009900990099,0.0251256281407035,0.0106382978723404,0.0,0.0,0.0,0.0131086142322097,0.0003027550711474,0.0009090909090909,0.0,0.000877808988764,0.0,0.0060501296456352,0.0508885298869143,0.0021857923497267,0.0009487666034155,0.0136986301369863,0.0455913978494623,0.0084771419921283,0.0095897709110282,0.0,0.0,0.0,0.0,0.0,0.0,0.0,0.0,0.0
1069,TBStack-LR,1,1,TreeStacking,Extract Subclass,0.0549828178694158,0.0162681784569879,0.0432645034414945,0.0017241379310344,0.0,7.663305030193422e-07,0.006946842436676,0.0098280098280098,0.0040160642570281,0.1904761904761904,0.0013227513227513,0.0,0.0,0.0003027550711474,0.0003029385034837,0.0,0.0018564356435643,0.0050251256281407,0.0,0.0,0.0116959064327485,0.0,0.0009363295880149,0.0,0.0,0.0,0.0014922752808988,0.0008567144998929,0.0,0.0258481421647819,0.0198282591725214,0.0009487666034155,0.0,0.0713978494623655,0.0184680593399939,0.0034629728289824,0.9226519337016574,0.00734394124847,0.0025696667276713,0.0037314161798894,0.0769230769230769,0.0476190476190476,0.0566037735849056,0.0509859154929577,0.0140961857379767
1070,TBStack-LR,1,1,TreeStacking,Extract Subclass,0.0,0.0204584668474242,0.0324483775811209,0.0103448275862068,0.0,3.3718542132851054e-05,0.0165342974954804,0.0,0.0055220883534136,0.238095238095238,0.0,0.0,0.0,0.0054495912806539,0.004241139048773,0.0,0.010519801980198,0.0452261306532663,0.0212765957446808,0.0,0.0,0.0003027550711474,0.0074906367041198,0.0003027550711474,0.0,0.0,0.0023700842696629,0.0021417862497322,0.0121002592912705,0.0476575121163166,0.0078064012490242,0.0018975332068311,0.0228310502283105,0.0886021505376344,0.0193763245534362,0.0266382525306339,0.803680981595092,0.0648714810281517,0.0021662888111182,0.001562896829273,0.1538461538461538,0.0476190476190476,0.0660377358490566,0.0459154929577464,0.0140961857379767
1071,TBStack-LR,1,1,TreeStacking,Extract Subclass,0.0206185567010309,0.0113384274094158,0.0344149459193707,0.0025862068965517,0.0,0.0002651503540446,0.0088765208913083,0.0024570024570024,0.0007530120481927,0.1428571428571428,0.0008818342151675,0.0,0.0,0.0042385709960641,0.0009088155104513,0.0,0.0179455445544554,0.0703517587939698,0.0,0.0,0.0058479532163742,0.0,0.0262172284644194,0.0012110202845897,0.0,0.0,0.0020189606741573,0.0004283572499464,0.0043215211754537,0.0638126009693053,0.0034348165495706,0.0047438330170777,0.0,0.0713978494623655,0.0124129579170451,0.0178476291955247,0.8333333333333334,0.0269277845777233,0.0005789220098678,0.0003809561021353,0.1538461538461538,0.0,0.0188679245283018,0.0118309859154929,0.0049751243781094
1072,TBStack-LR,1,1,TreeStacking,Extract Subclass,0.0,0.0051762385999507,0.0039331366764995,0.0,0.0,1.9158262575483554e-05,0.0017265544067762,0.0049140049140049,0.0,0.1904761904761904,0.0004409171075837,0.0,0.0,0.004844081138359,0.0006058770069675,0.0,0.0061881188118811,0.0351758793969849,0.0053191489361702,0.0,0.0,0.0018165304268846,0.0065543071161048,0.0018165304268846,0.0,0.0,8.778089887640449e-05,0.0,0.010371650821089,0.0064620355411954,0.009367681498829,0.0009487666034155,0.0,0.0331182795698924,0.0057523463518013,0.0050612679808204,0.0,0.0,0.0,0.0,0.0,0.0,0.0,0.0,0.0
1073,TBStack-LR,1,1,TreeStacking,Extract Subclass,0.0034364261168384,0.0061621888094651,0.0147492625368731,0.0043103448275862,0.0,2.1457254084541585e-05,0.009912453535374,0.0049140049140049,0.0005020080321285,0.1428571428571428,0.0026455026455026,0.0,0.0,0.0,0.0,0.0,0.0049504950495049,0.0,0.0,0.0,0.0292397660818713,0.0,0.0028089887640449,0.0,0.0,0.0,0.000438904494382,0.0,0.0086430423509075,0.0403877221324717,0.0029664324746291,0.0037950664136622,0.0,0.0756989247311828,0.0063578564940962,0.0063931806073521,0.3809523809523809,0.0208078335373316,0.0026705112068096,0.000879129466466,0.3846153846153846,0.0095238095238095,0.0566037735849056,0.0118309859154929,0.011608623548922
1074,TBStack-LR,1,1,TreeStacking,Extract Subclass,0.0,0.0066551639142223,0.0108161258603736,0.0008620689655172,0.0,8.276369432608895e-05,0.0041843553858341,0.0442260442260442,0.0,0.2857142857142857,0.005731922398589,0.0,0.0,0.0009082652134423,0.0009088155104513,0.0,0.010519801980198,0.0150753768844221,0.0106382978723404,0.0,0.0116959064327485,0.0,0.0121722846441947,0.0,0.0,0.0,0.0,0.0,0.0060501296456352,0.0339256865912762,0.0009367681498829,0.0009487666034155,0.0273972602739726,0.0335483870967741,0.0078716318498334,0.0146510388918486,0.0,0.0,0.0,0.0,0.0,0.0,0.0,0.0,0.0
1075,TBStack-LR,1,1,TreeStacking,Extract Subclass,0.0,0.0066551639142223,0.0452310717797443,0.0,0.0,9.195966036232109e-06,0.0024781133838435,0.0,0.0,0.0952380952380952,0.0,0.0,0.0,0.002119285498032,0.0021205695243865,0.0,0.005569306930693,0.0201005025125628,0.0159574468085106,0.0,0.0,0.0009082652134423,0.0056179775280898,0.0009082652134423,0.0009090909090909,0.0,0.0,0.0,0.010371650821089,0.0347334410339256,0.0010928961748633,0.0018975332068311,0.0,0.04,0.0081743869209809,0.003995737879595,0.4117647058823529,0.0012239902080783,0.0010794094248503,0.0003125793658546,0.4615384615384615,0.0,0.0566037735849056,0.0047887323943661,0.0008291873963515
1076,TBStack-LR,1,1,TreeStacking,Extract Subclass,0.0,0.0032043381809218,0.0196656833824975,0.0025862068965517,0.0,0.0004559666492965,0.0047734151246166,0.0024570024570024,0.0002510040160642,0.0476190476190476,0.0246913580246913,0.0,0.0568720379146919,0.0,0.0,0.0,0.0216584158415841,0.0,0.0,0.0,0.0,0.0,0.0149812734082397,0.0,0.02,0.0,0.0006144662921348,0.0,0.0319792566983578,0.0355411954765751,0.0003122560499609,0.0056925996204933,0.0,0.0262365591397849,0.0036330608537693,0.0106553010122535,0.0,0.0,0.0,0.0,0.0,0.0,0.0,0.0,0.0
1077,TBStack-LR,1,1,TreeStacking,Extract Subclass,0.0,0.003697313285679,0.0,0.0068965517241379,0.0,4.5979830181160536e-06,0.0010562450488513,0.0,0.0002510040160642,0.1904761904761904,0.0026455026455026,0.0,0.0,0.002119285498032,0.0021205695243865,0.0,0.0030940594059405,0.0100502512562814,0.0053191489361702,0.0,0.0,0.0015137753557372,0.0037453183520599,0.002119285498032,0.0036363636363636,0.0,0.001316713483146,0.0,0.0095073465859982,0.0024232633279483,0.0007806401249024,0.0009487666034155,0.0,0.0150537634408602,0.0045413260672116,0.0050612679808204,0.7946666666666666,0.0611995104039167,0.0033502776958157,0.0073553832027663,0.2307692307692307,0.0095238095238095,0.0377358490566037,0.2112676056338028,0.0
1078,TBStack-LR,1,1,TreeStacking,Extract Subclass,0.0,0.0002464875523786,0.0039331366764995,0.0,0.0,0.0,0.0024781133838435,0.0,0.0,0.0,0.0,0.0,0.0,0.0003027550711474,0.0,0.0,0.0,0.0050251256281407,0.0,0.0,0.0,0.0,0.0,0.0003027550711474,0.0,0.0,8.778089887640449e-05,0.0,0.0,0.0,0.0,0.00853889943074,0.0,0.0240860215053763,0.0003027550711474,0.0,0.0,0.0,0.0,0.0,0.0,0.0,0.0,0.0,0.0
1079,TBStack-LR,1,1,TreeStacking,Extract Subclass,0.0,0.0032043381809218,0.0,0.0,0.0,0.0,0.000304686071784,0.0,0.0002510040160642,0.0,0.0,0.0,0.0,0.0039358159249167,0.0039382005452893,0.0,0.0,0.0,0.0,0.0,0.0,0.0039358159249167,0.0,0.0039358159249167,0.0,0.0,0.0,0.0,0.0,0.0,0.0020296643247462,0.0009487666034155,0.0,0.0116129032258064,0.0039358159249167,0.0,0.0,0.0,0.0,0.0,0.0,0.0,0.0,0.0,0.0
1080,TBStack-LR,1,1,TreeStacking,Extract Subclass,0.0,0.0032043381809218,0.007866273352999,0.0,0.0,1.3027618551328815e-05,0.0026609250269139,0.0024570024570024,0.0,0.1428571428571428,0.0004409171075837,0.0,0.0,0.0012110202845897,0.0,0.0,0.0043316831683168,0.0201005025125628,0.0053191489361702,0.0,0.0,0.0,0.0028089887640449,0.0,0.0,0.0,0.0001755617977528,0.0,0.003457216940363,0.0153473344103392,0.0001561280249804,0.0037950664136622,0.0,0.0339784946236559,0.0036330608537693,0.002397442727757,0.0,0.0,0.0,0.0,0.0,0.0,0.0,0.0,0.0
1081,TBStack-LR,1,1,TreeStacking,Extract Subclass,0.0,0.0192260290855311,0.0108161258603736,0.0129310344827586,0.0,4.5979830181160536e-06,0.0060734090308951,0.0098280098280098,0.0065261044176706,0.238095238095238,0.0061728395061728,0.0,0.0,0.002119285498032,0.0021205695243865,0.005420054200542,0.0024752475247524,0.0,0.0159574468085106,0.0,0.0,0.002119285498032,0.0009363295880149,0.002119285498032,0.0036363636363636,0.0,0.0043890449438202,0.0029985007496251,0.0155574762316335,0.0508885298869143,0.0232630757220921,0.0009487666034155,0.0547945205479452,0.0494623655913978,0.0136239782016348,0.0151838039424613,0.5714285714285714,0.0134638922888616,0.0009897698878385,0.0004102604176841,0.1538461538461538,0.0095238095238095,0.0283018867924528,0.0078873239436619,0.0049751243781094
1082,TBStack-LR,1,1,TreeStacking,Extract Subclass,0.0,0.0004929751047572,0.0058997050147492,0.0,0.0,0.0,0.0004671853100688,0.0,0.0005020080321285,0.0476190476190476,0.0,0.0,0.0,0.0006055101422948,0.0,0.0,0.0018564356435643,0.0050251256281407,0.0,0.0,0.0,0.0003027550711474,0.0028089887640449,0.0003027550711474,0.0,0.0,8.778089887640449e-05,0.0,0.0,0.0088852988691437,0.0006245120999219,0.0009487666034155,0.0,0.0094623655913978,0.0009082652134423,0.000799147575919,0.0,0.0,0.0,0.0,0.0,0.0,0.0,0.0,0.0
1083,TBStack-LR,1,1,TreeStacking,Extract Subclass,0.0034364261168384,0.0285925560759181,0.0530973451327433,0.0129310344827586,0.0,0.0007211170033412,0.0119233816091487,0.0368550368550368,0.0040160642570281,0.2857142857142857,0.0004409171075837,0.0,0.0,0.004844081138359,0.0030293850348379,0.0,0.0340346534653465,0.0653266331658291,0.0691489361702127,0.0333333333333333,0.0292397660818713,0.0,0.0318352059925093,0.0012110202845897,0.0,0.0,0.0014044943820224,0.0014992503748125,0.0293863439930855,0.0928917609046849,0.0064012490241998,0.0009487666034155,0.0091324200913242,0.086021505376344,0.0302755071147441,0.0370271710175812,0.0,0.0,0.0,0.0,0.0,0.0,0.0,0.0,0.0
1084,TBStack-LR,1,1,TreeStacking,Extract Subclass,0.0,0.0285925560759181,0.0108161258603736,0.0155172413793103,0.0,0.0001440701345676,0.0092624565822347,0.0147420147420147,0.0017570281124497,0.1904761904761904,0.0004409171075837,0.0,0.0,0.004844081138359,0.0030293850348379,0.0,0.0247524752475247,0.0050251256281407,0.0319148936170212,0.0666666666666666,0.0058479532163742,0.0,0.0308988764044943,0.0030275507114744,0.0,0.0,0.0031601123595505,0.0036410366245448,0.0250648228176318,0.0621970920840064,0.0021857923497267,0.0009487666034155,0.0228310502283105,0.053763440860215,0.0184680593399939,0.0335641981885988,0.4918032786885246,0.0122399020807833,0.0036789559981922,0.0018559399847617,0.1538461538461538,0.0095238095238095,0.0283018867924528,0.0171830985915492,0.0066334991708126
1085,TBStack-LR,1,1,TreeStacking,Extract Subclass,0.5463917525773195,0.0421493714567414,0.0412979351032448,0.0094827586206896,0.0,0.0002835422861171,0.0357498324226605,0.0049140049140049,0.0015060240963855,0.1904761904761904,0.0030864197530864,0.0,0.0,0.0460187708144111,0.0424113904877309,0.0,0.0173267326732673,0.7386934673366834,0.0904255319148936,0.0,0.0292397660818713,0.0,0.0009363295880149,0.0015137753557372,0.0054545454545454,0.0,0.0001755617977528,0.0010708931248661,0.017286084701815,0.0500807754442649,0.0263856362217017,0.0028462998102466,0.0,0.2154838709677419,0.0511656070239176,0.0586041555673947,0.1824817518248175,0.1615667074663402,0.0118996485383152,0.0143298103033973,0.4615384615384615,0.5619047619047619,0.6132075471698113,0.1543661971830986,0.0082918739635157
1086,TBStack-LR,1,1,TreeStacking,Extract Subclass,0.0034364261168384,0.0140497904855804,0.0196656833824975,0.0094827586206896,0.0,4.4447169175121845e-05,0.0063171578883223,0.0196560196560196,0.0047690763052208,0.238095238095238,0.0044091710758377,0.0,0.0,0.0015137753557372,0.0012117540139351,0.0,0.010519801980198,0.0251256281407035,0.0106382978723404,0.0,0.0,0.0,0.0140449438202247,0.0003027550711474,0.0009090909090909,0.0126582278481012,0.001316713483146,0.0002141786249732,0.0146931719965427,0.0508885298869143,0.0071818891491022,0.0009487666034155,0.0182648401826484,0.0597849462365591,0.0157432636996669,0.0167820990942994,0.0,0.0,0.0,0.0,0.0,0.0,0.0,0.0,0.0
1087,TBStack-LR,1,1,TreeStacking,Extract Subclass,0.0,0.0002464875523786,0.0029498525073746,0.0,0.0,6.1306440241547375e-06,0.0004265605004976,0.0,0.0,0.0952380952380952,0.0,0.0,0.0,0.0003027550711474,0.0003029385034837,0.0,0.0030940594059405,0.0050251256281407,0.0,0.0,0.0175438596491228,0.0,0.0009363295880149,0.0,0.0,0.0,0.0,0.0,0.0025929127052722,0.0040387722132471,0.0001561280249804,0.0009487666034155,0.0,0.0116129032258064,0.0003027550711474,0.001598295151838,0.0,0.0,0.0,0.0,0.0,0.0,0.0,0.0,0.0
1088,TBStack-LR,1,1,TreeStacking,Extract Subclass,0.0,0.0029578506285432,0.0275319567354965,0.0,0.0,7.663305030193421e-06,0.001990615668989,0.0,0.0,0.0476190476190476,0.0,0.0,0.0,0.0039358159249167,0.0015146925174189,0.0,0.0030940594059405,0.0452261306532663,0.0,0.0,0.0292397660818713,0.0009082652134423,0.0,0.0012110202845897,0.0,0.0,0.0001755617977528,0.0,0.0008643042350907,0.0088852988691437,0.0028103044496487,0.0009487666034155,0.0,0.0374193548387096,0.0060551014229488,0.0013319126265316,0.0,0.0,0.0,0.0,0.0,0.0,0.0,0.0,0.0
1089,TBStack-LR,1,1,TreeStacking,Extract Subclass,0.0,0.0019719004190288,0.0039331366764995,0.0017241379310344,0.0,1.5326610060386843e-05,0.001990615668989,0.0,0.0007530120481927,0.0952380952380952,0.0039682539682539,0.0,0.0,0.0015137753557372,0.0015146925174189,0.0,0.0074257425742574,0.0201005025125628,0.0106382978723404,0.0,0.0,0.0003027550711474,0.0093632958801498,0.0009082652134423,0.0027272727272727,0.0,0.0,0.0002141786249732,0.0086430423509075,0.0121163166397415,0.0037470725995316,0.0018975332068311,0.0045662100456621,0.0279569892473118,0.0024220405691795,0.003995737879595,0.5,0.0012239902080783,0.0001307243248088,0.0001758258932932,0.3076923076923077,0.0,0.0377358490566037,0.0045070422535211,0.0016583747927031
1090,TBStack-LR,1,1,TreeStacking,Extract Subclass,0.0103092783505154,0.0046832634951934,0.0068829891838741,0.0,0.0,9.195966036232109e-06,0.0025187381934147,0.0024570024570024,0.0002510040160642,0.0952380952380952,0.0004409171075837,0.0,0.0,0.0027247956403269,0.0003029385034837,0.0,0.005569306930693,0.0351758793969849,0.0,0.0,0.0,0.0006055101422948,0.0074906367041198,0.0003027550711474,0.0009090909090909,0.0,0.0001755617977528,0.0,0.0025929127052722,0.0153473344103392,0.0007806401249024,0.0037950664136622,0.0,0.0034408602150537,0.0057523463518013,0.0026638252530633,0.0,0.0,0.0,0.0,0.0,0.0,0.0,0.0,0.0
1091,TBStack-LR,1,1,TreeStacking,Extract Subclass,0.0481099656357388,0.0219373921616958,0.0334316617502458,0.0146551724137931,0.0,0.0002291328204027,0.0156202392801283,0.0171990171990172,0.0012550200803212,0.238095238095238,0.0004409171075837,0.0,0.0,0.0060551014229488,0.0003029385034837,0.0,0.0216584158415841,0.0402010050251256,0.1063829787234042,0.0,0.0058479532163742,0.0,0.0131086142322097,0.0003027550711474,0.0,0.0,0.0025456460674157,0.0010708931248661,0.024200518582541,0.0928917609046849,0.0023419203747072,0.0018975332068311,0.0,0.0843010752688172,0.0221011201937632,0.0394246137453383,0.75,0.0048959608323133,0.0034361822521186,0.0001758258932932,0.1538461538461538,0.0,0.0188679245283018,0.0056338028169014,0.0008291873963515
1092,TBStack-LR,1,1,TreeStacking,Extract Subclass,0.0,0.0002464875523786,0.0039331366764995,0.0008620689655172,0.0,7.663305030193422e-07,0.0002234364526416,0.0,0.0,0.0476190476190476,0.0,0.0,0.0,0.0003027550711474,0.0003029385034837,0.0,0.0012376237623762,0.0,0.0,0.0,0.0058479532163742,0.0003027550711474,0.0009363295880149,0.0,0.0,0.0,0.0,0.0,0.0,0.0008077544426494,0.0,0.0009487666034155,0.0,0.006021505376344,0.0003027550711474,0.000799147575919,0.0,0.0,0.0,0.0,0.0,0.0,0.0,0.0,0.0
1093,TBStack-LR,1,1,TreeStacking,Extract Subclass,0.0,0.014296278037959,0.0019665683382497,0.0008620689655172,0.0,0.0,0.0015640551684913,0.0,0.0015060240963855,0.0,0.0013227513227513,0.0,0.0,0.0175597941265516,0.0175704332020599,0.0,0.0,0.0150753768844221,0.0,0.0,0.0,0.0166515289131092,0.0,0.0175597941265516,0.0,0.0,0.001316713483146,0.0,0.0,0.0072697899838449,0.0053083528493364,0.0018975332068311,0.0,0.0223655913978494,0.0175597941265516,0.000799147575919,1.0,0.0159118727050183,0.0004295227815148,0.0009865786234786,0.0769230769230769,0.0,0.0094339622641509,0.0307042253521126,0.0016583747927031
1094,TBStack-LR,1,1,TreeStacking,Extract Subclass,0.0309278350515463,0.0123243776189302,0.0521140609636184,0.0008620689655172,0.0192307692307692,0.0003042332096986,0.0076984014137433,0.0,0.0,0.1904761904761904,0.0004409171075837,0.0492957746478873,0.0,0.0042385709960641,0.0030293850348379,0.0,0.0185643564356435,0.0452261306532663,0.0478723404255319,0.0111111111111111,0.1169590643274853,0.0012110202845897,0.0009363295880149,0.0030275507114744,0.0,0.0,0.000438904494382,0.0,0.013828867761452,0.0525040387722132,0.0026541764246682,0.0009487666034155,0.0045662100456621,0.0649462365591397,0.0127157129881925,0.0135855087906233,0.5555555555555556,0.0171358629130966,0.0023605078079771,0.0013577666204309,0.3076923076923077,0.0285714285714285,0.0660377358490566,0.0101408450704225,0.005804311774461
1095,TBStack-LR,1,1,TreeStacking,Extract Subclass,0.0034364261168384,0.0672911017993591,0.0226155358898721,0.0137931034482758,0.0,0.0,0.0181796022831143,0.1941031941031941,0.0210843373493975,0.4761904761904761,0.0013227513227513,0.0,0.0,0.0042385709960641,0.0024235080278703,0.0,0.0074257425742574,0.0653266331658291,0.0478723404255319,0.0,0.0,0.0003027550711474,0.0028089887640449,0.0003027550711474,0.0,0.0,0.0071102528089887,0.0059970014992503,0.0025929127052722,0.1155088852988691,0.0163934426229508,0.0009487666034155,0.0,0.0993548387096774,0.0675143808658795,0.0652637187000532,0.6956521739130435,0.011015911872705,0.0051878882045574,0.0031941703948268,0.1538461538461538,0.0,0.0188679245283018,0.0064788732394366,0.0066334991708126
1096,TBStack-LR,1,1,TreeStacking,Extract Subclass,0.0,0.0,0.0058997050147492,0.0,0.0,2.2989915090580268e-06,0.0002843736669984,0.0,0.0,0.0476190476190476,0.0,0.0,0.0,0.0,0.0,0.0,0.0018564356435643,0.0,0.0,0.0,0.0,0.0,0.0028089887640449,0.0,0.0,0.0,0.0,0.0,0.0,0.0,0.0,0.0009487666034155,0.0,0.010752688172043,0.0,0.000799147575919,0.0,0.0,0.0,0.0,0.0,0.0,0.0,0.0,0.0
1097,TBStack-LR,1,1,TreeStacking,Extract Subclass,0.0,0.1294059649987675,0.0,0.0,0.0,0.0,0.0110093233937965,0.0,0.0,0.0,0.0,0.0,0.0,0.1589464123524069,0.1590427143289912,0.0,0.0,0.0,0.0,0.0,0.0,0.1589464123524069,0.0,0.1589464123524069,0.0,0.0,0.0,0.0,0.0,0.0,0.081967213114754,0.0009487666034155,0.0,0.016774193548387,0.1589464123524069,0.0,0.08,0.0305997552019583,0.0005826569905766,0.000439564733233,0.6153846153846154,0.2666666666666667,0.3396226415094339,0.028169014084507,0.0
1098,TBStack-LR,1,1,TreeStacking,Extract Subclass,0.0,0.0,0.0019665683382497,0.0,0.0,0.0,0.0007921837866385,0.0,0.0,0.0,0.0,0.0,0.0,0.0,0.0,0.0,0.0,0.0,0.0,0.0,0.0,0.0,0.0,0.0,0.0,0.0,0.0,0.0,0.0,0.0,0.0,0.0037950664136622,0.0,0.013763440860215,0.0,0.0,0.0,0.0,0.0,0.0,0.0,0.0,0.0,0.0,0.0
1099,TBStack-LR,1,1,TreeStacking,Extract Subclass,0.0,0.0002464875523786,0.0029498525073746,0.0,0.0,0.0,0.0001624992382848,0.0,0.0,0.0476190476190476,0.0,0.0,0.0,0.0003027550711474,0.0003029385034837,0.0,0.0012376237623762,0.0050251256281407,0.0,0.0,0.0,0.0,0.0018726591760299,0.0,0.0,0.0,0.0,0.0,0.0008643042350907,0.0008077544426494,0.0,0.0009487666034155,0.0,0.0021505376344086,0.0003027550711474,0.0005327650506126,0.0,0.0,0.0,0.0,0.0,0.0,0.0,0.0,0.0
1100,TBStack-LR,1,1,TreeStacking,Extract Subclass,0.0240549828178694,0.0051762385999507,0.0216322517207472,0.0086206896551724,0.0,1.6092940563406187e-05,0.0120452560378623,0.0,0.0,0.0952380952380952,0.0,0.0,0.0,0.0027247956403269,0.0,0.0,0.0068069306930693,0.0301507537688442,0.0106382978723404,0.0333333333333333,0.0175438596491228,0.0,0.0056179775280898,0.0009082652134423,0.0,0.0,0.0012289325842696,0.0,0.0051858254105445,0.0323101777059773,0.0,0.0047438330170777,0.0,0.0791397849462365,0.0045413260672116,0.0066595631326584,0.6153846153846154,0.0012239902080783,0.0023567728272683,0.0005567819954285,0.2307692307692307,0.0,0.0283018867924528,0.0036619718309859,0.0033167495854063
1101,TBStack-LR,1,1,TreeStacking,Extract Subclass,0.0,0.0246487552378604,0.0058997050147492,0.0094827586206896,0.0,0.0001410048125555,0.0060530966261095,0.0049140049140049,0.0017570281124497,0.1904761904761904,0.0185185185185185,0.0,0.0,0.0154405086285195,0.0106028476219327,0.0,0.0129950495049504,0.0050251256281407,0.0,0.2555555555555556,0.0,0.0081743869209809,0.0196629213483146,0.0154405086285195,0.019090909090909,0.0,0.001755617977528,0.0006425358749196,0.017286084701815,0.0508885298869143,0.009055425448868,0.0009487666034155,0.0593607305936073,0.0649462365591397,0.0239176506206478,0.015716568993074,0.3823529411764705,0.0159118727050183,0.0010980843283944,0.00042979662805,0.4615384615384615,0.0095238095238095,0.0660377358490566,0.0095774647887323,0.0008291873963515
1102,TBStack-LR,1,1,TreeStacking,Extract Subclass,0.0,0.0295785062854325,0.0324483775811209,0.0094827586206896,0.0,0.0002115072188333,0.0122280676809327,0.0024570024570024,0.0075301204819277,0.238095238095238,0.001763668430335,0.0,0.0,0.0042385709960641,0.0006058770069675,0.0,0.0198019801980198,0.0,0.0319148936170212,0.1333333333333333,0.0058479532163742,0.0006055101422948,0.0234082397003745,0.002119285498032,0.0054545454545454,0.0253164556962025,0.0014922752808988,0.0002141786249732,0.0233362143474503,0.0751211631663974,0.0207650273224043,0.0009487666034155,0.1141552511415525,0.0941935483870967,0.023312140478353,0.041555673947789,0.0,0.0,0.0,0.0,0.0,0.0,0.0,0.0,0.0
1103,TBStack-LR,1,1,TreeStacking,Extract Subclass,0.0,0.0019719004190288,0.0294985250737463,0.0008620689655172,0.0,0.0,0.0087546464625947,0.0024570024570024,0.0168172690763052,0.0952380952380952,0.0004409171075837,0.0,0.0,0.0009082652134423,0.0,0.0,0.0426980198019802,0.0100502512562814,0.0159574468085106,0.0111111111111111,0.0,0.0,0.0617977528089887,0.0,0.0,0.0,0.0,0.0,0.0043215211754537,0.0896607431340872,0.0128024980483996,0.0009487666034155,0.0,0.0438709677419354,0.0024220405691795,0.0383590836441129,0.0,0.0,0.0,0.0,0.0,0.0,0.0,0.0,0.0
1104,TBStack-LR,1,1,TreeStacking,Extract Subclass,0.0,0.0199654917426669,0.0363815142576204,0.0,0.0,7.663305030193422e-07,0.0058905973878247,0.0368550368550368,0.003012048192771,0.238095238095238,0.0035273368606701,0.0,0.0,0.0012110202845897,0.0003029385034837,0.0,0.0012376237623762,0.0050251256281407,0.0,0.0,0.0,0.0,0.0018726591760299,0.0003027550711474,0.0,0.0,0.0007900280898876,0.0,0.0017286084701815,0.0945072697899838,0.0078064012490242,0.0009487666034155,0.0136986301369863,0.0670967741935483,0.0236148955495004,0.0119872136387852,0.9491525423728814,0.0122399020807833,0.0008030208523972,0.0003614198917693,0.0769230769230769,0.019047619047619,0.0283018867924528,0.0166197183098591,0.0024875621890547
1105,TBStack-LR,1,1,TreeStacking,Extract Subclass,0.0,0.0022183879714074,0.0147492625368731,0.0008620689655172,0.1025641025641025,4.5979830181160536e-06,0.006946842436676,0.0,0.0,0.0952380952380952,0.0,0.0,0.0,0.0012110202845897,0.0,0.0,0.0024752475247524,0.0201005025125628,0.0,0.0,0.0,0.0,0.0037453183520599,0.0,0.0,0.0,0.0,0.0,0.0025929127052722,0.0121163166397415,0.0,0.0047438330170777,0.0,0.0541935483870967,0.0036330608537693,0.001598295151838,1.0,0.0,0.0,0.0,0.0769230769230769,0.0,0.0094339622641509,0.000281690140845,0.0008291873963515
1106,TBStack-LR,1,1,TreeStacking,Extract Subclass,0.0,0.0115849149617944,0.0088495575221238,0.0060344827586206,0.0,4.214817766606382e-05,0.0040827933619061,0.0073710073710073,0.0032630522088353,0.238095238095238,0.0008818342151675,0.0,0.0,0.0,0.0,0.002710027100271,0.0068069306930693,0.0,0.0,0.0,0.0116959064327485,0.0,0.0074906367041198,0.0,0.0,0.0,8.778089887640449e-05,0.0004283572499464,0.0017286084701815,0.0363489499192245,0.0034348165495706,0.0009487666034155,0.0319634703196347,0.0378494623655914,0.0039358159249167,0.0130527437400106,0.4606741573033708,0.0122399020807833,0.0074550214948139,0.0012991579893332,0.1538461538461538,0.0285714285714285,0.0471698113207547,0.0250704225352112,0.033167495854063
1107,TBStack-LR,1,1,TreeStacking,Extract Subclass,0.0,0.0394380083805767,0.0127826941986234,0.0094827586206896,0.0,0.0,0.0092218317726635,0.0,0.0165662650602409,0.0952380952380952,0.0004409171075837,0.0,0.0,0.0105964274901604,0.0102999091184489,0.0,0.0049504950495049,0.1105527638190954,0.0,0.0111111111111111,0.0,0.0033303057826218,0.0074906367041198,0.0105964274901604,0.0,0.0,0.004125702247191,0.0,0.0060501296456352,0.0226171243941841,0.0221701795472287,0.0009487666034155,0.0045662100456621,0.0490322580645161,0.020587344838026,0.0231752797016515,1.0,0.0012239902080783,0.0007171162960943,0.000449332838416,0.0769230769230769,0.0,0.0094339622641509,0.0078873239436619,0.0008291873963515
1108,TBStack-LR,1,1,TreeStacking,Extract Subclass,0.0068728522336769,0.014296278037959,0.0245821042281219,0.0258620689655172,0.0,4.90451521932379e-05,0.0063577826978936,0.0294840294840294,0.0015060240963855,0.1428571428571428,0.0,0.0,0.0,0.0045413260672116,0.0030293850348379,0.0,0.0154702970297029,0.0402010050251256,0.0106382978723404,0.0,0.0,0.0003027550711474,0.0215355805243445,0.0,0.0,0.0632911392405063,0.0007022471910112,0.0096380381237952,0.0121002592912705,0.0444264943457189,0.0015612802498048,0.0009487666034155,0.0,0.0580645161290322,0.0139267332727823,0.0207778369738945,0.8428571428571429,0.0195838433292533,0.0012362786146209,0.0009182018871979,0.1538461538461538,0.0285714285714285,0.0471698113207547,0.0197183098591549,0.0024875621890547
1109,TBStack-LR,1,1,TreeStacking,Extract Subclass,0.0,0.0046832634951934,0.0265486725663716,0.0,0.0,0.0,0.0027827994556275,0.0024570024570024,0.0005020080321285,0.1904761904761904,0.0013227513227513,0.0,0.0,0.0012110202845897,0.0006058770069675,0.0,0.0024752475247524,0.0201005025125628,0.0,0.0,0.0,0.0,0.0037453183520599,0.0006055101422948,0.0,0.0,0.000438904494382,0.0,0.0008643042350907,0.0315024232633279,0.0001561280249804,0.0018975332068311,0.0091324200913242,0.0369892473118279,0.0051468362095065,0.002397442727757,0.0,0.0,0.0,0.0,0.0,0.0,0.0,0.0,0.0
1110,TBStack-LR,1,1,TreeStacking,Extract Subclass,0.0,0.0007394626571358,0.007866273352999,0.0,0.0,0.0,0.0009546830249233,0.0,0.0002510040160642,0.0476190476190476,0.0,0.0,0.0,0.0003027550711474,0.0003029385034837,0.0,0.0074257425742574,0.0050251256281407,0.0053191489361702,0.0,0.0,0.0,0.0093632958801498,0.0,0.0,0.0,0.0,0.0,0.003457216940363,0.0129240710823909,0.0001561280249804,0.0009487666034155,0.0,0.0172043010752688,0.0009082652134423,0.003196590303676,0.7368421052631579,0.0085679314565483,0.0043549875064895,9.76810518295661e-06,0.2307692307692307,0.0,0.0283018867924528,0.0053521126760563,0.0008291873963515
1111,TBStack-LR,1,1,TreeStacking,Extract Subclass,0.0,0.0069016514666009,0.0068829891838741,0.0043103448275862,0.0,0.0,0.001685929597205,0.0,0.0005020080321285,0.1428571428571428,0.0013227513227513,0.0,0.0,0.0,0.0,0.0,0.0006188118811881,0.0,0.0,0.0,0.0,0.0,0.0009363295880149,0.0,0.0009090909090909,0.0,0.0007900280898876,0.0006425358749196,0.003457216940363,0.0169628432956381,0.00967993754879,0.0009487666034155,0.0182648401826484,0.0236559139784946,0.0063578564940962,0.003196590303676,0.72,0.0024479804161566,0.0009113352929532,0.0004102604176841,0.1538461538461538,0.019047619047619,0.0377358490566037,0.0070422535211267,0.0016583747927031
1112,TBStack-LR,1,1,TreeStacking,Extract Subclass,0.0,0.0,0.0009832841691248,0.0,0.0,1.6092940563406187e-05,0.0002234364526416,0.0,0.0,0.0,0.0,0.0,0.0,0.0,0.0,0.0,0.0043316831683168,0.0,0.0,0.0,0.0,0.0,0.0,0.0,0.0,0.0,0.0,0.0,0.0,0.0,0.0,0.0018975332068311,0.0,0.0086021505376344,0.0,0.0018646776771443,0.5923566878980892,0.0563035495716034,0.0505753737781944,0.0038974739679996,0.2307692307692307,0.1523809523809524,0.1792452830188679,0.044225352112676,0.0306799336650082
1113,TBStack-LR,1,1,TreeStacking,Extract Subclass,0.0,0.0475720976090707,0.0511307767944936,0.0103448275862068,0.0,0.0001770223461974,0.0135280615872113,0.0147420147420147,0.0017570281124497,0.2857142857142857,0.0022045855379188,0.0,0.0,0.0003027550711474,0.0003029385034837,0.0,0.0136138613861386,0.0,0.0,0.0111111111111111,0.023391812865497,0.0,0.0168539325842696,0.0003027550711474,0.0,0.0,0.0007900280898876,0.001927607624759,0.0250648228176318,0.117124394184168,0.0304449648711943,0.0009487666034155,0.0136986301369863,0.075268817204301,0.0484408113835906,0.0250399573787959,0.5116279069767442,0.02937576499388,0.0023380979237242,0.0058022544786762,0.2307692307692307,0.019047619047619,0.0471698113207547,0.024225352112676,0.0082918739635157
1114,TBStack-LR,1,1,TreeStacking,Extract Subclass,0.0,0.0004929751047572,0.0049164208456243,0.0,0.0,0.0248176133402813,0.0054030996729702,0.0,0.0,0.0952380952380952,0.0,0.0,0.0,0.0,0.0,0.0,0.1577970297029703,0.0,0.0,0.0,0.0,0.0,0.0159176029962546,0.0,0.0009090909090909,0.0,8.778089887640449e-05,0.0,0.0017286084701815,0.0016155088852988,0.0,0.0009487666034155,0.0,0.1595698924731182,0.0006055101422948,0.068193926478423,1.0,0.047735618115055,0.001467847418568,0.0001172172621954,0.0769230769230769,0.0,0.0094339622641509,0.0140845070422535,0.0
1115,TBStack-LR,1,1,TreeStacking,Extract Subclass,0.0,0.0009859502095144,0.0648967551622418,0.0,0.0,0.0,0.00337185919441,0.0073710073710073,0.0,0.1904761904761904,0.0,0.0,0.0,0.0006055101422948,0.0006058770069675,0.0,0.0018564356435643,0.0100502512562814,0.0,0.0,0.0058479532163742,0.0,0.0018726591760299,0.0,0.0,0.0,0.0,0.0,0.0,0.011308562197092,0.0,0.0018975332068311,0.0,0.0081720430107526,0.0012110202845897,0.0018646776771443,0.0,0.0,0.0,0.0,0.0,0.0,0.0,0.0,0.0
1116,TBStack-LR,1,0,TreeStacking,Extract Subclass,0.0,0.002464875523786,0.0255653883972468,0.0,0.0,9.195966036232109e-06,0.0015031179541345,0.0,0.0,0.0952380952380952,0.0004409171075837,0.0,0.0,0.0030275507114744,0.0030293850348379,0.0,0.0049504950495049,0.050251256281407,0.0,0.0,0.0058479532163742,0.0,0.0065543071161048,0.0006055101422948,0.0036363636363636,0.0,0.0,0.0,0.0025929127052722,0.0129240710823909,0.0004683840749414,0.0009487666034155,0.0,0.024516129032258,0.0030275507114744,0.002397442727757,1.0,0.0048959608323133,0.0004594026271854,0.0001953621036591,0.0769230769230769,0.0,0.0094339622641509,0.0022535211267605,0.0016583747927031
1117,TBStack-LR,1,0,TreeStacking,Extract Subclass,0.0034364261168384,0.002464875523786,0.0127826941986234,0.0,0.0,7.663305030193422e-07,0.0010968698584225,0.0,0.001004016064257,0.0952380952380952,0.0,0.0,0.0,0.0015137753557372,0.0009088155104513,0.0,0.0037128712871287,0.0251256281407035,0.0106382978723404,0.0,0.0,0.0,0.0037453183520599,0.0,0.0,0.0,0.0005266853932584,0.0002141786249732,0.0008643042350907,0.0185783521809369,0.0003122560499609,0.0009487666034155,0.0,0.0202150537634408,0.002119285498032,0.002397442727757,0.0,0.0,0.0,0.0,0.0,0.0,0.0,0.0,0.0
1118,TBStack-LR,1,1,TreeStacking,Extract Subclass,0.0034364261168384,0.0029578506285432,0.0098328416912487,0.0025862068965517,0.0,0.0,0.0014015559302065,0.0024570024570024,0.0002510040160642,0.1904761904761904,0.0008818342151675,0.0,0.0,0.0003027550711474,0.0003029385034837,0.005420054200542,0.0012376237623762,0.0050251256281407,0.0,0.0,0.0,0.0,0.0018726591760299,0.0003027550711474,0.0018181818181818,0.0,0.0002633426966292,0.0,0.003457216940363,0.0137318255250403,0.0014051522248243,0.0009487666034155,0.0,0.0193548387096774,0.0024220405691795,0.0037293553542887,0.0,0.0,0.0,0.0,0.0,0.0,0.0,0.0,0.0
1119,TBStack-LR,1,1,TreeStacking,Extract Subclass,0.0034364261168384,0.0039438008380576,0.0275319567354965,0.0017241379310344,0.0,0.0006674738681298,0.0066827811744632,0.0024570024570024,0.0005020080321285,0.1428571428571428,0.0,0.0,0.0,0.0030275507114744,0.0012117540139351,0.0,0.0266089108910891,0.0050251256281407,0.0,0.0,0.0,0.0,0.0365168539325842,0.0003027550711474,0.0,0.0,0.0,0.0,0.006914433880726,0.0105008077544426,0.0053083528493364,0.0009487666034155,0.0045662100456621,0.0894623655913978,0.0039358159249167,0.0130527437400106,0.3653846153846153,0.00734394124847,0.0043811323714513,0.0014945200929923,0.3846153846153846,0.0571428571428571,0.1037735849056603,0.0146478873239436,0.0049751243781094
1120,TBStack-LR,1,1,TreeStacking,Extract Subclass,0.0,0.0382055706186837,0.0363815142576204,0.021551724137931,0.0,0.0005517579621739,0.0108874489650829,0.0589680589680589,0.0110441767068273,0.238095238095238,0.0044091710758377,0.0,0.0,0.0196790796245837,0.0196910027264465,0.067750677506775,0.0247524752475247,0.0150753768844221,0.0319148936170212,0.0,0.0526315789473684,0.0130184680593399,0.0196629213483146,0.0142294883439297,0.0018181818181818,0.0,0.0028967696629213,0.0017134289997858,0.0821089023336214,0.0977382875605815,0.0143637782982045,0.0009487666034155,0.0045662100456621,0.0886021505376344,0.0405691795337571,0.0452850293020777,1.0,0.0012239902080783,0.00019048401615,6.837673628069627e-05,0.0769230769230769,0.0,0.0094339622641509,0.0025352112676056,0.0033167495854063
1121,TBStack-LR,1,1,TreeStacking,Extract Subclass,0.0,0.0,0.007866273352999,0.0008620689655172,0.0,2.758789810869632e-05,0.0007312465722816,0.0,0.0,0.0476190476190476,0.0030864197530864,0.0,0.0,0.0,0.0,0.0,0.005569306930693,0.0,0.0053191489361702,0.0,0.0,0.0,0.0074906367041198,0.0,0.0072727272727272,0.0,0.0,0.0,0.0,0.0024232633279483,0.0,0.0009487666034155,0.0,0.0094623655913978,0.0,0.0026638252530633,0.8571428571428571,0.0024479804161566,0.0007245862575119,0.0003614198917693,0.1538461538461538,0.0,0.0188679245283018,0.0019718309859154,0.0016583747927031
1122,TBStack-LR,1,0,TreeStacking,Extract Subclass,0.0,0.014296278037959,0.0324483775811209,0.0017241379310344,0.0,1.6859271066425527e-05,0.008429647986025,0.0049140049140049,0.001004016064257,0.3333333333333333,0.0030864197530864,0.0,0.0,0.0024220405691795,0.0,0.0,0.005569306930693,0.0402010050251256,0.0212765957446808,0.0,0.0,0.0,0.0046816479400749,0.0,0.0018181818181818,0.0,0.0011411516853932,0.0,0.0095073465859982,0.1405492730210016,0.004215456674473,0.0009487666034155,0.0273972602739726,0.0593548387096774,0.0136239782016348,0.0237080447522642,0.64,0.003671970624235,0.0020467694284359,0.000664231152441,0.2307692307692307,0.0,0.0283018867924528,0.0070422535211267,0.0016583747927031
1123,TBStack-LR,1,1,TreeStacking,Extract Subclass,0.0034364261168384,0.0268671432092679,0.0186823992133726,0.0129310344827586,0.0,0.000280476964105,0.0084093355812394,0.0294840294840294,0.0002510040160642,0.1428571428571428,0.0,0.0,0.0,0.0051468362095065,0.0024235080278703,0.0,0.0222772277227722,0.0351758793969849,0.0159574468085106,0.0,0.0,0.0030275507114744,0.0280898876404494,0.0036330608537693,0.0,0.0,0.0023700842696629,0.0021417862497322,0.0190146931719965,0.0646203554119547,0.0018735362997658,0.0018975332068311,0.0,0.072258064516129,0.0217983651226158,0.0218433670751198,0.72,0.011015911872705,0.0463921953843108,3.907242073182644e-05,0.1538461538461538,0.0095238095238095,0.0283018867924528,0.0070422535211267,0.0024875621890547
1124,TBStack-LR,1,1,TreeStacking,Extract Subclass,0.0068728522336769,0.0044367759428148,0.0432645034414945,0.0025862068965517,0.0,0.0001187812279679,0.0215514614775243,0.0098280098280098,0.0,0.238095238095238,0.0008818342151675,0.0,0.0,0.0015137753557372,0.0006058770069675,0.0,0.0167079207920792,0.0150753768844221,0.0106382978723404,0.0,0.0,0.0,0.0215355805243445,0.0003027550711474,0.0,0.050632911392405,0.0001755617977528,0.0006425358749196,0.017286084701815,0.0266558966074313,0.0,0.01707779886148,0.0,0.0787096774193548,0.0045413260672116,0.0098561534363345,0.0,0.0,0.0,0.0,0.0,0.0,0.0,0.0,0.0
1125,TBStack-LR,1,1,TreeStacking,Extract Subclass,0.0,0.0138033029332018,0.0147492625368731,0.0068965517241379,0.0064102564102564,0.0001111179229378,0.0068046556031768,0.0122850122850122,0.0155622489959839,0.1904761904761904,0.0008818342151675,0.0,0.0,0.002119285498032,0.0006058770069675,0.0,0.0117574257425742,0.0251256281407035,0.0,0.0,0.0,0.0003027550711474,0.0112359550561797,0.0006055101422948,0.0,0.0,0.0081636235955056,0.0010708931248661,0.0017286084701815,0.0953150242326332,0.0021857923497267,0.0009487666034155,0.0,0.0455913978494623,0.0105964274901604,0.0207778369738945,1.0,0.0171358629130966,0.0002465087267824,0.0003614198917693,0.0769230769230769,0.0,0.0094339622641509,0.0090140845070422,0.0066334991708126
1126,TBStack-LR,1,1,TreeStacking,Extract Subclass,0.0034364261168384,0.0041902883904362,0.0216322517207472,0.0043103448275862,0.0,8.046470281703093e-05,0.0028640490747699,0.0073710073710073,0.0002510040160642,0.1428571428571428,0.0030864197530864,0.0,0.0,0.0003027550711474,0.0003029385034837,0.0,0.0092821782178217,0.0050251256281407,0.0053191489361702,0.0,0.0,0.0,0.0131086142322097,0.0003027550711474,0.0127272727272727,0.0,8.778089887640449e-05,0.0,0.0129645635263612,0.0331179321486268,0.0004683840749414,0.0009487666034155,0.0,0.0313978494623655,0.0042385709960641,0.0077250932338838,0.9629629629629628,0.011015911872705,0.0012474835567474,0.0012503174634184,0.0769230769230769,0.0095238095238095,0.0188679245283018,0.0076056338028169,0.0016583747927031
1127,TBStack-LR,1,1,TreeStacking,Extract Subclass,0.0,0.0054227261523293,0.0167158308751229,0.0025862068965517,0.0,0.0,0.0030265483130547,0.0122850122850122,0.0032630522088353,0.2857142857142857,0.0,0.0,0.0,0.0009082652134423,0.0003029385034837,0.0,0.0024752475247524,0.0050251256281407,0.0,0.0111111111111111,0.0116959064327485,0.0,0.0018726591760299,0.0,0.0,0.0,0.0009655898876404,0.0,0.0008643042350907,0.0331179321486268,0.0051522248243559,0.0009487666034155,0.0273972602739726,0.0447311827956989,0.0060551014229488,0.0066595631326584,0.0,0.0,0.0,0.0,0.0,0.0,0.0,0.0,0.0
1128,TBStack-LR,1,1,TreeStacking,Extract Subclass,0.0,0.0113384274094158,0.0412979351032448,0.0025862068965517,0.0,0.0001042209484106,0.0055859113160407,0.0098280098280098,0.0,0.2857142857142857,0.0083774250440917,0.0,0.0,0.0,0.0,0.0,0.010519801980198,0.0,0.0,0.0,0.0,0.0,0.0159176029962546,0.0,0.0154545454545454,0.0,0.000438904494382,0.0055686442493039,0.0458081244598098,0.0411954765751211,0.0003122560499609,0.0037950664136622,0.0045662100456621,0.0481720430107526,0.0121102028458976,0.0178476291955247,0.5,0.0232558139534883,0.0016770063382622,0.0007423759939047,0.2307692307692307,0.0285714285714285,0.0566037735849056,0.0135211267605633,0.0074626865671641
1129,TBStack-LR,1,1,TreeStacking,Extract Subclass,0.0,0.0004929751047572,0.0029498525073746,0.0008620689655172,0.0,7.663305030193422e-07,0.00050781011964,0.0,0.0002510040160642,0.0952380952380952,0.0,0.0,0.0,0.0003027550711474,0.0,0.0,0.0012376237623762,0.0050251256281407,0.0,0.0,0.0058479532163742,0.0,0.0009363295880149,0.0,0.0,0.0,0.0,0.0,0.0,0.0064620355411954,0.0006245120999219,0.0009487666034155,0.0,0.0086021505376344,0.0006055101422948,0.0018646776771443,0.6666666666666666,0.00734394124847,0.0001942189968588,5.860863109773967e-05,0.1538461538461538,0.0,0.0188679245283018,0.0016901408450704,0.0008291873963515
1130,TBStack-LR,1,1,TreeStacking,Extract Subclass,0.0,0.0046832634951934,0.0216322517207472,0.0025862068965517,0.0,3.831652515096711e-06,0.0025187381934147,0.0,0.0,0.3333333333333333,0.0,0.0,0.0,0.0015137753557372,0.0015146925174189,0.0,0.0043316831683168,0.0251256281407035,0.0053191489361702,0.0,0.0,0.0,0.0056179775280898,0.0,0.0,0.0,0.0001755617977528,0.0,0.0017286084701815,0.0395799676898223,0.0004683840749414,0.0009487666034155,0.0182648401826484,0.024516129032258,0.0057523463518013,0.0058604155567394,0.9807692307692308,0.0195838433292533,0.0009001303508267,0.0009670424131127,0.0769230769230769,0.0095238095238095,0.0188679245283018,0.0146478873239436,0.0140961857379767
1131,TBStack-LR,1,1,TreeStacking,Extract Subclass,0.0034364261168384,0.0374661079615479,0.1219272369714847,0.018103448275862,0.0,0.0008100113416914,0.0143405577786354,0.027027027027027,0.0015060240963855,0.1904761904761904,0.0026455026455026,0.0,0.0,0.002119285498032,0.0018176310209027,0.0,0.0290841584158415,0.0351758793969849,0.0797872340425532,0.0,0.0,0.0,0.0299625468164794,0.0006055101422948,0.0009090909090909,0.0,0.0056179775280898,0.001927607624759,0.0535868625756266,0.0735056542810985,0.0015612802498048,0.0009487666034155,0.0045662100456621,0.0886021505376344,0.0221011201937632,0.0378263185935002,1.0,0.0,0.0003772330515912,0.0,0.0769230769230769,0.0,0.0094339622641509,0.000281690140845,0.0008291873963515
1132,TBStack-LR,1,0,TreeStacking,Extract Subclass,0.0034364261168384,0.0086270643332511,0.0373647984267453,0.0146551724137931,0.0,1.2261288048309477e-05,0.005159350815543,0.0024570024570024,0.0002510040160642,0.1904761904761904,0.0008818342151675,0.0,0.0,0.0081743869209809,0.0081793395940624,0.0,0.0049504950495049,0.050251256281407,0.0053191489361702,0.1888888888888888,0.0058479532163742,0.0,0.0,0.0081743869209809,0.0072727272727272,0.0,0.0024578651685393,0.0002141786249732,0.0008643042350907,0.0411954765751211,0.0,0.0018975332068311,0.0,0.046021505376344,0.0099909173478655,0.0106553010122535,0.3333333333333333,0.0,0.0003660281094648,9.76810518295661e-06,0.2307692307692307,0.0380952380952381,0.0660377358490566,0.0059154929577464,0.0008291873963515
1133,TBStack-LR,1,1,TreeStacking,Extract Subclass,0.0034364261168384,0.0004929751047572,0.0,0.0,0.0,0.0,0.011192135036867,0.0,0.0,0.0,0.0004409171075837,0.0,0.0,0.0006055101422948,0.0006058770069675,0.0,0.0,0.0100502512562814,0.0,0.0,0.0,0.0,0.0,0.0006055101422948,0.0,0.0,0.0,0.0,0.0,0.0008077544426494,0.0003122560499609,0.0009487666034155,0.0,0.0081720430107526,0.0006055101422948,0.0,0.9266666666666666,0.0122399020807833,0.0034100373871568,0.0015238244085412,0.1538461538461538,0.0,0.0188679245283018,0.0422535211267605,0.0
1134,TBStack-LR,1,1,TreeStacking,Extract Subclass,0.0034364261168384,0.0032043381809218,0.0147492625368731,0.0008620689655172,0.0,2.222358458756092e-05,0.001990615668989,0.0024570024570024,0.0,0.0952380952380952,0.0013227513227513,0.0,0.0,0.0009082652134423,0.0009088155104513,0.0,0.0061881188118811,0.0150753768844221,0.0106382978723404,0.0,0.0116959064327485,0.0,0.0,0.0,0.0009090909090909,0.0,0.0021067415730337,0.0,0.003457216940363,0.029886914378029,0.0017174082747853,0.0018975332068311,0.0045662100456621,0.0391397849462365,0.0033303057826218,0.0034629728289824,0.4935064935064935,0.0318237454100367,0.2844486608226668,0.0026178521890323,0.1538461538461538,0.0095238095238095,0.0283018867924528,0.0216901408450704,0.0190713101160862
1135,TBStack-LR,1,1,TreeStacking,Extract Subclass,0.6254295532646048,0.0525018486566428,0.2192723697148476,0.0767241379310344,0.0,0.0452012383900928,0.0851902256708171,0.2506142506142506,0.0045180722891566,0.2857142857142857,0.1499118165784832,0.0,0.0,0.0130184680593399,0.013026355649803,0.0,0.2128712871287128,0.185929648241206,0.0053191489361702,0.0,0.0,0.0018165304268846,0.3211610486891386,0.0130184680593399,0.3127272727272727,0.0,0.0083391853932584,0.0044977511244377,0.4269662921348314,0.1752827140549273,0.0349726775956284,0.0009487666034155,0.0228310502283105,0.1961290322580645,0.0529821374508023,0.2218966435801811,0.0,0.0,0.0,0.0,0.0,0.0,0.0,0.0,0.0
1136,TBStack-LR,1,1,TreeStacking,Extract Subclass,0.0,0.0739462657135814,0.0019665683382497,0.0,0.0,0.0,0.0061546586500375,0.0,0.0050200803212851,0.0,0.0,0.0,0.0,0.0908265213442325,0.0908815510451378,0.0,0.0,0.0,0.0,0.0,0.0,0.0908265213442325,0.0,0.0908265213442325,0.0,0.0,0.0093925561797752,0.0,0.0,0.0,0.0304449648711943,0.0009487666034155,0.0,0.0189247311827957,0.0908265213442325,0.0,0.4,0.0171358629130966,0.0003585581480471,0.0001465215777443,0.3076923076923077,0.0380952380952381,0.0754716981132075,0.0140845070422535,0.0
1137,TBStack-LR,1,1,TreeStacking,Extract Subclass,0.0,0.0,0.0019665683382497,0.0,0.0,0.0,0.000203124047856,0.0,0.0,0.0,0.0,0.0,0.0,0.0,0.0,0.0,0.0,0.0,0.0,0.0,0.0,0.0,0.0,0.0,0.0,0.0,0.0,0.0,0.0,0.0,0.0,0.0018975332068311,0.0,0.0055913978494623,0.0,0.0,0.0,0.0,0.0,0.0,0.0,0.0,0.0,0.0,0.0
1138,TBStack-LR,1,1,TreeStacking,Extract Subclass,0.0,0.01059896475228,0.0117994100294985,0.0172413793103448,0.0,2.2989915090580268e-06,0.005159350815543,0.0024570024570024,0.0057730923694779,0.1904761904761904,0.0004409171075837,0.0,0.0,0.0006055101422948,0.0006058770069675,0.0,0.0068069306930693,0.0,0.0372340425531914,0.0,0.0,0.0,0.0009363295880149,0.0,0.0,0.0,0.0002633426966292,0.0025701434996787,0.0302506482281763,0.0363489499192245,0.0059328649492583,0.0018975332068311,0.045662100456621,0.0408602150537634,0.0115046927036027,0.0146510388918486,1.0,0.01468788249694,0.0008627805437384,0.0001953621036591,0.0769230769230769,0.0,0.0094339622641509,0.0061971830985915,0.0016583747927031
1139,TBStack-LR,1,1,TreeStacking,Extract Subclass,0.0,0.023662805028346,0.0019665683382497,0.0051724137931034,0.0,2.758789810869632e-05,0.0032296723609108,0.0024570024570024,0.0,0.0952380952380952,0.005731922398589,0.0,0.0,0.0242204056917953,0.0242350802787034,0.0,0.005569306930693,0.0,0.0053191489361702,0.0,0.0,0.0242204056917953,0.0074906367041198,0.0242204056917953,0.0072727272727272,0.0,0.0,0.0004283572499464,0.0095073465859982,0.0137318255250403,0.0124902419984387,0.0009487666034155,0.0136986301369863,0.0236559139784946,0.0278534665455646,0.0055940330314331,0.2253521126760563,0.0208078335373316,0.0013109782287974,0.0019145486158594,0.4615384615384615,0.1428571428571428,0.1981132075471698,0.02,0.0008291873963515
1140,TBStack-LR,1,0,TreeStacking,Extract Subclass,0.0,0.0009859502095144,0.0049164208456243,0.0,0.0,0.0,0.003270297170482,0.0024570024570024,0.0,0.1428571428571428,0.0,0.0,0.0,0.0003027550711474,0.0003029385034837,0.0,0.0018564356435643,0.0050251256281407,0.0053191489361702,0.0,0.0,0.0,0.0018726591760299,0.0,0.0009090909090909,0.0,0.0,0.0,0.0017286084701815,0.0024232633279483,0.0,0.0028462998102466,0.0,0.0202150537634408,0.0009082652134423,0.0013319126265316,0.0,0.0,0.0,0.0,0.0,0.0,0.0,0.0,0.0
1141,TBStack-LR,1,0,TreeStacking,Extract Subclass,0.0,0.0,0.0,0.0,0.0,7.663305030193422e-07,0.000101562023928,0.0,0.0,0.0,0.0,0.0,0.0,0.0,0.0,0.0,0.0012376237623762,0.0,0.0,0.0,0.0,0.0,0.0,0.0,0.0,0.0,0.0,0.0,0.0,0.0,0.0,0.0018975332068311,0.0,0.0038709677419354,0.0,0.0005327650506126,0.25,0.0354957160342717,0.0156869189770634,0.0,0.3076923076923077,0.1714285714285714,0.2075471698113207,0.028169014084507,0.0
1142,TBStack-LR,1,0,TreeStacking,Extract Subclass,0.0,0.0128173527236874,0.0009832841691248,0.0,0.0,2.2989915090580268e-06,0.0165749223050516,0.0,0.0047690763052208,0.0476190476190476,0.0008818342151675,0.0,0.0,0.0157432636996669,0.0151469251741896,0.0,0.0018564356435643,0.0,0.0159574468085106,0.0,0.0,0.0157432636996669,0.0,0.0157432636996669,0.0,0.0,0.0033356741573033,0.0,0.0,0.0024232633279483,0.0101483216237314,0.0132827324478178,0.0,0.2455913978494623,0.0157432636996669,0.0010655301012253,0.184,0.0465116279069767,0.0042765529116042,0.0021489831402504,0.5384615384615385,0.1904761904761905,0.2547169811320754,0.0704225352112676,0.0
1143,TBStack-LR,1,1,TreeStacking,Extract Subclass,0.0,0.003697313285679,0.0127826941986234,0.0,0.0,0.0,0.0240092624565822,0.0073710073710073,0.0017570281124497,0.0952380952380952,0.0008818342151675,0.0,0.0,0.0,0.0,0.0,0.0006188118811881,0.0,0.0,0.0,0.0,0.0,0.0,0.0,0.0009090909090909,0.0,0.0010533707865168,0.0002141786249732,0.0008643042350907,0.0032310177705977,0.0,0.0123339658444022,0.0,0.1212903225806451,0.0024220405691795,0.0013319126265316,0.88,0.0563035495716034,0.0049675243427367,0.0019047805106765,0.0769230769230769,0.0571428571428571,0.0660377358490566,0.028169014084507,0.0
1144,TBStack-LR,1,1,TreeStacking,Extract Subclass,0.0,0.0,0.0019665683382497,0.0,0.0,2.758789810869632e-05,0.000203124047856,0.0,0.0,0.0,0.0,0.0,0.0,0.0,0.0,0.0,0.005569306930693,0.0,0.0,0.0,0.0,0.0,0.0,0.0,0.0,0.0,0.0,0.0,0.0,0.0,0.0,0.0009487666034155,0.0,0.0073118279569892,0.0,0.002397442727757,0.0,0.0,0.0,0.0,0.0,0.0,0.0,0.0,0.0
1145,TBStack-LR,1,1,TreeStacking,Extract Subclass,0.0,0.0056692137047079,0.0049164208456243,0.0060344827586206,0.0,0.0,0.0022343645264162,0.0049140049140049,0.0022590361445783,0.1904761904761904,0.0004409171075837,0.0,0.0,0.002119285498032,0.0,0.0,0.0099009900990099,0.0351758793969849,0.0106382978723404,0.0,0.0,0.0,0.0121722846441947,0.0,0.0009090909090909,0.0,0.0019311797752808,0.0006425358749196,0.0146931719965427,0.0161550888529886,0.0004683840749414,0.0009487666034155,0.0,0.0197849462365591,0.0042385709960641,0.0085242408098028,0.0,0.0,0.0,0.0,0.0,0.0,0.0,0.0,0.0
1146,TBStack-LR,1,0,TreeStacking,Extract Subclass,0.0,0.0369731328567907,0.0452310717797443,0.0077586206896551,0.2371794871794871,8.736167734420501e-05,0.0129593142532144,0.0294840294840294,0.0047690763052208,0.3809523809523809,0.0013227513227513,0.0,0.0,0.0018165304268846,0.0015146925174189,0.0,0.0129950495049504,0.0301507537688442,0.0797872340425532,0.0,0.0,0.0,0.0018726591760299,0.0006055101422948,0.0018181818181818,0.0,0.000877808988764,0.0,0.0146931719965427,0.0912762520193861,0.0065573770491803,0.0009487666034155,0.0,0.1225806451612903,0.0414774447471995,0.0213106020245071,0.0,0.0,0.0,0.0,0.0,0.0,0.0,0.0,0.0
1147,TBStack-LR,1,1,TreeStacking,Extract Subclass,0.0,0.0704954399802809,0.0009832841691248,0.0,0.0,0.0,0.0058905973878247,0.0,0.0035140562248995,0.0476190476190476,0.0,0.0,0.0,0.0865879503481683,0.0866404119963647,0.0,0.0006188118811881,0.0,0.0053191489361702,0.0,0.0,0.0865879503481683,0.0,0.0865879503481683,0.0,0.0,0.0043012640449438,0.0,0.0,0.0,0.0370023419203747,0.0009487666034155,0.0,0.013763440860215,0.0865879503481683,0.0002663825253063,0.2,0.011015911872705,0.0019645998528417,0.00042979662805,0.4615384615384615,0.0571428571428571,0.1132075471698113,0.0140845070422535,0.0
1148,TBStack-LR,1,1,TreeStacking,Extract Subclass,0.0,0.0002464875523786,0.0049164208456243,0.0,0.0,0.0,0.0003656232861408,0.0,0.0,0.0476190476190476,0.0,0.0,0.0,0.0003027550711474,0.0003029385034837,0.0,0.0024752475247524,0.0050251256281407,0.0,0.0,0.0058479532163742,0.0,0.0028089887640449,0.0,0.0009090909090909,0.0,0.0,0.0,0.0017286084701815,0.0016155088852988,0.0,0.0009487666034155,0.0,0.0047311827956989,0.0003027550711474,0.0010655301012253,0.0,0.0,0.0,0.0,0.0,0.0,0.0,0.0,0.0
1149,TBStack-LR,1,1,TreeStacking,Extract Subclass,0.0,0.001232437761893,0.0009832841691248,0.0008620689655172,0.0,0.0,0.0004874977148544,0.0,0.0002510040160642,0.1428571428571428,0.0004409171075837,0.0,0.0,0.0,0.0,0.0,0.0006188118811881,0.0,0.0,0.0,0.0,0.0,0.0009363295880149,0.0,0.0,0.0,0.0,0.0,0.0008643042350907,0.0072697899838449,0.0004683840749414,0.0009487666034155,0.0045662100456621,0.0111827956989247,0.0012110202845897,0.001598295151838,0.0,0.0,0.0,0.0,0.0,0.0,0.0,0.0,0.0
1150,TBStack-LR,1,1,TreeStacking,Extract Subclass,0.3951890034364261,0.0483115602662065,0.1091445427728613,0.0120689655172413,0.0,0.0104703736627532,0.0396701265462818,0.0245700245700245,0.0057730923694779,0.238095238095238,0.0374779541446208,0.0,0.0,0.0024220405691795,0.0003029385034837,0.0,0.1027227722772277,0.0402010050251256,0.0425531914893617,0.0,0.0,0.0,0.147940074906367,0.0024220405691795,0.1509090909090909,0.0126582278481012,0.0032478932584269,0.0051402869993574,0.0553154710458081,0.0686591276252019,0.0060889929742388,0.0028462998102466,0.0,0.1772043010752688,0.023312140478353,0.0647309536494405,0.2357723577235772,0.05140758873929,0.0160193322601488,0.003145329868912,0.4615384615384615,0.1904761904761905,0.2452830188679245,0.0346478873239436,0.0348258706467661
1151,TBStack-LR,1,1,TreeStacking,Extract Subclass,0.0,0.0002464875523786,0.0039331366764995,0.0,0.0,6.89697452717408e-06,0.0057280981495399,0.0,0.0,0.0952380952380952,0.0,0.0211267605633802,0.0,0.0003027550711474,0.0,0.002710027100271,0.0037128712871287,0.0,0.0,0.0,0.0058479532163742,0.0,0.0046816479400749,0.0,0.0,0.0,0.0,0.0,0.0008643042350907,0.0024232633279483,0.0004683840749414,0.0104364326375711,0.0,0.0640860215053763,0.0003027550711474,0.0018646776771443,0.0,0.0,0.0,0.0,0.0,0.0,0.0,0.0,0.0
1152,TBStack-LR,1,1,TreeStacking,Extract Subclass,0.0068728522336769,0.0004929751047572,0.0,0.0,0.0,0.0,0.0033921715991956,0.0,0.0,0.0,0.0,0.0,0.0,0.0006055101422948,0.0006058770069675,0.0,0.0,0.0,0.0,0.0,0.0,0.0,0.0,0.0006055101422948,0.0,0.0,0.0,0.0,0.0,0.0,0.0,0.0009487666034155,0.0,0.0047311827956989,0.0006055101422948,0.0,0.0,0.0,0.0,0.0,0.0,0.0,0.0,0.0,0.0
1153,TBStack-LR,1,1,TreeStacking,Extract Subclass,0.0,0.0071481390189795,0.0147492625368731,0.0025862068965517,0.0,4.214817766606382e-05,0.0037984196949076,0.0024570024570024,0.0025100401606425,0.1904761904761904,0.009700176366843,0.0,0.0,0.0,0.0,0.0,0.0068069306930693,0.0,0.0053191489361702,0.0,0.0,0.0,0.0056179775280898,0.0,0.01,0.0,0.0005266853932584,0.0004283572499464,0.006914433880726,0.0468497576736672,0.0039032006245121,0.0009487666034155,0.0410958904109589,0.0473118279569892,0.0072661217075386,0.0095897709110282,0.0,0.0,0.0,0.0,0.0,0.0,0.0,0.0,0.0
1154,TBStack-LR,1,1,TreeStacking,Extract Subclass,0.0103092783505154,0.0019719004190288,0.0068829891838741,0.0008620689655172,0.0,3.601753364190908e-05,0.0024781133838435,0.0073710073710073,0.0,0.1904761904761904,0.0004409171075837,0.0211267605633802,0.0,0.0018165304268846,0.0015146925174189,0.0,0.0068069306930693,0.0201005025125628,0.0106382978723404,0.0,0.0292397660818713,0.0006055101422948,0.0037453183520599,0.0006055101422948,0.0,0.0,0.0006144662921348,0.0,0.0025929127052722,0.0129240710823909,0.0003122560499609,0.0028462998102466,0.0,0.032258064516129,0.0024220405691795,0.0045285029302077,0.0,0.0,0.0,0.0,0.0,0.0,0.0,0.0,0.0
1155,TBStack-LR,1,1,TreeStacking,Extract Subclass,0.0,0.0059157012570865,0.0019665683382497,0.0,0.0,0.0002214695153725,0.0023968637647011,0.0,0.0087851405622489,0.0952380952380952,0.0114638447971781,0.0,0.0,0.004844081138359,0.0039382005452893,0.056910569105691,0.016089108910891,0.0,0.0,0.0,0.0,0.0045413260672116,0.0243445692883895,0.004844081138359,0.0236363636363636,0.0,8.778089887640449e-05,0.0,0.0224719101123595,0.0096930533117932,0.0123341139734582,0.0009487666034155,0.0045662100456621,0.0270967741935483,0.0060551014229488,0.0079914757591901,1.0,0.0,6.349467205001886e-05,2.930431554886984e-05,0.0769230769230769,0.0,0.0094339622641509,0.0008450704225352,0.0008291873963515
1156,TBStack-LR,1,1,TreeStacking,Extract Subclass,0.0,0.0101059896475228,0.007866273352999,0.0068965517241379,0.0,0.0003732029549704,0.0056468485303975,0.0024570024570024,0.0005020080321285,0.238095238095238,0.0008818342151675,0.0,0.0,0.0090826521344232,0.0006058770069675,0.013550135501355,0.021039603960396,0.1507537688442211,0.0053191489361702,0.0,0.0,0.0,0.0308988764044943,0.0003027550711474,0.0009090909090909,0.0,0.0001755617977528,0.0004283572499464,0.003457216940363,0.0339256865912762,0.0014051522248243,0.0009487666034155,0.0182648401826484,0.0520430107526881,0.010293672419013,0.0199786893979754,0.0,0.0,0.0,0.0,0.0,0.0,0.0,0.0,0.0
1157,TBStack-LR,1,1,TreeStacking,Extract Subclass,0.0034364261168384,0.0990879960561991,0.1710914454277286,0.0741379310344827,0.0,0.0001739570241853,0.0358310820418029,0.0909090909090909,0.0228413654618473,0.2857142857142857,0.0030864197530864,0.0,0.0,0.0193763245534362,0.0003029385034837,0.0,0.0340346534653465,0.0201005025125628,0.0638297872340425,0.0,0.0350877192982456,0.0,0.0337078651685393,0.0003027550711474,0.0009090909090909,0.0,0.0055301966292134,0.0021417862497322,0.0518582541054451,0.2172859450726979,0.0424668227946916,0.0028462998102466,0.0365296803652968,0.2167741935483871,0.103542234332425,0.0807139051678209,0.2913043478260869,0.1995104039167686,0.0038731749950511,0.0064860218414831,0.3846153846153846,0.1428571428571428,0.1886792452830188,0.0647887323943662,0.0223880597014925
1158,TBStack-LR,1,1,TreeStacking,Extract Subclass,0.0,0.0088735518856297,0.0186823992133726,0.0043103448275862,0.0,7.663305030193422e-07,0.001990615668989,0.0122850122850122,0.0087851405622489,0.1904761904761904,0.0,0.0,0.0,0.0006055101422948,0.0,0.0,0.0012376237623762,0.0,0.0,0.0,0.0,0.0006055101422948,0.0018726591760299,0.0006055101422948,0.0,0.0,0.0097436797752808,0.001927607624759,0.0,0.005654281098546,0.0001561280249804,0.0009487666034155,0.0,0.0326881720430107,0.010293672419013,0.0047948854555141,1.0,0.0012239902080783,0.0004743425500207,0.000205130208842,0.0769230769230769,0.0,0.0094339622641509,0.0025352112676056,0.0008291873963515
1159,TBStack-LR,1,1,TreeStacking,Extract Subclass,0.0,0.0332758195711116,0.0088495575221238,0.0043103448275862,0.0,0.0004138184716304,0.0141374337307793,0.027027027027027,0.0032630522088353,0.2857142857142857,0.0039682539682539,0.0,0.0,0.0133212231304874,0.0090881551045137,0.018970189701897,0.0247524752475247,0.1608040201005025,0.1436170212765957,0.0,0.0,0.0036330608537693,0.0121722846441947,0.0093854072055706,0.0081818181818181,0.0,0.0162394662921348,0.0010708931248661,0.0717372515125324,0.0444264943457189,0.0298204527712724,0.0009487666034155,0.0045662100456621,0.0619354838709677,0.030881017257039,0.0490143846563665,1.0,0.011015911872705,0.0027115959946066,0.000888897571649,0.0769230769230769,0.0,0.0094339622641509,0.0216901408450704,0.0049751243781094
1160,TBStack-LR,1,1,TreeStacking,Extract Subclass,0.0,0.0032043381809218,0.0108161258603736,0.0017241379310344,0.0,0.0,0.0075968393898153,0.0,0.0002510040160642,0.1428571428571428,0.0061728395061728,0.0,0.0,0.0012110202845897,0.0,0.0,0.068069306930693,0.0201005025125628,0.0106382978723404,0.0,0.0,0.0,0.099250936329588,0.0012110202845897,0.1,0.0,0.0001755617977528,0.0004283572499464,0.0674157303370786,0.0759289176090468,0.0039032006245121,0.0009487666034155,0.0091324200913242,0.0666666666666666,0.0024220405691795,0.0316995205114544,0.2941176470588235,0.01468788249694,0.0039964293584423,0.0002344345243909,0.3846153846153846,0.0,0.0471698113207547,0.0047887323943661,0.0008291873963515
1161,TBStack-LR,1,1,TreeStacking,Extract Subclass,0.0034364261168384,0.0182400788760167,0.0226155358898721,0.0043103448275862,0.0,5.977377923550869e-05,0.0084499603908106,0.0343980343980344,0.0050200803212851,0.238095238095238,0.0035273368606701,0.0,0.0,0.0084771419921283,0.0,0.0,0.0099009900990099,0.1206030150753768,0.0797872340425532,0.0444444444444444,0.0,0.0,0.0009363295880149,0.0,0.0,0.0,0.0011411516853932,0.0002141786249732,0.006914433880726,0.0751211631663974,0.0087431693989071,0.0018975332068311,0.0319634703196347,0.1066666666666666,0.0278534665455646,0.0197123068726691,0.3636363636363636,0.0024479804161566,0.000104579459847,7.814484146365288e-05,0.3076923076923077,0.0,0.0377358490566037,0.0030985915492957,0.0016583747927031
1162,TBStack-LR,1,1,TreeStacking,Extract Subclass,0.0034364261168384,0.0337687946758688,0.0275319567354965,0.0327586206896551,0.0,0.0018821077154155,0.0165342974954804,0.0565110565110565,0.0090361445783132,0.1904761904761904,0.015432098765432,0.0070422535211267,0.0,0.0069633666363911,0.0015146925174189,0.037940379403794,0.0445544554455445,0.0603015075376884,0.0904255319148936,0.1111111111111111,0.0935672514619883,0.0003027550711474,0.0365168539325842,0.0015137753557372,0.0,0.0,0.0018433988764044,0.0032126793745984,0.0847018150388937,0.141357027463651,0.0223263075722092,0.0018975332068311,0.0182648401826484,0.1281720430107527,0.0305782621858916,0.0610015982951518,0.2950819672131147,0.0354957160342717,0.0066930854302137,0.0008595932561001,0.4615384615384615,0.0285714285714285,0.0849056603773584,0.0171830985915492,0.005804311774461
1163,TBStack-LR,1,1,TreeStacking,Extract Subclass,0.0137457044673539,0.0066551639142223,0.0196656833824975,0.0,0.0,4.5979830181160536e-06,0.0086124596290954,0.0147420147420147,0.0027610441767068,0.1904761904761904,0.0008818342151675,0.0,0.0,0.0024220405691795,0.0012117540139351,0.0,0.0080445544554455,0.0351758793969849,0.0425531914893617,0.0,0.0,0.0003027550711474,0.0046816479400749,0.0009082652134423,0.0009090909090909,0.0126582278481012,0.0001755617977528,0.0,0.0008643042350907,0.029886914378029,0.0031225604996096,0.0028462998102466,0.0045662100456621,0.0640860215053763,0.0081743869209809,0.0071923281832711,1.0,0.0012239902080783,0.001766645875274,0.0002442026295739,0.0769230769230769,0.0,0.0094339622641509,0.0019718309859154,0.0041459369817578
1164,TBStack-LR,1,1,TreeStacking,Extract Subclass,0.0103092783505154,0.0086270643332511,0.0363815142576204,0.0060344827586206,0.0,1.839193207246421e-05,0.0042656050049765,0.0073710073710073,0.0002510040160642,0.238095238095238,0.0004409171075837,0.0,0.0,0.0060551014229488,0.0006058770069675,0.0,0.0074257425742574,0.100502512562814,0.0212765957446808,0.0,0.0,0.0,0.0056179775280898,0.0006055101422948,0.0,0.0,0.0002633426966292,0.0002141786249732,0.0112359550561797,0.04281098546042,0.0004683840749414,0.0009487666034155,0.0045662100456621,0.0451612903225806,0.0090826521344232,0.0098561534363345,0.0,0.0,0.0,0.0,0.0,0.0,0.0,0.0,0.0
1165,TBStack-LR,1,1,TreeStacking,Extract Subclass,0.0171821305841924,0.0199654917426669,0.0648967551622418,0.0129310344827586,0.0,5.670845722343132e-05,0.0203327171903881,0.0073710073710073,0.0218373493975903,0.2857142857142857,0.0,0.0,0.0,0.002119285498032,0.0003029385034837,0.0,0.0179455445544554,0.0351758793969849,0.0478723404255319,0.0,0.0,0.0,0.0187265917602996,0.0003027550711474,0.0,0.0,0.0001755617977528,0.0006425358749196,0.0181503889369057,0.0896607431340872,0.0296643247462919,0.0009487666034155,0.1050228310502283,0.0890322580645161,0.0193763245534362,0.0495471497069792,0.5333333333333333,0.1272949816401468,0.0046986057317013,0.0046496180670873,0.2307692307692307,0.0380952380952381,0.0660377358490566,0.0676056338028169,0.0348258706467661
1166,TBStack-LR,1,1,TreeStacking,Extract Subclass,0.0034364261168384,0.001232437761893,0.0009832841691248,0.0,0.0,2.2989915090580268e-06,0.0011171822632081,0.0,0.0035140562248995,0.0952380952380952,0.001763668430335,0.0,0.0,0.0,0.0,0.0,0.0018564356435643,0.0,0.0,0.0,0.0,0.0,0.0028089887640449,0.0,0.0018181818181818,0.0,0.0005266853932584,0.0006425358749196,0.0,0.0080775444264943,0.0015612802498048,0.0009487666034155,0.0045662100456621,0.0163440860215053,0.0015137753557372,0.0010655301012253,0.0,0.0,0.0,0.0,0.0,0.0,0.0,0.0,0.0
1167,TBStack-LR,1,1,TreeStacking,Extract Subclass,0.0,0.0192260290855311,0.0108161258603736,0.0034482758620689,0.0,0.0,0.0072109036988889,0.0196560196560196,0.0077811244979919,0.2857142857142857,0.0044091710758377,0.0,0.0,0.002119285498032,0.0009088155104513,0.0,0.0024752475247524,0.0201005025125628,0.0159574468085106,0.0,0.0,0.0,0.0009363295880149,0.002119285498032,0.0036363636363636,0.0,0.0021067415730337,0.001927607624759,0.0025929127052722,0.0630048465266559,0.0337236533957845,0.0009487666034155,0.0045662100456621,0.0421505376344086,0.0142294883439297,0.0178476291955247,0.3888888888888889,0.0208078335373316,0.0003212083409589,0.0005665501006114,0.3076923076923077,0.0476190476190476,0.0849056603773584,0.0152112676056338,0.0024875621890547
1168,TBStack-LR,1,1,TreeStacking,Extract Subclass,0.0034364261168384,0.0007394626571358,0.0068829891838741,0.0008620689655172,0.0,0.0,0.0032296723609108,0.0,0.0,0.0952380952380952,0.0,0.0,0.0,0.0006055101422948,0.0003029385034837,0.0,0.0006188118811881,0.0050251256281407,0.0,0.0,0.0,0.0003027550711474,0.0009363295880149,0.0006055101422948,0.0,0.0,0.0,0.0,0.0,0.0024232633279483,0.0,0.0018975332068311,0.0,0.0258064516129032,0.0009082652134423,0.0005327650506126,0.0,0.0,0.0,0.0,0.0,0.0,0.0,0.0,0.0
1169,TBStack-LR,1,1,TreeStacking,Extract Subclass,0.0,0.0,0.0,0.0,0.0,0.0,0.0025390505982003,0.0,0.0,0.0,0.0,0.0,0.0,0.0,0.0,0.0,0.0,0.0,0.0,0.0,0.0,0.0,0.0,0.0,0.0,0.0,0.0,0.0,0.0,0.0,0.0,0.0,0.0,0.0,0.0,0.0,0.16,0.033047735618115,0.0007171162960943,0.0003907242073182,0.5384615384615385,0.1523809523809524,0.2169811320754716,0.0140845070422535,0.0
1170,TBStack-LR,1,0,TreeStacking,Extract Subclass,0.0,0.0027113630761646,0.0147492625368731,0.0025862068965517,0.0,2.2989915090580268e-06,0.0131421258962848,0.0,0.0002510040160642,0.238095238095238,0.0,0.0,0.0,0.0012110202845897,0.0003029385034837,0.0,0.0061881188118811,0.0201005025125628,0.0,0.0,0.0058479532163742,0.0,0.0084269662921348,0.0003027550711474,0.0,0.0,0.0006144662921348,0.0008567144998929,0.0060501296456352,0.0201938610662358,0.0,0.0028462998102466,0.0,0.0804301075268817,0.0015137753557372,0.0077250932338838,0.7982456140350878,0.0305997552019583,0.0040225742234041,0.0086154687713677,0.1538461538461538,0.019047619047619,0.0377358490566037,0.032112676056338,0.0016583747927031
1171,TBStack-LR,1,1,TreeStacking,Extract Subclass,0.0,0.0029578506285432,0.0088495575221238,0.0034482758620689,0.0,3.0653220120773688e-06,0.0013812435254209,0.0,0.0007530120481927,0.1428571428571428,0.0026455026455026,0.0,0.0,0.0018165304268846,0.0018176310209027,0.0,0.0030940594059405,0.0,0.0,0.0,0.0,0.0,0.0037453183520599,0.0,0.0,0.0,0.000438904494382,0.0,0.0025929127052722,0.0072697899838449,0.0028103044496487,0.0009487666034155,0.0182648401826484,0.0206451612903225,0.0030275507114744,0.0034629728289824,0.0,0.0,0.0,0.0,0.0,0.0,0.0,0.0,0.0
1172,TBStack-LR,1,1,TreeStacking,Extract Subclass,0.0,0.0039438008380576,0.0216322517207472,0.0,0.0,0.0,0.0066827811744632,0.0171990171990172,0.0,0.238095238095238,0.0,0.0,0.0,0.0012110202845897,0.0012117540139351,0.0,0.0012376237623762,0.0201005025125628,0.0,0.0,0.0058479532163742,0.0,0.0009363295880149,0.0006055101422948,0.0,0.0,0.0006144662921348,0.0,0.0,0.0064620355411954,0.0062451209992193,0.0009487666034155,0.0,0.0197849462365591,0.004844081138359,0.0047948854555141,1.0,0.003671970624235,0.0001120494212647,0.0001172172621954,0.0769230769230769,0.0,0.0094339622641509,0.004225352112676,0.0033167495854063
1173,TBStack-LR,1,1,TreeStacking,Extract Subclass,0.0034364261168384,0.0029578506285432,0.0117994100294985,0.0008620689655172,0.0,2.1457254084541585e-05,0.0116390079421502,0.0073710073710073,0.001004016064257,0.0476190476190476,0.0004409171075837,0.0,0.0,0.0,0.0,0.0,0.0049504950495049,0.0,0.0106382978723404,0.0,0.0,0.0,0.0056179775280898,0.0,0.0018181818181818,0.0,0.0007900280898876,0.0006425358749196,0.0051858254105445,0.0096930533117932,0.0024980483996877,0.0028462998102466,0.0,0.0911827956989247,0.0030275507114744,0.0058604155567394,0.3529411764705882,0.003671970624235,0.0027526807824037,0.0001367534725613,0.6923076923076923,0.0,0.0849056603773584,0.0047887323943661,0.0008291873963515
1174,TBStack-LR,1,1,TreeStacking,Extract Subclass,0.0,0.0946512201133842,0.0009832841691248,0.0,0.0,0.0,0.0081858991285978,0.0,0.0933734939759036,0.0,0.0,0.0,0.0,0.1162579473206176,0.1163283853377764,0.0,0.0,0.3819095477386934,0.0,0.0,0.0,0.093248561913412,0.0,0.1162579473206176,0.0,0.0,0.0,0.0,0.0,0.0,0.0593286494925839,0.0009487666034155,0.0,0.0133333333333333,0.1162579473206176,0.0,0.0,0.0,0.0,0.0,0.0,0.0,0.0,0.0,0.0
1175,TBStack-LR,1,1,TreeStacking,Extract Subclass,0.0171821305841924,0.0073946265713581,0.031465093411996,0.0017241379310344,0.0,6.207277074456672e-05,0.0106437001076557,0.0024570024570024,0.0,0.0952380952380952,0.0,0.0,0.0,0.0042385709960641,0.0015146925174189,0.0,0.0111386138613861,0.0402010050251256,0.0159574468085106,0.0,0.0,0.0006055101422948,0.0140449438202247,0.0015137753557372,0.0009090909090909,0.0,0.0006144662921348,0.0,0.0043215211754537,0.0476575121163166,0.0009367681498829,0.0047438330170777,0.0,0.0679569892473118,0.0066606115652437,0.0066595631326584,0.0,0.0,0.0,0.0,0.0,0.0,0.0,0.0,0.0
1176,TBStack-LR,1,1,TreeStacking,Extract Subclass,0.0103092783505154,0.0014789253142716,0.0147492625368731,0.0008620689655172,0.0,0.0,0.0028031118604131,0.0,0.0,0.1904761904761904,0.0,0.0,0.0,0.0018165304268846,0.0,0.0,0.0043316831683168,0.0150753768844221,0.0053191489361702,0.0,0.023391812865497,0.0,0.0018726591760299,0.0,0.0,0.0,8.778089887640449e-05,0.0,0.0008643042350907,0.029886914378029,0.0004683840749414,0.0009487666034155,0.0,0.0292473118279569,0.0027247956403269,0.0042621204049014,1.0,0.0048959608323133,0.0008777204665737,0.0008400570457342,0.0769230769230769,0.0,0.0094339622641509,0.0143661971830985,0.0008291873963515
1177,TBStack-LR,1,1,TreeStacking,Extract Subclass,0.0,0.0,0.0265486725663716,0.0,0.0,0.0009387548661986,0.0040827933619061,0.0,0.0,0.0476190476190476,0.0,0.0,0.0,0.0,0.0,0.0,0.0309405940594059,0.0,0.0,0.0,0.0,0.0,0.046816479400749,0.0,0.0,0.0,0.0,0.0,0.0216076058772687,0.0,0.0,0.0009487666034155,0.0,0.021505376344086,0.0,0.0133191262653169,0.0,0.0,0.0,0.0,0.0,0.0,0.0,0.0,0.0
1178,TBStack-LR,1,1,TreeStacking,Extract Subclass,0.0,0.0165146660093665,0.0009832841691248,0.0,0.0,0.0,0.0042452926001909,0.0,0.0002510040160642,0.0476190476190476,0.0004409171075837,0.0,0.0,0.0184680593399939,0.0178733717055437,0.0,0.0049504950495049,0.0100502512562814,0.0,0.0,0.0,0.017862549197699,0.0074906367041198,0.017862549197699,0.0009090909090909,0.0,0.0052668539325842,0.0,0.0544511668107173,0.0024232633279483,0.0098360655737704,0.0009487666034155,0.0,0.016774193548387,0.0187708144111413,0.0178476291955247,0.0,0.0,0.0,0.0,0.0,0.0,0.0,0.0,0.0
1179,TBStack-LR,1,1,TreeStacking,Extract Subclass,0.0,0.0007394626571358,0.0039331366764995,0.0,0.0,0.0,0.0016453047876338,0.0,0.0,0.0476190476190476,0.0,0.0,0.0,0.0006055101422948,0.0006058770069675,0.0,0.0006188118811881,0.0100502512562814,0.0053191489361702,0.0,0.0,0.0,0.0,0.0006055101422948,0.0009090909090909,0.0,0.0,0.0,0.0008643042350907,0.0032310177705977,0.0003122560499609,0.0047438330170777,0.0,0.0266666666666666,0.0009082652134423,0.0002663825253063,0.0,0.0,0.0,0.0,0.0,0.0,0.0,0.0,0.0
1180,TBStack-LR,1,1,TreeStacking,Extract Subclass,0.0,0.0,0.0009832841691248,0.0,0.0,0.0,2.031240478560257e-05,0.0,0.0,0.0,0.0,0.0,0.0,0.0,0.0,0.0,0.0006188118811881,0.0,0.0,0.0,0.0,0.0,0.0,0.0,0.0,0.0,0.0,0.0,0.0,0.0,0.0,0.0009487666034155,0.0,0.0012903225806451,0.0,0.0002663825253063,0.74,0.00734394124847,0.0009337451772061,0.0,0.2307692307692307,0.0095238095238095,0.0377358490566037,0.0140845070422535,0.0
1181,TBStack-LR,1,1,TreeStacking,Extract Subclass,0.0,0.002464875523786,0.0049164208456243,0.0,0.0,7.663305030193422e-07,0.0005687473339968,0.0024570024570024,0.0005020080321285,0.1904761904761904,0.0004409171075837,0.0070422535211267,0.0,0.0,0.0,0.0,0.0012376237623762,0.0,0.0,0.0,0.0058479532163742,0.0,0.0,0.0,0.0,0.0,8.778089887640449e-05,0.0,0.0008643042350907,0.0105008077544426,0.0006245120999219,0.0009487666034155,0.0045662100456621,0.0146236559139784,0.0027247956403269,0.0013319126265316,0.0,0.0,0.0,0.0,0.0,0.0,0.0,0.0,0.0
1182,TBStack-LR,1,1,TreeStacking,Extract Subclass,0.0068728522336769,0.0017254128666502,0.0039331366764995,0.0,0.0,6.89697452717408e-06,0.0056468485303975,0.0,0.0012550200803212,0.1428571428571428,0.0013227513227513,0.0,0.0,0.0015137753557372,0.0012117540139351,0.0,0.0037128712871287,0.0251256281407035,0.0,0.0,0.0,0.0,0.0056179775280898,0.0015137753557372,0.0054545454545454,0.0,8.778089887640449e-05,0.0,0.0060501296456352,0.0121163166397415,0.0012490241998438,0.0018975332068311,0.0,0.0434408602150537,0.002119285498032,0.0021310602024507,0.7058823529411765,0.0134638922888616,0.0021102641004859,5.860863109773967e-05,0.3076923076923077,0.0,0.0377358490566037,0.0047887323943661,0.0008291873963515
1183,TBStack-LR,1,1,TreeStacking,Extract Subclass,0.0068728522336769,0.0244022676854818,0.023598820058997,0.0086206896551724,0.0,0.0,0.0123702545144319,0.0442260442260442,0.0115461847389558,0.1904761904761904,0.0313051146384479,0.0,0.0,0.002119285498032,0.0015146925174189,0.0,0.0099009900990099,0.0351758793969849,0.0319148936170212,0.0,0.0,0.0,0.0093632958801498,0.0018165304268846,0.0054545454545454,0.0,0.0065835674157303,0.0027843221246519,0.0,0.1195476575121163,0.0365339578454332,0.0028462998102466,0.0502283105022831,0.1273118279569892,0.0248259158340902,0.0359616409163558,0.6206896551724138,0.00734394124847,0.0024090625571918,0.0012405493582354,0.3076923076923077,0.0095238095238095,0.0471698113207547,0.016338028169014,0.005804311774461
1184,TBStack-LR,1,1,TreeStacking,Extract Subclass,0.0,0.0473256100566921,0.015732546705998,0.0310344827586206,0.0,0.0004804892253931,0.0219780219780219,0.1179361179361179,0.0075301204819277,0.3809523809523809,0.0229276895943562,0.0,0.0,0.0006055101422948,0.0006058770069675,0.0,0.0235148514851485,0.0050251256281407,0.0425531914893617,0.0111111111111111,0.0,0.0,0.0224719101123595,0.0003027550711474,0.0309090909090909,0.0,0.0043012640449438,0.001927607624759,0.0319792566983578,0.1373182552504039,0.0120218579234972,0.0037950664136622,0.0410958904109589,0.1389247311827957,0.0469270360278534,0.0562067128396377,0.39568345323741,0.0281517747858017,0.0087361198779408,0.0044640240686111,0.3846153846153846,0.0,0.0471698113207547,0.0391549295774647,0.0215588723051409
1185,TBStack-LR,1,1,TreeStacking,Extract Subclass,0.0,0.0091200394380083,0.0,0.0,0.0,0.0,0.0007515589770672,0.0,0.0,0.0,0.0,0.0,0.0,0.0112019376324553,0.0,0.0,0.0,0.0,0.0,0.0,0.0,0.0,0.0,0.0,0.0,0.0,0.0,0.0,0.0,0.0,0.0057767369242779,0.0009487666034155,0.0,0.0116129032258064,0.0112019376324553,0.0,0.0,0.0,0.0,0.0,0.0,0.0,0.0,0.0,0.0
1186,TBStack-LR,1,1,TreeStacking,Extract Subclass,0.0,0.0009859502095144,0.0117994100294985,0.0,0.0,0.0,0.0011984318823505,0.0,0.0,0.0952380952380952,0.0,0.0,0.0,0.0009082652134423,0.0,0.0,0.0006188118811881,0.0,0.0,0.0,0.0,0.0003027550711474,0.0009363295880149,0.0,0.0,0.0,0.0,0.0,0.0,0.0169628432956381,0.0003122560499609,0.0018975332068311,0.0,0.0206451612903225,0.0015137753557372,0.0005327650506126,0.0,0.0,0.0,0.0,0.0,0.0,0.0,0.0,0.0
1187,TBStack-LR,1,1,TreeStacking,Extract Subclass,0.0,0.0120778900665516,0.0412979351032448,0.0008620689655172,0.0,2.9120559114735e-05,0.0056062237208263,0.0294840294840294,0.002008032128514,0.238095238095238,0.0013227513227513,0.0,0.0,0.0042385709960641,0.0009088155104513,0.0,0.010519801980198,0.0552763819095477,0.0159574468085106,0.0,0.0,0.0003027550711474,0.0131086142322097,0.0006055101422948,0.0,0.0,0.001755617977528,0.0012850717498393,0.0095073465859982,0.048465266558966,0.0026541764246682,0.0028462998102466,0.0,0.064516129032258,0.0115046927036027,0.0103889184869472,0.0,0.0,0.0,0.0,0.0,0.0,0.0,0.0,0.0
1188,TBStack-LR,1,1,TreeStacking,Extract Subclass,0.0,0.004929751047572,0.0058997050147492,0.0043103448275862,0.0,7.663305030193422e-07,0.0020515528833458,0.0,0.0017570281124497,0.1428571428571428,0.0,0.0,0.0,0.002119285498032,0.0006058770069675,0.0,0.0061881188118811,0.0351758793969849,0.0106382978723404,0.0,0.0,0.0,0.0056179775280898,0.0,0.0,0.0,0.0007900280898876,0.0002141786249732,0.0077787381158167,0.0105008077544426,0.0004683840749414,0.0009487666034155,0.0,0.0146236559139784,0.0030275507114744,0.0071923281832711,0.36,0.0208078335373316,0.0331890385786157,2.930431554886984e-05,0.3076923076923077,0.0952380952380952,0.1320754716981132,0.0140845070422535,0.0
1189,TBStack-LR,1,1,TreeStacking,Extract Subclass,0.0,0.0004929751047572,0.0,0.0,0.0,0.0,6.09372143568077e-05,0.0,0.0,0.0,0.0,0.0,0.0,0.0006055101422948,0.0006058770069675,0.0,0.0,0.0,0.0,0.0,0.0,0.0006055101422948,0.0,0.0006055101422948,0.0,0.0,0.0,0.0,0.0,0.0,0.0003122560499609,0.0009487666034155,0.0,0.0064516129032258,0.0006055101422948,0.0,0.0,0.0,0.0,0.0,0.0,0.0,0.0,0.0,0.0
1190,TBStack-LR,1,1,TreeStacking,Extract Subclass,0.0,0.0086270643332511,0.0196656833824975,0.0025862068965517,0.0,5.4409465714373296e-05,0.003168735146554,0.0098280098280098,0.0002510040160642,0.1904761904761904,0.001763668430335,0.0140845070422535,0.0,0.0027247956403269,0.0021205695243865,0.005420054200542,0.0086633663366336,0.0050251256281407,0.0053191489361702,0.0444444444444444,0.0,0.0012110202845897,0.0084269662921348,0.0015137753557372,0.0054545454545454,0.0,0.0001755617977528,0.0,0.0077787381158167,0.0444264943457189,0.0010928961748633,0.0009487666034155,0.0136986301369863,0.0486021505376344,0.0105964274901604,0.0095897709110282,0.7,0.0,0.000978564945712,3.907242073182644e-05,0.1538461538461538,0.0,0.0188679245283018,0.0028169014084507,0.0008291873963515
1191,TBStack-LR,1,1,TreeStacking,Extract Subclass,0.134020618556701,0.0017254128666502,0.007866273352999,0.0017241379310344,0.0,7.663305030193422e-07,0.0128577522292864,0.0049140049140049,0.0,0.1904761904761904,0.0,0.0,0.0,0.0,0.0,0.0,0.0012376237623762,0.0,0.0,0.0,0.0,0.0,0.0018726591760299,0.0,0.0018181818181818,0.0,0.0002633426966292,0.0002141786249732,0.0008643042350907,0.0145395799676898,0.0135831381733021,0.0018975332068311,0.0,0.1389247311827957,0.0012110202845897,0.0021310602024507,1.0,0.0195838433292533,0.0024987020942036,0.0011819407271377,0.0769230769230769,0.0,0.0094339622641509,0.0228169014084507,0.0016583747927031
1192,TBStack-LR,1,1,TreeStacking,Extract Subclass,0.0206185567010309,0.0064086763618437,0.0412979351032448,0.0008620689655172,0.0,9.732397388345644e-05,0.0058499725782535,0.0,0.0002510040160642,0.0952380952380952,0.0,0.0,0.0,0.0054495912806539,0.0006058770069675,0.0,0.0117574257425742,0.0552763819095477,0.0319148936170212,0.0555555555555555,0.0175438596491228,0.0006055101422948,0.0093632958801498,0.0006055101422948,0.0009090909090909,0.0,0.0002633426966292,0.0,0.006914433880726,0.0533117932148626,0.0012490241998438,0.0009487666034155,0.0,0.0572043010752688,0.0072661217075386,0.0069259456579648,1.0,0.0048959608323133,0.0002427737460736,0.0002735069451227,0.0769230769230769,0.0,0.0094339622641509,0.0090140845070422,0.0033167495854063
1193,TBStack-LR,1,1,TreeStacking,Extract Subclass,0.0171821305841924,0.0004929751047572,0.0412979351032448,0.0,0.0,2.2989915090580268e-06,0.3941215900550466,0.0,0.0025100401606425,0.0476190476190476,0.0,0.0,0.0,0.0190735694822888,0.0,0.0,0.0018564356435643,0.3165829145728643,0.0053191489361702,0.0,0.0,0.0,0.0018726591760299,0.0190735694822888,0.0018181818181818,0.0,0.0,0.0,0.0008643042350907,0.0016155088852988,0.0149882903981264,0.0939278937381404,0.0,0.1247311827956989,0.0196790796245837,0.0010655301012253,0.0,0.0,0.0,0.0,0.0,0.0,0.0,0.0,0.0
1194,TBStack-LR,1,1,TreeStacking,Extract Subclass,0.0,0.0054227261523293,0.0088495575221238,0.0043103448275862,0.0,0.0,0.0094249558205195,0.0171990171990172,0.0005020080321285,0.1904761904761904,0.0,0.0,0.0,0.0027247956403269,0.0024235080278703,0.0,0.0018564356435643,0.0050251256281407,0.0,0.0,0.0,0.0,0.0,0.0003027550711474,0.0,0.0126582278481012,0.0005266853932584,0.0002141786249732,0.0,0.0193861066235864,0.0003122560499609,0.0161290322580645,0.0045662100456621,0.0898924731182795,0.0057523463518013,0.0047948854555141,0.27,0.03671970624235,0.0043811323714513,0.002695997030496,0.3846153846153846,0.0380952380952381,0.0849056603773584,0.028169014084507,0.0
1195,TBStack-LR,1,1,TreeStacking,Extract Subclass,0.0,0.0110919398570372,0.0049164208456243,0.0077586206896551,0.0,4.981148269625724e-05,0.0035343584326948,0.0073710073710073,0.0035140562248995,0.1904761904761904,0.0070546737213403,0.0,0.0,0.0030275507114744,0.0015146925174189,0.0,0.0092821782178217,0.0251256281407035,0.0106382978723404,0.0,0.0,0.0015137753557372,0.0112359550561797,0.0027247956403269,0.0127272727272727,0.0126582278481012,0.0007900280898876,0.0010708931248661,0.0146931719965427,0.0315024232633279,0.0070257611241217,0.0009487666034155,0.0228310502283105,0.0455913978494623,0.0078716318498334,0.0117208311134789,0.9375,0.003671970624235,0.0005677170677413,0.0005372457850626,0.1538461538461538,0.0,0.0188679245283018,0.0045070422535211,0.0033167495854063
1196,TBStack-LR,1,1,TreeStacking,Extract Subclass,0.0,0.0027113630761646,0.0068829891838741,0.0,0.0,2.605523710265764e-05,0.002092177692917,0.0098280098280098,0.0002510040160642,0.1428571428571428,0.0022045855379188,0.0,0.0,0.0003027550711474,0.0003029385034837,0.0,0.005569306930693,0.0050251256281407,0.0053191489361702,0.0,0.0,0.0,0.0074906367041198,0.0003027550711474,0.0072727272727272,0.0,8.778089887640449e-05,0.0,0.0095073465859982,0.0177705977382875,0.0024980483996877,0.0009487666034155,0.0,0.0206451612903225,0.0033303057826218,0.0063931806073521,0.0,0.0,0.0,0.0,0.0,0.0,0.0,0.0,0.0
1197,TBStack-LR,1,1,TreeStacking,Extract Subclass,0.0103092783505154,0.0091200394380083,0.0196656833824975,0.0017241379310344,0.0,0.0,0.008632772033881,0.0073710073710073,0.0005020080321285,0.1904761904761904,0.0004409171075837,0.0,0.0,0.0054495912806539,0.0033323235383217,0.0,0.0099009900990099,0.0854271356783919,0.0585106382978723,0.0,0.0116959064327485,0.0003027550711474,0.0028089887640449,0.0015137753557372,0.0,0.0126582278481012,0.0014044943820224,0.0,0.0077787381158167,0.0411954765751211,0.0014051522248243,0.0009487666034155,0.0502283105022831,0.0524731182795698,0.0081743869209809,0.0122535961640916,0.5919282511210763,0.0697674418604651,0.3142911566861757,0.000654463047258,0.2307692307692307,0.1428571428571428,0.1698113207547169,0.0628169014084507,0.0165837479270315
1198,TBStack-LR,1,1,TreeStacking,Extract Subclass,0.0,0.0,0.4611602753195674,0.0,0.0,0.0,0.014360870183421,0.0,0.0,0.0476190476190476,0.0,0.0,0.0,0.0,0.0,0.0,0.0006188118811881,0.0,0.0,0.0,0.0058479532163742,0.0,0.0,0.0,0.0,0.0,0.0,0.0,0.0,0.0032310177705977,0.0,0.0009487666034155,0.0,0.0038709677419354,0.0,0.0002663825253063,0.19,0.0391676866585067,0.0041420936060865,0.000449332838416,0.3846153846153846,0.1904761904761905,0.2358490566037736,0.028169014084507,0.0
1199,TBStack-LR,1,1,TreeStacking,Extract Subclass,0.0,0.001232437761893,0.0019665683382497,0.0,0.0,2.2989915090580268e-06,0.0005687473339968,0.0049140049140049,0.0,0.1428571428571428,0.0,0.0,0.0,0.0006055101422948,0.0006058770069675,0.0,0.0018564356435643,0.0100502512562814,0.0,0.0,0.0,0.0,0.0,0.0006055101422948,0.0,0.0,8.778089887640449e-05,0.0,0.0017286084701815,0.0064620355411954,0.0001561280249804,0.0009487666034155,0.0,0.0120430107526881,0.0012110202845897,0.0018646776771443,0.0,0.0,0.0,0.0,0.0,0.0,0.0,0.0,0.0
1200,TBStack-LR,1,1,TreeStacking,Extract Subclass,0.0206185567010309,0.0039438008380576,0.0452310717797443,0.0,0.0,0.0007732274775465,0.0077593386281001,0.0049140049140049,0.0,0.1904761904761904,0.0,0.1408450704225352,0.0,0.0033303057826218,0.0030293850348379,0.0,0.0309405940594059,0.0552763819095477,0.0053191489361702,0.0,0.0409356725146198,0.0,0.0393258426966292,0.0,0.0,0.0,0.0001755617977528,0.0,0.0146931719965427,0.0210016155088853,0.0001561280249804,0.0037950664136622,0.0045662100456621,0.0653763440860215,0.004844081138359,0.0143846563665423,0.0,0.0,0.0,0.0,0.0,0.0,0.0,0.0,0.0
1201,TBStack-LR,1,1,TreeStacking,Extract Subclass,0.0034364261168384,0.0029578506285432,0.0108161258603736,0.0017241379310344,0.0,4.90451521932379e-05,0.0021328025024882,0.0122850122850122,0.0007530120481927,0.1904761904761904,0.0,0.0,0.0,0.0009082652134423,0.0006058770069675,0.0,0.0080445544554455,0.0050251256281407,0.0,0.0222222222222222,0.0116959064327485,0.0,0.0093632958801498,0.0003027550711474,0.0,0.0,0.0002633426966292,0.0,0.0095073465859982,0.0210016155088853,0.0004683840749414,0.0018975332068311,0.0,0.0236559139784946,0.0030275507114744,0.0071923281832711,0.0,0.0,0.0,0.0,0.0,0.0,0.0,0.0,0.0
1202,TBStack-LR,1,1,TreeStacking,Extract Subclass,0.0068728522336769,0.0,0.0029498525073746,0.0,0.0,0.0,0.0004671853100688,0.0,0.0,0.0476190476190476,0.0,0.0,0.0,0.0,0.0,0.0,0.0006188118811881,0.0,0.0,0.0,0.0,0.0,0.0009363295880149,0.0,0.0,0.0,0.0,0.0,0.0,0.0040387722132471,0.0,0.0009487666034155,0.0,0.0094623655913978,0.0,0.0002663825253063,0.0,0.0,0.0,0.0,0.0,0.0,0.0,0.0,0.0
1203,TBStack-LR,1,1,TreeStacking,Extract Subclass,0.0,0.03179689425684,0.0088495575221238,0.0051724137931034,0.0,0.0018031756736045,0.0113343218703662,0.0491400491400491,0.0225903614457831,0.1904761904761904,0.0052910052910052,0.0,0.0,0.0063578564940962,0.0009088155104513,0.1056910569105691,0.0457920792079207,0.0050251256281407,0.0053191489361702,0.1666666666666666,0.0175438596491228,0.0009082652134423,0.0655430711610487,0.0018165304268846,0.0018181818181818,0.0,0.0133426966292134,0.0250588991218676,0.038029386343993,0.0379644588045234,0.0018735362997658,0.0009487666034155,0.0,0.0597849462365591,0.0239176506206478,0.0447522642514651,0.8,0.0024479804161566,0.0170277770515315,0.033748803407115,0.2307692307692307,0.0,0.0283018867924528,0.004225352112676,0.0008291873963515
1204,TBStack-LR,1,1,TreeStacking,Extract Subclass,0.0,0.0041902883904362,0.0098328416912487,0.0043103448275862,0.0,0.0,0.0019499908594178,0.0,0.0017570281124497,0.1428571428571428,0.0,0.0,0.0,0.0003027550711474,0.0,0.0,0.0012376237623762,0.0050251256281407,0.0,0.0,0.0,0.0,0.0018726591760299,0.0,0.0,0.0,0.0006144662921348,0.0004283572499464,0.006914433880726,0.0226171243941841,0.0046838407494145,0.0009487666034155,0.0,0.0296774193548387,0.0033303057826218,0.0053276505061267,0.0,0.0,0.0,0.0,0.0,0.0,0.0,0.0,0.0
1205,TBStack-LR,1,1,TreeStacking,Extract Subclass,0.0137457044673539,0.0009859502095144,0.0344149459193707,0.0008620689655172,0.0,3.44848726358704e-05,0.0090796449391643,0.0024570024570024,0.001004016064257,0.1904761904761904,0.0,0.0,0.0,0.0006055101422948,0.0006058770069675,0.0,0.0061881188118811,0.0,0.0,0.0,0.0526315789473684,0.0006055101422948,0.0009363295880149,0.0006055101422948,0.0,0.0,0.0001755617977528,0.0,0.0077787381158167,0.0088852988691437,0.0009367681498829,0.00853889943074,0.0,0.0825806451612903,0.0012110202845897,0.0037293553542887,0.5,0.0,0.0023754477308124,1.953621036591322e-05,0.1538461538461538,0.0,0.0188679245283018,0.0011267605633802,0.0008291873963515
1206,TBStack-LR,1,1,TreeStacking,Extract Subclass,0.0068728522336769,0.0177471037712595,0.0285152409046214,0.0,0.0,2.835422861171566e-05,0.0045906034815461,0.0024570024570024,0.0002510040160642,0.1904761904761904,0.0,0.0,0.0,0.0184680593399939,0.0148439866707058,0.0,0.0061881188118811,0.0050251256281407,0.0,0.0,0.0,0.0181653042688465,0.0093632958801498,0.0166515289131092,0.0,0.0,0.0003511235955056,0.0,0.0008643042350907,0.0234248788368336,0.0068696330991412,0.0009487666034155,0.0,0.0477419354838709,0.0202845897668785,0.0058604155567394,1.0,0.0024479804161566,0.0012586884988739,0.0003516517865864,0.0769230769230769,0.0,0.0094339622641509,0.0149295774647887,0.005804311774461
1207,TBStack-LR,1,1,TreeStacking,Extract Subclass,0.0,0.0,0.0,0.0,0.0,0.0,0.0144218073977778,0.0,0.0,0.0,0.0,0.0,0.0,0.0,0.0,0.0,0.0,0.0,0.0,0.0,0.0,0.0,0.0,0.0,0.0,0.0,0.0,0.0,0.0,0.0,0.0,0.0,0.0,0.0,0.0,0.0,0.0,0.0,0.0,0.0,0.0,0.0,0.0,0.0,0.0
1208,TBStack-LR,1,1,TreeStacking,Extract Subclass,0.0,0.0007394626571358,0.0127826941986234,0.0,0.0064102564102564,2.2989915090580268e-06,0.000710934167496,0.0024570024570024,0.0005020080321285,0.1428571428571428,0.0,0.0,0.0,0.0003027550711474,0.0003029385034837,0.0,0.0018564356435643,0.0050251256281407,0.0053191489361702,0.0,0.0,0.0,0.0018726591760299,0.0003027550711474,0.0009090909090909,0.0,0.0,0.0010708931248661,0.0017286084701815,0.0096930533117932,0.0004683840749414,0.0009487666034155,0.0,0.0193548387096774,0.0009082652134423,0.0034629728289824,0.0,0.0,0.0,0.0,0.0,0.0,0.0,0.0,0.0
1209,TBStack-LR,1,1,TreeStacking,Extract Subclass,0.0,0.0004929751047572,0.0049164208456243,0.0,0.0,0.0,4.062480957120514e-05,0.0,0.0,0.0,0.0,0.0,0.0,0.0006055101422948,0.0,0.0,0.0,0.0,0.0,0.0,0.0,0.0,0.0,0.0,0.0,0.0,0.0,0.0,0.0,0.0,0.0003122560499609,0.0009487666034155,0.0,0.0038709677419354,0.0006055101422948,0.0,0.0,0.0,0.0,0.0,0.0,0.0,0.0,0.0,0.0
1210,TBStack-LR,1,1,TreeStacking,Extract Subclass,0.0,0.013063840276066,0.0098328416912487,0.0068965517241379,0.0,0.0,0.0056671609351831,0.0171990171990172,0.0102911646586345,0.3333333333333333,0.0066137566137566,0.0,0.0,0.0027247956403269,0.0,0.0,0.0068069306930693,0.0251256281407035,0.0053191489361702,0.0,0.0,0.0012110202845897,0.0093632958801498,0.0,0.0,0.0253164556962025,0.0027212078651685,0.0096380381237952,0.010371650821089,0.0646203554119547,0.0176424668227946,0.0009487666034155,0.0319634703196347,0.0533333333333333,0.0121102028458976,0.0186467767714437,0.5217391304347826,0.0171358629130966,0.0016433915118828,0.0005665501006114,0.2307692307692307,0.0095238095238095,0.0377358490566037,0.0064788732394366,0.0024875621890547
1211,TBStack-LR,1,0,TreeStacking,Extract Subclass,0.0068728522336769,0.0123243776189302,0.0373647984267453,0.0051724137931034,0.0,5.364313521135396e-05,0.0047734151246166,0.0122850122850122,0.0002510040160642,0.1904761904761904,0.0,0.0,0.0,0.0018165304268846,0.0006058770069675,0.0,0.0099009900990099,0.0301507537688442,0.0159574468085106,0.0,0.0,0.0,0.0121722846441947,0.0,0.0,0.0,0.0005266853932584,0.0,0.0086430423509075,0.0468497576736672,0.0,0.0009487666034155,0.0,0.0486021505376344,0.0142294883439297,0.0098561534363345,0.6666666666666666,0.0048959608323133,9.337451772061598e-05,0.0002539707347568,0.1538461538461538,0.0,0.0188679245283018,0.0050704225352112,0.0049751243781094
1212,TBStack-LR,1,1,TreeStacking,Extract Subclass,0.0,0.0083805767808725,0.0147492625368731,0.0025862068965517,0.0,9.962296539251447e-06,0.0042046677906197,0.0073710073710073,0.001004016064257,0.1428571428571428,0.0,0.0,0.0,0.007568876778686,0.0,0.0,0.0037128712871287,0.0100502512562814,0.0,0.0,0.0,0.0069633666363911,0.0056179775280898,0.0,0.0036363636363636,0.0,0.000438904494382,0.0012850717498393,0.024200518582541,0.0145395799676898,0.0113973458235753,0.0009487666034155,0.0182648401826484,0.0782795698924731,0.0105964274901604,0.0125199786893979,0.0,0.0,0.0,0.0,0.0,0.0,0.0,0.0,0.0
1213,TBStack-LR,1,1,TreeStacking,Extract Subclass,0.0,0.0170076411141237,0.0353982300884955,0.0043103448275862,0.0,0.0,0.0058296601734679,0.0294840294840294,0.0047690763052208,0.3809523809523809,0.0008818342151675,0.0,0.0,0.0039358159249167,0.0036352620418055,0.0,0.0043316831683168,0.0653266331658291,0.0,0.0,0.0116959064327485,0.0,0.0046816479400749,0.0,0.0,0.0,0.001316713483146,0.0,0.0025929127052722,0.0638126009693053,0.0074941451990632,0.0018975332068311,0.0091324200913242,0.0662365591397849,0.0181653042688465,0.0135855087906233,0.7647058823529411,0.0171358629130966,0.0027340058788596,0.0005665501006114,0.2307692307692307,0.0,0.0283018867924528,0.0095774647887323,0.0024875621890547
1214,TBStack-LR,1,1,TreeStacking,Extract Subclass,0.0,0.0155287157998521,0.023598820058997,0.0120689655172413,0.0,0.0006644085461177,0.010014015559302,0.0196560196560196,0.0025100401606425,0.2857142857142857,0.0026455026455026,0.0,0.0,0.0078716318498334,0.0048470160557406,0.0,0.031559405940594,0.0954773869346733,0.0,0.0444444444444444,0.0058479532163742,0.0009082652134423,0.0411985018726591,0.0012110202845897,0.0,0.0253164556962025,0.0005266853932584,0.0004283572499464,0.0466724286949006,0.0896607431340872,0.0070257611241217,0.0009487666034155,0.0319634703196347,0.0787096774193548,0.0136239782016348,0.0380927011188066,0.920863309352518,0.0758873929008567,0.0036341362296863,0.0018754761951276,0.0769230769230769,0.0476190476190476,0.0566037735849056,0.0391549295774647,0.0140961857379767
1215,TBStack-LR,1,1,TreeStacking,Extract Subclass,0.0,0.0007394626571358,0.0068829891838741,0.0008620689655172,0.0,2.2989915090580268e-06,0.0061140338404663,0.0,0.0002510040160642,0.0476190476190476,0.0004409171075837,0.0,0.0,0.0009082652134423,0.0003029385034837,0.010840108401084,0.0037128712871287,0.0050251256281407,0.0053191489361702,0.0,0.0,0.0,0.0037453183520599,0.0,0.0,0.0,0.0002633426966292,0.0,0.0043215211754537,0.0016155088852988,0.0,0.0056925996204933,0.0,0.0524731182795698,0.0009082652134423,0.0021310602024507,0.0,0.0,0.0,0.0,0.0,0.0,0.0,0.0,0.0
1216,TBStack-LR,1,1,TreeStacking,Extract Subclass,0.0,0.0007394626571358,0.0009832841691248,0.0,0.0,0.0,0.0006906217627104,0.0,0.0002510040160642,0.0952380952380952,0.0,0.0,0.0,0.0009082652134423,0.0009088155104513,0.0,0.0037128712871287,0.0150753768844221,0.0,0.0,0.0,0.0,0.0056179775280898,0.0,0.0,0.0,0.0,0.0,0.0043215211754537,0.0032310177705977,0.0004683840749414,0.0009487666034155,0.0045662100456621,0.0081720430107526,0.0009082652134423,0.0021310602024507,0.0,0.0,0.0,0.0,0.0,0.0,0.0,0.0,0.0
1217,TBStack-LR,1,1,TreeStacking,Extract Subclass,0.0,0.003697313285679,0.0098328416912487,0.0,0.0,1.45602795573675e-05,0.0020718652881314,0.0,0.001004016064257,0.238095238095238,0.0004409171075837,0.0,0.0,0.0006055101422948,0.0006058770069675,0.0,0.0043316831683168,0.0100502512562814,0.0106382978723404,0.0,0.0,0.0,0.0046816479400749,0.0006055101422948,0.0,0.0126582278481012,8.778089887640449e-05,0.0002141786249732,0.0025929127052722,0.0274636510500807,0.0018735362997658,0.0009487666034155,0.0228310502283105,0.0253763440860215,0.0036330608537693,0.0053276505061267,0.8888888888888888,0.0012239902080783,0.0009001303508267,8.79129466466095e-05,0.1538461538461538,0.0,0.0188679245283018,0.0025352112676056,0.0016583747927031
1218,TBStack-LR,1,1,TreeStacking,Extract Subclass,0.0,0.0014789253142716,0.0117994100294985,0.0008620689655172,0.0,1.6092940563406187e-05,0.0008734334057809,0.0,0.0,0.0952380952380952,0.0,0.0,0.0,0.0,0.0,0.0,0.0043316831683168,0.0,0.0053191489361702,0.0,0.0175438596491228,0.0,0.0028089887640449,0.0,0.0,0.0,0.0,0.0,0.0017286084701815,0.0145395799676898,0.0,0.0009487666034155,0.0,0.0150537634408602,0.0015137753557372,0.002397442727757,0.0,0.0,0.0,0.0,0.0,0.0,0.0,0.0,0.0
1219,TBStack-LR,1,1,TreeStacking,Extract Subclass,0.0,0.0184865664283953,0.0,0.0,0.0,0.0,0.0015234303589201,0.0,0.0082831325301204,0.0,0.0,0.0,0.0,0.0227066303360581,0.0006058770069675,0.0,0.0,0.0,0.0,0.0,0.0,0.0006055101422948,0.0,0.0,0.0,0.0,0.0,0.0,0.0,0.0,0.0117096018735362,0.0009487666034155,0.0,0.0124731182795698,0.0227066303360581,0.0,0.0,0.0,0.0,0.0,0.0,0.0,0.0,0.0,0.0
1220,TBStack-LR,1,1,TreeStacking,Extract Subclass,0.0,0.0271136307616465,0.0511307767944936,0.0284482758620689,0.0,0.0005272353860773,0.0149093051126322,0.0343980343980344,0.0015060240963855,0.1904761904761904,0.0039682539682539,0.0,0.0,0.0039358159249167,0.0009088155104513,0.0,0.0402227722772277,0.0603015075376884,0.0372340425531914,0.0111111111111111,0.023391812865497,0.0,0.049625468164794,0.0009082652134423,0.0018181818181818,0.0,0.0019311797752808,0.0096380381237952,0.0751944684528954,0.104200323101777,0.0085870413739266,0.0018975332068311,0.0593607305936073,0.0791397849462365,0.0263396911898274,0.0546084176877996,0.8205128205128205,0.011015911872705,0.0081684028101994,0.0107156113857034,0.2307692307692307,0.0095238095238095,0.0377358490566037,0.0109859154929577,0.0099502487562189
1221,TBStack-LR,1,1,TreeStacking,Extract Subclass,0.0,0.002464875523786,0.0265486725663716,0.0,0.0064102564102564,0.0001042209484106,0.003270297170482,0.0073710073710073,0.0002510040160642,0.1428571428571428,0.0,0.0,0.0,0.0003027550711474,0.0003029385034837,0.0,0.010519801980198,0.0050251256281407,0.0,0.0,0.0,0.0,0.0159176029962546,0.0003027550711474,0.0,0.0,0.0,0.0,0.0077787381158167,0.0363489499192245,0.0014051522248243,0.0009487666034155,0.0,0.0438709677419354,0.0030275507114744,0.0061267980820458,1.0,0.0097919216646266,0.0003697630901736,0.000224666419208,0.0769230769230769,0.0,0.0094339622641509,0.0073239436619718,0.0008291873963515
1222,TBStack-LR,1,1,TreeStacking,Extract Subclass,0.0034364261168384,0.0004929751047572,0.0049164208456243,0.0,0.0,4.5979830181160536e-06,0.0007312465722816,0.0,0.0,0.0952380952380952,0.0008818342151675,0.0,0.0,0.0003027550711474,0.0003029385034837,0.0,0.0024752475247524,0.0050251256281407,0.0053191489361702,0.0,0.0,0.0,0.0028089887640449,0.0,0.0,0.0,0.0,0.0,0.0,0.0121163166397415,0.0004683840749414,0.0009487666034155,0.0,0.0133333333333333,0.0006055101422948,0.0013319126265316,0.0,0.0,0.0,0.0,0.0,0.0,0.0,0.0,0.0
1223,TBStack-LR,1,1,TreeStacking,Extract Subclass,0.0,0.277544983978309,0.0,0.0,0.0,0.0,0.0228717677885884,0.0,0.0,0.0,0.0,0.0,0.0,0.3409022101120194,0.0,0.0,0.0,0.0,0.0,0.0,0.0,0.0,0.0,0.0,0.0,0.0,0.0,0.0,0.0,0.0,0.175800156128025,0.0009487666034155,0.0,0.0154838709677419,0.3409022101120194,0.0,0.26,0.0501835985312117,0.0009412151386238,0.0014945200929923,0.6923076923076923,0.0761904761904762,0.160377358490566,0.028169014084507,0.0
1224,TBStack-LR,1,1,TreeStacking,Extract Subclass,0.0034364261168384,0.0073946265713581,0.0452310717797443,0.0008620689655172,0.0,9.962296539251447e-06,0.0032906095752676,0.0024570024570024,0.0,0.1428571428571428,0.0,0.0,0.0,0.0033303057826218,0.0033323235383217,0.0,0.0043316831683168,0.0452261306532663,0.0,0.0,0.0,0.0006055101422948,0.0065543071161048,0.0009082652134423,0.0,0.0,0.0,0.0,0.0095073465859982,0.0363489499192245,0.0006245120999219,0.0018975332068311,0.0,0.0490322580645161,0.007568876778686,0.0058604155567394,0.2222222222222222,0.0244798041615667,0.0013782078815562,0.0014261433567116,0.6153846153846154,0.0666666666666666,0.1415094339622641,0.0228169014084507,0.0124378109452736
1225,TBStack-LR,1,1,TreeStacking,Extract Subclass,0.0,0.0014789253142716,0.007866273352999,0.0034482758620689,0.0,7.663305030193421e-06,0.0011171822632081,0.0,0.002008032128514,0.0952380952380952,0.0,0.0,0.0,0.0,0.0,0.0,0.0030940594059405,0.0,0.0,0.0,0.0,0.0,0.0037453183520599,0.0,0.0,0.0,0.0,0.0008567144998929,0.003457216940363,0.0064620355411954,0.0018735362997658,0.0009487666034155,0.0,0.0146236559139784,0.0018165304268846,0.0034629728289824,1.0,0.0,7.469961417649278e-06,1.953621036591322e-05,0.0769230769230769,0.0,0.0094339622641509,0.0005633802816901,0.0016583747927031
1226,TBStack-LR,1,1,TreeStacking,Extract Subclass,0.0068728522336769,0.001232437761893,0.0127826941986234,0.0,0.0,7.663305030193422e-07,0.0025593630029859,0.0,0.0002510040160642,0.0476190476190476,0.0004409171075837,0.0,0.0,0.0009082652134423,0.0,0.0,0.0037128712871287,0.0150753768844221,0.0,0.0,0.0,0.0,0.0046816479400749,0.0,0.0,0.0,0.0,0.0,0.0025929127052722,0.011308562197092,0.0001561280249804,0.0028462998102466,0.0,0.0288172043010752,0.0015137753557372,0.001598295151838,0.0,0.0,0.0,0.0,0.0,0.0,0.0,0.0,0.0
1227,TBStack-LR,1,1,TreeStacking,Extract Subclass,0.0034364261168384,0.0041902883904362,0.0226155358898721,0.0,0.0192307692307692,0.0,0.0059109097926103,0.0049140049140049,0.0007530120481927,0.1428571428571428,0.0,0.0,0.0,0.0036330608537693,0.0,0.0,0.0006188118811881,0.0603015075376884,0.0,0.0,0.0,0.0,0.0009363295880149,0.0,0.0,0.0,0.0002633426966292,0.0,0.0008643042350907,0.0185783521809369,0.0007806401249024,0.0028462998102466,0.0045662100456621,0.0670967741935483,0.0057523463518013,0.0010655301012253,0.0,0.0,0.0,0.0,0.0,0.0,0.0,0.0,0.0
1228,TBStack-LR,1,1,TreeStacking,Extract Subclass,0.0034364261168384,0.0300714813901897,0.039331366764995,0.0043103448275862,0.0,0.0002843086166201,0.0239077004326542,0.0049140049140049,0.0032630522088353,0.1904761904761904,0.0008818342151675,0.0,0.0,0.0145322434150772,0.0033323235383217,0.0,0.021039603960396,0.0301507537688442,0.0106382978723404,0.3555555555555555,0.0526315789473684,0.0030275507114744,0.0215355805243445,0.0036330608537693,0.0,0.0253164556962025,0.0034234550561797,0.0036410366245448,0.0112359550561797,0.0735056542810985,0.0018735362997658,0.0142314990512333,0.0136986301369863,0.1217204301075268,0.0263396911898274,0.0231752797016515,0.7692307692307693,0.003671970624235,0.0081721377909083,0.0001660577881102,0.3076923076923077,0.0,0.0377358490566037,0.0036619718309859,0.0008291873963515
1229,TBStack-LR,1,0,TreeStacking,Extract Subclass,0.0,0.0,0.0009832841691248,0.0,0.0,7.663305030193422e-07,0.0001624992382848,0.0,0.0,0.0476190476190476,0.0,0.0,0.0,0.0003027550711474,0.0,0.0,0.0012376237623762,0.0,0.0,0.0,0.0,0.0,0.0018726591760299,0.0,0.0,0.0,0.0,0.0,0.0017286084701815,0.0,0.0,0.0009487666034155,0.0,0.0047311827956989,0.0003027550711474,0.0005327650506126,0.0,0.0,0.0,0.0,0.0,0.0,0.0,0.0,0.0
1230,TBStack-LR,1,0,TreeStacking,Extract Subclass,0.0,0.0002464875523786,0.0029498525073746,0.0,0.0,0.0,0.000203124047856,0.0,0.0,0.0476190476190476,0.0,0.0,0.0,0.0003027550711474,0.0,0.002710027100271,0.0012376237623762,0.0050251256281407,0.0,0.0,0.0058479532163742,0.0,0.0009363295880149,0.0,0.0,0.0,8.778089887640449e-05,0.0,0.0008643042350907,0.0016155088852988,0.0,0.0009487666034155,0.0,0.0025806451612903,0.0003027550711474,0.0005327650506126,0.0,0.0,0.0,0.0,0.0,0.0,0.0,0.0,0.0
1231,TBStack-LR,1,1,TreeStacking,Extract Subclass,0.0,0.0293320187330539,0.007866273352999,0.0008620689655172,0.0,0.0,0.0042656050049765,0.0,0.0007530120481927,0.0476190476190476,0.0008818342151675,0.0,0.0,0.036330608537693,0.0157528021811572,0.0,0.0024752475247524,0.0,0.0,0.0,0.0,0.036330608537693,0.0037453183520599,0.036330608537693,0.0036363636363636,0.0,0.0001755617977528,0.0,0.0017286084701815,0.0096930533117932,0.0121779859484777,0.0009487666034155,0.0,0.0602150537634408,0.036330608537693,0.0013319126265316,0.84,0.0195838433292533,0.0006349467205001,0.0003614198917693,0.0769230769230769,0.0761904761904762,0.0849056603773584,0.0140845070422535,0.0
1232,TBStack-LR,1,1,TreeStacking,Extract Subclass,0.0,0.0007394626571358,0.0,0.0,0.0,0.0,0.0002640612622128,0.0,0.0,0.0952380952380952,0.001763668430335,0.0,0.0,0.0,0.0,0.0,0.0006188118811881,0.0,0.0,0.0,0.0,0.0,0.0009363295880149,0.0,0.0009090909090909,0.0,0.0007900280898876,0.0,0.0017286084701815,0.0032310177705977,0.0001561280249804,0.0009487666034155,0.0,0.0038709677419354,0.0009082652134423,0.0005327650506126,0.0,0.0,0.0,0.0,0.0,0.0,0.0,0.0,0.0
1233,TBStack-LR,1,1,TreeStacking,Extract Subclass,0.0412371134020618,0.0256347054473749,0.031465093411996,0.0103448275862068,0.0,0.0004398737087331,0.0136905608254961,0.0147420147420147,0.003012048192771,0.1428571428571428,0.0026455026455026,0.0,0.0,0.0096881622767181,0.0033323235383217,0.0,0.0247524752475247,0.1608040201005025,0.1223404255319148,0.0,0.023391812865497,0.0,0.0112359550561797,0.0,0.0018181818181818,0.0126582278481012,0.0029845505617977,0.0012850717498393,0.0302506482281763,0.0646203554119547,0.0029664324746291,0.0018975332068311,0.0,0.0808602150537634,0.020587344838026,0.028236547682472,0.525,0.0354957160342717,0.1953320211101109,0.0004200285228671,0.2307692307692307,0.0857142857142857,0.1132075471698113,0.0225352112676056,0.0082918739635157
1234,TBStack-LR,1,1,TreeStacking,Extract Subclass,0.0,0.0007394626571358,0.0009832841691248,0.0,0.0,0.0,0.000406248095712,0.0,0.0002510040160642,0.0952380952380952,0.0,0.0,0.0,0.0003027550711474,0.0,0.0,0.0030940594059405,0.0050251256281407,0.0,0.0,0.0175438596491228,0.0,0.0018726591760299,0.0,0.0,0.0,0.0001755617977528,0.0,0.0017286084701815,0.0008077544426494,0.0,0.0009487666034155,0.0,0.0051612903225806,0.0003027550711474,0.001598295151838,0.0,0.0,0.0,0.0,0.0,0.0,0.0,0.0,0.0
1235,TBStack-LR,1,1,TreeStacking,Extract Subclass,0.0,0.0007394626571358,0.0049164208456243,0.0,0.0,0.0,0.000406248095712,0.0,0.0,0.0476190476190476,0.0,0.0,0.0,0.0003027550711474,0.0,0.0,0.0024752475247524,0.0050251256281407,0.0,0.0,0.0058479532163742,0.0,0.0028089887640449,0.0,0.0018181818181818,0.0,0.0,0.0,0.0017286084701815,0.0016155088852988,0.0,0.0009487666034155,0.0,0.0077419354838709,0.0009082652134423,0.0010655301012253,0.0,0.0,0.0,0.0,0.0,0.0,0.0,0.0,0.0
1236,TBStack-LR,1,1,TreeStacking,Extract Subclass,0.0034364261168384,0.0098595020951441,0.0196656833824975,0.0,0.0,6.820341476872145e-05,0.0058296601734679,0.0024570024570024,0.001004016064257,0.1428571428571428,0.0013227513227513,0.0,0.0,0.007568876778686,0.0045440775522568,0.0,0.0167079207920792,0.0954773869346733,0.0319148936170212,0.0,0.0,0.0018165304268846,0.0196629213483146,0.0045413260672116,0.0009090909090909,0.0,0.0007900280898876,0.0,0.010371650821089,0.0452342487883683,0.004215456674473,0.0028462998102466,0.0045662100456621,0.0662365591397849,0.0099909173478655,0.0117208311134789,0.0,0.0,0.0,0.0,0.0,0.0,0.0,0.0,0.0
1237,TBStack-LR,1,1,TreeStacking,Extract Subclass,0.0,0.0046832634951934,0.0019665683382497,0.0,0.0,4.0615516660025137e-05,0.0018078040259186,0.0,0.003012048192771,0.0952380952380952,0.0004409171075837,0.0,0.0,0.0027247956403269,0.0009088155104513,0.0,0.0086633663366336,0.0452261306532663,0.0,0.0,0.0,0.0,0.0131086142322097,0.0,0.0,0.0,0.0,0.0,0.010371650821089,0.0088852988691437,0.0039032006245121,0.0009487666034155,0.0045662100456621,0.024516129032258,0.004844081138359,0.0042621204049014,0.9673684210526317,0.0012239902080783,0.0075969507617493,0.0185398636372516,0.0769230769230769,0.0380952380952381,0.0471698113207547,0.5352112676056339,0.0
1238,TBStack-LR,1,1,TreeStacking,Extract Subclass,0.0034364261168384,0.1185605126941089,0.2418879056047198,0.0293103448275862,0.0,0.0006843331391962,0.0489528955333021,0.085995085995086,0.0210843373493975,0.3809523809523809,0.0127865961199294,0.0,0.0,0.0066606115652437,0.0063617085731596,0.0,0.0513613861386138,0.0603015075376884,0.1702127659574468,0.0111111111111111,0.0175438596491228,0.0003027550711474,0.0402621722846441,0.0015137753557372,0.0045454545454545,0.0,0.0047401685393258,0.0057828228742771,0.0700086430423509,0.4402261712439418,0.0215456674473067,0.0056925996204933,0.2602739726027397,0.2511827956989247,0.1156524371783227,0.137986148108684,0.1269035532994923,0.0305997552019583,0.0110293980331591,0.0045030964893429,0.4615384615384615,0.380952380952381,0.4339622641509433,0.0554929577464788,0.0323383084577114
1239,TBStack-LR,1,1,TreeStacking,Extract Subclass,0.0,0.0027113630761646,0.0068829891838741,0.0034482758620689,0.0,6.1306440241547375e-06,0.0029859235034835,0.0024570024570024,0.0015060240963855,0.1904761904761904,0.0022045855379188,0.0,0.0,0.0003027550711474,0.0003029385034837,0.0,0.0030940594059405,0.0050251256281407,0.0,0.0,0.0,0.0,0.0046816479400749,0.0,0.0027272727272727,0.0,0.0007022471910112,0.0,0.003457216940363,0.0468497576736672,0.0110850897736143,0.0009487666034155,0.0045662100456621,0.0172043010752688,0.0033303057826218,0.0042621204049014,0.75,0.0269277845777233,0.0645815514362868,2.930431554886984e-05,0.1538461538461538,0.019047619047619,0.0377358490566037,0.028169014084507,0.0
1240,TBStack-LR,1,1,TreeStacking,Extract Subclass,0.0,0.0,0.0127826941986234,0.0,0.0,9.195966036232106e-05,0.000710934167496,0.0,0.0,0.0,0.0,0.0,0.0,0.0,0.0,0.0,0.0099009900990099,0.0,0.0,0.0,0.0,0.0,0.0,0.0,0.0,0.0,0.0,0.0,0.0,0.0,0.0,0.0009487666034155,0.0,0.0094623655913978,0.0,0.0042621204049014,0.0,0.0,0.0,0.0,0.0,0.0,0.0,0.0,0.0
1241,TBStack-LR,1,1,TreeStacking,Extract Subclass,0.0,0.0170076411141237,0.0,0.0,0.0,0.0,0.0014015559302065,0.0,0.0,0.0,0.0,0.0,0.0,0.0208900999091734,0.0209027567403817,0.0,0.0,0.0,0.0,0.0,0.0,0.0208900999091734,0.0,0.0208900999091734,0.0,0.0,0.0002633426966292,0.0,0.0,0.0,0.0103044496487119,0.0009487666034155,0.0,0.0154838709677419,0.0208900999091734,0.0,0.0,0.0,0.0,0.0,0.0,0.0,0.0,0.0,0.0
1242,TBStack-LR,1,1,TreeStacking,Extract Subclass,0.0,0.0019719004190288,0.039331366764995,0.0,0.0064102564102564,0.0,0.0013406187158497,0.0,0.0,0.0952380952380952,0.001763668430335,0.0,0.0,0.0009082652134423,0.0006058770069675,0.0,0.0018564356435643,0.0100502512562814,0.0,0.0111111111111111,0.0,0.0,0.0028089887640449,0.0009082652134423,0.0,0.0,0.0,0.0,0.0,0.0088852988691437,0.0006245120999219,0.0009487666034155,0.0,0.0094623655913978,0.0018165304268846,0.0013319126265316,0.64,0.0134638922888616,0.0003697630901736,0.0004981733643307,0.2307692307692307,0.0,0.0283018867924528,0.0140845070422535,0.0
1243,TBStack-LR,1,1,TreeStacking,Extract Subclass,0.0,0.0002464875523786,0.0,0.0,0.0,0.0,0.0002640612622128,0.0,0.0,0.0476190476190476,0.0,0.0,0.0,0.0003027550711474,0.0003029385034837,0.0,0.0012376237623762,0.0050251256281407,0.0,0.0,0.0,0.0,0.0009363295880149,0.0,0.0,0.0,0.0002633426966292,0.0,0.0008643042350907,0.0,0.0,0.0009487666034155,0.0,0.0111827956989247,0.0003027550711474,0.0005327650506126,0.0,0.0,0.0,0.0,0.0,0.0,0.0,0.0,0.0
1244,TBStack-LR,1,1,TreeStacking,Extract Subclass,0.0481099656357388,0.0675375893517377,0.0167158308751229,0.0577586206896551,0.0,0.0065766483769119,0.0457638479819625,0.0245700245700245,0.0301204819277108,0.1904761904761904,0.0127865961199294,0.0,0.0,0.0217983651226158,0.0054528930627082,0.0,0.0872524752475247,0.3165829145728643,0.3404255319148936,0.0,0.0116959064327485,0.0003027550711474,0.0674157303370786,0.0108991825613079,0.0181818181818181,0.0,0.0063202247191011,0.0057828228742771,0.0838375108038029,0.1809369951534733,0.0226385636221701,0.0142314990512333,0.0228310502283105,0.203010752688172,0.0547986678776869,0.1395844432605221,0.9855072463768116,0.0171358629130966,0.012713874332839,0.0008107527301853,0.0769230769230769,0.0095238095238095,0.0188679245283018,0.0194366197183098,0.0149253731343283
1245,TBStack-LR,1,1,TreeStacking,Extract Subclass,0.1374570446735395,0.0295785062854325,0.0442477876106194,0.0620689655172413,0.0,5.057781319927659e-05,0.0366232658284414,0.0245700245700245,0.0198293172690763,0.3333333333333333,0.0039682539682539,0.0,0.0,0.004844081138359,0.0009088155104513,0.0,0.0123762376237623,0.0804020100502512,0.0159574468085106,0.0,0.0,0.0,0.0159176029962546,0.0,0.0,0.0,0.0122015449438202,0.0081387877489826,0.0121002592912705,0.135702746365105,0.0070257611241217,0.0028462998102466,0.0136986301369863,0.1449462365591398,0.0275507114744171,0.0751198721363878,0.5235457063711911,0.1823745410036719,0.0082094875979965,0.0111258718033875,0.2307692307692307,0.0,0.0283018867924528,0.1016901408450704,0.0099502487562189
1246,TBStack-LR,1,0,TreeStacking,Extract Subclass,0.0034364261168384,0.0061621888094651,0.0098328416912487,0.0008620689655172,0.0,8.889433835024369e-05,0.0042859174097621,0.0024570024570024,0.0002510040160642,0.238095238095238,0.0026455026455026,0.0,0.0,0.0033303057826218,0.0,0.0,0.0154702970297029,0.0552763819095477,0.0319148936170212,0.0,0.0,0.0,0.0177902621722846,0.0,0.0,0.0,0.001755617977528,0.0,0.0051858254105445,0.0565428109854604,0.0012490241998438,0.0018975332068311,0.0,0.0498924731182795,0.0066606115652437,0.0082578582844965,0.6,0.011015911872705,0.0031560586989568,0.0007130716783558,0.2307692307692307,0.0095238095238095,0.0377358490566037,0.0070422535211267,0.0024875621890547
1247,TBStack-LR,1,0,TreeStacking,Extract Subclass,0.0,0.0,0.0019665683382497,0.0,0.0,0.1651411580786561,0.0267108122930673,0.0,0.0017570281124497,0.0,0.0,0.0,0.0,0.0,0.0,0.0,0.4065594059405941,0.0,0.0,0.0,0.0,0.0,0.0,0.0,0.0,0.0,0.0,0.0,0.0,0.0,0.1046057767369242,0.0009487666034155,0.0,0.3677419354838709,0.0,0.1750133191262653,0.168,0.1640146878824969,0.0074886363211934,0.0016215054603707,0.4615384615384615,0.3428571428571428,0.3962264150943396,0.0704225352112676,0.0
1248,TBStack-LR,1,1,TreeStacking,Extract Subclass,0.0274914089347079,0.0027113630761646,0.0206489675516224,0.0,0.0,0.0,0.0043265422193333,0.0098280098280098,0.0,0.1904761904761904,0.0008818342151675,0.0,0.0,0.0024220405691795,0.0,0.0,0.0092821782178217,0.0351758793969849,0.0053191489361702,0.0111111111111111,0.0058479532163742,0.0,0.0121722846441947,0.0,0.0,0.0,0.0011411516853932,0.0004283572499464,0.0008643042350907,0.0274636510500807,0.0046838407494145,0.0028462998102466,0.0,0.0464516129032258,0.0033303057826218,0.0058604155567394,0.35,0.0097919216646266,0.0011727839425709,0.0003418836814034,0.3076923076923077,0.0,0.0377358490566037,0.0056338028169014,0.005804311774461
1249,TBStack-LR,1,1,TreeStacking,Extract Subclass,0.0,0.001232437761893,0.0088495575221238,0.0,0.0,0.0,0.0005687473339968,0.0,0.0005020080321285,0.0952380952380952,0.0,0.0,0.0,0.0006055101422948,0.0,0.0,0.0006188118811881,0.0100502512562814,0.0,0.0,0.0058479532163742,0.0,0.0,0.0,0.0,0.0,0.0002633426966292,0.0,0.0008643042350907,0.0064620355411954,0.0014051522248243,0.0009487666034155,0.0,0.0184946236559139,0.0015137753557372,0.000799147575919,0.0,0.0,0.0,0.0,0.0,0.0,0.0,0.0,0.0
1250,TBStack-LR,1,1,TreeStacking,Extract Subclass,0.0,0.0002464875523786,0.0029498525073746,0.0,0.0,0.0,0.000203124047856,0.0,0.0,0.0476190476190476,0.0,0.0,0.0,0.0,0.0,0.0,0.0006188118811881,0.0,0.0,0.0,0.0,0.0,0.0009363295880149,0.0,0.0009090909090909,0.0,8.778089887640449e-05,0.0,0.0008643042350907,0.0048465266558966,0.0,0.0009487666034155,0.0,0.0043010752688172,0.0003027550711474,0.0002663825253063,0.0,0.0,0.0,0.0,0.0,0.0,0.0,0.0,0.0
1251,TBStack-LR,1,1,TreeStacking,Extract Subclass,0.0,0.0138033029332018,0.0058997050147492,0.0,0.0,0.0008828127394782,0.0043062298145477,0.0,0.0,0.0476190476190476,0.0,0.0,0.0,0.007568876778686,0.0003029385034837,0.0,0.0321782178217821,0.1256281407035175,0.0,0.0,0.0,0.0,0.048689138576779,0.0003027550711474,0.0,0.0,8.778089887640449e-05,0.0,0.0216076058772687,0.0024232633279483,0.0001561280249804,0.0009487666034155,0.0,0.0382795698924731,0.007568876778686,0.0138518913159296,0.5,0.003671970624235,0.00212893900403,0.0001758258932932,0.2307692307692307,0.0,0.0283018867924528,0.0016901408450704,0.0406301824212272
1252,TBStack-LR,1,1,TreeStacking,Extract Subclass,0.0068728522336769,0.0,0.0186823992133726,0.0,0.0,0.0001310425160163,0.0012796815014929,0.0,0.0,0.0476190476190476,0.0,0.0,0.0,0.0,0.0,0.0,0.0117574257425742,0.0,0.0,0.0,0.0,0.0,0.0028089887640449,0.0,0.0,0.0,0.0,0.0,0.0025929127052722,0.0016155088852988,0.0,0.0018975332068311,0.0,0.0176344086021505,0.0,0.0050612679808204,1.0,0.0012239902080783,9.337451772061598e-05,0.0009572743079297,0.0769230769230769,0.0,0.0094339622641509,0.0022535211267605,0.0223880597014925
1253,TBStack-LR,1,1,TreeStacking,Extract Subclass,0.0,0.0029578506285432,0.0039331366764995,0.0043103448275862,0.0,0.0002574870490144,0.0022343645264162,0.0,0.0005020080321285,0.1428571428571428,0.0,0.0,0.0,0.0012110202845897,0.0012117540139351,0.0,0.0173267326732673,0.0201005025125628,0.0,0.0,0.0,0.0,0.0252808988764044,0.0,0.0,0.0,0.0009655898876404,0.0,0.0146931719965427,0.0153473344103392,0.0012490241998438,0.0009487666034155,0.0,0.024516129032258,0.0030275507114744,0.0101225359616409,0.0,0.0,0.0,0.0,0.0,0.0,0.0,0.0,0.0
1254,TBStack-LR,1,1,TreeStacking,Extract Subclass,0.0,0.0059157012570865,0.0029498525073746,0.0008620689655172,0.0,4.214817766606382e-05,0.002092177692917,0.0049140049140049,0.0007530120481927,0.1904761904761904,0.0,0.0,0.0,0.0006055101422948,0.0006058770069675,0.0,0.0068069306930693,0.0100502512562814,0.0053191489361702,0.0,0.0,0.0,0.0093632958801498,0.0006055101422948,0.009090909090909,0.0,0.0001755617977528,0.0,0.006914433880726,0.0210016155088853,0.0039032006245121,0.0018975332068311,0.0045662100456621,0.0258064516129032,0.0039358159249167,0.0082578582844965,0.0,0.0,0.0,0.0,0.0,0.0,0.0,0.0,0.0
1255,TBStack-LR,1,1,TreeStacking,Extract Subclass,0.0,0.0088735518856297,0.0206489675516224,0.0025862068965517,0.0,5.364313521135396e-05,0.0032296723609108,0.0171990171990172,0.0037650602409638,0.1904761904761904,0.0,0.0,0.0,0.002119285498032,0.0,0.0,0.0099009900990099,0.0351758793969849,0.0053191489361702,0.0,0.0058479532163742,0.0,0.0131086142322097,0.0,0.0,0.0,0.0003511235955056,0.0,0.0043215211754537,0.0371567043618739,0.0031225604996096,0.0009487666034155,0.0045662100456621,0.032258064516129,0.0093854072055706,0.0101225359616409,1.0,0.0,0.001105554289812,3.907242073182644e-05,0.0769230769230769,0.0,0.0094339622641509,0.0011267605633802,0.0024875621890547
1256,TBStack-LR,1,1,TreeStacking,Extract Subclass,0.0,0.0002464875523786,0.0570304818092428,0.0,0.0,0.0,0.0018078040259186,0.0,0.0,0.0476190476190476,0.0,0.0,0.0,0.0,0.0,0.0,0.0006188118811881,0.0,0.0,0.0,0.0058479532163742,0.0,0.0,0.0,0.0,0.0,0.0,0.0,0.0,0.0032310177705977,0.0,0.0009487666034155,0.0,0.003010752688172,0.0003027550711474,0.0002663825253063,0.0,0.0,0.0,0.0,0.0,0.0,0.0,0.0,0.0
1257,TBStack-LR,1,1,TreeStacking,Extract Subclass,0.0,0.0,0.0,0.0,0.0,0.0,0.0005687473339968,0.0,0.0,0.0,0.0,0.0,0.0,0.0,0.0,0.0,0.0,0.0,0.0,0.0,0.0,0.0,0.0,0.0,0.0,0.0,0.0,0.0,0.0,0.0,0.0,0.0,0.0,0.0,0.0,0.0,0.0,0.0,0.0,0.0,0.0,0.0,0.0,0.0,0.0
1258,TBStack-LR,1,1,TreeStacking,Extract Subclass,0.0103092783505154,0.0278530934187823,0.0294985250737463,0.0405172413793103,0.0,0.0,0.0139139972781377,0.0122850122850122,0.0138052208835341,0.1904761904761904,0.0022045855379188,0.0,0.0,0.0027247956403269,0.0015146925174189,0.0,0.0142326732673267,0.0251256281407035,0.0744680851063829,0.0,0.0,0.0003027550711474,0.0046816479400749,0.0012110202845897,0.0009090909090909,0.0,0.0035112359550561,0.0021417862497322,0.0665514261019879,0.1017770597738287,0.0146760343481654,0.0028462998102466,0.1187214611872146,0.0924731182795698,0.0311837723281864,0.0463505594033031,0.8356164383561644,0.0697674418604651,0.0042466730659336,0.0033309238673882,0.1538461538461538,0.0476190476190476,0.0660377358490566,0.0616901408450704,0.005804311774461
1259,TBStack-LR,1,1,TreeStacking,Extract Subclass,0.0,0.0,0.0275319567354965,0.0,0.0,0.0005387303436225,0.0023765513599155,0.0,0.0,0.0476190476190476,0.0004409171075837,0.0,0.0,0.0,0.0,0.0,0.0235148514851485,0.0,0.0,0.0,0.0,0.0,0.0355805243445692,0.0,0.0,0.0,8.778089887640449e-05,0.0,0.0319792566983578,0.0331179321486268,0.0,0.0009487666034155,0.0,0.0236559139784946,0.0,0.0101225359616409,0.9473684210526316,0.0,0.0012026637882415,9.76810518295661e-05,0.1538461538461538,0.0,0.0188679245283018,0.0053521126760563,0.0008291873963515
1260,TBStack-LR,1,1,TreeStacking,Extract Subclass,0.0,0.0120778900665516,0.0029498525073746,0.0034482758620689,0.0,2.5288906599638294e-05,0.0047734151246166,0.0098280098280098,0.002008032128514,0.1904761904761904,0.001763668430335,0.0,0.0,0.0036330608537693,0.0006058770069675,0.0,0.0068069306930693,0.0,0.0,0.1,0.023391812865497,0.0006055101422948,0.0065543071161048,0.0006055101422948,0.0009090909090909,0.0379746835443038,0.0026334269662921,0.0004283572499464,0.0051858254105445,0.0169628432956381,0.0010928961748633,0.0018975332068311,0.0045662100456621,0.0425806451612903,0.0093854072055706,0.0095897709110282,0.0,0.0,0.0,0.0,0.0,0.0,0.0,0.0,0.0
1261,TBStack-LR,1,1,TreeStacking,Extract Subclass,0.0137457044673539,0.02119792950456,0.0226155358898721,0.0,0.0,3.98491861570058e-05,0.0230952042412301,0.0049140049140049,0.0,0.0952380952380952,0.0035273368606701,0.0352112676056338,0.0,0.0024220405691795,0.0,0.0,0.0074257425742574,0.0,0.0053191489361702,0.0888888888888888,0.0116959064327485,0.0,0.0084269662921348,0.0,0.0009090909090909,0.0,0.0070224719101123,0.0,0.003457216940363,0.048465266558966,0.0010928961748633,0.0208728652751423,0.0,0.1212903225806451,0.0105964274901604,0.0050612679808204,0.0,0.0,0.0,0.0,0.0,0.0,0.0,0.0,0.0
1262,TBStack-LR,1,1,TreeStacking,Extract Subclass,0.0103092783505154,0.0034508257333004,0.0117994100294985,0.0,0.0,0.0005387303436225,0.0032499847656964,0.0,0.0,0.0,0.0,0.1971830985915493,0.0,0.0042385709960641,0.004241139048773,0.0,0.0235148514851485,0.0,0.0,0.0,0.0,0.0042385709960641,0.0355805243445692,0.0006055101422948,0.0,0.0,8.778089887640449e-05,0.0,0.0,0.0,0.0020296643247462,0.0066413662239089,0.0,0.0584946236559139,0.0042385709960641,0.0101225359616409,0.0,0.0,0.0,0.0,0.0,0.0,0.0,0.0,0.0
1263,TBStack-LR,1,1,TreeStacking,Extract Subclass,0.0034364261168384,0.0064086763618437,0.0167158308751229,0.0008620689655172,0.0,3.678386414492843e-05,0.003168735146554,0.0,0.0005020080321285,0.1428571428571428,0.0044091710758377,0.0,0.0,0.002119285498032,0.0006058770069675,0.0,0.0074257425742574,0.0351758793969849,0.0425531914893617,0.0,0.0,0.0,0.0037453183520599,0.0,0.0018181818181818,0.0,0.0003511235955056,0.0,0.0008643042350907,0.0290791599353796,0.0085870413739266,0.0009487666034155,0.0045662100456621,0.043010752688172,0.0060551014229488,0.0077250932338838,1.0,0.0208078335373316,0.0014304976114798,0.0008009846250024,0.0769230769230769,0.0,0.0094339622641509,0.0166197183098591,0.0041459369817578
1264,TBStack-LR,1,1,TreeStacking,Extract Subclass,0.0,0.0017254128666502,0.0,0.0,0.0,0.0,0.0001828116430704,0.0,0.0,0.0476190476190476,0.0,0.0,0.0,0.002119285498032,0.0021205695243865,0.0,0.0006188118811881,0.0,0.0053191489361702,0.0,0.0,0.002119285498032,0.0,0.002119285498032,0.0,0.0,0.0006144662921348,0.0,0.0,0.0,0.0,0.0009487666034155,0.0,0.0086021505376344,0.002119285498032,0.0002663825253063,0.52,0.0085679314565483,0.0061365733045988,3.907242073182644e-05,0.1538461538461538,0.0,0.0188679245283018,0.0140845070422535,0.0
1265,TBStack-LR,1,1,TreeStacking,Extract Subclass,0.0274914089347079,0.0226768548188316,0.0275319567354965,0.0017241379310344,0.0,5.594212672041198e-05,0.0268733115313521,0.0024570024570024,0.0,0.1428571428571428,0.0039682539682539,0.0352112676056338,0.0,0.0033303057826218,0.0024235080278703,0.002710027100271,0.0086633663366336,0.0,0.0106382978723404,0.1222222222222222,0.0116959064327485,0.0,0.0093632958801498,0.0,0.0009090909090909,0.0,0.0074613764044943,0.0,0.0051858254105445,0.0549273021001615,0.0012490241998438,0.0218216318785578,0.0045662100456621,0.144516129032258,0.0121102028458976,0.0085242408098028,0.62,0.025703794369645,0.0005677170677413,0.0010061148338445,0.2307692307692307,0.019047619047619,0.0471698113207547,0.0140845070422535,0.0
1266,TBStack-LR,1,1,TreeStacking,Extract Subclass,0.0,0.0256347054473749,0.0216322517207472,0.0094827586206896,0.0,8.889433835024369e-05,0.0076171517946009,0.027027027027027,0.0027610441767068,0.1904761904761904,0.0013227513227513,0.0,0.0,0.0057523463518013,0.004241139048773,0.0,0.0173267326732673,0.0,0.0,0.0555555555555555,0.0116959064327485,0.0042385709960641,0.0243445692883895,0.0042385709960641,0.0054545454545454,0.0,0.0109726123595505,0.001927607624759,0.0043215211754537,0.0210016155088853,0.0037470725995316,0.0037950664136622,0.0,0.0679569892473118,0.0211928549803209,0.0199786893979754,1.0,0.0012239902080783,0.002405327576483,2.930431554886984e-05,0.0769230769230769,0.0,0.0094339622641509,0.0019718309859154,0.0016583747927031
1267,TBStack-LR,1,1,TreeStacking,Extract Subclass,0.0,0.0120778900665516,0.0147492625368731,0.0034482758620689,0.0,1.6859271066425527e-05,0.0047734151246166,0.027027027027027,0.0007530120481927,0.4285714285714285,0.0004409171075837,0.0,0.0,0.0036330608537693,0.0,0.0,0.0049504950495049,0.0,0.0053191489361702,0.1222222222222222,0.0,0.0,0.0065543071161048,0.0033303057826218,0.0009090909090909,0.0,0.0014044943820224,0.0002141786249732,0.0051858254105445,0.0323101777059773,0.0082747853239656,0.0018975332068311,0.0,0.0572043010752688,0.0136239782016348,0.0127863612147043,0.0,0.0,0.0,0.0,0.0,0.0,0.0,0.0,0.0
