,Classifier,Actual,Pred,Type,Dataset,classAnonymousClassesQty,classAssignmentsQty,classCbo,classComparisonsQty,classLambdasQty,classLcom,classLoc,classLoopQty,classMathOperationsQty,classMaxNestedBlocks,classNosi,classNumberOfAbstractMethods,classNumberOfDefaultMethods,classNumberOfFields,classNumberOfFinalFields,classNumberOfFinalMethods,classNumberOfMethods,classNumberOfPrivateFields,classNumberOfPrivateMethods,classNumberOfProtectedFields,classNumberOfProtectedMethods,classNumberOfPublicFields,classNumberOfPublicMethods,classNumberOfStaticFields,classNumberOfStaticMethods,classNumberOfSynchronizedMethods,classNumbersQty,classParenthesizedExpsQty,classReturnQty,classRfc,classStringLiteralsQty,classSubClassesQty,classTryCatchQty,classUniqueWordsQty,classVariablesQty,classWmc,authorOwnership,bugFixCount,linesAdded,linesDeleted,qtyMajorAuthors,qtyMinorAuthors,qtyOfAuthors,qtyOfCommits,refactoringsInvolved
0,TBStack-LR,0,0,TreeStacking,Rename Class,0.0,0.011831402514173,0.023598820058997,0.0008620689655172,0.0,0.0001639947276461,0.0055452865064695,0.0196560196560196,0.0027610441767068,0.2857142857142857,0.0,0.0,0.0,0.0018165304268846,0.0009088155104513,0.0,0.0148514851485148,0.0251256281407035,0.0329670329670329,0.0081967213114754,0.0116959064327485,0.0,0.0149812734082397,0.0003027550711474,0.0,0.0,0.0009655898876404,0.0002141786249732,0.0198789974070872,0.0541195476575121,0.0031225604996096,0.0018975332068311,0.0593607305936073,0.0378494623655914,0.0124129579170451,0.0135855087906233,1.0,0.0,0.0001083144405559,0.000100521455048,0.0769230769230769,0.0,0.0094339622641509,0.0030985915492957,0.0017316017316017
1,TBStack-LR,0,0,TreeStacking,Rename Class,0.0,0.0029578506285432,0.0,0.0,0.0,0.0,0.008023399890313,0.0,0.0,0.0476190476190476,0.0,0.0,0.0,0.0036330608537693,0.0036352620418055,0.0,0.0006188118811881,0.0,0.0054945054945054,0.0,0.0,0.0036330608537693,0.0,0.0036330608537693,0.0,0.0,0.0,0.0,0.0,0.0,0.0018735362997658,0.0417457305502846,0.0,0.1406451612903226,0.0036330608537693,0.0002663825253063,0.22,0.0159118727050183,0.0008254307366502,0.0004900420933593,0.6153846153846154,0.0571428571428571,0.1320754716981132,0.028169014084507,0.0
2,TBStack-LR,0,0,TreeStacking,Rename Class,0.0103092783505154,0.0076411141237367,0.0088495575221238,0.0,0.0,1.992459307850289e-05,0.0043265422193333,0.0024570024570024,0.002008032128514,0.0952380952380952,0.0013227513227513,0.0,0.0,0.004844081138359,0.0021205695243865,0.0,0.005569306930693,0.0703517587939698,0.0054945054945054,0.0,0.0,0.0006055101422948,0.0074906367041198,0.0012110202845897,0.0,0.0,0.0031601123595505,0.0002141786249732,0.0060501296456352,0.0355411954765751,0.0004683840749414,0.0009487666034155,0.0045662100456621,0.0477419354838709,0.0081743869209809,0.0050612679808204,0.7058823529411765,0.0134638922888616,0.0010047098106738,0.0003643902745492,0.2307692307692307,0.0,0.0283018867924528,0.0047887323943661,0.0008658008658008
3,TBStack-LR,0,0,TreeStacking,Rename Class,0.0,0.0,0.0,0.0,0.0,2.2989915090580268e-06,8.124961914241028e-05,0.0,0.0,0.0,0.0,0.0,0.0,0.0,0.0,0.0,0.0018564356435643,0.0,0.0,0.0,0.0,0.0,0.0,0.0,0.0,0.0,0.0,0.0,0.0,0.0,0.0,0.0009487666034155,0.0,0.0034408602150537,0.0,0.000799147575919,0.0,0.0,0.0,0.0,0.0,0.0,0.0,0.0,0.0
4,TBStack-LR,0,0,TreeStacking,Rename Class,0.0137457044673539,0.001232437761893,0.0088495575221238,0.0,0.0,3.0653220120773688e-06,0.0015437427637057,0.0,0.0,0.0952380952380952,0.0,0.0,0.0,0.0012110202845897,0.0006058770069675,0.0,0.0024752475247524,0.0100502512562814,0.0054945054945054,0.0,0.0175438596491228,0.0,0.0,0.0003027550711474,0.0,0.0,8.778089887640449e-05,0.0,0.0017286084701815,0.0105008077544426,0.0001561280249804,0.0009487666034155,0.0,0.024516129032258,0.0015137753557372,0.0018646776771443,1.0,0.0,0.0004780775307295,0.0,0.0769230769230769,0.0,0.0094339622641509,0.000281690140845,0.0008658008658008
5,TBStack-LR,0,0,TreeStacking,Rename Class,0.0,0.0155287157998521,0.0098328416912487,0.0103448275862068,0.0,0.0001678263801612,0.0053015376490422,0.0024570024570024,0.0015060240963855,0.2857142857142857,0.0022045855379188,0.0,0.0,0.0099909173478655,0.0006058770069675,0.0,0.016089108910891,0.0301507537688442,0.0,0.0163934426229508,0.0,0.007568876778686,0.0243445692883895,0.007568876778686,0.0118181818181818,0.0,0.0003511235955056,0.0004283572499464,0.0198789974070872,0.0452342487883683,0.0071818891491022,0.0009487666034155,0.0091324200913242,0.0567741935483871,0.0169542839842567,0.0143846563665423,1.0,0.0012239902080783,0.0009822999264208,0.0005403028208833,0.0769230769230769,0.0,0.0094339622641509,0.0129577464788732,0.006060606060606
6,TBStack-LR,0,0,TreeStacking,Rename Class,0.0,0.0135568153808232,0.007866273352999,0.0,0.0,0.0004559666492965,0.001889053645061,0.0,0.0,0.0,0.0,0.0,0.0,0.0166515289131092,0.0,0.0,0.0216584158415841,0.0,0.0,0.0,0.0,0.0,0.0,0.0,0.0,0.0,0.0,0.0,0.0,0.0,0.0085870413739266,0.0009487666034155,0.0,0.0326881720430107,0.0166515289131092,0.0093233883857218,0.4583333333333333,0.025703794369645,0.0009935048685473,0.0005277376390023,0.3076923076923077,0.0285714285714285,0.0660377358490566,0.020281690140845,0.0043290043290043
7,TBStack-LR,0,0,TreeStacking,Rename Class,0.0,0.0,0.0019665683382497,0.0,0.0,0.0,0.0079015254615993,0.0,0.0,0.0476190476190476,0.0,0.0,0.0,0.0,0.0,0.0,0.0,0.0,0.0,0.0,0.0,0.0,0.0,0.0,0.0,0.0,0.0,0.0,0.0,0.0008077544426494,0.0,0.0018975332068311,0.0,0.0597849462365591,0.0,0.0002663825253063,0.0,0.0,0.0,0.0,0.0,0.0,0.0,0.0,0.0
8,TBStack-LR,0,0,TreeStacking,Rename Class,0.0171821305841924,0.0359871826472763,0.063913470993117,0.0120689655172413,0.0,0.0001954142782699,0.021003026548313,0.0049140049140049,0.0025100401606425,0.2857142857142857,0.0039682539682539,0.0,0.0,0.0160460187708144,0.0,0.0,0.0191831683168316,0.0150753768844221,0.0109890109890109,0.0,0.0,0.0096881622767181,0.0271535580524344,0.0,0.0,0.0,0.0066713483146067,0.0021417862497322,0.0077787381158167,0.1122778675282714,0.0184231069476971,0.0009487666034155,0.0319634703196347,0.1174193548387096,0.0372388737511353,0.0309003729355354,0.0,0.0,0.0,0.0,0.0,0.0,0.0,0.0,0.0
9,TBStack-LR,0,0,TreeStacking,Rename Class,0.0,0.0044367759428148,0.0265486725663716,0.0025862068965517,0.0,2.222358458756092e-05,0.0022749893359874,0.0,0.0002510040160642,0.1904761904761904,0.0,0.0,0.0,0.0015137753557372,0.0015146925174189,0.0,0.0068069306930693,0.0201005025125628,0.0,0.0081967213114754,0.0409356725146198,0.0,0.0037453183520599,0.0,0.0,0.0,0.0,0.0004283572499464,0.0086430423509075,0.0371567043618739,0.0006245120999219,0.0009487666034155,0.0045662100456621,0.0301075268817204,0.004844081138359,0.0061267980820458,0.3414634146341463,0.0085679314565483,0.0003734980708824,0.0006282590940503,0.3846153846153846,0.0476190476190476,0.0943396226415094,0.0115492957746478,0.006060606060606
10,TBStack-LR,0,0,TreeStacking,Rename Class,0.0,0.0007394626571358,0.0,0.0,0.0,0.0,0.000203124047856,0.0,0.001004016064257,0.0476190476190476,0.0,0.0,0.0,0.0009082652134423,0.0009088155104513,0.0,0.0006188118811881,0.0,0.0,0.0,0.0,0.0009082652134423,0.0009363295880149,0.0009082652134423,0.0009090909090909,0.0,8.778089887640449e-05,0.0,0.0,0.0016155088852988,0.0009367681498829,0.0009487666034155,0.0,0.0068817204301075,0.0009082652134423,0.0002663825253063,0.98,0.1309669522643818,0.0010719394634326,0.003266947289062,0.0769230769230769,0.0380952380952381,0.0471698113207547,0.056338028169014,0.0
11,TBStack-LR,0,0,TreeStacking,Rename Class,0.0,0.0081340892284939,0.0108161258603736,0.0,0.0,8.659534684118566e-05,0.0025390505982003,0.0024570024570024,0.0027610441767068,0.1428571428571428,0.0013227513227513,0.0,0.0,0.0051468362095065,0.0039382005452893,0.0,0.0111386138613861,0.0854271356783919,0.0109890109890109,0.0,0.0,0.0,0.0140449438202247,0.0003027550711474,0.0,0.0,0.0006144662921348,0.0006425358749196,0.0129645635263612,0.0193861066235864,0.0,0.0009487666034155,0.0,0.0270967741935483,0.0081743869209809,0.0066595631326584,0.4152249134948096,0.0954712362301101,0.2885608745830827,0.0007162153672174,0.3846153846153846,0.2476190476190476,0.2924528301886792,0.0814084507042253,0.0147186147186147
12,TBStack-LR,0,0,TreeStacking,Rename Class,0.0171821305841924,0.0083805767808725,0.0353982300884955,0.0068965517241379,0.0,6.667075376268277e-05,0.0063984075074648,0.0024570024570024,0.001004016064257,0.1428571428571428,0.0013227513227513,0.0,0.0,0.004844081138359,0.0009088155104513,0.0,0.0117574257425742,0.0804020100502512,0.0054945054945054,0.0,0.0,0.0,0.0168539325842696,0.0,0.0,0.0126582278481012,0.0005266853932584,0.0010708931248661,0.0077787381158167,0.0525040387722132,0.0039032006245121,0.0009487666034155,0.0,0.0670967741935483,0.0096881622767181,0.0106553010122535,0.9036144578313252,0.025703794369645,0.0010756744441414,0.0018973424640321,0.0769230769230769,0.0571428571428571,0.0660377358490566,0.0233802816901408,0.0034632034632034
13,TBStack-LR,0,0,TreeStacking,Rename Class,0.0,0.0150357406950948,0.1150442477876106,0.0068965517241379,0.0,0.0001302761855132,0.0077999634376713,0.0,0.0002510040160642,0.1428571428571428,0.001763668430335,0.0,0.0,0.0015137753557372,0.0,0.0,0.0123762376237623,0.0201005025125628,0.0109890109890109,0.0,0.0,0.0003027550711474,0.0168539325842696,0.0015137753557372,0.0,0.0,0.0019311797752808,0.0006425358749196,0.0095073465859982,0.0371567043618739,0.0004683840749414,0.0009487666034155,0.0091324200913242,0.0877419354838709,0.0081743869209809,0.0117208311134789,0.9487179487179488,0.0012239902080783,0.0003249433216677,0.0002136080919771,0.0769230769230769,0.019047619047619,0.0283018867924528,0.0109859154929577,0.0008658008658008
14,TBStack-LR,0,0,TreeStacking,Rename Class,0.0,0.0017254128666502,0.0403146509341199,0.0,0.032051282051282,0.0001563314226159,0.0025796754077715,0.0098280098280098,0.0,0.0952380952380952,0.0013227513227513,0.0,0.0,0.0012110202845897,0.0012117540139351,0.0,0.0129950495049504,0.0201005025125628,0.0329670329670329,0.0,0.0175438596491228,0.0,0.0102996254681647,0.0003027550711474,0.0009090909090909,0.0,0.0,0.0,0.017286084701815,0.0363489499192245,0.0001561280249804,0.0009487666034155,0.0045662100456621,0.0361290322580645,0.002119285498032,0.0069259456579648,0.0,0.0,0.0,0.0,0.0,0.0,0.0,0.0,0.0
15,TBStack-LR,0,0,TreeStacking,Rename Class,0.0137457044673539,0.002464875523786,0.0147492625368731,0.0,0.0,0.0,0.0020515528833458,0.0024570024570024,0.0002510040160642,0.0952380952380952,0.0,0.0,0.0,0.0018165304268846,0.0003029385034837,0.0,0.0018564356435643,0.0301507537688442,0.0,0.0,0.0116959064327485,0.0,0.0009363295880149,0.0003027550711474,0.0,0.0,8.778089887640449e-05,0.0,0.0,0.0137318255250403,0.0001561280249804,0.0009487666034155,0.0,0.0266666666666666,0.0033303057826218,0.0013319126265316,0.7254901960784313,0.0195838433292533,0.0302271988765178,0.00012565181881,0.2307692307692307,0.0380952380952381,0.0660377358490566,0.0143661971830985,0.0008658008658008
16,TBStack-LR,0,0,TreeStacking,Rename Class,0.0,0.0022183879714074,0.0226155358898721,0.0,0.0,0.0,0.0013203063110641,0.0,0.0002510040160642,0.0476190476190476,0.0,0.0,0.0,0.0024220405691795,0.0024235080278703,0.0,0.0018564356435643,0.0351758793969849,0.0,0.0,0.0058479532163742,0.0003027550711474,0.0018726591760299,0.0,0.0,0.0,8.778089887640449e-05,0.0,0.0008643042350907,0.0032310177705977,0.0003122560499609,0.0009487666034155,0.0,0.0180645161290322,0.0027247956403269,0.0029302077783697,0.0,0.0,0.0,0.0,0.0,0.0,0.0,0.0,0.0
17,TBStack-LR,0,0,TreeStacking,Rename Class,0.0,0.0056692137047079,0.0137659783677482,0.0077586206896551,0.0,1.6859271066425527e-05,0.0028640490747699,0.0024570024570024,0.0012550200803212,0.1904761904761904,0.0030864197530864,0.0,0.0,0.0003027550711474,0.0003029385034837,0.0,0.0049504950495049,0.0,0.0054945054945054,0.0,0.0,0.0003027550711474,0.0065543071161048,0.0,0.0045454545454545,0.0,0.0015800561797752,0.0002141786249732,0.006914433880726,0.0250403877221324,0.0003122560499609,0.0028462998102466,0.0091324200913242,0.0296774193548387,0.0045413260672116,0.0087906233351092,0.0,0.0,0.0,0.0,0.0,0.0,0.0,0.0,0.0
18,TBStack-LR,0,0,TreeStacking,Rename Class,0.0,0.0029578506285432,0.0088495575221238,0.0,0.0,0.0,0.0010359326440657,0.0098280098280098,0.0,0.1428571428571428,0.0,0.0,0.0,0.0015137753557372,0.0012117540139351,0.0,0.0024752475247524,0.0251256281407035,0.0,0.0,0.0,0.0,0.0037453183520599,0.0003027550711474,0.0,0.0,8.778089887640449e-05,0.0,0.0025929127052722,0.0105008077544426,0.0,0.0009487666034155,0.0,0.0172043010752688,0.0036330608537693,0.0021310602024507,0.0,0.0,0.0,0.0,0.0,0.0,0.0,0.0,0.0
19,TBStack-LR,0,0,TreeStacking,Rename Class,0.0824742268041237,0.0285925560759181,0.0442477876106194,0.0043103448275862,0.0,0.0,0.0196624078324632,0.0049140049140049,0.0037650602409638,0.1904761904761904,0.001763668430335,0.0,0.0,0.0087798970632758,0.0006058770069675,0.0,0.0049504950495049,0.1256281407035175,0.0,0.0,0.0,0.0012110202845897,0.0074906367041198,0.0006055101422948,0.0,0.0,0.0019311797752808,0.0004283572499464,0.0008643042350907,0.0589660743134087,0.0112412177985948,0.0066413662239089,0.0319634703196347,0.1049462365591397,0.020587344838026,0.0133191262653169,0.96,0.02203182374541,0.003854500091507,0.0008293020041465,0.0769230769230769,0.0095238095238095,0.0188679245283018,0.0140845070422535,0.0
20,TBStack-LR,0,0,TreeStacking,Rename Class,0.0,0.0007394626571358,0.0049164208456243,0.0008620689655172,0.0,2.605523710265764e-05,0.0020109280737746,0.0,0.001004016064257,0.0952380952380952,0.0,0.0,0.0,0.0003027550711474,0.0,0.0,0.005569306930693,0.0050251256281407,0.0164835164835164,0.0,0.0175438596491228,0.0,0.0028089887640449,0.0,0.0,0.0,0.0002633426966292,0.0,0.0146931719965427,0.0145395799676898,0.0029664324746291,0.0009487666034155,0.0,0.0133333333333333,0.0006055101422948,0.0090570058604155,0.2745098039215686,0.011015911872705,0.0287332065929879,0.000150782182572,0.3076923076923077,0.0857142857142857,0.1226415094339622,0.0143661971830985,0.0008658008658008
21,TBStack-LR,0,0,TreeStacking,Rename Class,0.0,0.0266206556568893,0.0599803343166175,0.0025862068965517,0.0,0.0001854519817306,0.0120249436330767,0.0171990171990172,0.0035140562248995,0.3333333333333333,0.0,0.0,0.0,0.0054495912806539,0.0009088155104513,0.0,0.0173267326732673,0.0904522613065326,0.0604395604395604,0.0,0.0175438596491228,0.0,0.0131086142322097,0.0006055101422948,0.0,0.0,0.0005266853932584,0.0012850717498393,0.017286084701815,0.1001615508885298,0.0120218579234972,0.0018975332068311,0.0867579908675799,0.1006451612903225,0.0266424462609748,0.0359616409163558,0.0,0.0,0.0,0.0,0.0,0.0,0.0,0.0,0.0
22,TBStack-LR,0,0,TreeStacking,Rename Class,0.0,0.0258811929997535,0.0403146509341199,0.0103448275862068,0.0,0.0004552003187934,0.0108671365602973,0.054054054054054,0.0095381526104417,0.2857142857142857,0.0119047619047619,0.0,0.0,0.0030275507114744,0.0,0.0,0.0222772277227722,0.0050251256281407,0.0164835164835164,0.0,0.0116959064327485,0.0027247956403269,0.0290262172284644,0.0030275507114744,0.0327272727272727,0.0,0.0072858146067415,0.003855215249518,0.0337078651685393,0.0993537964458804,0.0017174082747853,0.0009487666034155,0.0,0.0735483870967741,0.0230093854072055,0.0404901438465636,0.0,0.0,0.0,0.0,0.0,0.0,0.0,0.0,0.0
23,TBStack-LR,0,0,TreeStacking,Rename Class,0.134020618556701,0.0017254128666502,0.007866273352999,0.0017241379310344,0.0,7.663305030193422e-07,0.0128577522292864,0.0049140049140049,0.0,0.1904761904761904,0.0,0.0,0.0,0.0,0.0,0.0,0.0012376237623762,0.0,0.0,0.0,0.0,0.0,0.0018726591760299,0.0,0.0018181818181818,0.0,0.0002633426966292,0.0002141786249732,0.0008643042350907,0.0145395799676898,0.0135831381733021,0.0018975332068311,0.0,0.1389247311827957,0.0012110202845897,0.0021310602024507,1.0,0.0195838433292533,0.0024987020942036,0.0015203870076019,0.0769230769230769,0.0,0.0094339622641509,0.0228169014084507,0.0017316017316017
24,TBStack-LR,0,1,TreeStacking,Rename Class,0.0378006872852233,0.0214444170569386,0.0462143559488692,0.0318965517241379,0.0,0.0021089415443092,0.0159655501614836,0.0147420147420147,0.0,0.1428571428571428,0.0026455026455026,0.0,0.0,0.004844081138359,0.0003029385034837,0.0,0.047029702970297,0.0804020100502512,0.1813186813186813,0.0,0.0584795321637426,0.0,0.0308988764044943,0.0003027550711474,0.0018181818181818,0.0,0.0005266853932584,0.0004283572499464,0.0440795159896283,0.1429725363489499,0.0046838407494145,0.0009487666034155,0.0,0.0795698924731182,0.0254314259763851,0.0412892914224826,0.1875,0.0881272949816401,0.0043960722942866,0.0029653829239178,0.4615384615384615,0.2857142857142857,0.3396226415094339,0.036056338028169,0.0242424242424242
25,TBStack-LR,0,0,TreeStacking,Rename Class,0.0,0.0170076411141237,0.0009832841691248,0.0,0.0,0.0,0.0014421807397777,0.0,0.0012550200803212,0.0,0.0,0.0,0.0,0.0208900999091734,0.0209027567403817,0.0,0.0,0.0,0.0,0.0,0.0,0.0208900999091734,0.0,0.0208900999091734,0.0,0.0,0.0023700842696629,0.0,0.0,0.0,0.0067135050741608,0.0009487666034155,0.0,0.013763440860215,0.0208900999091734,0.0,0.0,0.0,0.0,0.0,0.0,0.0,0.0,0.0,0.0
26,TBStack-LR,0,0,TreeStacking,Rename Class,0.0,0.0007394626571358,0.0019665683382497,0.0,0.0,4.5979830181160536e-06,0.0008328085962097,0.0,0.0002510040160642,0.1428571428571428,0.001763668430335,0.0,0.0,0.0,0.0,0.0,0.0024752475247524,0.0,0.0054945054945054,0.0,0.0,0.0,0.0028089887640449,0.0,0.0036363636363636,0.0,0.0,0.0,0.0060501296456352,0.0064620355411954,0.0003122560499609,0.0009487666034155,0.0091324200913242,0.0103225806451612,0.0009082652134423,0.002397442727757,0.0,0.0,0.0,0.0,0.0,0.0,0.0,0.0,0.0
27,TBStack-LR,0,0,TreeStacking,Rename Class,0.2061855670103092,0.0093665269903869,0.0403146509341199,0.0189655172413793,0.0,4.597983018116053e-05,0.022181146025878,0.0024570024570024,0.0002510040160642,0.1428571428571428,0.0,0.0,0.0,0.0018165304268846,0.0,0.0,0.0080445544554455,0.0,0.0,0.0,0.0058479532163742,0.0006055101422948,0.0112359550561797,0.0,0.0,0.0,0.0011411516853932,0.0021417862497322,0.0181503889369057,0.0678513731825525,0.0064012490241998,0.0037950664136622,0.0,0.1144086021505376,0.0099909173478655,0.0146510388918486,0.0,0.0,0.0,0.0,0.0,0.0,0.0,0.0,0.0
28,TBStack-LR,0,0,TreeStacking,Rename Class,0.0034364261168384,0.0041902883904362,0.0255653883972468,0.0025862068965517,0.0,6.36054317506054e-05,0.0030265483130547,0.0,0.0005020080321285,0.0952380952380952,0.0026455026455026,0.0,0.0,0.0027247956403269,0.0003029385034837,0.0,0.0092821782178217,0.0,0.0,0.0,0.0,0.0,0.0121722846441947,0.0003027550711474,0.0,0.0,0.0006144662921348,0.0,0.0051858254105445,0.0177705977382875,0.0003122560499609,0.0037950664136622,0.0,0.0326881720430107,0.0039358159249167,0.0061267980820458,0.3333333333333333,0.0,0.0008702505051561,3.769554564302318e-05,0.2307692307692307,0.0,0.0283018867924528,0.0008450704225352,0.0034632034632034
29,TBStack-LR,0,0,TreeStacking,Rename Class,0.0034364261168384,0.0032043381809218,0.0167158308751229,0.0,0.0,7.663305030193422e-07,0.0014218683349921,0.0024570024570024,0.0002510040160642,0.0952380952380952,0.0004409171075837,0.0,0.0,0.0015137753557372,0.0015146925174189,0.0,0.0018564356435643,0.0201005025125628,0.0,0.0,0.0,0.0003027550711474,0.0028089887640449,0.0003027550711474,0.0009090909090909,0.0,0.0,0.0,0.003457216940363,0.0234248788368336,0.0003122560499609,0.0009487666034155,0.0,0.0288172043010752,0.0036330608537693,0.002397442727757,0.2758620689655172,0.003671970624235,0.0002875935145794,0.0008293020041465,0.3076923076923077,0.0666666666666666,0.1037735849056603,0.008169014084507,0.0025974025974025
30,TBStack-LR,0,0,TreeStacking,Rename Class,0.0171821305841924,0.0027113630761646,0.0186823992133726,0.0008620689655172,0.0,1.0728627042270793e-05,0.0030874855274115,0.0024570024570024,0.0,0.1904761904761904,0.0,0.0,0.0,0.0015137753557372,0.0006058770069675,0.0,0.0049504950495049,0.0201005025125628,0.0054945054945054,0.0,0.0058479532163742,0.0,0.0037453183520599,0.0006055101422948,0.0,0.0,0.0003511235955056,0.0,0.003457216940363,0.0282714054927302,0.0,0.0018975332068311,0.0,0.0348387096774193,0.0030275507114744,0.0037293553542887,0.77,0.025703794369645,0.080317025162565,0.0002010429100961,0.1538461538461538,0.019047619047619,0.0377358490566037,0.028169014084507,0.0
31,TBStack-LR,0,0,TreeStacking,Rename Class,0.0,0.0308109440473256,0.0442477876106194,0.0146551724137931,0.0,0.0016430125984734,0.0227092685503036,0.0245700245700245,0.0052710843373493,0.1904761904761904,0.0008818342151675,0.0,0.0,0.0115046927036027,0.004241139048773,0.002710027100271,0.0445544554455445,0.0854271356783919,0.0054945054945054,0.0819672131147541,0.023391812865497,0.0,0.0552434456928839,0.0009082652134423,0.0027272727272727,0.0,0.0028089887640449,0.0012850717498393,0.0527225583405358,0.0912762520193861,0.0131147540983606,0.0037950664136622,0.0365296803652968,0.1462365591397849,0.0284589766878595,0.0559403303143313,0.401985111662531,0.05875152998776,0.0103197516984824,0.0076270654017716,0.3076923076923077,0.019047619047619,0.0566037735849056,0.1135211267605633,0.0277056277056277
32,TBStack-LR,0,0,TreeStacking,Rename Class,0.0068728522336769,0.0032043381809218,0.0117994100294985,0.0017241379310344,0.0,0.0,0.0011984318823505,0.0049140049140049,0.0,0.0952380952380952,0.0,0.0,0.0,0.0006055101422948,0.0,0.0,0.0024752475247524,0.0100502512562814,0.0054945054945054,0.0,0.0058479532163742,0.0,0.0018726591760299,0.0,0.0,0.0,0.0001755617977528,0.0,0.0008643042350907,0.0121163166397415,0.0,0.0009487666034155,0.0,0.0172043010752688,0.0024220405691795,0.002397442727757,0.32,0.0195838433292533,0.0164003002924489,2.513036376201545e-05,0.3076923076923077,0.0857142857142857,0.1226415094339622,0.0140845070422535,0.0
33,TBStack-LR,0,0,TreeStacking,Rename Class,0.0068728522336769,0.0051762385999507,0.0206489675516224,0.0,0.0,9.80903043864758e-05,0.0058499725782535,0.0,0.0,0.1904761904761904,0.0030864197530864,0.0,0.0,0.0030275507114744,0.0003029385034837,0.002710027100271,0.0129950495049504,0.050251256281407,0.0164835164835164,0.0,0.0643274853801169,0.0,0.0009363295880149,0.0030275507114744,0.009090909090909,0.0,0.0,0.0002141786249732,0.0129645635263612,0.024232633279483,0.0029664324746291,0.00853889943074,0.0182648401826484,0.08,0.0054495912806539,0.0125199786893979,0.0,0.0,0.0,0.0,0.0,0.0,0.0,0.0,0.0
34,TBStack-LR,0,0,TreeStacking,Rename Class,0.0,0.0276066058664037,0.0383480825958702,0.0025862068965517,0.0,0.0,0.0098515163210172,0.0245700245700245,0.0022590361445783,0.1904761904761904,0.0,0.0,0.0,0.0069633666363911,0.0069675855801272,0.0,0.0129950495049504,0.1155778894472361,0.0054945054945054,0.0,0.0,0.0,0.0187265917602996,0.0006055101422948,0.0,0.0,0.0002633426966292,0.0004283572499464,0.024200518582541,0.0363489499192245,0.0029664324746291,0.0009487666034155,0.0547945205479452,0.0597849462365591,0.0296699969724492,0.0181140117208311,0.0,0.0,0.0,0.0,0.0,0.0,0.0,0.0,0.0
35,TBStack-LR,0,0,TreeStacking,Rename Class,0.0,0.0007394626571358,0.0039331366764995,0.0,0.0,0.0,0.000203124047856,0.0,0.0,0.0476190476190476,0.0,0.0,0.0,0.0009082652134423,0.0009088155104513,0.0,0.0006188118811881,0.0,0.0054945054945054,0.0,0.0,0.0009082652134423,0.0,0.0009082652134423,0.0,0.0,0.0,0.0,0.0,0.0008077544426494,0.0004683840749414,0.0009487666034155,0.0,0.1686021505376344,0.0009082652134423,0.0002663825253063,0.0,0.0,0.0,0.0,0.0,0.0,0.0,0.0,0.0
36,TBStack-LR,0,0,TreeStacking,Rename Class,0.0,0.0059157012570865,0.0186823992133726,0.0,0.0128205128205128,0.0001839193207246,0.0029859235034835,0.0,0.0002510040160642,0.1428571428571428,0.0030864197530864,0.0,0.0,0.0051468362095065,0.0006058770069675,0.0,0.0148514851485148,0.0854271356783919,0.0274725274725274,0.0,0.0,0.0,0.0177902621722846,0.0006055101422948,0.0054545454545454,0.0,8.778089887640449e-05,0.0,0.0164217804667242,0.0403877221324717,0.0070257611241217,0.0009487666034155,0.0,0.0270967741935483,0.0057523463518013,0.0085242408098028,0.5,0.0061199510403916,0.0004594026271854,0.0002889991832631,0.3076923076923077,0.019047619047619,0.0566037735849056,0.0067605633802816,0.006060606060606
37,TBStack-LR,0,1,TreeStacking,Rename Class,0.0137457044673539,0.0788760167611535,0.0501474926253687,0.0120689655172413,0.0,0.0028009379885356,0.0215514614775243,0.0835380835380835,0.0386546184738955,0.3333333333333333,0.0070546737213403,0.0,0.0,0.0148349984862246,0.0030293850348379,0.0,0.0556930693069306,0.236180904522613,0.0494505494505494,0.0,0.0584795321637426,0.0,0.0393258426966292,0.0003027550711474,0.0027272727272727,0.0,0.0186973314606741,0.0154208609980723,0.0423509075194468,0.1009693053311793,0.0007806401249024,0.0037950664136622,0.0,0.133763440860215,0.0675143808658795,0.0594033031433137,0.2875,0.0489596083231334,0.0049600543813191,0.0029905132876798,0.4615384615384615,0.0476190476190476,0.1037735849056603,0.0225352112676056,0.0233766233766233
38,TBStack-LR,0,0,TreeStacking,Rename Class,0.0240549828178694,0.1013063840276066,0.063913470993117,0.0422413793103448,0.0256410256410256,0.0006544462495785,0.0489325831285165,0.0565110565110565,0.0158132530120481,0.238095238095238,0.0652557319223985,0.0,0.0,0.0081743869209809,0.0039382005452893,0.0,0.0767326732673267,0.1256281407035175,0.565934065934066,0.0,0.0,0.0,0.0056179775280898,0.0036330608537693,0.0136363636363636,0.0,0.0273876404494382,0.0044977511244377,0.2843560933448574,0.3206785137318255,0.0504293520686963,0.0009487666034155,0.2465753424657534,0.2197849462365591,0.1014229488343929,0.1744805540756526,0.2298850574712643,0.0318237454100367,0.0057518702915899,0.0015957780988879,0.5384615384615385,0.019047619047619,0.0849056603773584,0.0245070422535211,0.0086580086580086
39,TBStack-LR,0,0,TreeStacking,Rename Class,0.0515463917525773,0.0009859502095144,0.0098328416912487,0.0,0.0064102564102564,0.0001172485669619,0.011801507180435,0.0,0.0005020080321285,0.0952380952380952,0.0,0.0,0.0,0.0,0.0,0.0,0.0111386138613861,0.0,0.0164835164835164,0.0,0.0,0.0,0.0140449438202247,0.0,0.0,0.0,0.0001755617977528,0.0002141786249732,0.0008643042350907,0.024232633279483,0.0035909445745511,0.0009487666034155,0.0,0.1277419354838709,0.0012110202845897,0.0055940330314331,0.6464646464646465,0.0379436964504283,0.0020766492741064,0.0038449456555883,0.2307692307692307,0.0285714285714285,0.0566037735849056,0.0278873239436619,0.0095238095238095
40,TBStack-LR,0,0,TreeStacking,Rename Class,0.0,0.0,0.0147492625368731,0.0,0.0,0.0003563436839039,0.0009749954297089,0.0,0.0,0.0,0.0,0.0,0.0,0.0,0.0,0.0,0.0191831683168316,0.0,0.0,0.0,0.0,0.0,0.0,0.0,0.0,0.0,0.0,0.0,0.0,0.0,0.0,0.0009487666034155,0.0,0.0236559139784946,0.0,0.0082578582844965,0.0,0.0,0.0,0.0,0.0,0.0,0.0,0.0,0.0
41,TBStack-LR,0,0,TreeStacking,Rename Class,0.0137457044673539,0.0175006162188809,0.0580137659783677,0.0137931034482758,0.0,0.000160929405634,0.0134874367776401,0.0196560196560196,0.0070281124497991,0.3809523809523809,0.0004409171075837,0.0,0.0,0.0051468362095065,0.0003029385034837,0.0,0.0228960396039603,0.0854271356783919,0.1208791208791209,0.0,0.0,0.0,0.0121722846441947,0.0003027550711474,0.0,0.0,0.000438904494382,0.0002141786249732,0.0337078651685393,0.1195476575121163,0.0081186572989851,0.0028462998102466,0.0273972602739726,0.0963440860215053,0.0169542839842567,0.0388918486947256,0.0,0.0,0.0,0.0,0.0,0.0,0.0,0.0,0.0
42,TBStack-LR,0,1,TreeStacking,Rename Class,0.0,0.0,0.0009832841691248,0.0,0.0,4.5979830181160536e-06,0.000101562023928,0.0,0.0,0.0,0.0,0.028169014084507,0.0,0.0,0.0,0.0,0.0024752475247524,0.0,0.0,0.0,0.0,0.0,0.0037453183520599,0.0,0.0,0.0,0.0,0.0,0.0,0.0,0.0,0.0009487666034155,0.0,0.0077419354838709,0.0,0.0010655301012253,0.0,0.0,0.0,0.0,0.0,0.0,0.0,0.0,0.0
43,TBStack-LR,0,0,TreeStacking,Rename Class,0.0,0.0007394626571358,0.0226155358898721,0.0008620689655172,0.0,7.663305030193422e-07,0.0270561231744226,0.0049140049140049,0.0007530120481927,0.1428571428571428,0.0,0.0140845070422535,0.0,0.0006055101422948,0.0003029385034837,0.0,0.0043316831683168,0.0,0.0,0.0081967213114754,0.0,0.0003027550711474,0.0065543071161048,0.0003027550711474,0.0018181818181818,0.0,0.0,0.0,0.003457216940363,0.0096930533117932,0.0034348165495706,0.0180265654648956,0.0,0.126021505376344,0.0009082652134423,0.0077250932338838,0.26,0.0134638922888616,0.0056360858896163,0.0010429100961236,0.4615384615384615,0.0380952380952381,0.0943396226415094,0.0140845070422535,0.0
44,TBStack-LR,0,0,TreeStacking,Rename Class,0.0,0.0027113630761646,0.0176991150442477,0.0017241379310344,0.0,2.1457254084541585e-05,0.0019093660498466,0.0024570024570024,0.0005020080321285,0.1428571428571428,0.0,0.0,0.0,0.0015137753557372,0.0,0.0,0.0049504950495049,0.0251256281407035,0.0219780219780219,0.0,0.0,0.0,0.0037453183520599,0.0,0.0,0.0,0.0,0.0,0.0060501296456352,0.0258481421647819,0.0017174082747853,0.0009487666034155,0.0091324200913242,0.0270967741935483,0.0045413260672116,0.0047948854555141,1.0,0.0012239902080783,3.734980708824639e-06,1.2565181881007728e-05,0.0769230769230769,0.0,0.0094339622641509,0.000281690140845,0.0034632034632034
45,TBStack-LR,0,0,TreeStacking,Rename Class,0.3264604810996563,0.0399309834853339,0.1288102261553589,0.0068965517241379,0.0,0.0011556263985531,0.0343685888972395,0.0171990171990172,0.0035140562248995,0.1428571428571428,0.0114638447971781,0.0,0.0,0.0015137753557372,0.0003029385034837,0.002710027100271,0.0346534653465346,0.0150753768844221,0.1483516483516483,0.0163934426229508,0.1228070175438596,0.0,0.0046816479400749,0.0003027550711474,0.0,0.0,0.0006144662921348,0.0,0.0121002592912705,0.1090468497576736,0.013895394223263,0.0047438330170777,0.0,0.1329032258064516,0.046624280956706,0.030633990410229,0.6091954022988506,0.0379436964504283,0.0119183234418594,0.0273544009549538,0.1538461538461538,0.019047619047619,0.0377358490566037,0.0245070422535211,0.0034632034632034
46,TBStack-LR,0,0,TreeStacking,Rename Class,0.0,0.0,0.0,0.0,0.0,0.0,0.0006296845483536,0.0,0.0,0.0,0.0,0.0,0.0,0.0,0.0,0.0,0.0,0.0,0.0,0.0,0.0,0.0,0.0,0.0,0.0,0.0,0.0,0.0,0.0,0.0,0.0,0.0,0.0,0.0,0.0,0.0,0.0,0.0,0.0,0.0,0.0,0.0,0.0,0.0,0.0
47,TBStack-LR,0,0,TreeStacking,Rename Class,0.0,0.0,0.0029498525073746,0.0,0.0,0.6165481408821997,0.0515325709410737,0.0,0.0007530120481927,0.0,0.0,0.0,0.0,0.0,0.0,0.0,0.7852722772277227,0.0,0.0,0.0,0.0,0.0,0.0,0.0,0.0,0.0,0.0,0.0,0.0,0.0,0.1992193598750976,0.0009487666034155,0.0,0.5255913978494624,0.0,0.3380394246137453,0.0733333333333333,0.6621787025703794,0.0115560303131034,0.0051768549349751,0.2307692307692307,0.7523809523809525,0.7735849056603773,0.2112676056338028,0.0
48,TBStack-LR,0,0,TreeStacking,Rename Class,0.0,0.0029578506285432,0.0039331366764995,0.0,0.0,4.5979830181160536e-06,0.0041031057666917,0.0,0.0,0.1904761904761904,0.0286596119929453,0.0,0.0,0.0,0.0,0.0,0.0024752475247524,0.0,0.0054945054945054,0.0,0.0,0.0,0.0028089887640449,0.0,0.0027272727272727,0.0,0.0024578651685393,0.0,0.0,0.011308562197092,0.0153005464480874,0.0009487666034155,0.0182648401826484,0.0855913978494623,0.0036330608537693,0.0026638252530633,0.0,0.0,0.0,0.0,0.0,0.0,0.0,0.0,0.0
49,TBStack-LR,0,0,TreeStacking,Rename Class,0.0,0.0002464875523786,0.1789577187807276,0.0,0.0,7.663305030193422e-07,0.0001624992382848,0.0,0.0,0.0476190476190476,0.0,0.0,0.0,0.0003027550711474,0.0003029385034837,0.0,0.0012376237623762,0.0,0.0054945054945054,0.0,0.0,0.0003027550711474,0.0009363295880149,0.0003027550711474,0.0009090909090909,0.0,0.0,0.0,0.0008643042350907,0.0008077544426494,0.0001561280249804,0.0009487666034155,0.0,0.0064516129032258,0.0003027550711474,0.0005327650506126,0.585,0.0085679314565483,0.0015350770713269,0.0023622541936294,0.2307692307692307,0.019047619047619,0.0471698113207547,0.056338028169014,0.0
50,TBStack-LR,0,0,TreeStacking,Rename Class,0.0068728522336769,0.0073946265713581,0.0412979351032448,0.0051724137931034,0.032051282051282,2.758789810869632e-05,0.0032906095752676,0.0024570024570024,0.0,0.1428571428571428,0.0070546737213403,0.0,0.0,0.0,0.0,0.0,0.005569306930693,0.0,0.0054945054945054,0.0,0.0116959064327485,0.0,0.0056179775280898,0.0,0.0072727272727272,0.0,0.0001755617977528,0.0,0.0077787381158167,0.0573505654281098,0.0023419203747072,0.0009487666034155,0.0,0.0455913978494623,0.0078716318498334,0.0061267980820458,0.0,0.0,0.0,0.0,0.0,0.0,0.0,0.0,0.0
51,TBStack-LR,0,0,TreeStacking,Rename Class,0.0,0.0,0.0108161258603736,0.0,0.0,0.0,0.3857528792833783,0.0,0.0,0.0,0.0,0.0,0.0,0.0,0.0,0.0,0.0,0.0,0.0,0.0,0.0,0.0,0.0,0.0,0.0,0.0,0.0,0.0,0.0,0.0,0.0001561280249804,0.0929791271347248,0.0,0.1466666666666666,0.0,0.0,0.0,0.0,0.0,0.0,0.0,0.0,0.0,0.0,0.0
52,TBStack-LR,0,0,TreeStacking,Rename Class,0.0,0.0246487552378604,0.0442477876106194,0.0241379310344827,0.0,0.0022162278147319,0.0128577522292864,0.0368550368550368,0.0037650602409638,0.1904761904761904,0.0176366843033509,0.0,0.0,0.004844081138359,0.0,0.0,0.0501237623762376,0.0653266331658291,0.0494505494505494,0.0245901639344262,0.0116959064327485,0.0,0.0646067415730337,0.002119285498032,0.0354545454545454,0.0126582278481012,0.0010533707865168,0.0027843221246519,0.0691443388072601,0.0969305331179321,0.0095238095238095,0.0066413662239089,0.0136986301369863,0.1088172043010752,0.0172570390554041,0.0492807671816728,0.9710144927536232,0.0269277845777233,0.005004874149825,0.0022617327385813,0.0769230769230769,0.019047619047619,0.0283018867924528,0.0194366197183098,0.0086580086580086
53,TBStack-LR,0,0,TreeStacking,Rename Class,0.0,0.0007394626571358,0.0,0.0,0.0,0.0,0.0002640612622128,0.0,0.0,0.0952380952380952,0.001763668430335,0.0,0.0,0.0,0.0,0.0,0.0006188118811881,0.0,0.0,0.0,0.0,0.0,0.0009363295880149,0.0,0.0009090909090909,0.0,0.0007900280898876,0.0,0.0017286084701815,0.0032310177705977,0.0001561280249804,0.0009487666034155,0.0,0.0038709677419354,0.0009082652134423,0.0005327650506126,0.0,0.0,0.0,0.0,0.0,0.0,0.0,0.0,0.0
54,TBStack-LR,0,0,TreeStacking,Rename Class,0.0,0.0520088735518856,0.063913470993117,0.0017241379310344,0.0,0.0,0.0172858564725477,0.0147420147420147,0.0168172690763052,0.3809523809523809,0.009700176366843,0.0,0.0,0.0033303057826218,0.0003029385034837,0.0,0.0154702970297029,0.050251256281407,0.0549450549450549,0.0,0.0,0.0,0.0140449438202247,0.0003027550711474,0.0,0.0,0.000438904494382,0.0,0.013828867761452,0.1009693053311793,0.0312256049960968,0.0009487666034155,0.045662100456621,0.0683870967741935,0.0538904026642446,0.0351624933404368,0.7272727272727273,0.0012239902080783,8.590455630296669e-05,0.000113086636929,0.1538461538461538,0.0,0.0188679245283018,0.0030985915492957,0.0077922077922077
55,TBStack-LR,0,0,TreeStacking,Rename Class,0.0,0.0002464875523786,0.0058997050147492,0.0,0.0,2.2989915090580268e-06,0.0004265605004976,0.0,0.0,0.0476190476190476,0.0,0.0,0.0,0.0,0.0,0.0,0.0018564356435643,0.0,0.0,0.0,0.0175438596491228,0.0,0.0,0.0,0.0,0.0,0.0,0.0,0.0017286084701815,0.005654281098546,0.0,0.0009487666034155,0.0,0.0081720430107526,0.0003027550711474,0.000799147575919,0.8363636363636363,0.018359853121175,0.0115933801201916,0.0004649117295972,0.2307692307692307,0.0095238095238095,0.0377358490566037,0.0154929577464788,0.0017316017316017
56,TBStack-LR,0,0,TreeStacking,Rename Class,0.0034364261168384,0.0022183879714074,0.0049164208456243,0.0017241379310344,0.0,0.0,0.0017062420019906,0.0024570024570024,0.0,0.238095238095238,0.0,0.0,0.0,0.0024220405691795,0.0018176310209027,0.0,0.0043316831683168,0.0402010050251256,0.0,0.0,0.0,0.0,0.0065543071161048,0.0,0.0,0.0,0.0001755617977528,0.0,0.003457216940363,0.0088852988691437,0.0,0.0018975332068311,0.0,0.0189247311827957,0.0027247956403269,0.0037293553542887,0.0,0.0,0.0,0.0,0.0,0.0,0.0,0.0,0.0
57,TBStack-LR,0,0,TreeStacking,Rename Class,0.0,0.0,0.0029498525073746,0.0,0.0,0.0,8.124961914241028e-05,0.0,0.0,0.0476190476190476,0.0,0.0,0.0,0.0,0.0,0.0,0.0006188118811881,0.0,0.0,0.0,0.0,0.0,0.0009363295880149,0.0,0.0,0.0,0.0,0.0,0.0,0.0,0.0,0.0009487666034155,0.0,0.0021505376344086,0.0,0.0002663825253063,0.0,0.0,0.0,0.0,0.0,0.0,0.0,0.0,0.0
58,TBStack-LR,0,0,TreeStacking,Rename Class,0.0,0.0,0.0216322517207472,0.0,0.0,0.0063268246329276,0.0034327964087668,0.0,0.0,0.0,0.0,0.0,0.0,0.0,0.0,0.0,0.0798267326732673,0.0,0.0,0.0,0.0,0.0,0.0028089887640449,0.0,0.0,0.0,0.0,0.0,0.0,0.0,0.0,0.0009487666034155,0.0,0.0623655913978494,0.0,0.0343633457645178,0.3333333333333333,0.0048959608323133,0.0054157220277957,0.0003015643651441,0.3076923076923077,0.0952380952380952,0.1320754716981132,0.0084507042253521,0.0051948051948051
59,TBStack-LR,0,0,TreeStacking,Rename Class,0.0034364261168384,0.0231698299235888,0.0186823992133726,0.0206896551724137,0.0,0.0012192318303037,0.0129999390627856,0.027027027027027,0.0035140562248995,0.2857142857142857,0.0004409171075837,0.0,0.0,0.0060551014229488,0.0,0.0,0.0389851485148514,0.100502512562814,0.0274725274725274,0.0,0.0,0.0,0.0543071161048689,0.0003027550711474,0.0,0.0,0.0016678370786516,0.0014992503748125,0.0051858254105445,0.0605815831987075,0.0124902419984387,0.0056925996204933,0.0091324200913242,0.0933333333333333,0.0199818346957311,0.0388918486947256,0.3636363636363636,0.011015911872705,0.0008067558331061,0.001683734372055,0.3846153846153846,0.0095238095238095,0.0566037735849056,0.0123943661971831,0.0103896103896103
60,TBStack-LR,0,0,TreeStacking,Rename Class,0.0034364261168384,0.0007394626571358,0.0049164208456243,0.0,0.0,7.663305030193422e-07,0.0006906217627104,0.0,0.0002510040160642,0.0952380952380952,0.0008818342151675,0.0,0.0,0.0009082652134423,0.0003029385034837,0.0,0.0012376237623762,0.0150753768844221,0.0,0.0,0.0,0.0,0.0018726591760299,0.0003027550711474,0.0,0.0,0.0001755617977528,0.0,0.0,0.0080775444264943,0.0001561280249804,0.0018975332068311,0.0045662100456621,0.0150537634408602,0.0009082652134423,0.000799147575919,0.0,0.0,0.0,0.0,0.0,0.0,0.0,0.0,0.0
61,TBStack-LR,0,1,TreeStacking,Rename Class,0.0,0.0007394626571358,0.0098328416912487,0.0,0.0,3.0653220120773688e-06,0.0007312465722816,0.0,0.0,0.0476190476190476,0.0,0.0,0.0,0.0009082652134423,0.0,0.0,0.0024752475247524,0.0150753768844221,0.0,0.0,0.0,0.0,0.0037453183520599,0.0006055101422948,0.0018181818181818,0.0,0.0,0.0,0.0025929127052722,0.0024232633279483,0.0024980483996877,0.0009487666034155,0.0,0.0055913978494623,0.0009082652134423,0.0013319126265316,0.0,0.0,0.0,0.0,0.0,0.0,0.0,0.0,0.0
62,TBStack-LR,0,0,TreeStacking,Rename Class,0.0171821305841924,0.0179935913236381,0.0324483775811209,0.0120689655172413,0.0,8.429635533212763e-06,0.0077390262233145,0.0122850122850122,0.0042670682730923,0.2857142857142857,0.0008818342151675,0.0,0.0,0.0045413260672116,0.0027264465313541,0.0,0.0092821782178217,0.050251256281407,0.0109890109890109,0.0,0.0,0.0,0.0046816479400749,0.0009082652134423,0.0009090909090909,0.0,0.001316713483146,0.0017134289997858,0.0121002592912705,0.0420032310177706,0.0056206088992974,0.0028462998102466,0.0,0.0756989247311828,0.015137753557372,0.0239744272775705,1.0,0.0061199510403916,0.0026368963804301,0.0027769051957027,0.0769230769230769,0.0,0.0094339622641509,0.0084507042253521,0.0121212121212121
63,TBStack-LR,0,0,TreeStacking,Rename Class,0.0034364261168384,0.0004929751047572,0.0088495575221238,0.0,0.0,0.0001310425160163,0.0101765147975868,0.0,0.0002510040160642,0.0476190476190476,0.0004409171075837,0.0,0.0,0.0003027550711474,0.0003029385034837,0.0,0.0117574257425742,0.0050251256281407,0.0054945054945054,0.0,0.0,0.0,0.0168539325842696,0.0003027550711474,0.0163636363636363,0.0,8.778089887640449e-05,0.0,0.0155574762316335,0.005654281098546,0.0003122560499609,0.0018975332068311,0.0,0.1204301075268817,0.0006055101422948,0.0050612679808204,0.56,0.01468788249694,0.0006835014697149,0.0024376452849154,0.3846153846153846,0.0571428571428571,0.1037735849056603,0.0140845070422535,0.0
64,TBStack-LR,0,0,TreeStacking,Rename Class,0.0,0.0,0.0019665683382497,0.0,0.0,7.663305030193422e-07,0.0001828116430704,0.0,0.0,0.0476190476190476,0.0,0.0,0.0,0.0,0.0,0.0,0.0012376237623762,0.0,0.0,0.0,0.0058479532163742,0.0,0.0009363295880149,0.0,0.0,0.0,0.0,0.0,0.0008643042350907,0.0,0.0,0.0009487666034155,0.0,0.0047311827956989,0.0,0.0005327650506126,0.0,0.0,0.0,0.0,0.0,0.0,0.0,0.0,0.0
65,TBStack-LR,0,0,TreeStacking,Rename Class,0.0859106529209622,0.0098595020951441,0.0816125860373648,0.0025862068965517,0.0,0.0023595316187965,0.0465763441733866,0.0221130221130221,0.0007530120481927,0.1904761904761904,0.0246913580246913,0.0,0.0,0.0003027550711474,0.0003029385034837,0.0,0.0488861386138613,0.0,0.0659340659340659,0.0,0.0,0.0,0.0440074906367041,0.0003027550711474,0.0709090909090909,0.0,0.0003511235955056,0.001927607624759,0.0864304235090751,0.0694668820678513,0.0021857923497267,0.0303605313092979,0.0091324200913242,0.0864516129032258,0.0108991825613079,0.0324986680873734,0.38,0.00734394124847,0.0047098106738278,0.0010554752780046,0.3076923076923077,0.0380952380952381,0.0754716981132075,0.0140845070422535,0.0
66,TBStack-LR,0,0,TreeStacking,Rename Class,0.0,0.0202119792950456,0.0137659783677482,0.0112068965517241,0.0,0.0002115072188333,0.0074546525563161,0.0147420147420147,0.003012048192771,0.4285714285714285,0.0119047619047619,0.0,0.0,0.0,0.0,0.0,0.0148514851485148,0.0,0.0164835164835164,0.0,0.0,0.0,0.0187265917602996,0.0,0.0218181818181818,0.0,0.0015800561797752,0.0010708931248661,0.0354364736387208,0.0630048465266559,0.0128024980483996,0.0009487666034155,0.0410958904109589,0.0666666666666666,0.0181653042688465,0.0231752797016515,1.0,0.0012239902080783,0.00200194965993,2.513036376201545e-05,0.0769230769230769,0.0,0.0094339622641509,0.0008450704225352,0.0025974025974025
67,TBStack-LR,0,0,TreeStacking,Rename Class,0.0034364261168384,0.3487798866157259,0.0275319567354965,0.0887931034482758,0.0,0.0,0.1018667099997968,0.2727272727272727,0.0386546184738955,0.6190476190476191,0.0211640211640211,0.0,0.0,0.0036330608537693,0.0030293850348379,0.0,0.0476485148514851,0.0,0.0274725274725274,0.0,0.0058479532163742,0.0036330608537693,0.0664794007490636,0.0036330608537693,0.07,0.0,0.009129213483146,0.0092096808738487,0.2636127917026793,0.2786752827140549,0.4032786885245901,0.0009487666034155,0.8721461187214612,0.3023655913978494,0.3390856796851347,0.2935535428875865,0.0,0.0,0.0,0.0,0.0,0.0,0.0,0.0,0.0
68,TBStack-LR,0,0,TreeStacking,Rename Class,0.0,0.002464875523786,0.0,0.0,0.0,0.0,0.0007312465722816,0.0,0.0007530120481927,0.0952380952380952,0.0,0.0,0.0,0.0012110202845897,0.0,0.0,0.0043316831683168,0.0050251256281407,0.0,0.0,0.0,0.0,0.0065543071161048,0.0,0.0,0.0,0.000877808988764,0.0,0.0008643042350907,0.0032310177705977,0.0,0.0009487666034155,0.0,0.0094623655913978,0.0015137753557372,0.0021310602024507,0.0,0.0,0.0,0.0,0.0,0.0,0.0,0.0,0.0
69,TBStack-LR,0,0,TreeStacking,Rename Class,0.1649484536082474,0.0793689918659107,0.0855457227138643,0.0474137931034482,0.0,0.0012521840419336,0.0465154069590298,0.0073710073710073,0.0135542168674698,0.2857142857142857,0.0132275132275132,0.0,0.0,0.056917953375719,0.0205998182368979,0.0,0.0396039603960396,0.7989949748743719,0.2252747252747252,0.0081967213114754,0.0584795321637426,0.004844081138359,0.0121722846441947,0.0221011201937632,0.0018181818181818,0.0,0.0103581460674157,0.00663953737417,0.0432152117545375,0.210016155088853,0.0182669789227166,0.0018975332068311,0.0273972602739726,0.1853763440860215,0.0853769300635785,0.0759190197123068,0.62751677852349,0.0930232558139534,0.0210802311206062,0.0512408117107495,0.3076923076923077,0.0857142857142857,0.1226415094339622,0.083943661971831,0.0277056277056277
70,TBStack-LR,0,0,TreeStacking,Rename Class,0.0137457044673539,0.0096130145427655,0.0167158308751229,0.0008620689655172,0.0,3.0653220120773686e-05,0.0070280920558184,0.0147420147420147,0.003012048192771,0.3333333333333333,0.0026455026455026,0.0,0.0,0.0039358159249167,0.0003029385034837,0.0,0.0074257425742574,0.0653266331658291,0.0274725274725274,0.0,0.0058479532163742,0.0,0.0056179775280898,0.0,0.0009090909090909,0.050632911392405,0.0019311797752808,0.0010708931248661,0.0060501296456352,0.0282714054927302,0.0021857923497267,0.0009487666034155,0.0045662100456621,0.0576344086021505,0.0087798970632758,0.0103889184869472,1.0,0.0159118727050183,0.0014641124378592,0.0004649117295972,0.0769230769230769,0.0,0.0094339622641509,0.0140845070422535,0.0
71,TBStack-LR,0,0,TreeStacking,Rename Class,0.0103092783505154,0.0083805767808725,0.0904621435594887,0.0103448275862068,0.0,0.0,0.0072515285084601,0.0,0.0007530120481927,0.1428571428571428,0.0,0.0,0.0,0.0036330608537693,0.0,0.0,0.016089108910891,0.0603015075376884,0.0989010989010989,0.0,0.0,0.0,0.0074906367041198,0.0,0.0,0.0,0.0001755617977528,0.0,0.0060501296456352,0.0500807754442649,0.0012490241998438,0.0028462998102466,0.0,0.072258064516129,0.0118074477747502,0.0119872136387852,0.9090909090909092,0.00734394124847,0.0009598900421679,0.0010806056417666,0.1538461538461538,0.0095238095238095,0.0283018867924528,0.0092957746478873,0.0121212121212121
72,TBStack-LR,0,0,TreeStacking,Rename Class,0.0,0.0069016514666009,0.0344149459193707,0.0146551724137931,0.0,4.597983018116053e-05,0.0064593447218216,0.0,0.0002510040160642,0.1904761904761904,0.0013227513227513,0.0,0.0,0.0018165304268846,0.0009088155104513,0.0,0.0099009900990099,0.0251256281407035,0.0,0.0081967213114754,0.0,0.0,0.0149812734082397,0.0003027550711474,0.0018181818181818,0.0,0.000438904494382,0.0010708931248661,0.027657735522904,0.0258481421647819,0.0001561280249804,0.0009487666034155,0.0136986301369863,0.0279569892473118,0.0051468362095065,0.0138518913159296,0.0,0.0,0.0,0.0,0.0,0.0,0.0,0.0,0.0
73,TBStack-LR,0,0,TreeStacking,Rename Class,0.0,0.0017254128666502,0.087512291052114,0.0,0.0064102564102564,0.0,0.0042046677906197,0.0,0.0,0.0476190476190476,0.0,0.0,0.0,0.0,0.0,0.0,0.0006188118811881,0.0,0.0,0.0,0.0058479532163742,0.0,0.0,0.0,0.0,0.0,0.000438904494382,0.0,0.0,0.0153473344103392,0.0070257611241217,0.0009487666034155,0.0,0.0309677419354838,0.002119285498032,0.0002663825253063,0.2222222222222222,0.0012239902080783,0.0001792790740235,0.0005403028208833,0.3846153846153846,0.0666666666666666,0.1132075471698113,0.0076056338028169,0.0008658008658008
74,TBStack-LR,0,0,TreeStacking,Rename Class,0.0,0.0064086763618437,0.0353982300884955,0.0017241379310344,0.0128205128205128,6.973607577476014e-05,0.0041843553858341,0.0098280098280098,0.0017570281124497,0.1904761904761904,0.0,0.0,0.0,0.0015137753557372,0.0015146925174189,0.0,0.0086633663366336,0.0,0.0054945054945054,0.0,0.0,0.0015137753557372,0.0121722846441947,0.0015137753557372,0.0118181818181818,0.0,0.0021067415730337,0.0025701434996787,0.0112359550561797,0.0581583198707592,0.0017174082747853,0.0009487666034155,0.0,0.0434408602150537,0.0072661217075386,0.0101225359616409,0.7692307692307693,0.003671970624235,0.0007992858716884,0.0004900420933593,0.1538461538461538,0.0,0.0188679245283018,0.0036619718309859,0.0008658008658008
75,TBStack-LR,0,0,TreeStacking,Rename Class,0.0,0.0298249938378111,0.0403146509341199,0.0301724137931034,0.0,0.0024216043895411,0.0225264569072332,0.1277641277641277,0.0002510040160642,0.1428571428571428,0.0066137566137566,0.0,0.0,0.0,0.0,0.0,0.0495049504950495,0.0,0.3736263736263736,0.0,0.0701754385964912,0.0,0.0,0.0,0.0036363636363636,0.0,0.0056179775280898,0.0,0.0423509075194468,0.3021001615508885,0.0814988290398126,0.0009487666034155,0.0502283105022831,0.0563440860215053,0.0357250983953981,0.0479488545551411,0.6721311475409836,0.02203182374541,0.0021139990811947,0.0006282590940503,0.1538461538461538,0.0,0.0188679245283018,0.0171830985915492,0.0025974025974025
76,TBStack-LR,0,0,TreeStacking,Rename Class,0.0,0.0039438008380576,0.0,0.0068965517241379,0.0,4.5979830181160536e-06,0.0010765574536369,0.0,0.0007530120481927,0.1904761904761904,0.0026455026455026,0.0,0.0,0.0024220405691795,0.0024235080278703,0.0,0.0030940594059405,0.0100502512562814,0.0054945054945054,0.0,0.0,0.0018165304268846,0.0037453183520599,0.0024220405691795,0.0036363636363636,0.0,0.0014922752808988,0.0008567144998929,0.0095073465859982,0.0032310177705977,0.0015612802498048,0.0009487666034155,0.0,0.016774193548387,0.004844081138359,0.0055940330314331,0.78,0.0758873929008567,0.0035930514418893,0.0102406232330212,0.2307692307692307,0.0285714285714285,0.0566037735849056,0.2253521126760563,0.0
77,TBStack-LR,0,0,TreeStacking,Rename Class,0.0,0.0032043381809218,0.0108161258603736,0.0008620689655172,0.0,9.962296539251447e-06,0.0020718652881314,0.0,0.0015060240963855,0.0952380952380952,0.0013227513227513,0.0,0.0,0.0012110202845897,0.0003029385034837,0.0,0.0061881188118811,0.0201005025125628,0.0054945054945054,0.0,0.023391812865497,0.0,0.0046816479400749,0.0003027550711474,0.0,0.0,8.778089887640449e-05,0.0002141786249732,0.0077787381158167,0.0533117932148626,0.0074941451990632,0.0009487666034155,0.0,0.0240860215053763,0.0039358159249167,0.003196590303676,1.0,0.0012239902080783,0.0005826569905766,0.0,0.0769230769230769,0.0,0.0094339622641509,0.000281690140845,0.0025974025974025
78,TBStack-LR,0,0,TreeStacking,Rename Class,0.2027491408934708,0.1104264234656149,0.1189773844641101,0.0353448275862069,0.0,0.0247609048830579,0.077735573114501,0.0614250614250614,0.0188253012048192,0.4285714285714285,0.0149911816578483,0.0,0.0,0.0133212231304874,0.0066646470766434,0.0,0.1670792079207921,0.1155778894472361,0.1043956043956044,0.0081967213114754,0.0643274853801169,0.0,0.2247191011235955,0.0057523463518013,0.01,0.0,0.0164150280898876,0.0319126151210109,0.2221261884183232,0.3925686591276252,0.0262295081967213,0.0132827324478178,0.2009132420091324,0.3458064516129032,0.1059642749016046,0.1595631326584976,0.7039106145251397,0.1432068543451652,0.0156420992085575,0.0034931205629201,0.1538461538461538,0.0,0.0188679245283018,0.0504225352112676,0.0095238095238095
79,TBStack-LR,0,0,TreeStacking,Rename Class,0.0515463917525773,0.0002464875523786,0.0049164208456243,0.0008620689655172,0.0,0.0,0.0059718470069671,0.0,0.0,0.0952380952380952,0.0,0.0,0.0,0.0003027550711474,0.0003029385034837,0.0,0.0006188118811881,0.0,0.0,0.0,0.0058479532163742,0.0003027550711474,0.0,0.0003027550711474,0.0,0.0,0.0,0.0,0.0,0.0048465266558966,0.0,0.0018975332068311,0.0,0.0550537634408602,0.0003027550711474,0.0005327650506126,0.0,0.0,0.0,0.0,0.0,0.0,0.0,0.0,0.0
80,TBStack-LR,0,0,TreeStacking,Rename Class,0.0,0.0019719004190288,0.0049164208456243,0.0,0.0,0.0,0.0047937275294022,0.0171990171990172,0.0,0.0952380952380952,0.0004409171075837,0.0,0.0,0.0018165304268846,0.0015146925174189,0.0,0.0068069306930693,0.0100502512562814,0.0054945054945054,0.0,0.0,0.0012110202845897,0.0093632958801498,0.0018165304268846,0.009090909090909,0.0,0.0,0.0,0.0043215211754537,0.0088852988691437,0.0007806401249024,0.0009487666034155,0.0,0.0253763440860215,0.0024220405691795,0.0069259456579648,0.4,0.0048959608323133,0.000466872588603,0.0009549538229565,0.3846153846153846,0.0380952380952381,0.0849056603773584,0.0140845070422535,0.0
81,TBStack-LR,0,0,TreeStacking,Rename Class,0.0171821305841924,0.0004929751047572,0.0412979351032448,0.0,0.0,2.2989915090580268e-06,0.3941215900550466,0.0,0.0025100401606425,0.0476190476190476,0.0,0.0,0.0,0.0190735694822888,0.0,0.0,0.0018564356435643,0.3165829145728643,0.0054945054945054,0.0,0.0,0.0,0.0018726591760299,0.0190735694822888,0.0018181818181818,0.0,0.0,0.0,0.0008643042350907,0.0016155088852988,0.0149882903981264,0.0939278937381404,0.0,0.1247311827956989,0.0196790796245837,0.0010655301012253,0.0,0.0,0.0,0.0,0.0,0.0,0.0,0.0,0.0
82,TBStack-LR,0,0,TreeStacking,Rename Class,0.0068728522336769,0.6445649494700517,0.2851524090462143,0.368103448275862,0.0064102564102564,0.0218365876835361,0.1784241636367329,0.7272727272727273,0.0735441767068273,0.3809523809523809,0.0789241622574955,0.0,0.0,0.0166515289131092,0.0078764010905786,0.0,0.1751237623762376,0.135678391959799,1.0,0.1065573770491803,0.087719298245614,0.0015137753557372,0.0449438202247191,0.002119285498032,0.0263636363636363,0.0,0.0919943820224719,0.0462625829942171,0.2636127917026793,1.0,0.0769711163153786,0.0075901328273244,0.2648401826484018,0.5341935483870968,0.6109597335755373,0.5737879595098562,0.1967213114754098,0.1774785801713586,0.0407897243210738,0.0741973990073506,0.3076923076923077,0.6190476190476191,0.6509433962264151,0.2233802816901408,0.1549783549783549
83,TBStack-LR,0,0,TreeStacking,Rename Class,0.0,0.0162681784569879,0.0403146509341199,0.0017241379310344,0.0,5.364313521135396e-06,0.0054030996729702,0.0319410319410319,0.0067771084337349,0.238095238095238,0.001763668430335,0.0,0.0,0.002119285498032,0.0015146925174189,0.0,0.0111386138613861,0.0100502512562814,0.0164835164835164,0.0,0.0584795321637426,0.0015137753557372,0.0046816479400749,0.0015137753557372,0.0,0.0,0.0030723314606741,0.0021417862497322,0.0086430423509075,0.048465266558966,0.0031225604996096,0.0009487666034155,0.0045662100456621,0.0606451612903225,0.0157432636996669,0.0151838039424613,0.0,0.0,0.0,0.0,0.0,0.0,0.0,0.0,0.0
84,TBStack-LR,0,0,TreeStacking,Rename Class,0.0,0.0076411141237367,0.0019665683382497,0.0017241379310344,0.0,0.0,0.0010968698584225,0.0,0.0,0.0952380952380952,0.0,0.0,0.0,0.0093854072055706,0.0093910936079975,0.0,0.0006188118811881,0.0,0.0,0.0,0.0,0.0093854072055706,0.0009363295880149,0.0093854072055706,0.0,0.0,0.0,0.0,0.0025929127052722,0.0,0.004839968774395,0.0009487666034155,0.0,0.0184946236559139,0.0093854072055706,0.000799147575919,0.0,0.0,0.0,0.0,0.0,0.0,0.0,0.0,0.0
85,TBStack-LR,0,0,TreeStacking,Rename Class,0.0,0.0081340892284939,0.0019665683382497,0.0,0.0,2.758789810869632e-05,0.0011984318823505,0.0049140049140049,0.0163152610441767,0.0952380952380952,0.0070546737213403,0.0,0.0,0.0,0.0,0.016260162601626,0.005569306930693,0.0,0.0,0.0,0.0,0.0,0.0084269662921348,0.0,0.0081818181818181,0.0,0.004564606741573,0.0029985007496251,0.0086430423509075,0.0072697899838449,0.0,0.0009487666034155,0.0,0.0159139784946236,0.0057523463518013,0.003196590303676,0.0,0.0,0.0,0.0,0.0,0.0,0.0,0.0,0.0
86,TBStack-LR,0,0,TreeStacking,Rename Class,0.0,0.0022183879714074,0.007866273352999,0.0017241379310344,0.0,2.835422861171566e-05,0.0016249923828482,0.0,0.0,0.238095238095238,0.0,0.0,0.0,0.0009082652134423,0.0,0.0,0.0061881188118811,0.0150753768844221,0.0,0.0,0.0116959064327485,0.0,0.0074906367041198,0.0,0.0,0.0,0.0005266853932584,0.0008567144998929,0.0043215211754537,0.0145395799676898,0.0001561280249804,0.0009487666034155,0.0,0.0176344086021505,0.002119285498032,0.0058604155567394,0.0,0.0,0.0,0.0,0.0,0.0,0.0,0.0,0.0
87,TBStack-LR,0,0,TreeStacking,Rename Class,0.0,0.004929751047572,0.0019665683382497,0.0,0.0,4.981148269625724e-05,0.0019093660498466,0.0,0.003012048192771,0.0952380952380952,0.0004409171075837,0.0,0.0,0.0030275507114744,0.0012117540139351,0.0,0.0092821782178217,0.050251256281407,0.0,0.0,0.0,0.0,0.0140449438202247,0.0,0.0,0.0,0.0,0.0,0.0112359550561797,0.0088852988691437,0.004215456674473,0.0009487666034155,0.0045662100456621,0.0253763440860215,0.0051468362095065,0.0045285029302077,0.99,0.0,0.0009038653315355,0.0012439530062197,0.0769230769230769,0.0095238095238095,0.0188679245283018,0.028169014084507,0.0
88,TBStack-LR,0,0,TreeStacking,Rename Class,0.0,0.0009859502095144,0.0,0.0,0.0,0.0,0.0002843736669984,0.0,0.0,0.0,0.0,0.0,0.0,0.0012110202845897,0.0,0.0,0.0,0.0,0.0,0.0,0.0,0.0012110202845897,0.0,0.0012110202845897,0.0,0.0,0.0003511235955056,0.0,0.0,0.0,0.0,0.0009487666034155,0.0,0.0077419354838709,0.0012110202845897,0.0,0.34,0.02203182374541,0.0085904556302966,0.0,0.3076923076923077,0.1047619047619047,0.1415094339622641,0.0140845070422535,0.0
89,TBStack-LR,0,0,TreeStacking,Rename Class,0.0378006872852233,0.0027113630761646,0.0176991150442477,0.0008620689655172,0.0,0.0,0.0071093416749608,0.0073710073710073,0.0,0.1904761904761904,0.0,0.0,0.0,0.0033303057826218,0.0018176310209027,0.0,0.0037128712871287,0.050251256281407,0.0054945054945054,0.0,0.0,0.0003027550711474,0.0046816479400749,0.0003027550711474,0.0,0.0,0.0,0.0,0.0043215211754537,0.0137318255250403,0.0,0.0037950664136622,0.0,0.075268817204301,0.0042385709960641,0.0026638252530633,0.0,0.0,0.0,0.0,0.0,0.0,0.0,0.0,0.0
90,TBStack-LR,0,0,TreeStacking,Rename Class,0.0,0.0056692137047079,0.0226155358898721,0.0008620689655172,0.0,0.0001249118719921,0.0028640490747699,0.0147420147420147,0.0,0.1428571428571428,0.0,0.028169014084507,0.0,0.0039358159249167,0.0015146925174189,0.010840108401084,0.0136138613861386,0.0050251256281407,0.0,0.0819672131147541,0.0292397660818713,0.0006055101422948,0.0159176029962546,0.0006055101422948,0.0,0.0,0.0014044943820224,0.0006425358749196,0.0112359550561797,0.0129240710823909,0.0014051522248243,0.0009487666034155,0.0,0.04,0.0063578564940962,0.0087906233351092,0.0,0.0,0.0,0.0,0.0,0.0,0.0,0.0,0.0
91,TBStack-LR,0,0,TreeStacking,Rename Class,0.0,0.0160216909046093,0.0029498525073746,0.0,0.0,0.0,0.0024781133838435,0.0,0.0,0.0,0.0,0.0,0.0,0.0196790796245837,0.0,0.0,0.0,0.0,0.0,0.0,0.0,0.0,0.0,0.0,0.0,0.0,0.0,0.0,0.0,0.0,0.0101483216237314,0.0018975332068311,0.0,0.0279569892473118,0.0196790796245837,0.0,0.0,0.0,0.0,0.0,0.0,0.0,0.0,0.0,0.0
92,TBStack-LR,0,0,TreeStacking,Rename Class,0.0,0.001232437761893,0.0255653883972468,0.0,0.0,9.962296539251447e-06,0.0013406187158497,0.0,0.0005020080321285,0.0952380952380952,0.0,0.0,0.0,0.0006055101422948,0.0,0.0,0.0061881188118811,0.0100502512562814,0.0,0.0,0.0,0.0,0.0093632958801498,0.0,0.0,0.0,0.0,0.0,0.0051858254105445,0.0016155088852988,0.0028103044496487,0.0009487666034155,0.0,0.0098924731182795,0.0009082652134423,0.0029302077783697,0.0,0.0,0.0,0.0,0.0,0.0,0.0,0.0,0.0
93,TBStack-LR,0,0,TreeStacking,Rename Class,0.0068728522336769,0.0113384274094158,0.023598820058997,0.0017241379310344,0.0,2.9886889617754346e-05,0.0146452438504194,0.0171990171990172,0.0052710843373493,0.1428571428571428,0.0008818342151675,0.0,0.0,0.0018165304268846,0.0012117540139351,0.0,0.0061881188118811,0.0,0.0,0.0,0.0058479532163742,0.0,0.0084269662921348,0.0,0.0018181818181818,0.0,0.0035112359550561,0.0008567144998929,0.006914433880726,0.0088852988691437,0.0,0.0075901328273244,0.0,0.1126881720430107,0.0072661217075386,0.0079914757591901,0.34,0.0208078335373316,0.0027452108209861,0.0014324307344348,0.4615384615384615,0.0476190476190476,0.1037735849056603,0.0140845070422535,0.0
94,TBStack-LR,0,1,TreeStacking,Rename Class,0.0,0.0160216909046093,0.079646017699115,0.0008620689655172,0.0,0.0004544339882904,0.0086124596290954,0.0024570024570024,0.0015060240963855,0.1428571428571428,0.0030864197530864,0.0,0.0,0.0087798970632758,0.0018176310209027,0.0,0.0235148514851485,0.1155778894472361,0.0164835164835164,0.0,0.0116959064327485,0.0018165304268846,0.0308988764044943,0.0018165304268846,0.0027272727272727,0.0,0.0001755617977528,0.0002141786249732,0.0302506482281763,0.0767366720516962,0.0051522248243559,0.0009487666034155,0.0776255707762557,0.0787096774193548,0.0181653042688465,0.0186467767714437,0.5793650793650794,0.0354957160342717,0.0045342665805131,0.0073129358547464,0.2307692307692307,0.0666666666666666,0.0943396226415094,0.0354929577464788,0.0233766233766233
95,TBStack-LR,0,0,TreeStacking,Rename Class,0.0034364261168384,0.0056692137047079,0.0176991150442477,0.0008620689655172,0.0,1.45602795573675e-05,0.0025796754077715,0.0147420147420147,0.0005020080321285,0.1904761904761904,0.0026455026455026,0.0,0.0,0.0012110202845897,0.0012117540139351,0.0,0.0043316831683168,0.0201005025125628,0.0054945054945054,0.0,0.0058479532163742,0.0,0.0,0.0012110202845897,0.0018181818181818,0.0,8.778089887640449e-05,0.0004283572499464,0.0086430423509075,0.0315024232633279,0.0032786885245901,0.0009487666034155,0.0091324200913242,0.0412903225806451,0.0066606115652437,0.0069259456579648,0.238095238095238,0.0061199510403916,0.000851575601612,0.0003266947289062,0.3076923076923077,0.0380952380952381,0.0754716981132075,0.0059154929577464,0.0017316017316017
96,TBStack-LR,0,0,TreeStacking,Rename Class,0.0068728522336769,0.0125708651713088,0.0432645034414945,0.0008620689655172,0.0,3.98491861570058e-05,0.0427982368832646,0.0098280098280098,0.002008032128514,0.1428571428571428,0.0,0.0,0.0,0.0093854072055706,0.0075734625870948,0.0,0.0080445544554455,0.1557788944723618,0.0164835164835164,0.0,0.0,0.0,0.0009363295880149,0.0,0.0009090909090909,0.0,0.0001755617977528,0.0004283572499464,0.0129645635263612,0.0395799676898223,0.0057767369242779,0.0094876660341555,0.0,0.1853763440860215,0.015137753557372,0.0069259456579648,0.2658959537572254,0.0697674418604651,0.0079405689869611,0.0059558962115976,0.4615384615384615,0.2,0.2547169811320754,0.0487323943661971,0.0086580086580086
97,TBStack-LR,0,0,TreeStacking,Rename Class,0.0481099656357388,0.0,0.0275319567354965,0.0,0.0,7.663305030193422e-07,0.0099733907497308,0.0,0.0,0.1428571428571428,0.005731922398589,0.0,0.0,0.0,0.0,0.0,0.0012376237623762,0.0,0.0,0.0,0.0,0.0,0.0018726591760299,0.0,0.0018181818181818,0.0,0.0,0.0,0.0008643042350907,0.0121163166397415,0.0020296643247462,0.0009487666034155,0.0045662100456621,0.0920430107526881,0.0,0.0010655301012253,0.76,0.0171358629130966,0.0011578440197356,0.0004774769114782,0.2307692307692307,0.0285714285714285,0.0566037735849056,0.0140845070422535,0.0
98,TBStack-LR,0,0,TreeStacking,Rename Class,0.0,0.0,0.0009832841691248,0.0008620689655172,0.0,2.1457254084541585e-05,0.000609372143568,0.0,0.0002510040160642,0.0476190476190476,0.0,0.0,0.0,0.0,0.0,0.0,0.0049504950495049,0.0,0.0,0.0,0.0,0.0,0.0074906367041198,0.0,0.0,0.0,8.778089887640449e-05,0.0,0.0,0.0016155088852988,0.0,0.0009487666034155,0.0,0.0055913978494623,0.0,0.002397442727757,0.0,0.0,0.0,0.0,0.0,0.0,0.0,0.0,0.0
99,TBStack-LR,0,1,TreeStacking,Rename Class,0.0,0.0123243776189302,0.0127826941986234,0.0,0.0,0.0,0.004753102719831,0.0024570024570024,0.0047690763052208,0.1904761904761904,0.0013227513227513,0.0,0.0,0.0066606115652437,0.005755831566192,0.0,0.0167079207920792,0.0603015075376884,0.0,0.0,0.0,0.0027247956403269,0.0252808988764044,0.0057523463518013,0.0,0.0,0.0026334269662921,0.0,0.0267934312878133,0.0185783521809369,0.0121779859484777,0.0018975332068311,0.0182648401826484,0.0417204301075268,0.0133212231304874,0.0111880660628662,0.4210526315789473,0.0061199510403916,0.0023866526729389,0.0002261732738581,0.2307692307692307,0.0,0.0283018867924528,0.0053521126760563,0.0103896103896103
100,TBStack-LR,0,0,TreeStacking,Rename Class,0.0068728522336769,0.0014789253142716,0.0147492625368731,0.0,0.0,1.1494957545290131e-05,0.0020515528833458,0.0,0.0,0.0952380952380952,0.0,0.0140845070422535,0.0,0.0009082652134423,0.0,0.0,0.0061881188118811,0.0150753768844221,0.0109890109890109,0.0,0.0350877192982456,0.0,0.0018726591760299,0.0,0.0,0.0,0.0005266853932584,0.0002141786249732,0.0,0.0226171243941841,0.0,0.0018975332068311,0.0,0.0223655913978494,0.0015137753557372,0.0037293553542887,0.0,0.0,0.0,0.0,0.0,0.0,0.0,0.0,0.0
101,TBStack-LR,0,0,TreeStacking,Rename Class,0.127147766323024,0.0322898693615972,0.0678466076696165,0.0146551724137931,0.0,9.732397388345644e-05,0.0223233328593772,0.0098280098280098,0.0015060240963855,0.1904761904761904,0.0013227513227513,0.0,0.0,0.010293672419013,0.0039382005452893,0.0,0.0235148514851485,0.0,0.0164835164835164,0.0,0.0526315789473684,0.0009082652134423,0.0215355805243445,0.0039358159249167,0.0,0.0,0.0064080056179775,0.0017134289997858,0.03457216940363,0.1211631663974151,0.0064012490241998,0.0018975332068311,0.0273972602739726,0.112258064516129,0.0245231607629427,0.0458177943526904,1.0,0.0269277845777233,0.0025285819398742,0.0027392096500596,0.0769230769230769,0.0,0.0094339622641509,0.0476056338028169,0.0112554112554112
102,TBStack-LR,0,0,TreeStacking,Rename Class,0.0,0.0103524771999014,0.0226155358898721,0.0034482758620689,0.0,0.0,0.0035140460279092,0.0024570024570024,0.002008032128514,0.1428571428571428,0.0004409171075837,0.0,0.0,0.0042385709960641,0.0003029385034837,0.0,0.005569306930693,0.0703517587939698,0.0219780219780219,0.0,0.0058479532163742,0.0,0.0037453183520599,0.0,0.0,0.0,0.0006144662921348,0.0002141786249732,0.0017286084701815,0.0331179321486268,0.0012490241998438,0.0018975332068311,0.0,0.04,0.010293672419013,0.0090570058604155,0.5533980582524272,0.0354957160342717,0.0789201423774646,0.0005905635484073,0.2307692307692307,0.1047619047619047,0.1320754716981132,0.0290140845070422,0.0017316017316017
103,TBStack-LR,0,0,TreeStacking,Rename Class,0.0,0.0,0.0009832841691248,0.0,0.0,1.6092940563406187e-05,0.0002843736669984,0.0,0.0,0.0,0.0,0.0,0.0,0.0,0.0,0.0,0.0043316831683168,0.0,0.0,0.0,0.0,0.0,0.0,0.0,0.0,0.0,0.0,0.0,0.0,0.0,0.0,0.0018975332068311,0.0,0.010752688172043,0.0,0.0018646776771443,0.0,0.0,0.0,0.0,0.0,0.0,0.0,0.0,0.0
104,TBStack-LR,0,0,TreeStacking,Rename Class,0.0,0.0475720976090707,0.0511307767944936,0.0103448275862068,0.0,0.0001770223461974,0.0135280615872113,0.0147420147420147,0.0017570281124497,0.2857142857142857,0.0022045855379188,0.0,0.0,0.0003027550711474,0.0003029385034837,0.0,0.0136138613861386,0.0,0.0,0.0081967213114754,0.023391812865497,0.0,0.0168539325842696,0.0003027550711474,0.0,0.0,0.0007900280898876,0.001927607624759,0.0250648228176318,0.117124394184168,0.0304449648711943,0.0009487666034155,0.0136986301369863,0.075268817204301,0.0484408113835906,0.0250399573787959,0.5116279069767442,0.02937576499388,0.0023380979237242,0.0074637180373185,0.2307692307692307,0.019047619047619,0.0471698113207547,0.024225352112676,0.0086580086580086
105,TBStack-LR,0,0,TreeStacking,Rename Class,0.0,0.0261276805521321,0.0245821042281219,0.0077586206896551,0.0,0.0002866076081292,0.0211249009770266,0.0147420147420147,0.001004016064257,0.238095238095238,0.0088183421516754,0.0,0.0,0.0066606115652437,0.005755831566192,0.0,0.0272277227722772,0.0201005025125628,0.0274725274725274,0.0573770491803278,0.0350877192982456,0.0018165304268846,0.0299625468164794,0.0054495912806539,0.0081818181818181,0.0,0.0007022471910112,0.0,0.0432152117545375,0.0710823909531502,0.0118657298985167,0.0123339658444022,0.0136986301369863,0.123010752688172,0.0275507114744171,0.0234416622269579,0.875,0.0012239902080783,0.0002166288811118,0.000150782182572,0.1538461538461538,0.0,0.0188679245283018,0.0022535211267605,0.0043290043290043
106,TBStack-LR,0,0,TreeStacking,Rename Class,0.0,0.0135568153808232,0.0019665683382497,0.0017241379310344,0.0,3.0653220120773688e-06,0.0041031057666917,0.0196560196560196,0.0040160642570281,0.1904761904761904,0.0074955908289241,0.0,0.0,0.0030275507114744,0.0027264465313541,0.0,0.0024752475247524,0.0,0.0,0.0,0.0,0.0030275507114744,0.0037453183520599,0.0030275507114744,0.0036363636363636,0.0,0.0029845505617977,0.0,0.0060501296456352,0.0315024232633279,0.0112412177985948,0.0009487666034155,0.0136986301369863,0.046021505376344,0.0112019376324553,0.0130527437400106,0.0,0.0,0.0,0.0,0.0,0.0,0.0,0.0,0.0
107,TBStack-LR,0,0,TreeStacking,Rename Class,0.0,0.0046832634951934,0.0019665683382497,0.0,0.0,4.0615516660025137e-05,0.0018078040259186,0.0,0.003012048192771,0.0952380952380952,0.0004409171075837,0.0,0.0,0.0027247956403269,0.0009088155104513,0.0,0.0086633663366336,0.0452261306532663,0.0,0.0,0.0,0.0,0.0131086142322097,0.0,0.0,0.0,0.0,0.0,0.010371650821089,0.0088852988691437,0.0039032006245121,0.0009487666034155,0.0045662100456621,0.024516129032258,0.004844081138359,0.0042621204049014,0.9941176470588236,0.0012239902080783,0.0036752210174834,0.0106552742350945,0.0769230769230769,0.0285714285714285,0.0377358490566037,0.2394366197183098,0.0
108,TBStack-LR,0,0,TreeStacking,Rename Class,0.0103092783505154,0.0088735518856297,0.015732546705998,0.0025862068965517,0.0,0.0,0.0040015437427637,0.0049140049140049,0.001004016064257,0.3333333333333333,0.0039682539682539,0.0,0.0,0.0003027550711474,0.0003029385034837,0.0,0.0012376237623762,0.0050251256281407,0.0,0.0,0.0,0.0,0.0009363295880149,0.0003027550711474,0.0018181818181818,0.0,0.0010533707865168,0.0012850717498393,0.0,0.0500807754442649,0.0056206088992974,0.0009487666034155,0.0228310502283105,0.0533333333333333,0.0081743869209809,0.0085242408098028,0.4,0.0085679314565483,0.0007918159102708,0.0013067789156248,0.2307692307692307,0.019047619047619,0.0471698113207547,0.0140845070422535,0.0
109,TBStack-LR,0,0,TreeStacking,Rename Class,0.0,0.0029578506285432,0.0058997050147492,0.0008620689655172,0.0,4.138184716304448e-05,0.0017468668115618,0.0024570024570024,0.0,0.1428571428571428,0.0048500881834215,0.0,0.0,0.0018165304268846,0.0006058770069675,0.0,0.0074257425742574,0.0201005025125628,0.0054945054945054,0.0,0.0,0.0,0.0102996254681647,0.0006055101422948,0.0,0.0,0.0003511235955056,0.0,0.0008643042350907,0.0201938610662358,0.0031225604996096,0.0009487666034155,0.0,0.0292473118279569,0.0030275507114744,0.0047948854555141,0.3584905660377358,0.02203182374541,0.0317846858320976,3.769554564302318e-05,0.3846153846153846,0.1047619047619047,0.1509433962264151,0.0149295774647887,0.0008658008658008
110,TBStack-LR,0,0,TreeStacking,Rename Class,0.0,0.0801084545230465,0.0835791543756145,0.05,0.0,0.0119953713637617,0.041701367024842,0.0638820638820638,0.0112951807228915,0.2857142857142857,0.0105820105820105,0.0,0.0,0.0302755071147441,0.0090881551045137,0.0,0.1157178217821782,0.5025125628140703,0.1153846153846153,0.0,0.0,0.0,0.148876404494382,0.0006055101422948,0.0018181818181818,0.3417721518987341,0.0052668539325842,0.0010708931248661,0.1382886776145203,0.2245557350565428,0.0165495706479313,0.0009487666034155,0.1324200913242009,0.1892473118279569,0.0693309112927641,0.1558337773042088,0.8823529411764706,0.0563035495716034,0.018891532425235,0.0352327699943456,0.0769230769230769,0.0952380952380952,0.1037735849056603,0.1197183098591549,0.0467532467532467
111,TBStack-LR,0,0,TreeStacking,Rename Class,0.0,0.0194725166379097,0.0245821042281219,0.0086206896551724,0.0,1.9158262575483554e-05,0.0048140399341878,0.0147420147420147,0.0045180722891566,0.2857142857142857,0.0,0.0,0.0,0.0006055101422948,0.0,0.0,0.0061881188118811,0.0,0.0,0.0163934426229508,0.0526315789473684,0.0,0.0009363295880149,0.0,0.0,0.0,0.000438904494382,0.0002141786249732,0.0025929127052722,0.0525040387722132,0.0134270101483216,0.0009487666034155,0.0,0.04,0.0166515289131092,0.0154501864677677,0.3529411764705882,0.0159118727050183,0.0004183178393883,0.0007287805490984,0.3076923076923077,0.0,0.0377358490566037,0.0095774647887323,0.006060606060606
112,TBStack-LR,0,0,TreeStacking,Rename Class,0.0,0.0002464875523786,0.0442477876106194,0.0,0.0,4.5979830181160536e-06,0.0006703093579248,0.0,0.0,0.0952380952380952,0.0,0.0,0.0,0.0003027550711474,0.0003029385034837,0.0,0.0024752475247524,0.0050251256281407,0.0054945054945054,0.0,0.0,0.0,0.0028089887640449,0.0003027550711474,0.0,0.0,0.0,0.0,0.0008643042350907,0.0032310177705977,0.0,0.0009487666034155,0.0045662100456621,0.0111827956989247,0.0003027550711474,0.0013319126265316,1.0,0.0,0.0,0.0,0.0769230769230769,0.0,0.0094339622641509,0.000281690140845,0.0008658008658008
113,TBStack-LR,0,0,TreeStacking,Rename Class,0.0,0.0007394626571358,0.0049164208456243,0.0,0.0,0.0,0.0003249984765696,0.0,0.0,0.0476190476190476,0.0,0.0,0.0,0.0009082652134423,0.0,0.0,0.0006188118811881,0.0,0.0,0.0,0.0,0.0009082652134423,0.0009363295880149,0.0009082652134423,0.0,0.0,0.0001755617977528,0.0,0.0,0.0008077544426494,0.0,0.0009487666034155,0.0,0.0051612903225806,0.0009082652134423,0.0002663825253063,0.0,0.0,0.0,0.0,0.0,0.0,0.0,0.0,0.0
114,TBStack-LR,0,0,TreeStacking,Rename Class,0.0,0.0019719004190288,0.0039331366764995,0.0,0.0,2.069092358152224e-05,0.0012390566919217,0.0,0.0,0.1428571428571428,0.0,0.028169014084507,0.0,0.0012110202845897,0.0,0.0,0.0068069306930693,0.0201005025125628,0.0,0.0,0.0526315789473684,0.0,0.0018726591760299,0.0,0.0,0.0,8.778089887640449e-05,0.0,0.003457216940363,0.0064620355411954,0.0,0.0009487666034155,0.0045662100456621,0.0159139784946236,0.0012110202845897,0.0047948854555141,0.8431372549019608,0.018359853121175,0.0261710098267342,0.000138217000691,0.1538461538461538,0.019047619047619,0.0377358490566037,0.0143661971830985,0.0008658008658008
115,TBStack-LR,0,0,TreeStacking,Rename Class,0.0,0.0004929751047572,0.0,0.0,0.0,0.0,4.062480957120514e-05,0.0,0.0,0.0,0.0,0.0,0.0,0.0006055101422948,0.0006058770069675,0.0,0.0,0.0,0.0,0.0,0.0,0.0006055101422948,0.0,0.0006055101422948,0.0,0.0,0.0,0.0,0.0,0.0,0.0003122560499609,0.0009487666034155,0.0,0.0038709677419354,0.0006055101422948,0.0,0.39,0.0,0.0005004874149825,0.0012313878243387,0.4615384615384615,0.0285714285714285,0.0849056603773584,0.028169014084507,0.0
116,TBStack-LR,0,0,TreeStacking,Rename Class,0.0,0.0147892531427162,0.0147492625368731,0.0008620689655172,0.0,0.0,0.0018687412402754,0.0,0.0072791164658634,0.0952380952380952,0.0004409171075837,0.0,0.0,0.0172570390554041,0.0169645561950923,0.0,0.0030940594059405,0.0050251256281407,0.0054945054945054,0.0,0.0,0.0169542839842567,0.0037453183520599,0.0169542839842567,0.0018181818181818,0.0,0.0,0.0,0.0025929127052722,0.0064620355411954,0.023575331772053,0.0009487666034155,0.0,0.1002150537634408,0.0175597941265516,0.001598295151838,0.0,0.0,0.0,0.0,0.0,0.0,0.0,0.0,0.0
117,TBStack-LR,0,0,TreeStacking,Rename Class,0.0,0.0273601183140251,0.0422812192723697,0.0068965517241379,0.0,2.5288906599638294e-05,0.0142186833499217,0.0343980343980344,0.0040160642570281,0.238095238095238,0.001763668430335,0.0,0.0,0.0078716318498334,0.0078764010905786,0.0,0.0117574257425742,0.1306532663316583,0.0329670329670329,0.0,0.0,0.0,0.0037453183520599,0.0,0.0,0.0,0.0024578651685393,0.0010708931248661,0.0397579948141745,0.0993537964458804,0.0064012490241998,0.0018975332068311,0.0182648401826484,0.1023655913978494,0.0290644868301544,0.0359616409163558,0.0,0.0,0.0,0.0,0.0,0.0,0.0,0.0,0.0
118,TBStack-LR,0,0,TreeStacking,Rename Class,0.0,0.0216909046093172,0.0068829891838741,0.0,0.0,0.0,0.0030062359082691,0.0,0.0005020080321285,0.0952380952380952,0.0030864197530864,0.0,0.0,0.0266424462609748,0.0003029385034837,0.0,0.0012376237623762,0.0,0.0,0.0,0.0,0.0266424462609748,0.0018726591760299,0.0266424462609748,0.0018181818181818,0.0,0.0012289325842696,0.0,0.0043215211754537,0.0105008077544426,0.0021857923497267,0.0009487666034155,0.0091324200913242,0.0649462365591397,0.0266424462609748,0.001598295151838,0.0,0.0,0.0,0.0,0.0,0.0,0.0,0.0,0.0
119,TBStack-LR,0,0,TreeStacking,Rename Class,0.0,0.0128173527236874,0.0285152409046214,0.0112068965517241,0.0,6.820341476872145e-05,0.0079827750807418,0.0147420147420147,0.0007530120481927,0.3333333333333333,0.0004409171075837,0.0,0.0,0.0009082652134423,0.0003029385034837,0.0,0.0086633663366336,0.0100502512562814,0.0164835164835164,0.0081967213114754,0.0058479532163742,0.0,0.0093632958801498,0.0003027550711474,0.0,0.0,0.0005266853932584,0.0004283572499464,0.0129645635263612,0.067043618739903,0.0035909445745511,0.0018975332068311,0.045662100456621,0.0838709677419354,0.0130184680593399,0.0186467767714437,0.3205128205128205,0.0599755201958384,0.0028796701265037,0.0026889489225356,0.4615384615384615,0.0571428571428571,0.1132075471698113,0.0219718309859154,0.0025974025974025
120,TBStack-LR,0,0,TreeStacking,Rename Class,0.0068728522336769,0.0061621888094651,0.0127826941986234,0.0,0.0,7.663305030193422e-07,0.0024578009790579,0.0,0.0002510040160642,0.0952380952380952,0.0,0.0,0.0,0.0024220405691795,0.0009088155104513,0.0,0.0037128712871287,0.0251256281407035,0.0164835164835164,0.0,0.0116959064327485,0.0009082652134423,0.0009363295880149,0.0009082652134423,0.0009090909090909,0.0,0.0002633426966292,0.0,0.0017286084701815,0.0250403877221324,0.0007806401249024,0.0009487666034155,0.0,0.0339784946236559,0.0060551014229488,0.0058604155567394,0.0,0.0,0.0,0.0,0.0,0.0,0.0,0.0,0.0
121,TBStack-LR,0,0,TreeStacking,Rename Class,0.0,0.0907074192753265,0.0609636184857423,0.0801724137931034,0.0,0.0433888667504521,0.0456419735532489,0.1253071253071253,0.0168172690763052,0.1904761904761904,0.005731922398589,0.0,0.0,0.0066606115652437,0.0030293850348379,0.0,0.2165841584158415,0.0653266331658291,0.1208791208791209,0.0,0.0,0.0027247956403269,0.3071161048689139,0.0030275507114744,0.0072727272727272,0.1645569620253164,0.0177317415730337,0.0023559648747055,0.2618841832324978,0.1825525040387722,0.0277907884465261,0.0009487666034155,0.2328767123287671,0.1513978494623656,0.0623675446563729,0.1827384123601491,0.859375,0.003671970624235,0.0153096859254721,0.0012188226424577,0.1538461538461538,0.0285714285714285,0.0471698113207547,0.0180281690140845,0.0043290043290043
122,TBStack-LR,0,0,TreeStacking,Rename Class,0.0481099656357388,0.0066551639142223,0.0039331366764995,0.0043103448275862,0.0,6.89697452717408e-06,0.0288639272003412,0.0,0.0002510040160642,0.1904761904761904,0.0070546737213403,0.0,0.0,0.0027247956403269,0.0021205695243865,0.0,0.0037128712871287,0.0452261306532663,0.0109890109890109,0.0,0.0,0.0,0.0037453183520599,0.0024220405691795,0.0036363636363636,0.0,0.0019311797752808,0.0,0.0017286084701815,0.0177705977382875,0.0023419203747072,0.0104364326375711,0.0136986301369863,0.1324731182795699,0.004844081138359,0.0071923281832711,0.34,0.0171358629130966,0.0049413794777749,0.0028648614688697,0.3846153846153846,0.0761904761904762,0.1226415094339622,0.0140845070422535,0.0
123,TBStack-LR,0,0,TreeStacking,Rename Class,0.0,0.0059157012570865,0.007866273352999,0.0008620689655172,0.0,3.0653220120773688e-06,0.0012999939062785,0.0024570024570024,0.0045180722891566,0.1428571428571428,0.0008818342151675,0.0,0.0,0.0027247956403269,0.0,0.0,0.0030940594059405,0.0351758793969849,0.0,0.0,0.0058479532163742,0.0,0.0037453183520599,0.0,0.0,0.0,0.0021945224719101,0.0012850717498393,0.003457216940363,0.0072697899838449,0.0,0.0009487666034155,0.0,0.0197849462365591,0.0054495912806539,0.0037293553542887,0.0,0.0,0.0,0.0,0.0,0.0,0.0,0.0,0.0
124,TBStack-LR,0,0,TreeStacking,Rename Class,0.0,0.0009859502095144,0.0570304818092428,0.0,0.0,0.0,0.0134468119680689,0.0024570024570024,0.0,0.1428571428571428,0.0004409171075837,0.0,0.0,0.0003027550711474,0.0003029385034837,0.0,0.0006188118811881,0.0,0.0054945054945054,0.0,0.0,0.0,0.0,0.0003027550711474,0.0009090909090909,0.0,0.0,0.0,0.0008643042350907,0.005654281098546,0.0001561280249804,0.0635673624288425,0.0045662100456621,0.0511827956989247,0.0012110202845897,0.0010655301012253,0.0,0.0,0.0,0.0,0.0,0.0,0.0,0.0,0.0
125,TBStack-LR,0,0,TreeStacking,Rename Class,0.0,0.0039438008380576,0.0206489675516224,0.0034482758620689,0.0,2.758789810869632e-05,0.0019296784546322,0.0024570024570024,0.0,0.1904761904761904,0.0,0.0,0.0,0.0003027550711474,0.0003029385034837,0.0,0.005569306930693,0.0050251256281407,0.0054945054945054,0.0,0.0116959064327485,0.0,0.0056179775280898,0.0003027550711474,0.0,0.0,0.0,0.0008567144998929,0.0051858254105445,0.0169628432956381,0.0003122560499609,0.0009487666034155,0.0,0.0348387096774193,0.0027247956403269,0.0074587107085775,0.5,0.0012239902080783,3.734980708824639e-06,1.2565181881007728e-05,0.1538461538461538,0.0,0.0188679245283018,0.0005633802816901,0.0008658008658008
126,TBStack-LR,0,0,TreeStacking,Rename Class,0.0171821305841924,0.0034508257333004,0.0108161258603736,0.0025862068965517,0.0,0.0,0.0036968576709796,0.0,0.0,0.0952380952380952,0.0026455026455026,0.0,0.0,0.002119285498032,0.0009088155104513,0.0,0.0018564356435643,0.0351758793969849,0.0109890109890109,0.0,0.0,0.0,0.0009363295880149,0.0,0.0,0.0,0.0014044943820224,0.0,0.0,0.0177705977382875,0.0009367681498829,0.0047438330170777,0.0,0.0382795698924731,0.0042385709960641,0.0018646776771443,0.0,0.0,0.0,0.0,0.0,0.0,0.0,0.0,0.0
127,TBStack-LR,0,0,TreeStacking,Rename Class,0.0,0.0290855311806753,0.1533923303834808,0.0068965517241379,0.0,0.000478956564387,0.0190733480936808,0.0245700245700245,0.0067771084337349,0.238095238095238,0.001763668430335,0.0,0.0,0.0033303057826218,0.0015146925174189,0.0,0.0266089108910891,0.050251256281407,0.0769230769230769,0.0,0.0,0.0003027550711474,0.0271535580524344,0.0015137753557372,0.0027272727272727,0.0,0.0014044943820224,0.0025701434996787,0.0509939498703543,0.0945072697899838,0.0302888368462138,0.0009487666034155,0.0776255707762557,0.1032258064516129,0.0320920375416288,0.0418220564730953,0.0,0.0,0.0,0.0,0.0,0.0,0.0,0.0,0.0
128,TBStack-LR,0,0,TreeStacking,Rename Class,0.134020618556701,0.0539807739709144,0.0167158308751229,0.0051724137931034,0.0,0.0003900622260368,0.0261420649590705,0.0515970515970515,0.0075301204819277,0.3333333333333333,0.0022045855379188,0.0,0.0,0.0296699969724492,0.0,0.0,0.0284653465346534,0.3366834170854271,0.1758241758241758,0.0,0.0,0.002119285498032,0.0028089887640449,0.0012110202845897,0.0009090909090909,0.0,0.0228230337078651,0.0042835724994645,0.0017286084701815,0.1082390953150242,0.023575331772053,0.0009487666034155,0.0958904109589041,0.1294623655913978,0.056917953375719,0.04075652637187,0.6502732240437158,0.1823745410036719,0.0013109782287974,0.0034302946535151,0.1538461538461538,0.0095238095238095,0.0283018867924528,0.0515492957746478,0.0017316017316017
129,TBStack-LR,0,0,TreeStacking,Rename Class,0.0,0.115356174513187,0.0186823992133726,0.2025862068965517,0.0,9.655764338043712e-05,0.0621153338343726,0.0933660933660933,0.0373995983935742,0.4285714285714285,0.013668430335097,0.0,0.0,0.0036330608537693,0.0015146925174189,0.0,0.0123762376237623,0.0452261306532663,0.0604395604395604,0.0,0.0,0.0,0.0065543071161048,0.0015137753557372,0.0072727272727272,0.0126582278481012,0.0387113764044943,0.0158492182480188,0.0734658599827139,0.0638126009693053,0.1806401249024199,0.0142314990512333,0.0136986301369863,0.163010752688172,0.054193157735392,0.217900905700586,0.5,0.0,1.1204942126473916e-05,3.769554564302318e-05,0.2307692307692307,0.0,0.0283018867924528,0.0011267605633802,0.006060606060606
130,TBStack-LR,0,0,TreeStacking,Rename Class,0.1821305841924398,0.0133103278284446,0.1042281219272369,0.0060344827586206,0.0,0.0001693590411672,0.0194389713798216,0.0073710073710073,0.0,0.1428571428571428,0.0026455026455026,0.0,0.0,0.0036330608537693,0.0003029385034837,0.0,0.0216584158415841,0.050251256281407,0.1648351648351648,0.0163934426229508,0.0175438596491228,0.0,0.0018726591760299,0.0003027550711474,0.0,0.0,0.0,0.0,0.0043215211754537,0.0767366720516962,0.0024980483996877,0.0018975332068311,0.0045662100456621,0.0881720430107526,0.0148349984862246,0.0202450719232818,0.8888888888888888,0.01468788249694,0.002618221476886,0.0002513036376201,0.1538461538461538,0.0095238095238095,0.0283018867924528,0.0076056338028169,0.0043290043290043
131,TBStack-LR,0,0,TreeStacking,Rename Class,0.0687285223367697,0.0359871826472763,0.0501474926253687,0.0344827586206896,0.0,0.0006667075376268,0.0206374032621722,0.0196560196560196,0.0045180722891566,0.238095238095238,0.0022045855379188,0.0,0.0,0.010293672419013,0.0033323235383217,0.0,0.0327970297029703,0.1658291457286432,0.0604395604395604,0.0081967213114754,0.0058479532163742,0.0,0.0374531835205992,0.0030275507114744,0.0009090909090909,0.0,0.0016678370786516,0.0023559648747055,0.0293863439930855,0.1421647819063005,0.0184231069476971,0.0009487666034155,0.0182648401826484,0.1264516129032258,0.0326975476839237,0.0479488545551411,0.8357664233576643,0.0881272949816401,0.0057593402530075,0.0047622039329019,0.1538461538461538,0.0285714285714285,0.0471698113207547,0.0771830985915493,0.0277056277056277
132,TBStack-LR,0,0,TreeStacking,Rename Class,0.0,0.0007394626571358,0.0,0.0,0.0,0.0,0.000203124047856,0.0,0.001004016064257,0.0476190476190476,0.0,0.0,0.0,0.0009082652134423,0.0009088155104513,0.0,0.0006188118811881,0.0,0.0,0.0,0.0,0.0009082652134423,0.0009363295880149,0.0009082652134423,0.0009090909090909,0.0,8.778089887640449e-05,0.0,0.0,0.0016155088852988,0.0010928961748633,0.0009487666034155,0.0,0.0068817204301075,0.0009082652134423,0.0002663825253063,0.846,0.2937576499388005,0.0024576173064066,0.0079286297669158,0.1538461538461538,0.0666666666666666,0.0849056603773584,0.1408450704225352,0.0
133,TBStack-LR,0,0,TreeStacking,Rename Class,0.0,0.0091200394380083,0.0196656833824975,0.0025862068965517,0.0897435897435897,0.0,0.0097296418923036,0.0,0.0047690763052208,0.1428571428571428,0.0022045855379188,0.0,0.0,0.0042385709960641,0.0021205695243865,0.0,0.0024752475247524,0.0703517587939698,0.0,0.0,0.0116959064327485,0.0,0.0018726591760299,0.002119285498032,0.0,0.0,0.0003511235955056,0.0002141786249732,0.0043215211754537,0.0266558966074313,0.0064012490241998,0.0009487666034155,0.0136986301369863,0.0787096774193548,0.0090826521344232,0.0053276505061267,1.0,0.0159118727050183,0.0009225402350796,0.0008293020041465,0.0769230769230769,0.0,0.0094339622641509,0.0132394366197183,0.0051948051948051
134,TBStack-LR,0,0,TreeStacking,Rename Class,0.0,0.0081340892284939,0.0,0.0,0.0,0.0,0.0006703093579248,0.0,0.0,0.0,0.0,0.0,0.0,0.0099909173478655,0.0,0.0,0.0,0.0,0.0,0.0,0.0,0.0099909173478655,0.0,0.0099909173478655,0.0,0.0,0.0,0.0,0.0,0.0,0.0051522248243559,0.0009487666034155,0.0,0.0133333333333333,0.0099909173478655,0.0,0.0,0.0,0.0,0.0,0.0,0.0,0.0,0.0,0.0
135,TBStack-LR,0,0,TreeStacking,Rename Class,0.0,0.0044367759428148,0.0265486725663716,0.0034482758620689,0.0,0.002654568862459,0.0071093416749608,0.0,0.0,0.1904761904761904,0.0008818342151675,0.0,0.0,0.0042385709960641,0.0009088155104513,0.021680216802168,0.0519801980198019,0.0603015075376884,0.0,0.0,0.0,0.0006055101422948,0.0786516853932584,0.0009082652134423,0.0009090909090909,0.0,0.0001755617977528,0.0004283572499464,0.0630942091616248,0.0096930533117932,0.0046838407494145,0.0009487666034155,0.0136986301369863,0.0821505376344086,0.0042385709960641,0.0258391049547149,0.7894736842105263,0.0,0.0004706075693119,0.0011811270968147,0.1538461538461538,0.0,0.0188679245283018,0.0053521126760563,0.0095238095238095
136,TBStack-LR,0,0,TreeStacking,Rename Class,0.0034364261168384,0.0009859502095144,0.0108161258603736,0.0,0.0,7.663305030193422e-07,0.0010562450488513,0.0,0.0002510040160642,0.1428571428571428,0.0,0.0,0.0,0.0003027550711474,0.0,0.0,0.0012376237623762,0.0050251256281407,0.0,0.0,0.0058479532163742,0.0,0.0009363295880149,0.0003027550711474,0.0,0.0126582278481012,8.778089887640449e-05,0.0002141786249732,0.0,0.024232633279483,0.0015612802498048,0.0018975332068311,0.0,0.0159139784946236,0.0006055101422948,0.001598295151838,0.0,0.0,0.0,0.0,0.0,0.0,0.0,0.0,0.0
137,TBStack-LR,0,0,TreeStacking,Rename Class,0.0,0.0004929751047572,0.0,0.0,0.0,0.0,4.062480957120514e-05,0.0,0.0,0.0,0.0,0.0,0.0,0.0006055101422948,0.0006058770069675,0.0,0.0,0.0,0.0,0.0,0.0,0.0006055101422948,0.0,0.0006055101422948,0.0,0.0,0.0001755617977528,0.0,0.0,0.0,0.0,0.0009487666034155,0.0,0.0073118279569892,0.0006055101422948,0.0,0.0,0.0,0.0,0.0,0.0,0.0,0.0,0.0,0.0
138,TBStack-LR,0,0,TreeStacking,Rename Class,0.0,0.054227261523293,0.0,0.0,0.0,0.0,0.0097702667018748,0.0,0.0,0.0476190476190476,0.0,0.0,0.0,0.0666061156524371,0.0666464707664344,0.0,0.0006188118811881,0.0,0.0054945054945054,0.0,0.0,0.0666061156524371,0.0,0.0666061156524371,0.0,0.0,0.0,0.0,0.0,0.0,0.0343481654957064,0.0009487666034155,0.0,0.013763440860215,0.0666061156524371,0.0002663825253063,0.36,0.0159118727050183,0.0032531681973862,0.0007413457309794,0.4615384615384615,0.0,0.0566037735849056,0.0140845070422535,0.0
139,TBStack-LR,0,0,TreeStacking,Rename Class,0.0,0.0108454523046586,0.0127826941986234,0.0146551724137931,0.0,0.0001977132697789,0.0062968454835367,0.0049140049140049,0.0067771084337349,0.1428571428571428,0.0022045855379188,0.0,0.0,0.0045413260672116,0.0033323235383217,0.0,0.0204207920792079,0.0753768844221105,0.0164835164835164,0.0,0.0058479532163742,0.0,0.0271535580524344,0.0006055101422948,0.0054545454545454,0.0,0.0027212078651685,0.0032126793745984,0.0388936905790838,0.0306946688206785,0.0010928961748633,0.0018975332068311,0.0,0.0477419354838709,0.0081743869209809,0.0247735748534896,0.6470588235294118,0.0012239902080783,0.0004183178393883,0.0002889991832631,0.3076923076923077,0.0,0.0377358490566037,0.0047887323943661,0.0034632034632034
140,TBStack-LR,0,1,TreeStacking,Rename Class,0.0,0.0120778900665516,0.0058997050147492,0.0008620689655172,0.0,7.663305030193422e-07,0.0042249801954053,0.0024570024570024,0.0002510040160642,0.1904761904761904,0.015432098765432,0.0,0.0,0.0006055101422948,0.0,0.0,0.0012376237623762,0.0100502512562814,0.0054945054945054,0.0,0.0,0.0,0.0009363295880149,0.0006055101422948,0.0009090909090909,0.0126582278481012,0.0071980337078651,0.0,0.003457216940363,0.0250403877221324,0.0009367681498829,0.0009487666034155,0.0593607305936073,0.0189247311827957,0.0139267332727823,0.0109216835375599,0.0,0.0,0.0,0.0,0.0,0.0,0.0,0.0,0.0
141,TBStack-LR,0,0,TreeStacking,Rename Class,0.0103092783505154,0.0019719004190288,0.0068829891838741,0.0008620689655172,0.0,3.601753364190908e-05,0.0024781133838435,0.0073710073710073,0.0,0.1904761904761904,0.0004409171075837,0.0211267605633802,0.0,0.0018165304268846,0.0015146925174189,0.0,0.0068069306930693,0.0201005025125628,0.0109890109890109,0.0,0.0292397660818713,0.0006055101422948,0.0037453183520599,0.0006055101422948,0.0,0.0,0.0006144662921348,0.0,0.0025929127052722,0.0129240710823909,0.0003122560499609,0.0028462998102466,0.0,0.032258064516129,0.0024220405691795,0.0045285029302077,0.0,0.0,0.0,0.0,0.0,0.0,0.0,0.0,0.0
142,TBStack-LR,0,0,TreeStacking,Rename Class,0.0,0.0,0.0049164208456243,0.0,0.0,2.758789810869632e-05,0.0007312465722816,0.0,0.0,0.0476190476190476,0.0,0.0,0.0,0.0,0.0,0.0,0.005569306930693,0.0,0.0,0.0,0.0058479532163742,0.0,0.0074906367041198,0.0,0.0,0.0,0.0,0.0,0.006914433880726,0.0032310177705977,0.0,0.0009487666034155,0.0,0.0120430107526881,0.0,0.002397442727757,0.5,0.0,0.0006013318941207,1.2565181881007728e-05,0.1538461538461538,0.0,0.0188679245283018,0.0005633802816901,0.0008658008658008
143,TBStack-LR,0,0,TreeStacking,Rename Class,0.0,0.0165146660093665,0.0147492625368731,0.0206896551724137,0.0,0.0001049872789136,0.0135686863967825,0.0098280098280098,0.0065261044176706,0.4285714285714285,0.0013227513227513,0.0,0.0,0.010293672419013,0.0066646470766434,0.0,0.0142326732673267,0.0603015075376884,0.0219780219780219,0.0,0.0,0.0,0.0149812734082397,0.0033303057826218,0.0,0.0759493670886076,0.0014922752808988,0.0014992503748125,0.0302506482281763,0.0403877221324717,0.00967993754879,0.0037950664136622,0.0365296803652968,0.0855913978494623,0.0172570390554041,0.0221097496004262,0.5,0.0097919216646266,0.0002838585338706,0.0005026072752403,0.2307692307692307,0.0095238095238095,0.0377358490566037,0.0061971830985915,0.0008658008658008
144,TBStack-LR,0,0,TreeStacking,Rename Class,0.0,0.0505299482376139,0.0285152409046214,0.0034482758620689,0.0,0.0004398737087331,0.0124718165383599,0.0515970515970515,0.0248493975903614,0.238095238095238,0.0052910052910052,0.0,0.0,0.0154405086285195,0.0099969706149651,0.0,0.0297029702970297,0.2060301507537688,0.1483516483516483,0.0,0.0116959064327485,0.0030275507114744,0.0177902621722846,0.0057523463518013,0.0,0.0,0.0147471910112359,0.0051402869993574,0.0198789974070872,0.1058158319870759,0.0001561280249804,0.0009487666034155,0.0,0.0847311827956989,0.049349076597033,0.0367607884922749,0.4132841328413284,0.0930232558139534,0.7208662167259906,0.0014575610981968,0.3076923076923077,0.2571428571428572,0.2924528301886792,0.076338028169014,0.09004329004329
145,TBStack-LR,0,0,TreeStacking,Rename Class,0.0481099656357388,0.0340152822282474,0.0206489675516224,0.0,0.0,0.0001724243631793,0.0094249558205195,0.0196560196560196,0.0025100401606425,0.238095238095238,0.009700176366843,0.0,0.0,0.0039358159249167,0.0033323235383217,0.0,0.0136138613861386,0.0653266331658291,0.1043956043956044,0.0,0.0175438596491228,0.0,0.0,0.0033303057826218,0.0,0.0,0.0015800561797752,0.0010708931248661,0.0008643042350907,0.0638126009693053,0.0020296643247462,0.0009487666034155,0.0091324200913242,0.0735483870967741,0.0302755071147441,0.0181140117208311,0.3956043956043956,0.033047735618115,0.1070370771534965,0.0008041716403844,0.3076923076923077,0.1142857142857143,0.1509433962264151,0.0256338028169014,0.0259740259740259
146,TBStack-LR,0,0,TreeStacking,Rename Class,0.0103092783505154,0.0226768548188316,0.0344149459193707,0.0060344827586206,0.0,0.0001517334395978,0.0146452438504194,0.0319410319410319,0.0060240963855421,0.238095238095238,0.0066137566137566,0.0,0.0,0.0051468362095065,0.0027264465313541,0.0,0.0173267326732673,0.0854271356783919,0.0714285714285714,0.0,0.0,0.0,0.0121722846441947,0.0030275507114744,0.01,0.0,0.0021945224719101,0.0002141786249732,0.010371650821089,0.0993537964458804,0.0081186572989851,0.00853889943074,0.0410958904109589,0.1148387096774193,0.023312140478353,0.028236547682472,0.9323308270676692,0.1627906976744186,0.0023268929815977,0.0022994282842244,0.1538461538461538,0.019047619047619,0.0377358490566037,0.0374647887323943,0.0077922077922077
147,TBStack-LR,0,0,TreeStacking,Rename Class,0.0,0.0022183879714074,0.0009832841691248,0.0,0.0,2.2989915090580268e-06,0.0011781194775649,0.0049140049140049,0.0,0.1904761904761904,0.0,0.0,0.0,0.0,0.0,0.0,0.0018564356435643,0.0,0.0054945054945054,0.0,0.0,0.0,0.0018726591760299,0.0,0.0018181818181818,0.0,8.778089887640449e-05,0.0004283572499464,0.0025929127052722,0.0088852988691437,0.0001561280249804,0.0009487666034155,0.0228310502283105,0.0120430107526881,0.0018165304268846,0.0034629728289824,0.32,0.0354957160342717,0.0309405801919033,0.0,0.3076923076923077,0.1428571428571428,0.1792452830188679,0.028169014084507,0.0
148,TBStack-LR,0,0,TreeStacking,Rename Class,0.0,0.0004929751047572,0.0009832841691248,0.0,0.0,2.2989915090580268e-06,0.0002234364526416,0.0,0.0002510040160642,0.0476190476190476,0.0004409171075837,0.0,0.0,0.0006055101422948,0.0006058770069675,0.0,0.0018564356435643,0.0,0.0,0.0,0.0,0.0006055101422948,0.0028089887640449,0.0006055101422948,0.0027272727272727,0.0,0.0,0.0,0.0025929127052722,0.0008077544426494,0.0006245120999219,0.0009487666034155,0.0,0.0068817204301075,0.0006055101422948,0.000799147575919,1.0,0.0,4.481976850589567e-05,0.0,0.0769230769230769,0.0,0.0094339622641509,0.000281690140845,0.0008658008658008
149,TBStack-LR,0,0,TreeStacking,Rename Class,0.0446735395189003,0.0051762385999507,0.0403146509341199,0.0008620689655172,0.0,7.893204181099225e-05,0.0075359021754585,0.0024570024570024,0.0,0.1428571428571428,0.0022045855379188,0.0,0.0,0.0015137753557372,0.0012117540139351,0.0,0.0092821782178217,0.0,0.0164835164835164,0.0081967213114754,0.0584795321637426,0.0012110202845897,0.0018726591760299,0.0012110202845897,0.0,0.0,8.778089887640449e-05,0.0,0.0043215211754537,0.0274636510500807,0.0012490241998438,0.0123339658444022,0.0,0.0653763440860215,0.0051468362095065,0.0053276505061267,1.0,0.0,0.0016097766855034,0.000100521455048,0.0769230769230769,0.0,0.0094339622641509,0.0016901408450704,0.0017316017316017
150,TBStack-LR,0,0,TreeStacking,Rename Class,0.0103092783505154,0.001232437761893,0.0167158308751229,0.0008620689655172,0.0,2.5288906599638294e-05,0.0038390445044788,0.0,0.0,0.1428571428571428,0.0,0.0,0.0,0.0006055101422948,0.0,0.0,0.0061881188118811,0.0100502512562814,0.0,0.0,0.0292397660818713,0.0,0.0046816479400749,0.0003027550711474,0.0009090909090909,0.0,0.0,0.0,0.0043215211754537,0.0145395799676898,0.0,0.0028462998102466,0.0045662100456621,0.0369892473118279,0.0012110202845897,0.0037293553542887,0.9879518072289156,0.018359853121175,0.001639656531174,0.0028774266507507,0.0769230769230769,0.0095238095238095,0.0188679245283018,0.0233802816901408,0.0103896103896103
151,TBStack-LR,0,0,TreeStacking,Rename Class,0.0,0.0029578506285432,0.0068829891838741,0.0,0.0,2.2989915090580268e-06,0.0012593690967073,0.0024570024570024,0.0002510040160642,0.1904761904761904,0.0008818342151675,0.0,0.0,0.0003027550711474,0.0003029385034837,0.0,0.0018564356435643,0.0050251256281407,0.0054945054945054,0.0,0.0,0.0,0.0009363295880149,0.0003027550711474,0.0018181818181818,0.0,0.0006144662921348,0.0,0.0025929127052722,0.0185783521809369,0.0004683840749414,0.0009487666034155,0.0,0.0124731182795698,0.0024220405691795,0.0026638252530633,0.76,0.0269277845777233,0.0473931702142758,1.2565181881007728e-05,0.1538461538461538,0.019047619047619,0.0377358490566037,0.028169014084507,0.0
152,TBStack-LR,0,0,TreeStacking,Rename Class,0.0034364261168384,0.0051762385999507,0.0108161258603736,0.0008620689655172,0.0,0.0,0.0029249862891267,0.0,0.0005020080321285,0.0952380952380952,0.0,0.0,0.0,0.0045413260672116,0.0039382005452893,0.0,0.0043316831683168,0.0753768844221105,0.0109890109890109,0.0,0.0,0.0,0.0046816479400749,0.0018165304268846,0.0,0.0,0.0016678370786516,0.0004283572499464,0.0008643042350907,0.0121163166397415,0.0003122560499609,0.0018975332068311,0.0,0.0339784946236559,0.0051468362095065,0.0037293553542887,0.2615384615384615,0.0232558139534883,0.0482522157773055,0.000113086636929,0.3076923076923077,0.1047619047619047,0.1415094339622641,0.0183098591549295,0.0025974025974025
153,TBStack-LR,0,0,TreeStacking,Rename Class,0.0,0.0,0.0029498525073746,0.0,0.0,0.0,8.124961914241028e-05,0.0,0.0,0.0476190476190476,0.0,0.0,0.0,0.0,0.0,0.0,0.0006188118811881,0.0,0.0,0.0,0.0,0.0,0.0009363295880149,0.0,0.0,0.0,0.0,0.0,0.0,0.0,0.0,0.0009487666034155,0.0,0.0034408602150537,0.0,0.0002663825253063,0.36,0.0526315789473684,0.014566424764416,0.0,0.3076923076923077,0.2,0.2358490566037736,0.0422535211267605,0.0
154,TBStack-LR,0,0,TreeStacking,Rename Class,0.0,0.0044367759428148,0.0432645034414945,0.0,0.0128205128205128,0.0001724243631793,0.00387966931405,0.0,0.0005020080321285,0.1428571428571428,0.0008818342151675,0.0,0.0,0.0036330608537693,0.0036352620418055,0.0,0.0142326732673267,0.0603015075376884,0.0,0.0,0.0,0.0,0.0215355805243445,0.0003027550711474,0.0,0.0,0.0,0.0,0.0190146931719965,0.0355411954765751,0.0010928961748633,0.0009487666034155,0.0,0.0511827956989247,0.0054495912806539,0.0071923281832711,0.2,0.0061199510403916,0.0003772330515912,0.0005277376390023,0.5384615384615385,0.0476190476190476,0.1132075471698113,0.0084507042253521,0.0034632034632034
155,TBStack-LR,0,0,TreeStacking,Rename Class,0.0,0.0110919398570372,0.0068829891838741,0.0094827586206896,0.0,0.0008169083162186,0.0071093416749608,0.0245700245700245,0.0022590361445783,0.1904761904761904,0.0013227513227513,0.0,0.0,0.0003027550711474,0.0,0.0,0.0303217821782178,0.0050251256281407,0.0,0.0,0.0,0.0,0.0449438202247191,0.0,0.0,0.0,0.0022823033707865,0.0021417862497322,0.0475367329299913,0.0460420032310177,0.0037470725995316,0.0009487666034155,0.0319634703196347,0.032258064516129,0.0099909173478655,0.0287693127330847,0.0,0.0,0.0,0.0,0.0,0.0,0.0,0.0,0.0
156,TBStack-LR,0,0,TreeStacking,Rename Class,0.0,0.0019719004190288,0.0147492625368731,0.0,0.0,0.0001931152867608,0.0028031118604131,0.0,0.0005020080321285,0.1428571428571428,0.001763668430335,0.0,0.0,0.002119285498032,0.0006058770069675,0.0,0.0148514851485148,0.0301507537688442,0.0,0.0,0.0,0.0003027550711474,0.0224719101123595,0.0006055101422948,0.0,0.0,0.0,0.0002141786249732,0.0146931719965427,0.0161550888529886,0.0023419203747072,0.0009487666034155,0.0091324200913242,0.0443010752688172,0.0036330608537693,0.0069259456579648,0.7,0.0024479804161566,0.0003734980708824,6.282590940503864e-05,0.1538461538461538,0.0,0.0188679245283018,0.0028169014084507,0.0025974025974025
157,TBStack-LR,0,0,TreeStacking,Rename Class,0.0,0.0083805767808725,0.0167158308751229,0.0068965517241379,0.0,7.663305030193422e-07,0.0019296784546322,0.0098280098280098,0.0090361445783132,0.1428571428571428,0.0,0.0,0.0,0.0006055101422948,0.0,0.0,0.0012376237623762,0.0,0.0,0.0,0.0,0.0006055101422948,0.0018726591760299,0.0006055101422948,0.0,0.0,0.008251404494382,0.0027843221246519,0.0,0.0064620355411954,0.0001561280249804,0.0009487666034155,0.0,0.0313978494623655,0.0096881622767181,0.0050612679808204,0.0,0.0,0.0,0.0,0.0,0.0,0.0,0.0,0.0
158,TBStack-LR,0,0,TreeStacking,Rename Class,0.0,0.001232437761893,0.0363815142576204,0.0,0.0,0.0002222358458756,0.0016046799780626,0.0,0.0,0.0476190476190476,0.0,0.0422535211267605,0.0,0.0009082652134423,0.0003029385034837,0.010840108401084,0.0154702970297029,0.0150753768844221,0.0,0.0,0.0175438596491228,0.0,0.0205992509363295,0.0003027550711474,0.0109090909090909,0.0,8.778089887640449e-05,0.0,0.0146931719965427,0.0040387722132471,0.0,0.0009487666034155,0.0,0.0253763440860215,0.0009082652134423,0.0066595631326584,0.7096774193548387,0.0085679314565483,0.0014304976114798,0.0009423886410755,0.2307692307692307,0.0,0.0283018867924528,0.0087323943661971,0.0051948051948051
159,TBStack-LR,0,0,TreeStacking,Rename Class,0.0137457044673539,0.01059896475228,0.0186823992133726,0.0008620689655172,0.0,0.0002697483370628,0.0064187199122504,0.0098280098280098,0.003012048192771,0.1904761904761904,0.0022045855379188,0.0,0.0,0.0057523463518013,0.0006058770069675,0.0,0.0198019801980198,0.0854271356783919,0.0384615384615384,0.0,0.0,0.0006055101422948,0.0234082397003745,0.0009082652134423,0.0,0.0,0.0025456460674157,0.0004283572499464,0.0250648228176318,0.0476575121163166,0.0053083528493364,0.0009487666034155,0.0,0.0473118279569892,0.0090826521344232,0.0151838039424613,1.0,0.0,0.0019272500457535,0.0019476031915561,0.0769230769230769,0.0,0.0094339622641509,0.0140845070422535,0.0
160,TBStack-LR,0,0,TreeStacking,Rename Class,0.0,0.0019719004190288,0.0029498525073746,0.0008620689655172,0.0,9.962296539251447e-06,0.0246998842192927,0.0,0.0,0.0952380952380952,0.0,0.0,0.0,0.0009082652134423,0.0,0.0,0.0068069306930693,0.0,0.0,0.0245901639344262,0.0058479532163742,0.0,0.0093632958801498,0.0,0.0,0.0,8.778089887640449e-05,0.0,0.0051858254105445,0.0032310177705977,0.0,0.0037950664136622,0.0,0.0382795698924731,0.0018165304268846,0.003196590303676,0.0,0.0,0.0,0.0,0.0,0.0,0.0,0.0,0.0
161,TBStack-LR,0,0,TreeStacking,Rename Class,0.0,0.0722208528469312,0.0589970501474926,0.0543103448275862,0.0,0.0,0.0457029107676057,0.0368550368550368,0.0112951807228915,0.2857142857142857,0.0295414462081128,0.0,0.0,0.0018165304268846,0.0018176310209027,0.0,0.0532178217821782,0.0150753768844221,0.1043956043956044,0.0,0.2923976608187134,0.0,0.0121722846441947,0.0009082652134423,0.0018181818181818,0.0,0.0062324438202247,0.0072820732490897,0.0086430423509075,0.2051696284329563,0.0118657298985167,0.0009487666034155,0.0,0.1505376344086021,0.0705419315773539,0.1393180607352157,0.0,0.0,0.0,0.0,0.0,0.0,0.0,0.0,0.0
162,TBStack-LR,0,0,TreeStacking,Rename Class,0.0,0.014296278037959,0.0147492625368731,0.0,0.0,4.214817766606382e-05,0.0035546708374804,0.0049140049140049,0.0007530120481927,0.0952380952380952,0.0004409171075837,0.0,0.0,0.0,0.0,0.0,0.0068069306930693,0.0,0.0329670329670329,0.0,0.0,0.0,0.0046816479400749,0.0,0.0,0.0,0.000438904494382,0.0002141786249732,0.0043215211754537,0.0250403877221324,0.0112412177985948,0.0047438330170777,0.0091324200913242,0.0404301075268817,0.0166515289131092,0.0042621204049014,0.0,0.0,0.0,0.0,0.0,0.0,0.0,0.0,0.0
163,TBStack-LR,0,0,TreeStacking,Rename Class,0.0103092783505154,0.0209514419521814,0.0580137659783677,0.0086206896551724,0.0256410256410256,0.0001310425160163,0.0072921533180313,0.0171990171990172,0.0022590361445783,0.2857142857142857,0.0101410934744268,0.0,0.0,0.0,0.0,0.0,0.0117574257425742,0.0,0.0439560439560439,0.0,0.0,0.0,0.0102996254681647,0.0,0.0172727272727272,0.0,0.0012289325842696,0.0010708931248661,0.010371650821089,0.0597738287560581,0.0059328649492583,0.0009487666034155,0.0045662100456621,0.0705376344086021,0.0211928549803209,0.0207778369738945,0.3409090909090909,0.0122399020807833,0.0019683348335505,0.0008418671860275,0.3846153846153846,0.0380952380952381,0.0849056603773584,0.0123943661971831,0.0077922077922077
164,TBStack-LR,0,0,TreeStacking,Rename Class,0.0378006872852233,0.013063840276066,0.0245821042281219,0.0051724137931034,0.0,7.663305030193422e-05,0.0077187138185289,0.0049140049140049,0.0012550200803212,0.1428571428571428,0.0066137566137566,0.0,0.0,0.0009082652134423,0.0,0.0,0.0123762376237623,0.0100502512562814,0.0604395604395604,0.0,0.0,0.0,0.0084269662921348,0.0003027550711474,0.0,0.0,0.0027212078651685,0.0002141786249732,0.017286084701815,0.0476575121163166,0.0026541764246682,0.0028462998102466,0.0,0.0550537634408602,0.0133212231304874,0.0111880660628662,0.0,0.0,0.0,0.0,0.0,0.0,0.0,0.0,0.0
165,TBStack-LR,0,0,TreeStacking,Rename Class,0.3161512027491409,0.0345082573330046,0.0216322517207472,0.0060344827586206,0.0,3.98491861570058e-05,0.0303467327496902,0.0024570024570024,0.0052710843373493,0.1428571428571428,0.0251322751322751,0.0,0.0,0.036330608537693,0.0360496819145713,0.013550135501355,0.0074257425742574,0.0301507537688442,0.0494505494505494,0.0,0.0,0.0345140781108083,0.0028089887640449,0.036330608537693,0.0109090909090909,0.0,0.0021067415730337,0.0002141786249732,0.020743301642178,0.0387722132471728,0.0226385636221701,0.00853889943074,0.0,0.1591397849462365,0.0399636693914623,0.0119872136387852,0.6275303643724697,0.0722154222766217,0.0053111425679486,0.0069988063077213,0.1538461538461538,0.0571428571428571,0.0754716981132075,0.0695774647887324,0.0034632034632034
166,TBStack-LR,0,0,TreeStacking,Rename Class,0.0,0.0155287157998521,0.0,0.0,0.0,0.0,0.0012796815014929,0.0,0.0,0.0,0.0,0.0,0.0,0.0190735694822888,0.0190851257194789,0.0,0.0,0.0050251256281407,0.0,0.0,0.0,0.0187708144111413,0.0,0.0190735694822888,0.0,0.0,0.0,0.0,0.0,0.0,0.0098360655737704,0.0009487666034155,0.0,0.0133333333333333,0.0190735694822888,0.0,0.0,0.0,0.0,0.0,0.0,0.0,0.0,0.0,0.0
167,TBStack-LR,0,0,TreeStacking,Rename Class,0.0,0.0009859502095144,0.0039331366764995,0.0,0.0,0.0,0.0005484349292112,0.0,0.0007530120481927,0.0952380952380952,0.0,0.0,0.0,0.0,0.0,0.0,0.0006188118811881,0.0,0.0,0.0,0.0,0.0,0.0009363295880149,0.0,0.0,0.0,0.0,0.0002141786249732,0.0017286084701815,0.0080775444264943,0.0004683840749414,0.0009487666034155,0.0,0.0094623655913978,0.0012110202845897,0.0010655301012253,0.490566037735849,0.0232558139534883,0.0348025502448279,0.0012690833699817,0.3076923076923077,0.0666666666666666,0.1037735849056603,0.0149295774647887,0.0017316017316017
168,TBStack-LR,0,0,TreeStacking,Rename Class,0.0,0.0120778900665516,0.0147492625368731,0.0068965517241379,0.0,0.0,0.0074343401515305,0.0098280098280098,0.0085341365461847,0.3809523809523809,0.0008818342151675,0.0,0.0,0.0006055101422948,0.0,0.0,0.0092821782178217,0.0100502512562814,0.0274725274725274,0.0,0.0,0.0,0.0093632958801498,0.0003027550711474,0.0,0.0886075949367088,0.0007022471910112,0.0002141786249732,0.0017286084701815,0.0710823909531502,0.0103044496487119,0.0018975332068311,0.0502283105022831,0.0331182795698924,0.0081743869209809,0.0223761321257325,1.0,0.0,0.0029991895091861,0.005026072752403,0.0769230769230769,0.0,0.0094339622641509,0.0326760563380281,0.0034632034632034
169,TBStack-LR,0,0,TreeStacking,Rename Class,0.0,0.0014789253142716,0.0,0.0,0.0,0.0,0.0002437488574272,0.0,0.0002510040160642,0.0476190476190476,0.0,0.0,0.0,0.0018165304268846,0.0018176310209027,0.0,0.0012376237623762,0.0050251256281407,0.0,0.0,0.0,0.0015137753557372,0.0018726591760299,0.0018165304268846,0.0018181818181818,0.0,0.0002633426966292,0.0,0.0008643042350907,0.0008077544426494,0.0006245120999219,0.0009487666034155,0.0,0.0081720430107526,0.0018165304268846,0.0005327650506126,0.9377777777777778,0.0048959608323133,0.0019347200071711,0.0057297229377395,0.1538461538461538,0.0,0.0188679245283018,0.1267605633802817,0.0
170,TBStack-LR,0,0,TreeStacking,Rename Class,0.0,0.0009859502095144,0.0,0.0,0.0,0.0,0.000101562023928,0.0,0.0005020080321285,0.0,0.0,0.0,0.0,0.0012110202845897,0.0012117540139351,0.0,0.0,0.0,0.0,0.0,0.0,0.0012110202845897,0.0,0.0012110202845897,0.0,0.0,8.778089887640449e-05,0.0,0.0,0.0,0.0004683840749414,0.0009487666034155,0.0,0.0068817204301075,0.0012110202845897,0.0,0.0,0.0,0.0,0.0,0.0,0.0,0.0,0.0,0.0
171,TBStack-LR,0,0,TreeStacking,Rename Class,0.0171821305841924,0.0394380083805767,0.0540806293018682,0.0206896551724137,0.0,0.0001908162952518,0.054173183563202,0.0171990171990172,0.0045180722891566,0.3333333333333333,0.0048500881834215,0.0,0.0,0.0015137753557372,0.0003029385034837,0.0,0.016089108910891,0.0251256281407035,0.0439560439560439,0.0,0.0,0.0,0.0037453183520599,0.0,0.0027272727272727,0.0,0.0016678370786516,0.0010708931248661,0.027657735522904,0.1276252019386106,0.0101483216237314,0.0056925996204933,0.0319634703196347,0.3367741935483871,0.0305782621858916,0.0343633457645178,0.344,0.0281517747858017,0.0124225458375507,0.0035559464723251,0.3076923076923077,0.1238095238095238,0.160377358490566,0.0352112676056338,0.006060606060606
172,TBStack-LR,0,0,TreeStacking,Rename Class,0.0,0.01059896475228,0.023598820058997,0.0103448275862068,0.0,0.0,0.0059515346021815,0.0122850122850122,0.0002510040160642,0.238095238095238,0.0039682539682539,0.0,0.0,0.0018165304268846,0.0006058770069675,0.013550135501355,0.0123762376237623,0.0301507537688442,0.0164835164835164,0.0,0.0058479532163742,0.0,0.0112359550561797,0.0003027550711474,0.0018181818181818,0.0,0.001316713483146,0.0010708931248661,0.0216076058772687,0.0379644588045234,0.0018735362997658,0.0009487666034155,0.0045662100456621,0.0412903225806451,0.0063578564940962,0.0197123068726691,1.0,0.011015911872705,0.0008216957559414,0.0011308663692906,0.0769230769230769,0.0,0.0094339622641509,0.0073239436619718,0.0043290043290043
173,TBStack-LR,0,0,TreeStacking,Rename Class,0.0,0.0002464875523786,0.0245821042281219,0.0,0.0,7.663305030193422e-07,0.0019499908594178,0.0,0.0,0.0476190476190476,0.0,0.0,0.0,0.0003027550711474,0.0003029385034837,0.0,0.0018564356435643,0.0050251256281407,0.0,0.0,0.0,0.0,0.0018726591760299,0.0,0.0009090909090909,0.0,0.0,0.0,0.0017286084701815,0.0,0.0,0.0028462998102466,0.0,0.0232258064516129,0.0003027550711474,0.000799147575919,0.3714285714285714,0.05875152998776,0.0013819428622651,0.0042972922033046,0.3076923076923077,0.1904761904761905,0.2264150943396226,0.0295774647887323,0.0008658008658008
174,TBStack-LR,0,0,TreeStacking,Rename Class,0.0,0.0340152822282474,0.0275319567354965,0.0818965517241379,0.0,2.9120559114735e-05,0.0098515163210172,0.0098280098280098,0.0007530120481927,0.2857142857142857,0.0004409171075837,0.0,0.0,0.007568876778686,0.0006058770069675,0.0,0.0074257425742574,0.1055276381909547,0.0274725274725274,0.0,0.0,0.0,0.0065543071161048,0.0006055101422948,0.0009090909090909,0.0,0.0071102528089887,0.0109231098736346,0.0121002592912705,0.0702746365105008,0.0271662763466042,0.0009487666034155,0.0091324200913242,0.0950537634408602,0.0278534665455646,0.0865743207245604,0.7156862745098039,0.1248470012239902,0.0023941226343565,0.0020606898284852,0.2307692307692307,0.019047619047619,0.0471698113207547,0.0287323943661971,0.0025974025974025
175,TBStack-LR,0,0,TreeStacking,Rename Class,0.0171821305841924,0.0086270643332511,0.0294985250737463,0.0008620689655172,0.0,4.597983018116053e-05,0.0045702910767605,0.0,0.001004016064257,0.1428571428571428,0.0,0.0,0.0,0.0042385709960641,0.0027264465313541,0.0,0.0080445544554455,0.050251256281407,0.0109890109890109,0.0,0.023391812865497,0.0012110202845897,0.0065543071161048,0.0027247956403269,0.0,0.0,0.0012289325842696,0.0002141786249732,0.0095073465859982,0.0452342487883683,0.0020296643247462,0.0018975332068311,0.0045662100456621,0.0632258064516129,0.0099909173478655,0.0082578582844965,0.6923076923076923,0.0171358629130966,0.002640631361139,0.001733995099579,0.1538461538461538,0.0476190476190476,0.0660377358490566,0.0183098591549295,0.0095238095238095
176,TBStack-LR,0,1,TreeStacking,Rename Class,0.0,0.0552132117328074,0.0648967551622418,0.0232758620689655,0.0,0.0,0.0166967967337653,0.0417690417690417,0.0082831325301204,0.3333333333333333,0.0079365079365079,0.0,0.0,0.0042385709960641,0.0012117540139351,0.0,0.0167079207920792,0.0703517587939698,0.0769230769230769,0.0,0.0,0.0,0.0121722846441947,0.0012110202845897,0.0018181818181818,0.0,0.005003511235955,0.0083529663739558,0.0570440795159896,0.1114701130856219,0.0076502732240437,0.0009487666034155,0.0365296803652968,0.1135483870967742,0.0314865273993339,0.0599360681939264,1.0,0.0428396572827417,0.0005004874149825,0.0010303449142426,0.0769230769230769,0.0,0.0094339622641509,0.0140845070422535,0.0
177,TBStack-LR,0,0,TreeStacking,Rename Class,0.0,0.0160216909046093,0.0049164208456243,0.0,0.0,7.663305030193422e-07,0.0017062420019906,0.0024570024570024,0.0,0.0952380952380952,0.0,0.0,0.0,0.017862549197699,0.0178733717055437,0.0,0.0012376237623762,0.0,0.0,0.0,0.0,0.017862549197699,0.0018726591760299,0.017862549197699,0.0,0.0,0.0026334269662921,0.0,0.0,0.0080775444264943,0.0098360655737704,0.0009487666034155,0.0,0.0172043010752688,0.0193763245534362,0.001598295151838,0.0,0.0,0.0,0.0,0.0,0.0,0.0,0.0,0.0
178,TBStack-LR,0,0,TreeStacking,Rename Class,0.0,0.0039438008380576,0.0,0.0017241379310344,0.0,0.0,0.0009749954297089,0.0049140049140049,0.0015060240963855,0.1904761904761904,0.0013227513227513,0.0,0.0,0.0,0.0,0.0,0.0006188118811881,0.0,0.0,0.0,0.0,0.0,0.0009363295880149,0.0,0.0009090909090909,0.0,0.0010533707865168,0.0002141786249732,0.0,0.011308562197092,0.0032786885245901,0.0009487666034155,0.0045662100456621,0.0210752688172043,0.0039358159249167,0.0026638252530633,0.0,0.0,0.0,0.0,0.0,0.0,0.0,0.0,0.0
179,TBStack-LR,0,0,TreeStacking,Rename Class,0.0171821305841924,0.0096130145427655,0.0422812192723697,0.0025862068965517,0.0,7.663305030193422e-07,0.0054437244825414,0.0147420147420147,0.0002510040160642,0.1904761904761904,0.0026455026455026,0.0,0.0,0.0015137753557372,0.0015146925174189,0.0,0.0018564356435643,0.0251256281407035,0.0054945054945054,0.0,0.0,0.0,0.0018726591760299,0.0003027550711474,0.0,0.0,0.0002633426966292,0.0,0.0025929127052722,0.0460420032310177,0.0024980483996877,0.0018975332068311,0.0,0.0554838709677419,0.0108991825613079,0.0047948854555141,0.375,0.003671970624235,0.0016135116662122,3.769554564302318e-05,0.3076923076923077,0.0,0.0377358490566037,0.0022535211267605,0.0008658008658008
180,TBStack-LR,0,0,TreeStacking,Rename Class,0.0,0.0022183879714074,0.0009832841691248,0.0,0.0,1.6092940563406187e-05,0.0010562450488513,0.0024570024570024,0.0007530120481927,0.0952380952380952,0.0008818342151675,0.0,0.0,0.0006055101422948,0.0006058770069675,0.0,0.0043316831683168,0.0100502512562814,0.0054945054945054,0.0,0.0058479532163742,0.0,0.0037453183520599,0.0006055101422948,0.0,0.0126582278481012,0.000438904494382,0.0002141786249732,0.0086430423509075,0.0161550888529886,0.0007806401249024,0.0009487666034155,0.0,0.0223655913978494,0.0024220405691795,0.0037293553542887,0.3,0.02203182374541,0.0268171614893609,2.513036376201545e-05,0.3076923076923077,0.0571428571428571,0.0943396226415094,0.0140845070422535,0.0
181,TBStack-LR,0,0,TreeStacking,Rename Class,0.0034364261168384,0.0041902883904362,0.0285152409046214,0.0008620689655172,0.0,0.0,0.0090796449391643,0.0073710073710073,0.0,0.1904761904761904,0.001763668430335,0.0,0.0,0.0009082652134423,0.0006058770069675,0.0,0.0030940594059405,0.0150753768844221,0.0,0.0,0.0058479532163742,0.0,0.0037453183520599,0.0003027550711474,0.0009090909090909,0.0,8.778089887640449e-05,0.0,0.0025929127052722,0.0460420032310177,0.0018735362997658,0.0056925996204933,0.0091324200913242,0.101505376344086,0.0051468362095065,0.0037293553542887,0.4042553191489361,0.00734394124847,0.0030103944513126,0.0010931708236476,0.3846153846153846,0.0380952380952381,0.0849056603773584,0.0132394366197183,0.0017316017316017
182,TBStack-LR,0,0,TreeStacking,Rename Class,0.0,0.003697313285679,0.0285152409046214,0.0,0.0,0.0,0.0013406187158497,0.0073710073710073,0.0,0.1904761904761904,0.0,0.0,0.0,0.0003027550711474,0.0003029385034837,0.0,0.0030940594059405,0.0050251256281407,0.0109890109890109,0.0,0.0,0.0,0.0028089887640449,0.0,0.0,0.0,0.0,0.0,0.0025929127052722,0.0331179321486268,0.0003122560499609,0.0009487666034155,0.0,0.0296774193548387,0.0045413260672116,0.003196590303676,0.0,0.0,0.0,0.0,0.0,0.0,0.0,0.0,0.0
183,TBStack-LR,0,0,TreeStacking,Rename Class,0.0,0.004929751047572,0.0147492625368731,0.0,0.0,7.663305030193422e-07,0.0015234303589201,0.0,0.002008032128514,0.0476190476190476,0.0030864197530864,0.0,0.0,0.0003027550711474,0.0003029385034837,0.0,0.0012376237623762,0.0050251256281407,0.0054945054945054,0.0,0.0,0.0,0.0009363295880149,0.0003027550711474,0.0018181818181818,0.0,0.0025456460674157,0.0,0.0008643042350907,0.0339256865912762,0.0015612802498048,0.0009487666034155,0.0,0.0258064516129032,0.0060551014229488,0.0005327650506126,0.0,0.0,0.0,0.0,0.0,0.0,0.0,0.0,0.0
184,TBStack-LR,0,0,TreeStacking,Rename Class,0.0,0.0241557801331032,0.015732546705998,0.0043103448275862,0.0,4.138184716304448e-05,0.0077999634376713,0.0171990171990172,0.0027610441767068,0.238095238095238,0.0,0.0,0.0,0.0012110202845897,0.0012117540139351,0.0,0.0074257425742574,0.0201005025125628,0.0439560439560439,0.0,0.0,0.0,0.0037453183520599,0.0006055101422948,0.0,0.0,0.0035990168539325,0.0008567144998929,0.013828867761452,0.0646203554119547,0.0565183450429352,0.0009487666034155,0.0091324200913242,0.0567741935483871,0.0263396911898274,0.017314864144912,0.3968253968253968,0.025703794369645,0.0007059113539678,0.0021737764654143,0.2307692307692307,0.0571428571428571,0.0849056603773584,0.0177464788732394,0.0103896103896103
185,TBStack-LR,0,0,TreeStacking,Rename Class,0.0,0.0,0.0009832841691248,0.0,0.0,0.0,0.000101562023928,0.0,0.0,0.0476190476190476,0.0,0.0,0.0,0.0,0.0,0.0,0.0006188118811881,0.0,0.0,0.0,0.0058479532163742,0.0,0.0,0.0,0.0,0.0,0.0,0.0,0.0,0.0,0.0,0.0009487666034155,0.0,0.003010752688172,0.0,0.0002663825253063,0.0,0.0,0.0,0.0,0.0,0.0,0.0,0.0,0.0
186,TBStack-LR,0,0,TreeStacking,Rename Class,0.0,0.001232437761893,0.0,0.0,0.0,0.0,0.0002437488574272,0.0,0.0012550200803212,0.0476190476190476,0.0,0.0,0.0,0.0015137753557372,0.0015146925174189,0.0,0.0006188118811881,0.0,0.0,0.0,0.0,0.0015137753557372,0.0009363295880149,0.0015137753557372,0.0009090909090909,0.0,8.778089887640449e-05,0.0,0.0,0.0016155088852988,0.0010928961748633,0.0009487666034155,0.0,0.0090322580645161,0.0015137753557372,0.0002663825253063,0.5937142857142857,0.865361077111383,0.0071823679030697,0.0238235848463906,0.1538461538461538,0.1619047619047619,0.1792452830188679,0.4929577464788732,0.0
187,TBStack-LR,0,0,TreeStacking,Rename Class,0.0,0.0071481390189795,0.0108161258603736,0.0025862068965517,0.0,3.0653220120773688e-06,0.0025593630029859,0.0049140049140049,0.0042670682730923,0.1904761904761904,0.0,0.0,0.0,0.0012110202845897,0.0012117540139351,0.0,0.0024752475247524,0.0150753768844221,0.0,0.0,0.0,0.0,0.0037453183520599,0.0012110202845897,0.0,0.0,0.0001755617977528,0.0,0.006914433880726,0.0266558966074313,0.0103044496487119,0.0009487666034155,0.0091324200913242,0.046021505376344,0.0051468362095065,0.0055940330314331,0.0,0.0,0.0,0.0,0.0,0.0,0.0,0.0,0.0
188,TBStack-LR,0,0,TreeStacking,Rename Class,0.0,0.0046832634951934,0.0019665683382497,0.0,0.0,4.0615516660025137e-05,0.0018078040259186,0.0,0.003012048192771,0.0952380952380952,0.0004409171075837,0.0,0.0,0.0027247956403269,0.0009088155104513,0.0,0.0086633663366336,0.0452261306532663,0.0,0.0,0.0,0.0,0.0131086142322097,0.0,0.0,0.0,0.0,0.0,0.010371650821089,0.0088852988691437,0.0039032006245121,0.0009487666034155,0.0045662100456621,0.024516129032258,0.004844081138359,0.0042621204049014,0.9916666666666668,0.0012239902080783,0.0027414758402772,0.0075139787648426,0.0769230769230769,0.0285714285714285,0.0377358490566037,0.1690140845070422,0.0
189,TBStack-LR,0,0,TreeStacking,Rename Class,0.0378006872852233,0.0216909046093172,0.0344149459193707,0.0094827586206896,0.0,0.0001249118719921,0.0146046190408482,0.0049140049140049,0.002008032128514,0.1904761904761904,0.001763668430335,0.0,0.0,0.0054495912806539,0.0027264465313541,0.0,0.0142326732673267,0.0452261306532663,0.0164835164835164,0.0,0.0,0.0027247956403269,0.0187265917602996,0.0003027550711474,0.0027272727272727,0.0,0.0039501404494382,0.001927607624759,0.010371650821089,0.0694668820678513,0.0039032006245121,0.0028462998102466,0.0045662100456621,0.1049462365591397,0.0199818346957311,0.0322322855620671,0.8857142857142857,0.0097919216646266,0.002468822248533,0.0006031287302883,0.1538461538461538,0.019047619047619,0.0377358490566037,0.0098591549295774,0.0017316017316017
190,TBStack-LR,0,1,TreeStacking,Rename Class,0.0,0.0170076411141237,0.0275319567354965,0.0034482758620689,0.0,0.0001494344480887,0.0083077735573114,0.0024570024570024,0.0035140562248995,0.238095238095238,0.0048500881834215,0.0,0.0,0.0045413260672116,0.0021205695243865,0.0,0.016089108910891,0.0201005025125628,0.0164835164835164,0.0,0.0,0.0015137753557372,0.0215355805243445,0.0018165304268846,0.0,0.0,0.0037745786516853,0.0,0.0095073465859982,0.0452342487883683,0.0023419203747072,0.0028462998102466,0.0,0.0692473118279569,0.0121102028458976,0.0162493340436867,0.0,0.0,0.0,0.0,0.0,0.0,0.0,0.0,0.0
191,TBStack-LR,0,0,TreeStacking,Rename Class,0.0,0.0,0.007866273352999,0.0,0.0,0.0001310425160163,0.0012999939062785,0.0,0.0,0.0476190476190476,0.0,0.0,0.0,0.0,0.0,0.0,0.0117574257425742,0.0,0.0,0.0,0.0,0.0,0.0177902621722846,0.0,0.0,0.0,0.0003511235955056,0.0,0.013828867761452,0.0,0.0,0.0009487666034155,0.0,0.0193548387096774,0.0,0.0050612679808204,0.0,0.0,0.0,0.0,0.0,0.0,0.0,0.0,0.0
192,TBStack-LR,0,0,TreeStacking,Rename Class,0.0,0.0007394626571358,0.0029498525073746,0.0017241379310344,0.0,3.831652515096711e-06,0.0007312465722816,0.0,0.0,0.1428571428571428,0.0,0.0,0.0,0.0006055101422948,0.0,0.0,0.0043316831683168,0.0100502512562814,0.0,0.0,0.0,0.0,0.0065543071161048,0.0,0.0,0.0,0.0,0.0,0.003457216940363,0.0048465266558966,0.0001561280249804,0.0009487666034155,0.0,0.0111827956989247,0.0006055101422948,0.003196590303676,0.0,0.0,0.0,0.0,0.0,0.0,0.0,0.0,0.0
193,TBStack-LR,0,0,TreeStacking,Rename Class,0.0,0.0034508257333004,0.0521140609636184,0.0,0.0,5.057781319927659e-05,0.0035952956470516,0.0,0.0002510040160642,0.0952380952380952,0.0004409171075837,0.0,0.0,0.0027247956403269,0.0027264465313541,0.0,0.0074257425742574,0.0,0.0054945054945054,0.0,0.0,0.0027247956403269,0.0102996254681647,0.0027247956403269,0.0,0.0,0.0,0.0,0.010371650821089,0.0226171243941841,0.0021857923497267,0.0018975332068311,0.0045662100456621,0.0365591397849462,0.0042385709960641,0.0037293553542887,0.6666666666666666,0.0048959608323133,0.0008590455630296,0.0001633473644531,0.1538461538461538,0.0,0.0188679245283018,0.0025352112676056,0.0008658008658008
194,TBStack-LR,0,0,TreeStacking,Rename Class,0.0,0.0002464875523786,0.0049164208456243,0.0,0.0,0.0,0.003270297170482,0.0,0.0,0.0476190476190476,0.0,0.0,0.0,0.0,0.0,0.0,0.0006188118811881,0.0,0.0,0.0,0.0,0.0,0.0009363295880149,0.0,0.0,0.0,0.0,0.0,0.0008643042350907,0.0024232633279483,0.0,0.0018975332068311,0.0,0.0434408602150537,0.0003027550711474,0.0002663825253063,0.4444444444444444,0.0061199510403916,0.0002987984567059,7.539109128604636e-05,0.2307692307692307,0.0,0.0283018867924528,0.0025352112676056,0.0112554112554112
195,TBStack-LR,0,1,TreeStacking,Rename Class,0.0,0.0059157012570865,0.0058997050147492,0.0,0.0,7.663305030193422e-07,0.0019093660498466,0.0122850122850122,0.0017570281124497,0.3809523809523809,0.0,0.0,0.0,0.0003027550711474,0.0,0.002710027100271,0.0012376237623762,0.0050251256281407,0.0054945054945054,0.0,0.0,0.0,0.0009363295880149,0.0003027550711474,0.0,0.0,0.001316713483146,0.0002141786249732,0.0008643042350907,0.0210016155088853,0.0,0.0009487666034155,0.0045662100456621,0.0146236559139784,0.0045413260672116,0.0061267980820458,0.0,0.0,0.0,0.0,0.0,0.0,0.0,0.0,0.0
196,TBStack-LR,0,0,TreeStacking,Rename Class,0.0,0.0059157012570865,0.0176991150442477,0.0051724137931034,0.0,6.1306440241547375e-06,0.0018078040259186,0.0049140049140049,0.0005020080321285,0.0952380952380952,0.0004409171075837,0.0,0.0,0.0006055101422948,0.0006058770069675,0.0,0.0030940594059405,0.0,0.0,0.0,0.0,0.0,0.0028089887640449,0.0,0.0,0.0,0.0027212078651685,0.0017134289997858,0.0043215211754537,0.0137318255250403,0.0007806401249024,0.0009487666034155,0.0,0.0326881720430107,0.0027247956403269,0.0029302077783697,1.0,0.0,0.0003100033988324,1.2565181881007728e-05,0.0769230769230769,0.0,0.0094339622641509,0.0008450704225352,0.0008658008658008
197,TBStack-LR,0,0,TreeStacking,Rename Class,0.1099656357388316,0.0308109440473256,0.0334316617502458,0.043103448275862,0.0,1.0728627042270793e-05,0.0298389226300501,0.0343980343980344,0.0173192771084337,0.3809523809523809,0.0052910052910052,0.0,0.0,0.0036330608537693,0.0003029385034837,0.0,0.010519801980198,0.0603015075376884,0.0164835164835164,0.0,0.0,0.0,0.0131086142322097,0.0,0.0,0.0,0.0107092696629213,0.0059970014992503,0.0164217804667242,0.1252019386106623,0.0070257611241217,0.0028462998102466,0.0136986301369863,0.1329032258064516,0.0251286709052376,0.0599360681939264,0.5593869731800766,0.1162790697674418,0.0066893504495049,0.0116227932399321,0.2307692307692307,0.0,0.0283018867924528,0.0735211267605633,0.0103896103896103
198,TBStack-LR,0,0,TreeStacking,Rename Class,0.0,0.0066551639142223,0.0068829891838741,0.0025862068965517,0.0,4.0615516660025137e-05,0.0023359265503442,0.0,0.0002510040160642,0.1428571428571428,0.001763668430335,0.0,0.0,0.0039358159249167,0.0015146925174189,0.0,0.0086633663366336,0.0351758793969849,0.0054945054945054,0.0,0.0,0.0015137753557372,0.0121722846441947,0.0027247956403269,0.0009090909090909,0.0,0.0003511235955056,0.0,0.0060501296456352,0.0153473344103392,0.0015612802498048,0.0009487666034155,0.0182648401826484,0.0339784946236559,0.0054495912806539,0.0079914757591901,0.3272727272727272,0.025703794369645,0.0017292960681858,0.0012565181881007,0.3076923076923077,0.019047619047619,0.0566037735849056,0.0154929577464788,0.0129870129870129
199,TBStack-LR,0,0,TreeStacking,Rename Class,0.0103092783505154,0.0273601183140251,0.0383480825958702,0.0094827586206896,0.0,9.962296539251448e-05,0.0090593325343787,0.0049140049140049,0.0032630522088353,0.238095238095238,0.0070546737213403,0.0,0.0,0.0093854072055706,0.0006058770069675,0.0,0.0179455445544554,0.0050251256281407,0.0494505494505494,0.2459016393442623,0.0350877192982456,0.0,0.0131086142322097,0.0006055101422948,0.0,0.0,0.0057057584269662,0.0053544656243306,0.017286084701815,0.0807754442649434,0.0057767369242779,0.0009487666034155,0.0136986301369863,0.0868817204301075,0.0217983651226158,0.0223761321257325,0.8571428571428571,0.003671970624235,9.337451772061598e-05,0.0002010429100961,0.1538461538461538,0.0,0.0188679245283018,0.0039436619718309,0.0034632034632034
200,TBStack-LR,0,0,TreeStacking,Rename Class,0.0137457044673539,0.0325363569139758,0.1386430678466076,0.0275862068965517,0.0,0.0035136253563436,0.0398935629989234,0.0614250614250614,0.0268574297188755,0.238095238095238,0.0185185185185185,0.0,0.0,0.0069633666363911,0.0018176310209027,0.008130081300813,0.0952970297029703,0.1105527638190954,0.2472527472527472,0.0,0.0058479532163742,0.0003027550711474,0.1011235955056179,0.0012110202845897,0.0018181818181818,0.0,0.0018433988764044,0.0053544656243306,0.1028522039757994,0.3190630048465266,0.0501170960187353,0.0009487666034155,0.3242009132420091,0.2623655913978495,0.0345140781108083,0.110548748002131,0.1792828685258964,0.0746634026927784,0.0040972738375806,0.0089715398630395,0.4615384615384615,0.1714285714285714,0.2264150943396226,0.0707042253521126,0.0268398268398268
201,TBStack-LR,0,0,TreeStacking,Rename Class,0.0171821305841924,0.0073946265713581,0.031465093411996,0.0017241379310344,0.0,6.207277074456672e-05,0.0106437001076557,0.0024570024570024,0.0,0.0952380952380952,0.0,0.0,0.0,0.0042385709960641,0.0015146925174189,0.0,0.0111386138613861,0.0402010050251256,0.0164835164835164,0.0,0.0,0.0006055101422948,0.0140449438202247,0.0015137753557372,0.0009090909090909,0.0,0.0006144662921348,0.0,0.0043215211754537,0.0476575121163166,0.0009367681498829,0.0047438330170777,0.0,0.0679569892473118,0.0066606115652437,0.0066595631326584,0.0,0.0,0.0,0.0,0.0,0.0,0.0,0.0,0.0
202,TBStack-LR,0,0,TreeStacking,Rename Class,0.0206185567010309,0.0076411141237367,0.0127826941986234,0.0017241379310344,0.0,0.0,0.0032296723609108,0.0049140049140049,0.0005020080321285,0.1904761904761904,0.0004409171075837,0.0,0.0,0.0033303057826218,0.0024235080278703,0.0,0.0030940594059405,0.0351758793969849,0.0219780219780219,0.0,0.0,0.0012110202845897,0.0009363295880149,0.0012110202845897,0.0,0.0,0.0010533707865168,0.0,0.0025929127052722,0.0274636510500807,0.0010928961748633,0.0009487666034155,0.0045662100456621,0.032258064516129,0.0081743869209809,0.0042621204049014,0.274390243902439,0.0636474908200734,0.1183279238362733,0.001721429917698,0.3076923076923077,0.2285714285714286,0.2641509433962264,0.0461971830985915,0.0034632034632034
203,TBStack-LR,0,0,TreeStacking,Rename Class,0.0171821305841924,0.0041902883904362,0.0216322517207472,0.0008620689655172,0.0,0.0,0.0046921655054741,0.0049140049140049,0.0007530120481927,0.1428571428571428,0.0,0.0,0.0,0.0027247956403269,0.0,0.0,0.0074257425742574,0.0452261306532663,0.0109890109890109,0.0,0.0175438596491228,0.0,0.0065543071161048,0.0,0.0,0.0,0.0005266853932584,0.0,0.003457216940363,0.0420032310177706,0.0003122560499609,0.0018975332068311,0.0,0.0425806451612903,0.0045413260672116,0.0069259456579648,0.0,0.0,0.0,0.0,0.0,0.0,0.0,0.0,0.0
204,TBStack-LR,0,0,TreeStacking,Rename Class,0.0,0.0009859502095144,0.0088495575221238,0.0,0.0,0.0010966189498206,0.0014624931445633,0.0,0.0,0.0,0.0,0.0,0.0,0.0012110202845897,0.0012117540139351,0.0,0.0334158415841584,0.0,0.0,0.0,0.0,0.0012110202845897,0.0505617977528089,0.0012110202845897,0.0,0.0,0.0,0.0,0.0,0.0,0.0,0.0009487666034155,0.0,0.0412903225806451,0.0012110202845897,0.0143846563665423,1.0,0.0,9.71094984294406e-05,1.2565181881007728e-05,0.0769230769230769,0.0,0.0094339622641509,0.0011267605633802,0.0051948051948051
205,TBStack-LR,0,0,TreeStacking,Rename Class,0.0,0.0004929751047572,0.0039331366764995,0.0,0.0,0.0,0.0003859356909264,0.0,0.0,0.0476190476190476,0.0,0.0,0.0,0.0006055101422948,0.0006058770069675,0.0,0.0024752475247524,0.0100502512562814,0.0,0.0,0.0,0.0,0.0037453183520599,0.0,0.0,0.0,0.0,0.0,0.0025929127052722,0.0016155088852988,0.0,0.0009487666034155,0.0,0.0055913978494623,0.0006055101422948,0.0010655301012253,0.7,0.0061199510403916,0.0049600543813191,5.026072752403091e-05,0.2307692307692307,0.0095238095238095,0.0377358490566037,0.0140845070422535,0.0
206,TBStack-LR,0,0,TreeStacking,Rename Class,0.0,0.0091200394380083,0.0029498525073746,0.0,0.0,0.0,0.002295301740773,0.0098280098280098,0.0015060240963855,0.1904761904761904,0.0008818342151675,0.0,0.0,0.0015137753557372,0.0,0.0,0.0030940594059405,0.0,0.0,0.0,0.0,0.0,0.0009363295880149,0.0,0.0009090909090909,0.0,0.0005266853932584,0.0,0.0008643042350907,0.0323101777059773,0.0074941451990632,0.0009487666034155,0.0045662100456621,0.0318279569892473,0.0078716318498334,0.0037293553542887,0.0,0.0,0.0,0.0,0.0,0.0,0.0,0.0,0.0
207,TBStack-LR,0,0,TreeStacking,Rename Class,0.0034364261168384,0.0009859502095144,0.0058997050147492,0.0,0.0,1.379394905434816e-05,0.0008734334057809,0.0,0.0,0.0476190476190476,0.0,0.0140845070422535,0.0,0.0009082652134423,0.0006058770069675,0.0,0.0049504950495049,0.0150753768844221,0.0,0.0,0.0292397660818713,0.0,0.0028089887640449,0.0,0.0,0.0,0.0,0.0,0.0017286084701815,0.0064620355411954,0.0,0.0009487666034155,0.0,0.0159139784946236,0.0012110202845897,0.0021310602024507,0.0,0.0,0.0,0.0,0.0,0.0,0.0,0.0,0.0
208,TBStack-LR,0,0,TreeStacking,Rename Class,0.0103092783505154,0.0022183879714074,0.0108161258603736,0.0017241379310344,0.0,9.962296539251447e-06,0.0026203002173427,0.0,0.0,0.0952380952380952,0.0,0.0,0.0,0.0015137753557372,0.0003029385034837,0.0,0.0037128712871287,0.0150753768844221,0.0054945054945054,0.0,0.0,0.0,0.0046816479400749,0.0003027550711474,0.0,0.0,8.778089887640449e-05,0.0,0.0,0.0226171243941841,0.0007806401249024,0.0018975332068311,0.0,0.0356989247311827,0.002119285498032,0.0026638252530633,0.6363636363636364,0.0159118727050183,0.0005415722027795,0.0003392599107872,0.2307692307692307,0.0095238095238095,0.0377358490566037,0.0061971830985915,0.0034632034632034
209,TBStack-LR,0,0,TreeStacking,Rename Class,0.0,0.0103524771999014,0.0137659783677482,0.0034482758620689,0.0,7.663305030193422e-07,0.0019296784546322,0.0024570024570024,0.0047690763052208,0.1904761904761904,0.0,0.0,0.0,0.0006055101422948,0.0,0.0,0.0012376237623762,0.0,0.0,0.0,0.0,0.0006055101422948,0.0018726591760299,0.0006055101422948,0.0,0.0,0.0081636235955056,0.0008567144998929,0.0,0.0080775444264943,0.0,0.0009487666034155,0.0,0.0240860215053763,0.0060551014229488,0.0037293553542887,0.84,0.0024479804161566,0.0006685615468796,0.0025884274674875,0.2307692307692307,0.0,0.0283018867924528,0.0140845070422535,0.0
210,TBStack-LR,0,0,TreeStacking,Rename Class,0.0068728522336769,0.0157752033522307,0.0117994100294985,0.0051724137931034,0.0,0.0002321981424148,0.0093640186061627,0.0098280098280098,0.0035140562248995,0.1904761904761904,0.001763668430335,0.0,0.0,0.004844081138359,0.0006058770069675,0.0,0.0185643564356435,0.0804020100502512,0.0329670329670329,0.0,0.0350877192982456,0.0,0.0131086142322097,0.0006055101422948,0.0,0.0,0.0016678370786516,0.001927607624759,0.0086430423509075,0.0589660743134087,0.0117096018735362,0.0018975332068311,0.0547945205479452,0.0808602150537634,0.0099909173478655,0.0295684603090037,0.4557640750670241,0.05140758873929,0.0155561946522546,0.0223031978387887,0.1538461538461538,0.0380952380952381,0.0566037735849056,0.1050704225352112,0.045021645021645
211,TBStack-LR,0,0,TreeStacking,Rename Class,0.0,0.0046832634951934,0.0019665683382497,0.0,0.0,4.0615516660025137e-05,0.0018281164307042,0.0,0.003012048192771,0.0952380952380952,0.0004409171075837,0.0,0.0,0.0027247956403269,0.0009088155104513,0.0,0.0086633663366336,0.0452261306532663,0.0,0.0,0.0,0.0,0.0131086142322097,0.0,0.0,0.0,0.0,0.0,0.010371650821089,0.0088852988691437,0.0040593286494925,0.0009487666034155,0.0045662100456621,0.0258064516129032,0.004844081138359,0.0042621204049014,0.0,0.0,0.0,0.0,0.0,0.0,0.0,0.0,0.0
212,TBStack-LR,0,0,TreeStacking,Rename Class,0.0378006872852233,0.0150357406950948,0.0275319567354965,0.0043103448275862,0.0,7.663305030193422e-07,0.007921837866385,0.0049140049140049,0.0067771084337349,0.1428571428571428,0.0013227513227513,0.0,0.0,0.0081743869209809,0.0009088155104513,0.0,0.0043316831683168,0.0,0.0,0.0,0.0,0.0003027550711474,0.0046816479400749,0.0009082652134423,0.0009090909090909,0.0,0.0014922752808988,0.003855215249518,0.0017286084701815,0.0363489499192245,0.0082747853239656,0.0018975332068311,0.0,0.0688172043010752,0.0127157129881925,0.0071923281832711,1.0,0.0012239902080783,0.0016956812418063,0.0004900420933593,0.0769230769230769,0.0,0.0094339622641509,0.0011267605633802,0.0025974025974025
213,TBStack-LR,0,0,TreeStacking,Rename Class,0.0,0.0091200394380083,0.0019665683382497,0.0,0.0,0.0,0.0007921837866385,0.0,0.0,0.0476190476190476,0.0,0.0,0.0,0.0112019376324553,0.0112087246289003,0.0,0.0006188118811881,0.0,0.0054945054945054,0.0,0.0,0.0112019376324553,0.0,0.0112019376324553,0.0,0.0,0.0,0.0,0.0,0.0,0.0057767369242779,0.0009487666034155,0.0,0.0133333333333333,0.0112019376324553,0.0002663825253063,0.0,0.0,0.0,0.0,0.0,0.0,0.0,0.0,0.0
214,TBStack-LR,0,0,TreeStacking,Rename Class,0.0103092783505154,0.0,0.0049164208456243,0.0,0.0,0.0,0.000609372143568,0.0,0.0,0.0476190476190476,0.0,0.0,0.0,0.0,0.0,0.0,0.0006188118811881,0.0,0.0,0.0,0.0,0.0,0.0009363295880149,0.0,0.0,0.0,0.0,0.0,0.0008643042350907,0.0072697899838449,0.0,0.0009487666034155,0.0,0.0077419354838709,0.0,0.0002663825253063,0.0,0.0,0.0,0.0,0.0,0.0,0.0,0.0,0.0
215,TBStack-LR,0,0,TreeStacking,Rename Class,0.0,0.0,0.0019665683382497,0.0,0.0,0.0,0.0073937153419593,0.0,0.0,0.0476190476190476,0.0,0.0,0.0,0.1086890705419315,0.0,0.0,0.0006188118811881,0.0,0.0,0.0,0.0,0.1086890705419315,0.0009363295880149,0.0,0.0009090909090909,0.0,0.0,0.0,0.0008643042350907,0.0008077544426494,0.0,0.0009487666034155,0.0,0.2455913978494623,0.1086890705419315,0.0002663825253063,0.0,0.0,0.0,0.0,0.0,0.0,0.0,0.0,0.0
216,TBStack-LR,0,0,TreeStacking,Rename Class,0.0137457044673539,0.001232437761893,0.0137659783677482,0.0,0.0,0.0,0.0045702910767605,0.0,0.0,0.0476190476190476,0.0,0.0,0.0,0.0015137753557372,0.0015146925174189,0.0,0.0006188118811881,0.0050251256281407,0.0,0.0,0.0,0.0012110202845897,0.0,0.0015137753557372,0.0,0.0,0.0,0.0,0.0,0.0008077544426494,0.0003122560499609,0.0075901328273244,0.0,0.0670967741935483,0.0015137753557372,0.0002663825253063,1.0,0.0,0.0018376105087417,0.0003266947289062,0.0769230769230769,0.0,0.0094339622641509,0.0025352112676056,0.0008658008658008
217,TBStack-LR,0,0,TreeStacking,Rename Class,0.0068728522336769,0.0029578506285432,0.0117994100294985,0.0017241379310344,0.0,0.0,0.0014218683349921,0.0,0.0,0.0952380952380952,0.0,0.0,0.0,0.0027247956403269,0.0009088155104513,0.0,0.0006188118811881,0.0351758793969849,0.0,0.0,0.0058479532163742,0.0006055101422948,0.0,0.0009082652134423,0.0,0.0,0.0001755617977528,0.0,0.0017286084701815,0.0161550888529886,0.0006245120999219,0.0009487666034155,0.0,0.0232258064516129,0.0036330608537693,0.0010655301012253,0.9310344827586208,0.0048959608323133,0.0087435898393584,0.0004649117295972,0.1538461538461538,0.0,0.0188679245283018,0.008169014084507,0.0069264069264069
218,TBStack-LR,0,0,TreeStacking,Rename Class,0.0,0.0014789253142716,0.0009832841691248,0.0,0.0,7.663305030193422e-07,0.000406248095712,0.0,0.0002510040160642,0.0476190476190476,0.0013227513227513,0.0,0.0,0.0015137753557372,0.0015146925174189,0.0,0.0012376237623762,0.0,0.0054945054945054,0.0,0.0,0.0015137753557372,0.0009363295880149,0.0015137753557372,0.0018181818181818,0.0,0.0005266853932584,0.0,0.0,0.0032310177705977,0.0009367681498829,0.0009487666034155,0.0,0.0098924731182795,0.0018165304268846,0.0013319126265316,0.0,0.0,0.0,0.0,0.0,0.0,0.0,0.0,0.0
219,TBStack-LR,0,0,TreeStacking,Rename Class,0.0034364261168384,0.0098595020951441,0.0068829891838741,0.0,0.0,0.0002115072188333,0.0029046738843411,0.0049140049140049,0.0,0.0952380952380952,0.0,0.0,0.0,0.0039358159249167,0.0003029385034837,0.0,0.0179455445544554,0.0603015075376884,0.0054945054945054,0.0,0.0,0.0003027550711474,0.0262172284644194,0.0003027550711474,0.0,0.0,0.0007900280898876,0.0,0.0112359550561797,0.0096930533117932,0.0009367681498829,0.0009487666034155,0.0,0.0240860215053763,0.0051468362095065,0.0082578582844965,0.467005076142132,0.0660954712362301,0.1491938044140002,0.000100521455048,0.3846153846153846,0.2,0.2452830188679245,0.0554929577464788,0.0025974025974025
220,TBStack-LR,0,0,TreeStacking,Rename Class,0.0,0.0209514419521814,0.0766961651917404,0.0060344827586206,0.0,0.0012889679060785,0.0109483861794397,0.0171990171990172,0.0027610441767068,0.1904761904761904,0.0035273368606701,0.0,0.0,0.0042385709960641,0.0,0.0,0.0377475247524752,0.0703517587939698,0.0109890109890109,0.0,0.0058479532163742,0.0,0.0543071161048689,0.0003027550711474,0.0009090909090909,0.0253164556962025,0.0006144662921348,0.0010708931248661,0.0535868625756266,0.0872374798061389,0.0035909445745511,0.0009487666034155,0.0,0.083010752688172,0.017862549197699,0.0311667554608417,0.7608695652173914,0.0048959608323133,0.0005863919712854,0.0012439530062197,0.1538461538461538,0.0095238095238095,0.0283018867924528,0.0129577464788732,0.0051948051948051
221,TBStack-LR,0,1,TreeStacking,Rename Class,0.0034364261168384,0.0002464875523786,0.0088495575221238,0.0,0.0,2.2989915090580268e-06,0.0022343645264162,0.0,0.0,0.0476190476190476,0.0,0.0,0.0,0.0003027550711474,0.0003029385034837,0.0,0.0018564356435643,0.0050251256281407,0.0,0.0,0.0,0.0,0.0009363295880149,0.0,0.0,0.0,0.0,0.0,0.0025929127052722,0.0024232633279483,0.0,0.0009487666034155,0.0,0.0154838709677419,0.0003027550711474,0.000799147575919,0.0,0.0,0.0,0.0,0.0,0.0,0.0,0.0,0.0
222,TBStack-LR,0,0,TreeStacking,Rename Class,0.0,0.0,0.0019665683382497,0.0,0.0,0.0012230634828188,0.0154577400418435,0.0,0.0,0.0952380952380952,0.0,0.0,0.0,0.0,0.0,0.0,0.0352722772277227,0.0,0.0,0.0,0.0,0.0,0.0533707865168539,0.0,0.0,0.0,0.0,0.0,0.0,0.0048465266558966,0.1798594847775175,0.0009487666034155,0.0,0.1139784946236559,0.0,0.0159829515183803,0.0,0.0,0.0,0.0,0.0,0.0,0.0,0.0,0.0
223,TBStack-LR,0,0,TreeStacking,Rename Class,0.0,0.0004929751047572,0.0019665683382497,0.0,0.0,1.5326610060386844e-06,0.0005484349292112,0.0,0.0,0.0476190476190476,0.0,0.0,0.0,0.0006055101422948,0.0003029385034837,0.0,0.0024752475247524,0.0100502512562814,0.0,0.0,0.0,0.0,0.0028089887640449,0.0,0.0,0.0,0.0,0.0,0.0025929127052722,0.0008077544426494,0.0,0.0009487666034155,0.0,0.0068817204301075,0.0006055101422948,0.0010655301012253,0.0,0.0,0.0,0.0,0.0,0.0,0.0,0.0,0.0
224,TBStack-LR,0,0,TreeStacking,Rename Class,0.0,0.0078876016761153,0.0049164208456243,0.0043103448275862,0.0,0.0004299114121938,0.0042452926001909,0.0049140049140049,0.0017570281124497,0.1904761904761904,0.0026455026455026,0.0,0.0,0.0,0.0,0.0,0.021039603960396,0.0,0.0219780219780219,0.0,0.0,0.0,0.0280898876404494,0.0,0.0018181818181818,0.0,0.0020189606741573,0.0008567144998929,0.0432152117545375,0.0339256865912762,0.0046838407494145,0.0009487666034155,0.0045662100456621,0.0344086021505376,0.0096881622767181,0.017314864144912,0.4545454545454545,0.0061199510403916,0.0009113352929532,0.0003518250926682,0.3076923076923077,0.0,0.0377358490566037,0.0030985915492957,0.0164502164502164
225,TBStack-LR,0,0,TreeStacking,Rename Class,0.0,0.0054227261523293,0.0009832841691248,0.0008620689655172,0.0,7.663305030193421e-06,0.0025187381934147,0.0,0.0027610441767068,0.1904761904761904,0.005731922398589,0.0,0.0,0.0033303057826218,0.0021205695243865,0.013550135501355,0.005569306930693,0.0050251256281407,0.0109890109890109,0.0,0.0,0.0030275507114744,0.0065543071161048,0.0033303057826218,0.0081818181818181,0.0,0.0016678370786516,0.0,0.0181503889369057,0.0105008077544426,0.0049960967993754,0.0009487666034155,0.0228310502283105,0.024516129032258,0.0063578564940962,0.0095897709110282,0.0,0.0,0.0,0.0,0.0,0.0,0.0,0.0,0.0
226,TBStack-LR,0,0,TreeStacking,Rename Class,0.0,0.0022183879714074,0.0167158308751229,0.0,0.0,4.5979830181160536e-06,0.0009749954297089,0.0,0.0,0.0952380952380952,0.0,0.0,0.0,0.0003027550711474,0.0003029385034837,0.0,0.0024752475247524,0.0,0.0,0.0081967213114754,0.0058479532163742,0.0,0.0018726591760299,0.0,0.0,0.0,0.0,0.0008567144998929,0.0,0.0201938610662358,0.0001561280249804,0.0009487666034155,0.0091324200913242,0.0227956989247311,0.0027247956403269,0.001598295151838,0.0,0.0,0.0,0.0,0.0,0.0,0.0,0.0,0.0
227,TBStack-LR,0,0,TreeStacking,Rename Class,0.0137457044673539,0.0022183879714074,0.007866273352999,0.0,0.0,6.89697452717408e-06,0.0020109280737746,0.0,0.0002510040160642,0.0952380952380952,0.0,0.0,0.0,0.0015137753557372,0.0009088155104513,0.0,0.0043316831683168,0.0251256281407035,0.0109890109890109,0.0,0.0,0.0,0.0046816479400749,0.0,0.0009090909090909,0.0,0.0,0.0004283572499464,0.0017286084701815,0.0080775444264943,0.0004683840749414,0.0009487666034155,0.0,0.0219354838709677,0.002119285498032,0.0026638252530633,0.0,0.0,0.0,0.0,0.0,0.0,0.0,0.0,0.0
228,TBStack-LR,0,0,TreeStacking,Rename Class,0.0171821305841924,0.0155287157998521,0.1170108161258603,0.0051724137931034,0.0,5.211047420531527e-05,0.033779529158457,0.0098280098280098,0.0062751004016064,0.238095238095238,0.0026455026455026,0.0,0.0,0.0039358159249167,0.0033323235383217,0.0,0.010519801980198,0.0452261306532663,0.0439560439560439,0.0,0.0116959064327485,0.0009082652134423,0.0056179775280898,0.0018165304268846,0.0018181818181818,0.0,0.0007022471910112,0.0012850717498393,0.013828867761452,0.1179321486268174,0.0121779859484777,0.0512333965844402,0.0273972602739726,0.2120430107526881,0.0175597941265516,0.0199786893979754,0.5,0.0012239902080783,7.469961417649278e-06,2.513036376201545e-05,0.1538461538461538,0.0,0.0188679245283018,0.0005633802816901,0.0008658008658008
229,TBStack-LR,0,1,TreeStacking,Rename Class,0.0,0.0056692137047079,0.0088495575221238,0.0,0.0,0.0,0.0060327842213239,0.0049140049140049,0.0002510040160642,0.3333333333333333,0.0004409171075837,0.0,0.0,0.0003027550711474,0.0,0.0,0.0024752475247524,0.0050251256281407,0.0109890109890109,0.0,0.0,0.0,0.0018726591760299,0.0,0.0,0.0,0.0020189606741573,0.0002141786249732,0.0060501296456352,0.0210016155088853,0.0012490241998438,0.0018975332068311,0.0273972602739726,0.0447311827956989,0.0057523463518013,0.0087906233351092,0.0,0.0,0.0,0.0,0.0,0.0,0.0,0.0,0.0
230,TBStack-LR,0,0,TreeStacking,Rename Class,0.0,0.0073946265713581,0.0167158308751229,0.0017241379310344,0.0,6.36054317506054e-05,0.0035343584326948,0.0,0.0022590361445783,0.1428571428571428,0.0013227513227513,0.0,0.0,0.0045413260672116,0.004241139048773,0.0,0.0111386138613861,0.0753768844221105,0.0054945054945054,0.0,0.0,0.0,0.0159176029962546,0.0003027550711474,0.0009090909090909,0.0,0.0011411516853932,0.0006425358749196,0.0086430423509075,0.0355411954765751,0.0056206088992974,0.0009487666034155,0.0045662100456621,0.0524731182795698,0.0087798970632758,0.0063931806073521,0.5,0.0012239902080783,0.000679766489006,0.000100521455048,0.3076923076923077,0.0,0.0377358490566037,0.0022535211267605,0.0025974025974025
231,TBStack-LR,0,0,TreeStacking,Rename Class,0.0,0.0019719004190288,0.0009832841691248,0.0,0.0,2.2989915090580268e-06,0.0010359326440657,0.0049140049140049,0.0,0.1904761904761904,0.0,0.0,0.0,0.0,0.0,0.0,0.0018564356435643,0.0,0.0054945054945054,0.0,0.0,0.0,0.0018726591760299,0.0,0.0018181818181818,0.0,8.778089887640449e-05,0.0004283572499464,0.0025929127052722,0.0080775444264943,0.0001561280249804,0.0009487666034155,0.0182648401826484,0.0120430107526881,0.0018165304268846,0.0029302077783697,0.0,0.0,0.0,0.0,0.0,0.0,0.0,0.0,0.0
232,TBStack-LR,0,0,TreeStacking,Rename Class,0.0,0.0061621888094651,0.0324483775811209,0.0008620689655172,0.0192307692307692,1.6092940563406187e-05,0.00387966931405,0.0,0.0017570281124497,0.1428571428571428,0.0061728395061728,0.0,0.0,0.0033303057826218,0.0,0.0,0.0068069306930693,0.0452261306532663,0.0109890109890109,0.0,0.0,0.0006055101422948,0.0084269662921348,0.0018165304268846,0.0009090909090909,0.0,0.0006144662921348,0.0006425358749196,0.006914433880726,0.0541195476575121,0.0040593286494925,0.0009487666034155,0.0136986301369863,0.0619354838709677,0.0060551014229488,0.0069259456579648,0.5631067961165048,0.0281517747858017,0.0019235150650446,0.0025884274674875,0.2307692307692307,0.0285714285714285,0.0566037735849056,0.0290140845070422,0.0069264069264069
233,TBStack-LR,0,0,TreeStacking,Rename Class,0.0,0.0059157012570865,0.0068829891838741,0.0,0.0,4.5979830181160536e-06,0.0016046799780626,0.0024570024570024,0.0015060240963855,0.3809523809523809,0.0013227513227513,0.0,0.0,0.0,0.0,0.0,0.0024752475247524,0.0,0.0164835164835164,0.0,0.0,0.0,0.0009363295880149,0.0,0.0018181818181818,0.0,0.0003511235955056,0.0,0.0,0.0169628432956381,0.0031225604996096,0.0009487666034155,0.0045662100456621,0.0210752688172043,0.0069633666363911,0.0034629728289824,0.0,0.0,0.0,0.0,0.0,0.0,0.0,0.0,0.0
234,TBStack-LR,0,0,TreeStacking,Rename Class,0.0068728522336769,0.0078876016761153,0.0353982300884955,0.0,0.0256410256410256,0.0003256904637832,0.0054234120777558,0.0147420147420147,0.0002510040160642,0.1428571428571428,0.0013227513227513,0.0,0.0,0.004844081138359,0.0039382005452893,0.0,0.0241336633663366,0.0703517587939698,0.0,0.0,0.0,0.0006055101422948,0.0365168539325842,0.0003027550711474,0.0,0.0,8.778089887640449e-05,0.0002141786249732,0.0224719101123595,0.0339256865912762,0.0001561280249804,0.0018975332068311,0.0,0.0417204301075268,0.0066606115652437,0.014118273841236,0.5,0.00734394124847,0.0006461516626266,0.0009172582773135,0.2307692307692307,0.0,0.0283018867924528,0.0056338028169014,0.0025974025974025
235,TBStack-LR,0,0,TreeStacking,Rename Class,0.0068728522336769,0.0322898693615972,0.0098328416912487,0.0017241379310344,0.0,0.0,0.0089577705104507,0.0565110565110565,0.0165662650602409,0.1428571428571428,0.0052910052910052,0.0,0.0,0.0015137753557372,0.0009088155104513,0.0,0.0297029702970297,0.0100502512562814,0.0164835164835164,0.0081967213114754,0.023391812865497,0.0,0.0383895131086142,0.0009082652134423,0.0,0.0,0.0096558988764044,0.0044977511244377,0.0388936905790838,0.0274636510500807,0.0009367681498829,0.0009487666034155,0.0,0.0533333333333333,0.0239176506206478,0.028236547682472,0.8125,0.0024479804161566,0.0005789220098678,0.0010429100961236,0.3076923076923077,0.0,0.0377358490566037,0.0045070422535211,0.0147186147186147
236,TBStack-LR,0,0,TreeStacking,Rename Class,0.0274914089347079,0.0369731328567907,0.0363815142576204,0.0025862068965517,0.0,0.0004873861999203,0.0149296175174178,0.0147420147420147,0.0067771084337349,0.1904761904761904,0.0308641975308641,0.0,0.0,0.0127157129881925,0.0087852166010299,0.0,0.0253712871287128,0.1306532663316583,0.0659340659340659,0.0,0.0058479532163742,0.004844081138359,0.0262172284644194,0.0099909173478655,0.0254545454545454,0.0,0.0015800561797752,0.0034268579995716,0.0181503889369057,0.1243941841680129,0.0134270101483216,0.0009487666034155,0.0319634703196347,0.1178494623655913,0.0339085679685134,0.0285029302077783,0.936842105263158,0.0354957160342717,0.0036229312875598,0.0025758622856065,0.0769230769230769,0.0285714285714285,0.0377358490566037,0.0267605633802816,0.0121212121212121
237,TBStack-LR,0,0,TreeStacking,Rename Class,0.0,0.0046832634951934,0.0019665683382497,0.0,0.0,4.0615516660025137e-05,0.0018078040259186,0.0,0.003012048192771,0.0952380952380952,0.0004409171075837,0.0,0.0,0.0027247956403269,0.0009088155104513,0.0,0.0086633663366336,0.0452261306532663,0.0,0.0,0.0,0.0,0.0131086142322097,0.0,0.0,0.0,0.0,0.0,0.010371650821089,0.0088852988691437,0.0039032006245121,0.0009487666034155,0.0045662100456621,0.024516129032258,0.004844081138359,0.0042621204049014,0.9965714285714286,0.0012239902080783,0.0070367036554256,0.0219639379280015,0.0769230769230769,0.0285714285714285,0.0377358490566037,0.4929577464788732,0.0
238,TBStack-LR,0,0,TreeStacking,Rename Class,0.0103092783505154,0.0093665269903869,0.0098328416912487,0.0025862068965517,0.0,1.45602795573675e-05,0.0036359204566228,0.0122850122850122,0.0022590361445783,0.1428571428571428,0.0008818342151675,0.0,0.0,0.0033303057826218,0.0003029385034837,0.0,0.0061881188118811,0.050251256281407,0.0439560439560439,0.0,0.0,0.0,0.0018726591760299,0.0,0.0009090909090909,0.0,0.0048279494382022,0.0004283572499464,0.0043215211754537,0.0395799676898223,0.0015612802498048,0.0018975332068311,0.0045662100456621,0.0468817204301075,0.0105964274901604,0.0053276505061267,0.9230769230769232,0.0012239902080783,0.0014192926693533,0.0006282590940503,0.0769230769230769,0.019047619047619,0.0283018867924528,0.0073239436619718,0.0025974025974025
239,TBStack-LR,0,0,TreeStacking,Rename Class,0.0,0.0108454523046586,0.0363815142576204,0.0008620689655172,0.0,8.123103332005027e-05,0.0041234181714773,0.0,0.0060240963855421,0.1428571428571428,0.0044091710758377,0.0,0.0,0.0121102028458976,0.0121175401393517,0.0,0.0099009900990099,0.0050251256281407,0.0054945054945054,0.0,0.0,0.0112019376324553,0.0140449438202247,0.0121102028458976,0.0136363636363636,0.0,0.0044768258426966,0.0034268579995716,0.0319792566983578,0.0153473344103392,0.0028103044496487,0.0009487666034155,0.0,0.0275268817204301,0.0127157129881925,0.0151838039424613,1.0,0.0122399020807833,0.000339883244503,0.0005151724571213,0.0769230769230769,0.0,0.0094339622641509,0.0087323943661971,0.0034632034632034
240,TBStack-LR,0,0,TreeStacking,Rename Class,0.0,0.0022183879714074,0.0265486725663716,0.0,0.032051282051282,7.586671979891487e-05,0.0022749893359874,0.0024570024570024,0.0,0.0952380952380952,0.0013227513227513,0.0,0.0,0.0015137753557372,0.0,0.0,0.0092821782178217,0.0251256281407035,0.0054945054945054,0.0,0.0,0.0,0.0131086142322097,0.0,0.0,0.0,0.0,0.0002141786249732,0.006914433880726,0.024232633279483,0.0001561280249804,0.0009487666034155,0.0045662100456621,0.0279569892473118,0.0027247956403269,0.0047948854555141,0.0,0.0,0.0,0.0,0.0,0.0,0.0,0.0,0.0
241,TBStack-LR,0,0,TreeStacking,Rename Class,0.0034364261168384,0.0078876016761153,0.0117994100294985,0.0043103448275862,0.0,3.0653220120773688e-06,0.0021531149072738,0.0049140049140049,0.0005020080321285,0.1904761904761904,0.0026455026455026,0.0,0.0,0.0015137753557372,0.0006058770069675,0.0,0.0030940594059405,0.0150753768844221,0.0054945054945054,0.0,0.0116959064327485,0.0006055101422948,0.0018726591760299,0.0006055101422948,0.0018181818181818,0.0,0.0006144662921348,0.0004283572499464,0.0060501296456352,0.0331179321486268,0.0021857923497267,0.0009487666034155,0.0091324200913242,0.0404301075268817,0.0081743869209809,0.0053276505061267,0.0,0.0,0.0,0.0,0.0,0.0,0.0,0.0,0.0
242,TBStack-LR,0,0,TreeStacking,Rename Class,0.0996563573883161,0.0359871826472763,0.0737463126843657,0.0172413793103448,0.0,2.1457254084541585e-05,0.022485832097662,0.0147420147420147,0.0025100401606425,0.238095238095238,0.0048500881834215,0.0,0.0,0.0081743869209809,0.0003029385034837,0.0,0.0099009900990099,0.1306532663316583,0.0329670329670329,0.0,0.0058479532163742,0.0003027550711474,0.0084269662921348,0.0,0.0,0.0,0.0043012640449438,0.0006425358749196,0.0121002592912705,0.1332794830371567,0.0082747853239656,0.0009487666034155,0.0228310502283105,0.1234408602150537,0.0372388737511353,0.0356952583910495,0.8405797101449275,0.0195838433292533,0.0039067898214305,0.0021989068291763,0.1538461538461538,0.0,0.0188679245283018,0.0194366197183098,0.006060606060606
243,TBStack-LR,0,0,TreeStacking,Rename Class,0.0240549828178694,0.0022183879714074,0.0511307767944936,0.0,0.0,3.908285565398645e-05,0.0110499482033677,0.0049140049140049,0.0005020080321285,0.0952380952380952,0.0074955908289241,0.0,0.0,0.0015137753557372,0.0012117540139351,0.0,0.0068069306930693,0.0150753768844221,0.0274725274725274,0.0,0.0,0.0006055101422948,0.0056179775280898,0.0012110202845897,0.0063636363636363,0.0,0.0,0.0,0.0043215211754537,0.0201938610662358,0.0009367681498829,0.0037950664136622,0.0,0.0761290322580645,0.0027247956403269,0.0042621204049014,0.0,0.0,0.0,0.0,0.0,0.0,0.0,0.0,0.0
244,TBStack-LR,0,0,TreeStacking,Rename Class,0.0,0.014296278037959,0.0245821042281219,0.0043103448275862,0.0,0.0001647610581491,0.0066218439601064,0.0171990171990172,0.009789156626506,0.2857142857142857,0.0013227513227513,0.0,0.0,0.0018165304268846,0.0,0.0,0.0142326732673267,0.0150753768844221,0.0054945054945054,0.0,0.0350877192982456,0.0009082652134423,0.0149812734082397,0.0,0.0,0.0,0.0046523876404494,0.0029985007496251,0.0086430423509075,0.0597738287560581,0.0021857923497267,0.0009487666034155,0.0091324200913242,0.0550537634408602,0.0069633666363911,0.0237080447522642,0.7,0.0097919216646266,0.0018973702000829,0.0003518250926682,0.1538461538461538,0.0,0.0188679245283018,0.0056338028169014,0.0017316017316017
245,TBStack-LR,0,0,TreeStacking,Rename Class,0.0,0.0182400788760167,0.0019665683382497,0.0,0.0,0.0,0.0016249923828482,0.0,0.0,0.0476190476190476,0.0,0.0,0.0,0.0224038752649106,0.0224174492578006,0.0,0.0006188118811881,0.0,0.0054945054945054,0.0,0.0,0.0224038752649106,0.0,0.0224038752649106,0.0,0.0,0.0,0.0,0.0,0.0,0.0115534738485558,0.0009487666034155,0.0,0.0210752688172043,0.0224038752649106,0.0002663825253063,0.0,0.0,0.0,0.0,0.0,0.0,0.0,0.0,0.0
246,TBStack-LR,0,0,TreeStacking,Rename Class,0.0,0.0101059896475228,0.0452310717797443,0.0,0.0,0.0,0.0068859052223192,0.0098280098280098,0.0022590361445783,0.1904761904761904,0.0004409171075837,0.0,0.0,0.0084771419921283,0.0048470160557406,0.0,0.0049504950495049,0.1407035175879397,0.0274725274725274,0.0,0.0,0.0,0.0028089887640449,0.0042385709960641,0.0009090909090909,0.0,0.0012289325842696,0.0002141786249732,0.0025929127052722,0.0395799676898223,0.0037470725995316,0.0123339658444022,0.0,0.086021505376344,0.0124129579170451,0.0050612679808204,1.0,0.0024479804161566,0.0032008784674627,0.0002764340013821,0.0769230769230769,0.0,0.0094339622641509,0.0028169014084507,0.0008658008658008
247,TBStack-LR,0,0,TreeStacking,Rename Class,0.0,0.0902144441705693,0.0304818092428711,0.0474137931034482,0.0,0.0005034791404837,0.0289654892242692,0.285012285012285,0.0160642570281124,0.3333333333333333,0.0167548500881834,0.0,0.0,0.0036330608537693,0.0,0.0,0.0284653465346534,0.0100502512562814,0.0439560439560439,0.0,0.0935672514619883,0.0,0.0037453183520599,0.0009082652134423,0.0,0.0,0.0124648876404494,0.0074962518740629,0.0285220397579948,0.1575121163166397,0.0349726775956284,0.0066413662239089,0.0045662100456621,0.1531182795698924,0.0868907054193157,0.0833777304208843,0.0,0.0,0.0,0.0,0.0,0.0,0.0,0.0,0.0
248,TBStack-LR,0,0,TreeStacking,Rename Class,0.0,0.0004929751047572,0.0088495575221238,0.0008620689655172,0.0,3.0653220120773688e-06,0.0007515589770672,0.0,0.0,0.0952380952380952,0.0004409171075837,0.0,0.0,0.0003027550711474,0.0,0.0,0.0024752475247524,0.0050251256281407,0.0,0.0,0.0,0.0,0.0037453183520599,0.0003027550711474,0.0009090909090909,0.0,0.0,0.0,0.0025929127052722,0.0032310177705977,0.0004683840749414,0.0009487666034155,0.0045662100456621,0.0094623655913978,0.0006055101422948,0.0021310602024507,0.0,0.0,0.0,0.0,0.0,0.0,0.0,0.0,0.0
249,TBStack-LR,0,0,TreeStacking,Rename Class,0.0,0.0155287157998521,0.0039331366764995,0.0086206896551724,0.0,0.0,0.0046312282911173,0.0221130221130221,0.0052710843373493,0.1904761904761904,0.0083774250440917,0.0,0.0,0.0012110202845897,0.0,0.0,0.0179455445544554,0.0050251256281407,0.0,0.0,0.0058479532163742,0.0009082652134423,0.0262172284644194,0.0,0.0,0.0,0.0035990168539325,0.0008567144998929,0.0146931719965427,0.0161550888529886,0.0007806401249024,0.0018975332068311,0.0,0.0283870967741935,0.0121102028458976,0.017314864144912,0.9285714285714286,0.00734394124847,0.0011204942126473,0.0009675190048375,0.1538461538461538,0.0,0.0188679245283018,0.0039436619718309,0.0025974025974025
250,TBStack-LR,0,0,TreeStacking,Rename Class,0.0034364261168384,0.0098595020951441,0.0167158308751229,0.0060344827586206,0.0,0.0,0.005057788791615,0.0,0.0175702811244979,0.2857142857142857,0.0,0.0,0.0,0.0012110202845897,0.0,0.0,0.0043316831683168,0.0,0.0,0.0,0.023391812865497,0.0012110202845897,0.0028089887640449,0.0,0.0,0.0,0.0200140449438202,0.0034268579995716,0.0,0.0323101777059773,0.0064012490241998,0.0009487666034155,0.0,0.0331182795698924,0.0081743869209809,0.0263718700053276,0.0,0.0,0.0,0.0,0.0,0.0,0.0,0.0,0.0
251,TBStack-LR,0,0,TreeStacking,Rename Class,0.0,0.0041902883904362,0.0,0.0,0.0,4.521349967814119e-05,0.0012390566919217,0.0,0.0,0.0476190476190476,0.0,0.0,0.0,0.0030275507114744,0.0009088155104513,0.0,0.0092821782178217,0.050251256281407,0.0,0.0,0.0,0.0,0.0140449438202247,0.0009082652134423,0.0,0.0,0.0002633426966292,0.0,0.0060501296456352,0.0,0.0004683840749414,0.0009487666034155,0.0,0.0184946236559139,0.0030275507114744,0.003995737879595,0.84,0.0171358629130966,0.0161127067778694,1.2565181881007728e-05,0.1538461538461538,0.019047619047619,0.0377358490566037,0.0140845070422535,0.0
252,TBStack-LR,0,0,TreeStacking,Rename Class,0.0,0.0273601183140251,0.0698131760078662,0.0198275862068965,0.0,3.98491861570058e-05,0.0108468241555117,0.0196560196560196,0.0075301204819277,0.238095238095238,0.0,0.0,0.0,0.0072661217075386,0.0003029385034837,0.0,0.0099009900990099,0.0050251256281407,0.0109890109890109,0.0081967213114754,0.0058479532163742,0.0,0.0121722846441947,0.0003027550711474,0.0,0.0,0.0010533707865168,0.0004283572499464,0.0190146931719965,0.0912762520193861,0.0123341139734582,0.0009487666034155,0.0228310502283105,0.0950537634408602,0.0317892824704813,0.0221097496004262,0.3043478260869565,0.00734394124847,0.0037798004773305,0.0003643902745492,0.2307692307692307,0.0666666666666666,0.0943396226415094,0.0064788732394366,0.0025974025974025
253,TBStack-LR,0,0,TreeStacking,Rename Class,0.0,0.0170076411141237,0.0147492625368731,0.0086206896551724,0.0,8.506268583514698e-05,0.0060124718165383,0.0024570024570024,0.0022590361445783,0.1428571428571428,0.0030864197530864,0.0,0.0,0.0078716318498334,0.0036352620418055,0.0,0.0142326732673267,0.1306532663316583,0.0879120879120879,0.0,0.0,0.0,0.0065543071161048,0.0030275507114744,0.0009090909090909,0.0,0.0015800561797752,0.0002141786249732,0.006914433880726,0.0525040387722132,0.0035909445745511,0.0009487666034155,0.0182648401826484,0.0589247311827956,0.015137753557372,0.0162493340436867,0.4757281553398058,0.03671970624235,0.2026451133379896,5.026072752403091e-05,0.1538461538461538,0.1619047619047619,0.1792452830188679,0.0290140845070422,0.0008658008658008
254,TBStack-LR,0,0,TreeStacking,Rename Class,0.0,0.0064086763618437,0.0216322517207472,0.0025862068965517,0.0,0.0001233792109861,0.0035140460279092,0.0,0.0,0.0952380952380952,0.0,0.0,0.0,0.0015137753557372,0.0,0.0,0.0117574257425742,0.0,0.0,0.040983606557377,0.0,0.0,0.0177902621722846,0.0,0.0,0.0,0.0,0.0025701434996787,0.0129645635263612,0.0177705977382875,0.0026541764246682,0.0009487666034155,0.0,0.0197849462365591,0.0078716318498334,0.0063931806073521,0.0,0.0,0.0,0.0,0.0,0.0,0.0,0.0,0.0
255,TBStack-LR,0,0,TreeStacking,Rename Class,0.0,0.0,0.0029498525073746,0.0,0.0,0.0,0.0001624992382848,0.0,0.0,0.0476190476190476,0.0,0.0,0.0,0.0,0.0,0.0,0.0006188118811881,0.0,0.0,0.0,0.0,0.0,0.0009363295880149,0.0,0.0,0.0,8.778089887640449e-05,0.0,0.0008643042350907,0.0008077544426494,0.0,0.0009487666034155,0.0,0.0043010752688172,0.0,0.0002663825253063,0.0,0.0,0.0,0.0,0.0,0.0,0.0,0.0,0.0
256,TBStack-LR,0,0,TreeStacking,Rename Class,0.0,0.1165886122750801,0.0,0.0,0.0,0.0,0.0102374520119436,0.0,0.0002510040160642,0.0476190476190476,0.0,0.0,0.0,0.1432031486527399,0.143289912147834,0.0,0.0006188118811881,0.0,0.0,0.0,0.0,0.1432031486527399,0.0009363295880149,0.1432031486527399,0.0,0.0,0.0,0.0,0.0008643042350907,0.0008077544426494,0.0740046838407494,0.0009487666034155,0.0,0.0189247311827957,0.1432031486527399,0.0002663825253063,0.12,0.0134638922888616,0.0002913284952883,0.000150782182572,0.4615384615384615,0.1809523809523809,0.2358490566037736,0.0140845070422535,0.0
257,TBStack-LR,0,1,TreeStacking,Rename Class,0.0034364261168384,0.0054227261523293,0.0049164208456243,0.0,0.0,1.6092940563406187e-05,0.0028031118604131,0.0,0.0027610441767068,0.1904761904761904,0.0022045855379188,0.0,0.0,0.0,0.0,0.0,0.0043316831683168,0.0,0.0,0.0,0.023391812865497,0.0,0.0028089887640449,0.0,0.0018181818181818,0.0,0.0020189606741573,0.0012850717498393,0.0051858254105445,0.0371567043618739,0.0006245120999219,0.0009487666034155,0.0,0.0378494623655914,0.0063578564940962,0.0047948854555141,0.7692307692307693,0.0,0.0006498866433354,0.0009298234591945,0.1538461538461538,0.0,0.0188679245283018,0.0036619718309859,0.0008658008658008
258,TBStack-LR,0,0,TreeStacking,Rename Class,0.0,0.0009859502095144,0.0039331366764995,0.0,0.0,0.0,0.000304686071784,0.0,0.0,0.0476190476190476,0.0,0.0,0.0,0.0006055101422948,0.0,0.0,0.0006188118811881,0.0,0.0,0.0,0.0,0.0006055101422948,0.0009363295880149,0.0006055101422948,0.0,0.0,0.0,0.0,0.0,0.0016155088852988,0.0001561280249804,0.0009487666034155,0.0,0.0047311827956989,0.0006055101422948,0.0002663825253063,0.0,0.0,0.0,0.0,0.0,0.0,0.0,0.0,0.0
259,TBStack-LR,0,0,TreeStacking,Rename Class,0.0756013745704467,0.0549667241804288,0.0894788593903638,0.0206896551724137,0.0,0.0004881525304233,0.0328654709431049,0.0515970515970515,0.0052710843373493,0.2857142857142857,0.0052910052910052,0.0,0.0,0.0133212231304874,0.0109057861254165,0.008130081300813,0.0259900990099009,0.1658291457286432,0.0549450549450549,0.0,0.0058479532163742,0.0018165304268846,0.0168539325842696,0.0033303057826218,0.0018181818181818,0.0,0.0063202247191011,0.0032126793745984,0.0449438202247191,0.1623586429725363,0.0118657298985167,0.0047438330170777,0.0502283105022831,0.2326881720430107,0.0523766273085074,0.0482152370804475,0.2760942760942761,0.1297429620563035,0.0076006857424581,0.0078406734937488,0.5384615384615385,0.0285714285714285,0.0943396226415094,0.0836619718309859,0.0259740259740259
260,TBStack-LR,0,0,TreeStacking,Rename Class,0.0,0.0,0.0039331366764995,0.0,0.0,5.977377923550869e-05,0.0003656232861408,0.0,0.0,0.0,0.0,0.0,0.0,0.0,0.0,0.0,0.0080445544554455,0.0,0.0,0.0,0.0,0.0,0.0,0.0,0.0,0.0,0.0,0.0,0.0,0.0,0.0009367681498829,0.0009487666034155,0.0,0.0150537634408602,0.0,0.0034629728289824,0.0,0.0,0.0,0.0,0.0,0.0,0.0,0.0,0.0
261,TBStack-LR,0,0,TreeStacking,Rename Class,0.0,0.0,0.0029498525073746,0.0,0.0,0.2837185421328511,0.0350185858503788,0.0,0.0027610441767068,0.0,0.0,0.0,0.0,0.0,0.0,0.0,0.5327970297029703,0.0,0.0,0.0,0.0,0.0,0.0,0.0,0.0,0.0,0.0,0.0,0.0,0.0,0.1378610460577673,0.0009487666034155,0.0,0.535483870967742,0.0,0.2293553542887586,0.13,0.1505507955936352,0.0030066594706038,0.001784255827103,0.3846153846153846,0.4380952380952381,0.4811320754716981,0.056338028169014,0.0
262,TBStack-LR,0,0,TreeStacking,Rename Class,0.0,0.0076411141237367,0.0058997050147492,0.0,0.0,0.0004053888360972,0.0042452926001909,0.0,0.0032630522088353,0.0476190476190476,0.0013227513227513,0.0,0.0,0.0036330608537693,0.0015146925174189,0.0,0.0259900990099009,0.0552763819095477,0.0,0.0,0.0,0.0003027550711474,0.0327715355805243,0.0003027550711474,0.0,0.0,0.0011411516853932,0.0012850717498393,0.0164217804667242,0.0169628432956381,0.0017174082747853,0.0018975332068311,0.0,0.0318279569892473,0.0036330608537693,0.0111880660628662,0.0,0.0,0.0,0.0,0.0,0.0,0.0,0.0,0.0
263,TBStack-LR,0,0,TreeStacking,Rename Class,0.0034364261168384,0.0014789253142716,0.0029498525073746,0.0,0.0,0.0,0.0052406004346854,0.0,0.0007530120481927,0.0952380952380952,0.0026455026455026,0.0,0.0,0.0003027550711474,0.0003029385034837,0.0,0.0012376237623762,0.0050251256281407,0.0054945054945054,0.0,0.0,0.0,0.0009363295880149,0.0003027550711474,0.0018181818181818,0.0,0.0,0.0,0.0,0.0121163166397415,0.0017174082747853,0.0009487666034155,0.0045662100456621,0.0593548387096774,0.0018165304268846,0.0021310602024507,0.76,0.0122399020807833,0.0023044830973448,0.0053025067537852,0.1538461538461538,0.0,0.0188679245283018,0.0140845070422535,0.0
264,TBStack-LR,0,0,TreeStacking,Rename Class,0.0,0.0019719004190288,0.0029498525073746,0.0008620689655172,0.0,9.962296539251447e-06,0.0342873392780971,0.0,0.0,0.0952380952380952,0.0,0.0,0.0,0.0009082652134423,0.0,0.0,0.0068069306930693,0.0,0.0,0.0245901639344262,0.0058479532163742,0.0,0.0093632958801498,0.0,0.0,0.0,8.778089887640449e-05,0.0,0.0051858254105445,0.0032310177705977,0.0,0.0037950664136622,0.0,0.0447311827956989,0.0018165304268846,0.003196590303676,0.0,0.0,0.0,0.0,0.0,0.0,0.0,0.0,0.0
265,TBStack-LR,0,0,TreeStacking,Rename Class,0.0,0.0,0.0019665683382497,0.0,0.0,4.5979830181160536e-06,0.0001421868334992,0.0,0.0,0.0,0.0,0.0,0.0,0.0,0.0,0.0,0.0024752475247524,0.0,0.0,0.0,0.0,0.0,0.0,0.0,0.0,0.0,0.0,0.0,0.0,0.0,0.0,0.0009487666034155,0.0,0.006021505376344,0.0,0.0010655301012253,0.0,0.0,0.0,0.0,0.0,0.0,0.0,0.0,0.0
266,TBStack-LR,0,0,TreeStacking,Rename Class,0.0068728522336769,0.0004929751047572,0.007866273352999,0.0,0.0,0.0,0.0009953078344945,0.0,0.0002510040160642,0.0952380952380952,0.0008818342151675,0.0,0.0,0.0003027550711474,0.0003029385034837,0.0,0.005569306930693,0.0050251256281407,0.0,0.0,0.0,0.0,0.0084269662921348,0.0,0.0027272727272727,0.0,0.0,0.0,0.0051858254105445,0.0137318255250403,0.0003122560499609,0.0009487666034155,0.0,0.0081720430107526,0.0006055101422948,0.0026638252530633,1.0,0.0,0.0013035082673797,1.2565181881007728e-05,0.0769230769230769,0.0,0.0094339622641509,0.0022535211267605,0.0017316017316017
267,TBStack-LR,0,0,TreeStacking,Rename Class,0.0,0.0,0.0196656833824975,0.0,0.0,2.2989915090580268e-06,0.0012593690967073,0.0,0.0,0.0476190476190476,0.0,0.0,0.0,0.0,0.0,0.0,0.0018564356435643,0.0,0.0054945054945054,0.0,0.0,0.0,0.0018726591760299,0.0,0.0018181818181818,0.0,0.0,0.0,0.0017286084701815,0.0024232633279483,0.0,0.0018975332068311,0.0,0.0223655913978494,0.0,0.000799147575919,0.2,0.0122399020807833,0.0005490421641972,0.0005151724571213,0.5384615384615385,0.0571428571428571,0.1226415094339622,0.0098591549295774,0.0008658008658008
268,TBStack-LR,0,0,TreeStacking,Rename Class,0.0,0.0004929751047572,0.0,0.0,0.0,0.0,0.0001218744287136,0.0,0.0005020080321285,0.0476190476190476,0.0,0.0,0.0,0.0006055101422948,0.0006058770069675,0.0,0.0006188118811881,0.0,0.0,0.0,0.0,0.0006055101422948,0.0009363295880149,0.0006055101422948,0.0009090909090909,0.0,0.0,0.0,0.0,0.0008077544426494,0.0006245120999219,0.0009487666034155,0.0,0.0051612903225806,0.0006055101422948,0.0002663825253063,0.98,0.0134638922888616,0.0004444627043501,0.0012188226424577,0.0769230769230769,0.0095238095238095,0.0188679245283018,0.0140845070422535,0.0
269,TBStack-LR,0,0,TreeStacking,Rename Class,0.0034364261168384,0.0002464875523786,0.0049164208456243,0.0008620689655172,0.0,2.2989915090580268e-06,0.0005687473339968,0.0,0.0,0.0952380952380952,0.0004409171075837,0.0,0.0,0.0,0.0,0.0,0.0018564356435643,0.0,0.0054945054945054,0.0,0.0,0.0,0.0018726591760299,0.0,0.0,0.0,0.0001755617977528,0.0,0.0,0.005654281098546,0.0,0.0009487666034155,0.0,0.0090322580645161,0.0003027550711474,0.0010655301012253,0.24,0.0391676866585067,0.0224845838671243,6.282590940503864e-05,0.3076923076923077,0.1619047619047619,0.1981132075471698,0.028169014084507,0.0
270,TBStack-LR,0,0,TreeStacking,Rename Class,0.0068728522336769,0.0497904855804781,0.0580137659783677,0.0172413793103448,0.0,0.0001302761855132,0.0149499299222034,0.0098280098280098,0.0163152610441767,0.238095238095238,0.0268959435626102,0.0,0.0,0.0030275507114744,0.0021205695243865,0.0,0.0123762376237623,0.0150753768844221,0.0659340659340659,0.0,0.0,0.0006055101422948,0.0074906367041198,0.002119285498032,0.0081818181818181,0.0,0.0071102528089887,0.0044977511244377,0.031114952463267,0.1122778675282714,0.0946135831381733,0.0009487666034155,0.0547945205479452,0.1290322580645161,0.0435967302452316,0.0418220564730953,0.6138613861386139,0.0856793145654834,0.0034473871942451,0.0040082930200414,0.2307692307692307,0.1142857142857143,0.1415094339622641,0.0569014084507042,0.0121212121212121
271,TBStack-LR,0,0,TreeStacking,Rename Class,0.0,0.01059896475228,0.007866273352999,0.0017241379310344,0.0,1.45602795573675e-05,0.0027218622412707,0.0147420147420147,0.0015060240963855,0.2857142857142857,0.0004409171075837,0.0,0.0,0.0009082652134423,0.0003029385034837,0.0,0.0043316831683168,0.0150753768844221,0.0164835164835164,0.0,0.0175438596491228,0.0,0.0,0.0003027550711474,0.0,0.0,0.0014922752808988,0.0002141786249732,0.0060501296456352,0.0315024232633279,0.0015612802498048,0.0018975332068311,0.0,0.0378494623655914,0.0108991825613079,0.0063931806073521,0.0,0.0,0.0,0.0,0.0,0.0,0.0,0.0,0.0
272,TBStack-LR,0,0,TreeStacking,Rename Class,0.0034364261168384,0.0170076411141237,0.0363815142576204,0.0043103448275862,0.0,6.89697452717408e-06,0.0065609067457496,0.0024570024570024,0.0005020080321285,0.1904761904761904,0.0008818342151675,0.0,0.0,0.0006055101422948,0.0006058770069675,0.0,0.0061881188118811,0.0,0.0219780219780219,0.0163934426229508,0.0058479532163742,0.0,0.0046816479400749,0.0003027550711474,0.0,0.0,0.0028089887640449,0.0,0.0051858254105445,0.0420032310177706,0.0014051522248243,0.0009487666034155,0.0228310502283105,0.0455913978494623,0.020587344838026,0.015716568993074,1.0,0.0012239902080783,0.0015388120520357,0.0,0.0769230769230769,0.0,0.0094339622641509,0.000281690140845,0.0008658008658008
273,TBStack-LR,0,0,TreeStacking,Rename Class,0.0240549828178694,0.0919398570372196,0.0452310717797443,0.0491379310344827,0.0,0.008954571927781,0.0425138632162661,0.0638820638820638,0.0230923694779116,0.8571428571428572,0.0088183421516754,0.0422535211267605,0.0,0.0157432636996669,0.0027264465313541,0.010840108401084,0.0983910891089109,0.1256281407035175,0.0714285714285714,0.2049180327868852,0.2456140350877192,0.0006055101422948,0.095505617977528,0.0027247956403269,0.0072727272727272,0.0632911392405063,0.008251404494382,0.0124223602484472,0.1296456352636128,0.3142164781906301,0.0518345042935206,0.0018975332068311,0.0593607305936073,0.2073118279569892,0.0587344838026036,0.1806073521576984,0.5594405594405595,0.0697674418604651,0.0127624290820537,0.0077652824024627,0.3076923076923077,0.0285714285714285,0.0660377358490566,0.0805633802816901,0.0493506493506493
274,TBStack-LR,0,0,TreeStacking,Rename Class,0.0,0.0014789253142716,0.0216322517207472,0.0025862068965517,0.0,3.44848726358704e-05,0.0014015559302065,0.0,0.0,0.0952380952380952,0.0,0.0,0.0,0.0,0.0,0.0,0.0061881188118811,0.0,0.0,0.0,0.0,0.0,0.0093632958801498,0.0,0.0,0.0,0.0,0.0014992503748125,0.0086430423509075,0.0072697899838449,0.0001561280249804,0.0009487666034155,0.0,0.0111827956989247,0.0018165304268846,0.003995737879595,0.0,0.0,0.0,0.0,0.0,0.0,0.0,0.0,0.0
275,TBStack-LR,0,0,TreeStacking,Rename Class,0.0,0.0004929751047572,0.0019665683382497,0.0,0.0,0.0,0.0002640612622128,0.0,0.0,0.0952380952380952,0.0,0.0,0.0,0.0003027550711474,0.0,0.0,0.0012376237623762,0.0050251256281407,0.0,0.0,0.0,0.0,0.0018726591760299,0.0,0.0,0.0,0.0,0.0,0.0017286084701815,0.0016155088852988,0.0,0.0009487666034155,0.0,0.0051612903225806,0.0003027550711474,0.000799147575919,0.76,0.00734394124847,0.0034548571556627,5.026072752403091e-05,0.2307692307692307,0.0095238095238095,0.0377358490566037,0.0140845070422535,0.0
276,TBStack-LR,0,0,TreeStacking,Rename Class,0.0034364261168384,0.0007394626571358,0.0,0.0,0.0,4.5979830181160536e-06,0.0003859356909264,0.0024570024570024,0.0,0.0952380952380952,0.0008818342151675,0.0,0.0,0.0003027550711474,0.0,0.0,0.0024752475247524,0.0050251256281407,0.0054945054945054,0.0,0.0,0.0,0.0028089887640449,0.0003027550711474,0.0036363636363636,0.0,8.778089887640449e-05,0.0,0.0008643042350907,0.0016155088852988,0.0,0.0009487666034155,0.0,0.0081720430107526,0.0009082652134423,0.0013319126265316,0.0,0.0,0.0,0.0,0.0,0.0,0.0,0.0,0.0
277,TBStack-LR,0,0,TreeStacking,Rename Class,0.0034364261168384,0.0004929751047572,0.0304818092428711,0.0008620689655172,0.0,2.1457254084541585e-05,0.0015437427637057,0.0024570024570024,0.0,0.0952380952380952,0.0,0.0,0.0,0.0,0.0,0.0,0.0049504950495049,0.0,0.0274725274725274,0.0,0.0116959064327485,0.0,0.0009363295880149,0.0,0.0,0.0,0.0,0.0,0.0,0.0121163166397415,0.0,0.0009487666034155,0.0045662100456621,0.0133333333333333,0.0006055101422948,0.0026638252530633,0.0,0.0,0.0,0.0,0.0,0.0,0.0,0.0,0.0
278,TBStack-LR,0,0,TreeStacking,Rename Class,0.0,0.01059896475228,0.1012782694198623,0.0025862068965517,0.0,1.5326610060386843e-05,0.0077999634376713,0.0221130221130221,0.0022590361445783,0.1904761904761904,0.0008818342151675,0.0,0.0,0.0118074477747502,0.0048470160557406,0.0,0.005569306930693,0.0050251256281407,0.0,0.0,0.0,0.0115046927036027,0.0084269662921348,0.0118074477747502,0.0,0.0,0.0124648876404494,0.0004283572499464,0.0,0.0630048465266559,0.014207650273224,0.0028462998102466,0.0,0.0701075268817204,0.0136239782016348,0.0090570058604155,0.0,0.0,0.0,0.0,0.0,0.0,0.0,0.0,0.0
279,TBStack-LR,0,0,TreeStacking,Rename Class,0.0,0.0263741681045107,0.1012782694198623,0.0206896551724137,0.0,0.0011380007969837,0.0089983953200219,0.0368550368550368,0.0057730923694779,0.2857142857142857,0.0141093474426807,0.0,0.0,0.0,0.0,0.0,0.0340346534653465,0.0,0.0,0.0,0.0,0.0,0.0505617977528089,0.0,0.049090909090909,0.0,0.0090414325842696,0.0,0.0630942091616248,0.0420032310177706,0.0034348165495706,0.0009487666034155,0.0,0.0843010752688172,0.0245231607629427,0.0287693127330847,0.8,0.0171358629130966,0.0008814554472826,0.0025632971037255,0.1538461538461538,0.0,0.0188679245283018,0.0140845070422535,0.0
280,TBStack-LR,0,0,TreeStacking,Rename Class,0.0034364261168384,0.0004929751047572,0.0088495575221238,0.0,0.0,0.0003800999294975,0.0015640551684913,0.0,0.0,0.0,0.0,0.0,0.0,0.0006055101422948,0.0003029385034837,0.0,0.0198019801980198,0.0,0.0,0.0,0.0,0.0003027550711474,0.0,0.0003027550711474,0.0,0.0,0.0,0.0,0.0,0.0,0.0001561280249804,0.0047438330170777,0.0,0.0318279569892473,0.0006055101422948,0.0085242408098028,0.3133333333333333,0.0465116279069767,0.2190491486111474,0.0003769554564302,0.3846153846153846,0.1904761904761905,0.2358490566037736,0.0422535211267605,0.0
281,TBStack-LR,0,0,TreeStacking,Rename Class,0.0,0.0056692137047079,0.0206489675516224,0.0068965517241379,0.0,0.0,0.0032499847656964,0.0,0.001004016064257,0.0952380952380952,0.0,0.0,0.0,0.0024220405691795,0.0,0.0,0.0086633663366336,0.0,0.0,0.0,0.0058479532163742,0.0015137753557372,0.0121722846441947,0.0,0.0,0.0,0.0014044943820224,0.0010708931248661,0.003457216940363,0.029886914378029,0.0028103044496487,0.0009487666034155,0.0,0.0283870967741935,0.0033303057826218,0.0087906233351092,1.0,0.0061199510403916,0.0005116923571089,5.026072752403091e-05,0.0769230769230769,0.0,0.0094339622641509,0.0039436619718309,0.0017316017316017
282,TBStack-LR,0,0,TreeStacking,Rename Class,0.0,0.0167611535617451,0.0462143559488692,0.021551724137931,0.0,0.001744168224872,0.0113343218703662,0.027027027027027,0.0075301204819277,0.1904761904761904,0.0105820105820105,0.0,0.0,0.0018165304268846,0.0009088155104513,0.0,0.042079207920792,0.0251256281407035,0.0,0.0,0.0,0.0003027550711474,0.0636704119850187,0.0015137753557372,0.06,0.0,0.0028089887640449,0.0002141786249732,0.0855661192739844,0.0969305331179321,0.0076502732240437,0.0018975332068311,0.0091324200913242,0.1139784946236559,0.0172570390554041,0.0412892914224826,0.9325842696629212,0.0232558139534883,0.0029618397020979,0.0010052145504806,0.0769230769230769,0.0285714285714285,0.0377358490566037,0.0250704225352112,0.006060606060606
283,TBStack-LR,0,0,TreeStacking,Rename Class,0.0,0.0019719004190288,0.0196656833824975,0.0008620689655172,0.0,0.0002298991509058,0.0022749893359874,0.0,0.0007530120481927,0.0952380952380952,0.0004409171075837,0.0,0.0,0.0,0.0,0.0,0.0154702970297029,0.0,0.0,0.0,0.0,0.0,0.0234082397003745,0.0,0.0227272727272727,0.0,0.0006144662921348,0.0002141786249732,0.0181503889369057,0.024232633279483,0.0004683840749414,0.0009487666034155,0.0,0.0434408602150537,0.0015137753557372,0.0087906233351092,0.3658536585365853,0.018359853121175,0.0007245862575119,0.0010177797323616,0.3846153846153846,0.019047619047619,0.0660377358490566,0.0115492957746478,0.0017316017316017
284,TBStack-LR,0,0,TreeStacking,Rename Class,0.0,0.0007394626571358,0.0049164208456243,0.0,0.0,0.0,0.0003249984765696,0.0,0.0,0.0476190476190476,0.0,0.0,0.0,0.0009082652134423,0.0,0.0,0.0006188118811881,0.0,0.0,0.0,0.0,0.0009082652134423,0.0009363295880149,0.0009082652134423,0.0,0.0,8.778089887640449e-05,0.0,0.0,0.0024232633279483,0.0001561280249804,0.0009487666034155,0.0,0.006021505376344,0.0009082652134423,0.0002663825253063,0.0,0.0,0.0,0.0,0.0,0.0,0.0,0.0,0.0
285,TBStack-LR,0,0,TreeStacking,Rename Class,0.0378006872852233,0.0177471037712595,0.0511307767944936,0.0060344827586206,0.0,0.000281243294608,0.013081188681928,0.0343980343980344,0.0027610441767068,0.3809523809523809,0.0092592592592592,0.0,0.0,0.0030275507114744,0.0030293850348379,0.0,0.0191831683168316,0.0301507537688442,0.0329670329670329,0.0,0.0,0.0012110202845897,0.0224719101123595,0.0015137753557372,0.0018181818181818,0.0,0.0007022471910112,0.0008567144998929,0.0190146931719965,0.1009693053311793,0.0018735362997658,0.0094876660341555,0.0273972602739726,0.1221505376344086,0.0196790796245837,0.0237080447522642,0.4711538461538461,0.0171358629130966,0.0011391691161915,0.0028397311051077,0.2307692307692307,0.0380952380952381,0.0660377358490566,0.0292957746478873,0.0147186147186147
286,TBStack-LR,0,0,TreeStacking,Rename Class,0.0,0.0022183879714074,0.023598820058997,0.0,0.0,2.9886889617754346e-05,0.0058093477686823,0.0024570024570024,0.0005020080321285,0.1428571428571428,0.0004409171075837,0.0,0.0,0.0009082652134423,0.0009088155104513,0.0,0.0061881188118811,0.0150753768844221,0.0054945054945054,0.0,0.0,0.0,0.0084269662921348,0.0003027550711474,0.0,0.0,8.778089887640449e-05,0.0002141786249732,0.0043215211754537,0.0218093699515347,0.0004683840749414,0.0123339658444022,0.0,0.0382795698924731,0.0024220405691795,0.0050612679808204,1.0,0.003671970624235,0.0027825606280743,0.0009298234591945,0.0769230769230769,0.0,0.0094339622641509,0.0076056338028169,0.0017316017316017
287,TBStack-LR,0,0,TreeStacking,Rename Class,0.0,0.0138033029332018,0.0206489675516224,0.0034482758620689,0.0,9.962296539251447e-06,0.0044890414576181,0.0122850122850122,0.0037650602409638,0.238095238095238,0.001763668430335,0.0,0.0,0.0009082652134423,0.0,0.0,0.0037128712871287,0.0,0.0054945054945054,0.0245901639344262,0.0,0.0,0.0046816479400749,0.0,0.0,0.0,0.0038623595505617,0.0021417862497322,0.010371650821089,0.0234248788368336,0.0031225604996096,0.0018975332068311,0.0182648401826484,0.0339784946236559,0.0096881622767181,0.0117208311134789,0.0,0.0,0.0,0.0,0.0,0.0,0.0,0.0,0.0
288,TBStack-LR,0,0,TreeStacking,Rename Class,0.0,0.0086270643332511,0.0039331366764995,0.0,0.0,0.0,0.0010765574536369,0.0,0.0,0.0476190476190476,0.0044091710758377,0.0,0.0,0.0033303057826218,0.0,0.0,0.0024752475247524,0.0050251256281407,0.0,0.0,0.0,0.0030275507114744,0.0037453183520599,0.0033303057826218,0.0036363636363636,0.0,0.000438904494382,0.0,0.0025929127052722,0.0072697899838449,0.0028103044496487,0.0009487666034155,0.0,0.046021505376344,0.0045413260672116,0.0010655301012253,1.0,0.0048959608323133,0.0006237417783737,0.0004774769114782,0.0769230769230769,0.0,0.0094339622641509,0.0140845070422535,0.0
289,TBStack-LR,0,0,TreeStacking,Rename Class,0.0,0.0071481390189795,0.0058997050147492,0.0060344827586206,0.0,0.0,0.0021328025024882,0.0024570024570024,0.0045180722891566,0.1904761904761904,0.0013227513227513,0.0,0.0,0.0,0.0,0.0,0.0006188118811881,0.0,0.0,0.0,0.0,0.0,0.0009363295880149,0.0,0.0009090909090909,0.0,0.0006144662921348,0.0027843221246519,0.0025929127052722,0.0290791599353796,0.0078064012490242,0.0009487666034155,0.0091324200913242,0.0305376344086021,0.0066606115652437,0.0053276505061267,0.5272727272727272,0.0208078335373316,0.0009935048685473,0.0011936922786957,0.3076923076923077,0.0476190476190476,0.0849056603773584,0.0154929577464788,0.0086580086580086
290,TBStack-LR,0,0,TreeStacking,Rename Class,0.0,0.0369731328567907,0.0117994100294985,0.0025862068965517,0.0,0.0001141832449498,0.0066624687696776,0.0122850122850122,0.0015060240963855,0.1428571428571428,0.0030864197530864,0.0,0.0,0.0190735694822888,0.0003029385034837,0.002710027100271,0.0117574257425742,0.0251256281407035,0.0274725274725274,0.0,0.0,0.0172570390554041,0.0131086142322097,0.0009082652134423,0.0027272727272727,0.0253164556962025,0.0043012640449438,0.0,0.0190146931719965,0.0516962843295638,0.0165495706479313,0.0009487666034155,0.0273972602739726,0.0692473118279569,0.0293672419013018,0.0122535961640916,0.0,0.0,0.0,0.0,0.0,0.0,0.0,0.0,0.0
291,TBStack-LR,0,0,TreeStacking,Rename Class,0.0034364261168384,0.0155287157998521,0.0432645034414945,0.0163793103448275,0.0,0.0059505563559451,0.0154983648514147,0.0073710073710073,0.0002510040160642,0.238095238095238,0.0061728395061728,0.0352112676056338,0.0,0.0030275507114744,0.0015146925174189,0.059620596205962,0.0779702970297029,0.0351758793969849,0.0054945054945054,0.0081967213114754,0.0058479532163742,0.0,0.097378277153558,0.0012110202845897,0.0072727272727272,0.0,8.778089887640449e-05,0.0017134289997858,0.1573033707865168,0.0896607431340872,0.0007806401249024,0.0047438330170777,0.0,0.0997849462365591,0.0160460187708144,0.0668620138518913,0.3391304347826087,0.0526315789473684,0.0061739231116871,0.0054281585725953,0.4615384615384615,0.1333333333333333,0.1886792452830188,0.0323943661971831,0.0242424242424242
292,TBStack-LR,0,0,TreeStacking,Rename Class,0.0,0.0019719004190288,0.0019665683382497,0.0,0.0,0.0,0.0006499969531392,0.0,0.0040160642570281,0.0952380952380952,0.0,0.0,0.0,0.0012110202845897,0.0,0.0,0.0037128712871287,0.0,0.0,0.0,0.0,0.0012110202845897,0.0056179775280898,0.0,0.0,0.0,0.0010533707865168,0.0,0.0043215211754537,0.0016155088852988,0.0,0.0009487666034155,0.0,0.0077419354838709,0.0012110202845897,0.0026638252530633,0.44,0.055079559363525,0.0358558148047165,0.0,0.3076923076923077,0.2,0.2358490566037736,0.0422535211267605,0.0
293,TBStack-LR,0,0,TreeStacking,Rename Class,0.0,0.0007394626571358,0.0167158308751229,0.0,0.0,0.0,0.0012796815014929,0.0,0.0,0.0476190476190476,0.0022045855379188,0.0,0.0,0.0009082652134423,0.0009088155104513,0.0,0.0061881188118811,0.0150753768844221,0.0,0.0,0.0,0.0,0.0093632958801498,0.0,0.0,0.0,0.0,0.0,0.006914433880726,0.0234248788368336,0.0,0.0009487666034155,0.0,0.0236559139784946,0.0009082652134423,0.0026638252530633,0.18,0.0281517747858017,0.0006760315082972,0.0007413457309794,0.3076923076923077,0.1809523809523809,0.2169811320754716,0.0140845070422535,0.0
294,TBStack-LR,0,0,TreeStacking,Rename Class,0.0343642611683848,0.001232437761893,0.0127826941986234,0.0,0.0,0.0002597860405235,0.0032906095752676,0.0,0.0,0.0952380952380952,0.0066137566137566,0.0,0.0,0.0003027550711474,0.0003029385034837,0.0,0.0167079207920792,0.0,0.0,0.0,0.0,0.0003027550711474,0.0252808988764044,0.0003027550711474,0.0245454545454545,0.0,0.0,0.0,0.0233362143474503,0.0258481421647819,0.0004683840749414,0.0009487666034155,0.0136986301369863,0.0262365591397849,0.0015137753557372,0.0082578582844965,0.7466666666666667,0.0048959608323133,0.0264287234956431,0.0004900420933593,0.2307692307692307,0.0571428571428571,0.0849056603773584,0.0211267605633802,0.0069264069264069
295,TBStack-LR,0,0,TreeStacking,Rename Class,0.0,0.0,0.0127826941986234,0.0,0.0,0.0016943567421757,0.0040218561475493,0.0,0.0,0.0,0.0,0.0,0.0,0.0,0.0,0.0,0.0414603960396039,0.0,0.0,0.0,0.0,0.0,0.0627340823970037,0.0,0.0,0.0,0.0,0.0,0.0,0.0,0.0,0.0009487666034155,0.0,0.0425806451612903,0.0,0.0178476291955247,0.0,0.0,0.0,0.0,0.0,0.0,0.0,0.0,0.0
296,TBStack-LR,0,0,TreeStacking,Rename Class,0.0,0.0,0.0,0.0034482758620689,0.0,0.0,0.0001828116430704,0.0,0.0,0.0952380952380952,0.0,0.0,0.0,0.0,0.0,0.0,0.0006188118811881,0.0,0.0,0.0,0.0,0.0,0.0009363295880149,0.0,0.0009090909090909,0.0,0.0,0.0,0.0025929127052722,0.0008077544426494,0.0,0.0009487666034155,0.0,0.0038709677419354,0.0,0.0013319126265316,0.0,0.0,0.0,0.0,0.0,0.0,0.0,0.0,0.0
297,TBStack-LR,0,0,TreeStacking,Rename Class,0.0,0.0017254128666502,0.0108161258603736,0.0008620689655172,0.0,8.429635533212763e-06,0.0013203063110641,0.0024570024570024,0.0,0.0952380952380952,0.0013227513227513,0.0,0.0,0.0009082652134423,0.0,0.0,0.0068069306930693,0.0100502512562814,0.0,0.0,0.0058479532163742,0.0,0.0084269662921348,0.0,0.0018181818181818,0.0,8.778089887640449e-05,0.0,0.0086430423509075,0.0137318255250403,0.0001561280249804,0.0009487666034155,0.0,0.0210752688172043,0.002119285498032,0.0047948854555141,0.5,0.0024479804161566,0.0004519326657677,2.513036376201545e-05,0.2307692307692307,0.0,0.0283018867924528,0.0011267605633802,0.0008658008658008
298,TBStack-LR,0,0,TreeStacking,Rename Class,0.0,0.134089228493961,0.0776794493608653,0.0560344827586206,0.0,0.0010805260092572,0.033373281062745,0.0442260442260442,0.0396586345381526,0.3333333333333333,0.0313051146384479,0.0,0.0,0.0762942779291553,0.055437746137534,0.002710027100271,0.0377475247524752,0.050251256281407,0.0329670329670329,0.0,0.0,0.0732667272176808,0.0514981273408239,0.0590372388737511,0.0045454545454545,0.0126582278481012,0.024754213483146,0.026343970871707,0.0864304235090751,0.2455573505654281,0.0854020296643247,0.0018975332068311,0.1461187214611872,0.2438709677419354,0.1368452921586436,0.0905700586041555,0.656964656964657,0.2166462668298653,0.011522415486724,0.0155179996230445,0.1538461538461538,0.0952380952380952,0.1132075471698113,0.1354929577464788,0.0588744588744588
299,TBStack-LR,0,0,TreeStacking,Rename Class,0.0068728522336769,0.003697313285679,0.0324483775811209,0.0025862068965517,0.0,7.126873678079883e-05,0.0057687229591111,0.0,0.0,0.1428571428571428,0.0,0.0,0.0,0.0027247956403269,0.0003029385034837,0.0,0.0111386138613861,0.0402010050251256,0.0274725274725274,0.0,0.0175438596491228,0.0003027550711474,0.0093632958801498,0.0003027550711474,0.0,0.0,0.0002633426966292,0.0004283572499464,0.0086430423509075,0.0573505654281098,0.0003122560499609,0.0028462998102466,0.0091324200913242,0.0576344086021505,0.0045413260672116,0.0090570058604155,0.0,0.0,0.0,0.0,0.0,0.0,0.0,0.0,0.0
300,TBStack-LR,0,0,TreeStacking,Rename Class,0.0103092783505154,0.2090214444170569,0.0983284169124877,0.1258620689655172,0.0,0.0280270054869264,0.0833417968353273,0.0687960687960688,0.0815763052208835,0.2857142857142857,0.0630511463844797,0.0985915492957746,0.0,0.0623675446563729,0.0209027567403817,0.002710027100271,0.1775990099009901,0.5175879396984925,0.1098901098901099,0.2213114754098361,0.1052631578947368,0.0036330608537693,0.2209737827715356,0.0093854072055706,0.0045454545454545,0.9746835443037974,0.0310744382022471,0.0224887556221889,0.2731201382886776,0.289983844911147,0.0880562060889929,0.0066413662239089,0.1643835616438356,0.3853763440860215,0.1662125340599455,0.2951518380394246,0.6845943482224248,0.3402692778457772,0.0210055315064297,0.0254696236728026,0.2307692307692307,0.1904761904761905,0.2169811320754716,0.3090140845070422,0.1428571428571428
301,TBStack-LR,0,0,TreeStacking,Rename Class,0.0,0.0125708651713088,0.0176991150442477,0.0034482758620689,0.0,3.2952211629831713e-05,0.0041234181714773,0.0024570024570024,0.0050200803212851,0.2857142857142857,0.0008818342151675,0.0,0.0,0.0024220405691795,0.0018176310209027,0.0,0.0068069306930693,0.0201005025125628,0.0054945054945054,0.0,0.0,0.0012110202845897,0.0093632958801498,0.0018165304268846,0.0009090909090909,0.0,0.0007022471910112,0.0002141786249732,0.006914433880726,0.0379644588045234,0.0049960967993754,0.0009487666034155,0.0273972602739726,0.0580645161290322,0.0127157129881925,0.0101225359616409,1.0,0.0,0.0011989288075327,0.0,0.0769230769230769,0.0,0.0094339622641509,0.0014084507042253,0.0086580086580086
302,TBStack-LR,0,0,TreeStacking,Rename Class,0.4879725085910653,0.0350012324377618,0.0049164208456243,0.0,0.0,7.663305030193422e-07,0.027543620889277,0.0,0.0,0.0,0.0,0.0,0.0,0.0429912201029367,0.0,0.0,0.0012376237623762,0.0,0.0,0.0,0.0,0.0,0.0,0.0,0.0,0.0,0.0,0.0,0.0,0.0,0.0,0.0056925996204933,0.0,0.0249462365591397,0.0429912201029367,0.0005327650506126,0.74,0.003671970624235,0.0062672976294077,0.0005277376390023,0.2307692307692307,0.0095238095238095,0.0377358490566037,0.028169014084507,0.0
303,TBStack-LR,0,0,TreeStacking,Rename Class,0.0,0.0184865664283953,0.0403146509341199,0.0112068965517241,0.0,0.0002843086166201,0.0113749466799374,0.0147420147420147,0.01179718875502,0.1904761904761904,0.0030864197530864,0.0140845070422535,0.0,0.0027247956403269,0.0,0.008130081300813,0.0191831683168316,0.0050251256281407,0.0109890109890109,0.0327868852459016,0.1228070175438596,0.0,0.0056179775280898,0.0003027550711474,0.0018181818181818,0.0,0.0067591292134831,0.0049261083743842,0.0233362143474503,0.0589660743134087,0.0176424668227946,0.0047438330170777,0.0045662100456621,0.1255913978494623,0.0187708144111413,0.0301012253596164,0.5263157894736842,0.04406364749082,0.0017106211646416,0.0019978639190802,0.2307692307692307,0.0761904761904762,0.1037735849056603,0.032112676056338,0.0034632034632034
304,TBStack-LR,0,0,TreeStacking,Rename Class,0.0343642611683848,0.0320433818092186,0.0530973451327433,0.0120689655172413,0.0,6.667075376268277e-05,0.0188702240458247,0.0171990171990172,0.0005020080321285,0.3333333333333333,0.0008818342151675,0.0,0.0,0.0039358159249167,0.0,0.0,0.0136138613861386,0.0653266331658291,0.0604395604395604,0.0,0.0116959064327485,0.0,0.0084269662921348,0.0,0.0,0.0,0.0027212078651685,0.0072820732490897,0.0060501296456352,0.0710823909531502,0.0021857923497267,0.0018975332068311,0.0593607305936073,0.064516129032258,0.0284589766878595,0.0372935535428875,1.0,0.01468788249694,0.005770545195134,0.000138217000691,0.0769230769230769,0.0,0.0094339622641509,0.0033802816901408,0.0043290043290043
305,TBStack-LR,0,0,TreeStacking,Rename Class,0.0,0.003697313285679,0.007866273352999,0.0,0.0,0.0,0.0018484288354898,0.0024570024570024,0.0,0.1904761904761904,0.0,0.0,0.0,0.0009082652134423,0.0,0.0,0.0012376237623762,0.0150753768844221,0.0,0.0,0.0,0.0,0.0018726591760299,0.0,0.0,0.0,8.778089887640449e-05,0.0004283572499464,0.0,0.0193861066235864,0.0010928961748633,0.0018975332068311,0.0,0.0249462365591397,0.0039358159249167,0.0021310602024507,0.0,0.0,0.0,0.0,0.0,0.0,0.0,0.0,0.0
306,TBStack-LR,0,0,TreeStacking,Rename Class,0.0034364261168384,0.0670446142469805,0.0186823992133726,0.0362068965517241,0.0,0.0004207154461576,0.0173467936869045,0.0884520884520884,0.0190763052208835,0.3809523809523809,0.0123456790123456,0.0,0.0,0.0012110202845897,0.0006058770069675,0.0,0.021039603960396,0.0150753768844221,0.1428571428571428,0.0,0.0292397660818713,0.0003027550711474,0.0,0.0009082652134423,0.0018181818181818,0.0,0.0154494382022471,0.0034268579995716,0.0371650821089023,0.1147011308562197,0.0153005464480874,0.0009487666034155,0.0045662100456621,0.1109677419354838,0.0544959128065395,0.0772509323388385,0.4651162790697674,0.0061199510403916,0.0057593402530075,0.0016083432807689,0.2307692307692307,0.0095238095238095,0.0377358490566037,0.012112676056338,0.0034632034632034
307,TBStack-LR,0,0,TreeStacking,Rename Class,0.0859106529209622,0.0140497904855804,0.0373647984267453,0.0043103448275862,0.0,1.2261288048309477e-05,0.0185655379740407,0.0049140049140049,0.0002510040160642,0.1428571428571428,0.0,0.0,0.0,0.0124129579170451,0.0,0.0,0.005569306930693,0.2060301507537688,0.0164835164835164,0.0,0.0,0.0,0.0056179775280898,0.0,0.0,0.0,0.0007900280898876,0.0002141786249732,0.0008643042350907,0.0444264943457189,0.0017174082747853,0.0018975332068311,0.0,0.0984946236559139,0.0163487738419618,0.0063931806073521,1.0,0.0673194614443084,0.0030178644127303,0.0076521957655337,0.0769230769230769,0.0,0.0094339622641509,0.0411267605633802,0.0077922077922077
308,TBStack-LR,0,0,TreeStacking,Rename Class,0.0,0.001232437761893,0.0088495575221238,0.0025862068965517,0.0,2.6821567605676978e-05,0.0012796815014929,0.0049140049140049,0.0005020080321285,0.1428571428571428,0.0022045855379188,0.0,0.0,0.0006055101422948,0.0003029385034837,0.0,0.0068069306930693,0.0100502512562814,0.0054945054945054,0.0,0.0,0.0,0.0093632958801498,0.0006055101422948,0.01,0.0,0.0,0.0,0.006914433880726,0.0145395799676898,0.0004683840749414,0.0009487666034155,0.0,0.016774193548387,0.0009082652134423,0.0042621204049014,0.2666666666666666,0.0048959608323133,0.0003286783023765,0.0121002701514104,0.4615384615384615,0.0095238095238095,0.0660377358490566,0.0084507042253521,0.0303030303030303
309,TBStack-LR,0,0,TreeStacking,Rename Class,0.0,0.0170076411141237,0.0068829891838741,0.0043103448275862,0.0,0.0003946602090549,0.0087546464625947,0.0491400491400491,0.0037650602409638,0.238095238095238,0.0022045855379188,0.0,0.0,0.0024220405691795,0.0009088155104513,0.0,0.0235148514851485,0.0402010050251256,0.0109890109890109,0.0,0.0,0.0,0.0337078651685393,0.0009082652134423,0.0,0.0,0.001755617977528,0.0002141786249732,0.0259291270527225,0.0662358642972536,0.0151444184231069,0.0009487666034155,0.0958904109589041,0.0481720430107526,0.0169542839842567,0.0269046350559403,1.0,0.0061199510403916,0.0086278054373849,0.0223408933844317,0.0769230769230769,0.0,0.0094339622641509,0.0050704225352112,0.0051948051948051
310,TBStack-LR,0,0,TreeStacking,Rename Class,0.0,0.1851121518363322,0.007866273352999,0.0051724137931034,0.0,9.885663488949516e-05,0.0185249131644695,0.0073710073710073,0.0017570281124497,0.1904761904761904,0.3148148148148147,0.0,0.0,0.220708446866485,0.2202362920327173,0.0,0.0117574257425742,0.0603015075376884,0.0164835164835164,0.0081967213114754,0.023391812865497,0.2167726309415682,0.0112359550561797,0.2204056917953375,0.0009090909090909,0.0,0.0011411516853932,0.0008567144998929,0.0146931719965427,0.0226171243941841,0.1144418423106947,0.0009487666034155,0.0091324200913242,0.2658064516129032,0.2252497729336966,0.014118273841236,0.3333333333333333,0.0,1.4939922835298555e-05,2.513036376201545e-05,0.2307692307692307,0.0,0.0283018867924528,0.0008450704225352,0.0017316017316017
311,TBStack-LR,0,1,TreeStacking,Rename Class,0.0,0.0039438008380576,0.0029498525073746,0.0008620689655172,0.0,0.0,0.0009140582153521,0.0,0.0002510040160642,0.0952380952380952,0.0030864197530864,0.0,0.0,0.0018165304268846,0.0015146925174189,0.0,0.0006188118811881,0.0,0.0,0.0,0.0,0.0018165304268846,0.0009363295880149,0.0018165304268846,0.0009090909090909,0.0,0.0010533707865168,0.0,0.0,0.0080775444264943,0.0023419203747072,0.0009487666034155,0.0045662100456621,0.0202150537634408,0.0033303057826218,0.001598295151838,0.0,0.0,0.0,0.0,0.0,0.0,0.0,0.0,0.0
312,TBStack-LR,0,0,TreeStacking,Rename Class,0.0034364261168384,0.0004929751047572,0.0088495575221238,0.0,0.0,0.0,0.0006703093579248,0.0,0.0,0.0476190476190476,0.0,0.0,0.0,0.0003027550711474,0.0,0.0,0.0012376237623762,0.0050251256281407,0.0,0.0,0.0058479532163742,0.0,0.0009363295880149,0.0,0.0,0.0,0.0,0.0,0.0,0.0072697899838449,0.0,0.0018975332068311,0.0,0.0146236559139784,0.0006055101422948,0.0005327650506126,0.0,0.0,0.0,0.0,0.0,0.0,0.0,0.0,0.0
313,TBStack-LR,0,0,TreeStacking,Rename Class,0.0,0.0019719004190288,0.0029498525073746,0.0008620689655172,0.0,9.962296539251447e-06,0.0123499421096463,0.0,0.0,0.0952380952380952,0.0,0.0,0.0,0.0009082652134423,0.0,0.0,0.0068069306930693,0.0,0.0,0.0245901639344262,0.0058479532163742,0.0,0.0093632958801498,0.0,0.0,0.0,8.778089887640449e-05,0.0,0.0051858254105445,0.0032310177705977,0.0,0.0037950664136622,0.0,0.0339784946236559,0.0018165304268846,0.003196590303676,0.0,0.0,0.0,0.0,0.0,0.0,0.0,0.0,0.0
314,TBStack-LR,0,0,TreeStacking,Rename Class,0.0,0.0002464875523786,0.0285152409046214,0.0,0.0,0.0009012046715507,0.0030062359082691,0.0,0.0,0.0,0.0,0.0,0.0,0.0003027550711474,0.0003029385034837,0.0,0.0303217821782178,0.0,0.0,0.0,0.0,0.0,0.0262172284644194,0.0003027550711474,0.0,0.0,0.0,0.0,0.0,0.0008077544426494,0.0,0.0066413662239089,0.0,0.0911827956989247,0.0003027550711474,0.0130527437400106,0.0,0.0,0.0,0.0,0.0,0.0,0.0,0.0,0.0
315,TBStack-LR,0,0,TreeStacking,Rename Class,0.0,0.0,0.0,0.0,0.0,0.0,0.0028640490747699,0.0,0.0,0.0,0.0,0.0,0.0,0.0,0.0,0.0,0.0,0.0,0.0,0.0,0.0,0.0,0.0,0.0,0.0,0.0,0.0,0.0,0.0,0.0,0.0,0.0,0.0,0.0,0.0,0.0,0.0,0.0,0.0,0.0,0.0,0.0,0.0,0.0,0.0
316,TBStack-LR,0,0,TreeStacking,Rename Class,0.0,0.004929751047572,0.0009832841691248,0.0,0.0,0.0,0.0005890597387824,0.0,0.0,0.0476190476190476,0.0,0.0,0.0,0.0054495912806539,0.0009088155104513,0.0,0.0018564356435643,0.0050251256281407,0.0,0.0,0.0,0.0051468362095065,0.0028089887640449,0.0054495912806539,0.0027272727272727,0.0379746835443038,0.0006144662921348,0.0,0.0008643042350907,0.0008077544426494,0.0003122560499609,0.0009487666034155,0.0,0.0210752688172043,0.0054495912806539,0.000799147575919,0.0,0.0,0.0,0.0,0.0,0.0,0.0,0.0,0.0
317,TBStack-LR,0,0,TreeStacking,Rename Class,0.0,0.0014789253142716,0.0068829891838741,0.0025862068965517,0.0,0.0,0.0007718713818528,0.0,0.0007530120481927,0.1428571428571428,0.0,0.0,0.0,0.0006055101422948,0.0006058770069675,0.0,0.0012376237623762,0.0100502512562814,0.0,0.0,0.0,0.0,0.0018726591760299,0.0,0.0,0.0,8.778089887640449e-05,0.0,0.0,0.0080775444264943,0.0004683840749414,0.0009487666034155,0.0,0.0159139784946236,0.0018165304268846,0.0018646776771443,0.0,0.0,0.0,0.0,0.0,0.0,0.0,0.0,0.0
318,TBStack-LR,0,0,TreeStacking,Rename Class,0.0034364261168384,0.0298249938378111,0.1081612586037364,0.0103448275862068,0.0,0.0047757716948165,0.0232983282890861,0.0638820638820638,0.0072791164658634,0.238095238095238,0.0074955908289241,0.0,0.0,0.0115046927036027,0.0078764010905786,0.0,0.0823019801980198,0.1758793969849246,0.0549450549450549,0.0,0.0,0.0009082652134423,0.1142322097378277,0.0009082652134423,0.0018181818181818,0.0,0.0014922752808988,0.0006425358749196,0.1106309420916162,0.178513731825525,0.0195160031225605,0.0009487666034155,0.0502283105022831,0.1810752688172043,0.030881017257039,0.069792221630261,0.3901098901098901,0.0722154222766217,0.005344757394328,0.0048250298423069,0.3076923076923077,0.1904761904761905,0.2264150943396226,0.0512676056338028,0.0173160173160173
319,TBStack-LR,0,0,TreeStacking,Rename Class,0.0,0.0150357406950948,0.1061946902654867,0.0025862068965517,0.0,0.00218021028109,0.0119030692043631,0.0024570024570024,0.0012550200803212,0.0952380952380952,0.0008818342151675,0.0,0.0,0.0172570390554041,0.0009088155104513,0.0,0.0482673267326732,0.271356783919598,0.0,0.0245901639344262,0.0116959064327485,0.0,0.0711610486891385,0.0006055101422948,0.0,0.0,8.778089887640449e-05,0.0002141786249732,0.0613656006914433,0.0315024232633279,0.0017174082747853,0.0009487666034155,0.0091324200913242,0.1027956989247311,0.0181653042688465,0.0335641981885988,0.3214285714285714,0.003671970624235,0.0005191623185266,0.0009800841867186,0.6153846153846154,0.019047619047619,0.0943396226415094,0.0157746478873239,0.006060606060606
320,TBStack-LR,0,0,TreeStacking,Rename Class,0.0,0.0,0.0,0.0,0.0,0.0,0.0174077309012614,0.0,0.0,0.0,0.0,0.0,0.0,0.0,0.0,0.0,0.0,0.0,0.0,0.0,0.0,0.0,0.0,0.0,0.0,0.0,0.0,0.0,0.0,0.0,0.0,0.0,0.0,0.0,0.0,0.0,0.08,0.1529987760097919,0.003917994763557,0.0010429100961236,0.4615384615384615,0.4285714285714286,0.4811320754716981,0.056338028169014,0.0
321,TBStack-LR,0,0,TreeStacking,Rename Class,0.0,0.0002464875523786,0.007866273352999,0.0,0.0,4.5979830181160536e-06,0.0003656232861408,0.0,0.0,0.0476190476190476,0.0,0.0,0.0,0.0003027550711474,0.0003029385034837,0.0,0.0024752475247524,0.0050251256281407,0.0,0.0,0.0,0.0,0.0037453183520599,0.0003027550711474,0.0,0.0,0.0,0.0,0.0025929127052722,0.0,0.0006245120999219,0.0009487666034155,0.0,0.0094623655913978,0.0003027550711474,0.0010655301012253,0.0,0.0,0.0,0.0,0.0,0.0,0.0,0.0,0.0
322,TBStack-LR,0,0,TreeStacking,Rename Class,0.0,0.0007394626571358,0.0009832841691248,0.0008620689655172,0.0,2.2989915090580268e-06,0.0005281225244256,0.0024570024570024,0.0,0.1428571428571428,0.0,0.0,0.0,0.0,0.0,0.0,0.0018564356435643,0.0,0.0054945054945054,0.0,0.0,0.0,0.0018726591760299,0.0,0.0018181818181818,0.0,8.778089887640449e-05,0.0,0.0051858254105445,0.005654281098546,0.0001561280249804,0.0009487666034155,0.0,0.006021505376344,0.0009082652134423,0.002397442727757,0.61,0.03671970624235,0.0221671105068742,1.2565181881007728e-05,0.3076923076923077,0.0952380952380952,0.1320754716981132,0.028169014084507,0.0
323,TBStack-LR,0,0,TreeStacking,Rename Class,0.0,0.0162681784569879,0.0167158308751229,0.0189655172413793,0.0,2.1457254084541585e-05,0.0068249680079624,0.0368550368550368,0.0037650602409638,0.4761904761904761,0.0061728395061728,0.0,0.0,0.0,0.0,0.0,0.0049504950495049,0.0,0.0054945054945054,0.0,0.0116959064327485,0.0,0.0046816479400749,0.0,0.0027272727272727,0.0,0.0025456460674157,0.0032126793745984,0.0121002592912705,0.0492730210016155,0.0068696330991412,0.0018975332068311,0.0,0.0597849462365591,0.0136239782016348,0.0253063399041022,0.2807017543859649,0.025703794369645,0.0033353377729804,0.0046491172959728,0.3846153846153846,0.0476190476190476,0.0943396226415094,0.016056338028169,0.0025974025974025
324,TBStack-LR,0,0,TreeStacking,Rename Class,0.0034364261168384,0.0184865664283953,0.0727630285152409,0.0103448275862068,0.0,0.001704319038715,0.0118218195852206,0.0245700245700245,0.0015060240963855,0.238095238095238,0.0013227513227513,0.0,0.0,0.0124129579170451,0.0036352620418055,0.0,0.0451732673267326,0.1909547738693467,0.0164835164835164,0.0,0.0,0.0009082652134423,0.0655430711610487,0.0030275507114744,0.0,0.0,0.0011411516853932,0.0010708931248661,0.0406222990492653,0.0783521809369951,0.004839968774395,0.0018975332068311,0.0182648401826484,0.0847311827956989,0.0181653042688465,0.0316995205114544,1.0,0.0012239902080783,8.590455630296669e-05,0.0004272161839542,0.0769230769230769,0.0,0.0094339622641509,0.0008450704225352,0.0008658008658008
325,TBStack-LR,0,0,TreeStacking,Rename Class,0.0,0.0081340892284939,0.023598820058997,0.0275862068965517,0.0,0.0001440701345676,0.0060734090308951,0.0393120393120393,0.0035140562248995,0.1428571428571428,0.0044091710758377,0.0,0.0,0.0033303057826218,0.0015146925174189,0.0,0.0253712871287128,0.0050251256281407,0.0164835164835164,0.040983606557377,0.0175438596491228,0.0003027550711474,0.0327715355805243,0.0003027550711474,0.0045454545454545,0.0,0.001755617977528,0.0002141786249732,0.0328435609334485,0.0460420032310177,0.0057767369242779,0.0009487666034155,0.0,0.0597849462365591,0.0081743869209809,0.0237080447522642,0.296875,0.02937576499388,0.0005901269519942,0.0010554752780046,0.3076923076923077,0.0571428571428571,0.0943396226415094,0.0180281690140845,0.0017316017316017
326,TBStack-LR,0,0,TreeStacking,Rename Class,0.0,0.0056692137047079,0.0176991150442477,0.0008620689655172,0.0,0.0002436930999601,0.0029046738843411,0.0,0.0,0.1428571428571428,0.0013227513227513,0.0,0.0,0.0039358159249167,0.0,0.0,0.0173267326732673,0.0100502512562814,0.0054945054945054,0.0,0.0,0.0,0.0234082397003745,0.0003027550711474,0.0009090909090909,0.0,0.0,0.0,0.0216076058772687,0.0201938610662358,0.0006245120999219,0.0009487666034155,0.0,0.0305376344086021,0.0054495912806539,0.0109216835375599,0.0,0.0,0.0,0.0,0.0,0.0,0.0,0.0,0.0
327,TBStack-LR,0,0,TreeStacking,Rename Class,0.0103092783505154,0.0009859502095144,0.0088495575221238,0.0,0.0,3.44848726358704e-05,0.0122890048952895,0.0,0.0002510040160642,0.0476190476190476,0.0,0.0,0.0,0.0,0.0,0.0,0.0061881188118811,0.0,0.0,0.0,0.0,0.0,0.0093632958801498,0.0,0.0,0.0,0.0,0.0,0.0008643042350907,0.0080775444264943,0.0004683840749414,0.0,0.0,0.0,0.0012110202845897,0.0026638252530633,0.5714285714285714,0.0244798041615667,0.0032307583131333,0.0018470817365081,0.1538461538461538,0.0095238095238095,0.0283018867924528,0.0295774647887323,0.0086580086580086
328,TBStack-LR,0,0,TreeStacking,Rename Class,0.0,0.014296278037959,0.0137659783677482,0.0025862068965517,0.0,6.89697452717408e-06,0.0036156080518372,0.0024570024570024,0.0022590361445783,0.1904761904761904,0.0008818342151675,0.0,0.0,0.0154405086285195,0.0148439866707058,0.0,0.0037128712871287,0.0251256281407035,0.0109890109890109,0.0,0.0,0.0139267332727823,0.0037453183520599,0.0009082652134423,0.0009090909090909,0.0126582278481012,0.0014044943820224,0.0,0.0017286084701815,0.0218093699515347,0.0110850897736143,0.0037950664136622,0.0091324200913242,0.0602150537634408,0.0172570390554041,0.0050612679808204,0.4878048780487805,0.025703794369645,0.0022858081938006,0.001683734372055,0.4615384615384615,0.0095238095238095,0.0660377358490566,0.0115492957746478,0.0043290043290043
329,TBStack-LR,0,0,TreeStacking,Rename Class,0.0,0.004929751047572,0.0186823992133726,0.0025862068965517,0.0,1.1494957545290131e-05,0.0024984257886291,0.0024570024570024,0.0002510040160642,0.1904761904761904,0.0,0.0,0.0,0.0024220405691795,0.0015146925174189,0.0,0.0043316831683168,0.0201005025125628,0.0,0.0,0.0,0.0012110202845897,0.0065543071161048,0.0015137753557372,0.0,0.0,0.0001755617977528,0.0014992503748125,0.0,0.0339256865912762,0.0010928961748633,0.0018975332068311,0.0045662100456621,0.0339784946236559,0.0045413260672116,0.0050612679808204,1.0,0.0048959608323133,0.0006984413925502,0.0002764340013821,0.0769230769230769,0.0,0.0094339622641509,0.0036619718309859,0.0034632034632034
330,TBStack-LR,0,0,TreeStacking,Rename Class,0.0,0.0009859502095144,0.0147492625368731,0.0086206896551724,0.0384615384615384,1.1494957545290131e-05,0.0121265056570047,0.0,0.0,0.0476190476190476,0.001763668430335,0.0,0.0,0.0012110202845897,0.0,0.0,0.0037128712871287,0.0201005025125628,0.0,0.0,0.0,0.0,0.0056179775280898,0.0,0.0,0.0,0.0,0.0,0.0051858254105445,0.0016155088852988,0.0,0.0037950664136622,0.0,0.0589247311827956,0.0012110202845897,0.001598295151838,0.0,0.0,0.0,0.0,0.0,0.0,0.0,0.0,0.0
331,TBStack-LR,0,0,TreeStacking,Rename Class,0.0171821305841924,0.0192260290855311,0.0285152409046214,0.0112068965517241,0.0,0.0005655519112282,0.0223436452641628,0.0049140049140049,0.001004016064257,0.1904761904761904,0.0052910052910052,0.0,0.0,0.0060551014229488,0.0006058770069675,0.0,0.0272277227722772,0.100502512562814,0.0054945054945054,0.0,0.0526315789473684,0.0,0.0318352059925093,0.0009082652134423,0.0027272727272727,0.0,0.001755617977528,0.0021417862497322,0.0337078651685393,0.1025848142164781,0.0023419203747072,0.0066413662239089,0.0593607305936073,0.1195698924731182,0.0142294883439297,0.0330314331379861,0.5217391304347826,0.01468788249694,0.0056510258124516,0.0019224728277941,0.2307692307692307,0.019047619047619,0.0471698113207547,0.0129577464788732,0.006060606060606
332,TBStack-LR,0,0,TreeStacking,Rename Class,0.0,0.0,0.0,0.0,0.0,0.0,0.0039609189331925,0.0,0.0,0.0,0.0,0.0,0.0,0.0,0.0,0.0,0.0,0.0,0.0,0.0,0.0,0.0,0.0,0.0,0.0,0.0,0.0,0.0,0.0,0.0,0.0,0.0,0.0,0.0,0.0,0.0,0.0,0.0,0.0,0.0,0.0,0.0,0.0,0.0,0.0
333,TBStack-LR,0,0,TreeStacking,Rename Class,0.0,0.0231698299235888,0.0255653883972468,0.0051724137931034,0.0,4.90451521932379e-05,0.0095265178444476,0.0245700245700245,0.0072791164658634,0.5714285714285714,0.0004409171075837,0.0070422535211267,0.0,0.0018165304268846,0.0006058770069675,0.0,0.0080445544554455,0.0201005025125628,0.0109890109890109,0.0,0.0,0.0,0.0102996254681647,0.0012110202845897,0.0,0.0,0.001316713483146,0.0,0.0077787381158167,0.0791599353796446,0.0118657298985167,0.0047438330170777,0.0502283105022831,0.0864516129032258,0.023312140478353,0.0183803942461374,0.28,0.0354957160342717,0.0021139990811947,0.0007036501853364,0.5384615384615385,0.0095238095238095,0.0754716981132075,0.0140845070422535,0.0
334,TBStack-LR,0,0,TreeStacking,Rename Class,0.0,0.022430367266453,0.0049164208456243,0.0,0.0,0.0,0.0026406126221283,0.0,0.0,0.0476190476190476,0.0127865961199294,0.0,0.0,0.0087798970632758,0.0,0.0,0.0037128712871287,0.0,0.0,0.0,0.0,0.0087798970632758,0.0056179775280898,0.0087798970632758,0.0054545454545454,0.0,0.000438904494382,0.0,0.0025929127052722,0.0121163166397415,0.0087431693989071,0.0018975332068311,0.0,0.1286021505376344,0.0099909173478655,0.0021310602024507,0.0,0.0,0.0,0.0,0.0,0.0,0.0,0.0,0.0
335,TBStack-LR,0,0,TreeStacking,Rename Class,0.0,0.014296278037959,0.0570304818092428,0.0051724137931034,0.0,0.0002551880575054,0.0100952651784444,0.0147420147420147,0.0050200803212851,0.238095238095238,0.0035273368606701,0.0,0.0,0.0069633666363911,0.0045440775522568,0.0,0.0241336633663366,0.0150753768844221,0.0329670329670329,0.0081967213114754,0.023391812865497,0.0003027550711474,0.0252808988764044,0.0006055101422948,0.0027272727272727,0.0126582278481012,0.0019311797752808,0.0004283572499464,0.0198789974070872,0.0953150242326332,0.0095238095238095,0.0009487666034155,0.0867579908675799,0.0941935483870967,0.0148349984862246,0.0285029302077783,0.3703703703703703,0.0061199510403916,0.0002987984567059,0.0008544323679085,0.2307692307692307,0.0,0.0283018867924528,0.0076056338028169,0.0103896103896103
336,TBStack-LR,0,0,TreeStacking,Rename Class,0.1237113402061855,0.1146167118560512,0.0914454277286135,0.0637931034482758,0.0,0.0462189252981025,0.0864699071723101,0.0343980343980344,0.0160642570281124,0.2857142857142857,0.0167548500881834,0.0,0.0,0.0127157129881925,0.0018176310209027,0.0,0.2524752475247525,0.1909547738693467,0.2967032967032967,0.0,0.0409356725146198,0.0003027550711474,0.3033707865168539,0.0057523463518013,0.0709090909090909,0.0,0.0183462078651685,0.0156350396230456,0.243733794295592,0.3836833602584814,0.0184231069476971,0.01707779886148,0.0228310502283105,0.3488172043010752,0.0838631547078413,0.1843367075119872,0.8270676691729323,0.1248470012239902,0.0132927963427068,0.0020481246466042,0.1538461538461538,0.0095238095238095,0.0283018867924528,0.0374647887323943,0.019047619047619
337,TBStack-LR,0,0,TreeStacking,Rename Class,0.0206185567010309,0.0007394626571358,0.0088495575221238,0.0,0.0,2.2989915090580268e-06,0.0076374641993865,0.0,0.0,0.0476190476190476,0.0,0.0,0.0,0.0003027550711474,0.0003029385034837,0.0,0.0018564356435643,0.0,0.0,0.0,0.0058479532163742,0.0,0.0018726591760299,0.0003027550711474,0.0,0.0,0.0,0.0,0.0025929127052722,0.005654281098546,0.0,0.0028462998102466,0.0,0.0718279569892473,0.0009082652134423,0.0010655301012253,0.0,0.0,0.0,0.0,0.0,0.0,0.0,0.0,0.0
338,TBStack-LR,0,0,TreeStacking,Rename Class,0.0,0.0017254128666502,0.0,0.0,0.0,0.0,0.0002640612622128,0.0,0.0002510040160642,0.0476190476190476,0.0,0.0,0.0,0.002119285498032,0.0021205695243865,0.0,0.0012376237623762,0.0050251256281407,0.0,0.0,0.0,0.0018165304268846,0.0018726591760299,0.002119285498032,0.0018181818181818,0.0,0.0002633426966292,0.0,0.0008643042350907,0.0008077544426494,0.0007806401249024,0.0009487666034155,0.0,0.0086021505376344,0.002119285498032,0.0005327650506126,0.995,0.0012239902080783,0.0009897698878385,0.0025758622856065,0.0769230769230769,0.0095238095238095,0.0188679245283018,0.056338028169014,0.0
339,TBStack-LR,0,0,TreeStacking,Rename Class,0.0,0.001232437761893,0.0049164208456243,0.0,0.0,7.663305030193422e-07,0.0007312465722816,0.0,0.0,0.0952380952380952,0.0,0.0,0.0,0.0009082652134423,0.0,0.0,0.0018564356435643,0.0050251256281407,0.0,0.0,0.0,0.0,0.0028089887640449,0.0,0.0,0.0,0.0006144662921348,0.0,0.0017286084701815,0.0129240710823909,0.0006245120999219,0.0009487666034155,0.0,0.0141935483870967,0.0012110202845897,0.0010655301012253,0.0,0.0,0.0,0.0,0.0,0.0,0.0,0.0,0.0
340,TBStack-LR,0,0,TreeStacking,Rename Class,0.0,0.003697313285679,0.0049164208456243,0.0017241379310344,0.0,7.663305030193421e-06,0.0009343706201377,0.0049140049140049,0.002008032128514,0.1428571428571428,0.0004409171075837,0.0,0.0,0.0003027550711474,0.0,0.0,0.0030940594059405,0.0050251256281407,0.0054945054945054,0.0,0.0,0.0,0.0037453183520599,0.0,0.0,0.0,0.0021067415730337,0.0012850717498393,0.0051858254105445,0.0064620355411954,0.0,0.0009487666034155,0.0,0.0129032258064516,0.0030275507114744,0.0029302077783697,0.5,0.0232558139534883,0.0245612331412308,8.795627316705409e-05,0.3846153846153846,0.0666666666666666,0.1132075471698113,0.0140845070422535,0.0
341,TBStack-LR,0,0,TreeStacking,Rename Class,0.0,0.0303179689425684,0.0098328416912487,0.0077586206896551,0.0,0.0002253011678876,0.0120858808474335,0.0049140049140049,0.0150602409638554,0.4285714285714285,0.001763668430335,0.0,0.0,0.0087798970632758,0.0033323235383217,0.0,0.0173267326732673,0.1457286432160804,0.0219780219780219,0.0,0.0,0.0,0.0224719101123595,0.0030275507114744,0.0,0.0,0.0044768258426966,0.0042835724994645,0.013828867761452,0.0936995153473344,0.0340359094457455,0.0009487666034155,0.0182648401826484,0.0924731182795698,0.0236148955495004,0.0500799147575919,0.5,0.0244798041615667,0.0032344932938421,0.0022114720110573,0.3076923076923077,0.0095238095238095,0.0471698113207547,0.0208450704225352,0.0025974025974025
342,TBStack-LR,0,0,TreeStacking,Rename Class,0.0,0.001232437761893,0.0039331366764995,0.0034482758620689,0.0,4.5979830181160536e-06,0.0006296845483536,0.0049140049140049,0.0007530120481927,0.1428571428571428,0.0008818342151675,0.0,0.0,0.0,0.0,0.0,0.0024752475247524,0.0,0.0,0.0,0.0,0.0,0.0037453183520599,0.0,0.0,0.0,0.0012289325842696,0.0,0.0043215211754537,0.0080775444264943,0.0003122560499609,0.0009487666034155,0.0,0.010752688172043,0.0015137753557372,0.0021310602024507,0.28,0.0134638922888616,0.0132293016706568,5.026072752403091e-05,0.3846153846153846,0.0571428571428571,0.1037735849056603,0.0140845070422535,0.0
343,TBStack-LR,0,0,TreeStacking,Rename Class,0.0,0.0093665269903869,0.0432645034414945,0.0034482758620689,0.0,0.0003463813873647,0.0056671609351831,0.0073710073710073,0.0,0.0952380952380952,0.0,0.0,0.0,0.0051468362095065,0.0003029385034837,0.0,0.0204207920792079,0.0050251256281407,0.0,0.1229508196721311,0.0,0.0,0.0308988764044943,0.0003027550711474,0.0,0.0,0.0010533707865168,0.0,0.0181503889369057,0.0088852988691437,0.0132708821233411,0.0009487666034155,0.0,0.0339784946236559,0.0072661217075386,0.0106553010122535,0.0,0.0,0.0,0.0,0.0,0.0,0.0,0.0,0.0
344,TBStack-LR,0,0,TreeStacking,Rename Class,0.0,0.0,0.0039331366764995,0.0,0.0,5.977377923550869e-05,0.0003656232861408,0.0,0.0,0.0,0.0,0.0,0.0,0.0,0.0,0.0,0.0080445544554455,0.0,0.0,0.0,0.0,0.0,0.0,0.0,0.0,0.0,0.0,0.0,0.0,0.0,0.0009367681498829,0.0009487666034155,0.0,0.0154838709677419,0.0,0.0034629728289824,0.0,0.0,0.0,0.0,0.0,0.0,0.0,0.0,0.0
345,TBStack-LR,0,0,TreeStacking,Rename Class,0.0,0.004929751047572,0.0245821042281219,0.0,0.0,7.663305030193421e-06,0.0023562389551298,0.0024570024570024,0.0005020080321285,0.1904761904761904,0.0026455026455026,0.0,0.0,0.0003027550711474,0.0003029385034837,0.0,0.0030940594059405,0.0050251256281407,0.0219780219780219,0.0,0.0,0.0,0.0009363295880149,0.0003027550711474,0.0045454545454545,0.0,0.0001755617977528,0.0002141786249732,0.0043215211754537,0.0371567043618739,0.0007806401249024,0.0009487666034155,0.0,0.0344086021505376,0.0057523463518013,0.0058604155567394,0.0,0.0,0.0,0.0,0.0,0.0,0.0,0.0,0.0
346,TBStack-LR,0,0,TreeStacking,Rename Class,0.0,0.0032043381809218,0.0088495575221238,0.0017241379310344,0.0,1.1494957545290131e-05,0.0018687412402754,0.0024570024570024,0.0005020080321285,0.1428571428571428,0.001763668430335,0.0,0.0,0.0003027550711474,0.0,0.0,0.0043316831683168,0.0050251256281407,0.0,0.0,0.0,0.0,0.0065543071161048,0.0,0.0036363636363636,0.0,0.0003511235955056,0.0,0.0025929127052722,0.0177705977382875,0.0037470725995316,0.0009487666034155,0.0045662100456621,0.0292473118279569,0.0036330608537693,0.0045285029302077,0.8,0.003671970624235,0.0009822999264208,0.000138217000691,0.1538461538461538,0.0,0.0188679245283018,0.0014084507042253,0.0034632034632034
347,TBStack-LR,0,0,TreeStacking,Rename Class,0.0,0.0108454523046586,0.0029498525073746,0.0017241379310344,0.0,9.195966036232106e-05,0.0028843614795555,0.0221130221130221,0.0027610441767068,0.1904761904761904,0.0048500881834215,0.0,0.0,0.0,0.0,0.0,0.0099009900990099,0.0,0.0054945054945054,0.0,0.0,0.0,0.0121722846441947,0.0,0.0136363636363636,0.0,0.0030723314606741,0.0004283572499464,0.0112359550561797,0.0040387722132471,0.0010928961748633,0.0018975332068311,0.0,0.024516129032258,0.007568876778686,0.0125199786893979,1.0,0.0,0.0001381942862265,2.513036376201545e-05,0.0769230769230769,0.0,0.0094339622641509,0.0016901408450704,0.0008658008658008
348,TBStack-LR,0,0,TreeStacking,Rename Class,0.0,0.0379590830663051,0.0,0.0,0.0,0.0,0.0031484227417683,0.0,0.0,0.0,0.0,0.0,0.0,0.046624280956706,0.046652529536504,0.0,0.0,0.0,0.0,0.0,0.0,0.046624280956706,0.0,0.046624280956706,0.0,0.0,0.0,0.0,0.0,0.0,0.0240437158469945,0.0009487666034155,0.0,0.0223655913978494,0.046624280956706,0.0,0.44,0.0085679314565483,0.0004407277236413,7.539109128604636e-05,0.2307692307692307,0.0380952380952381,0.0660377358490566,0.0140845070422535,0.0
349,TBStack-LR,0,0,TreeStacking,Rename Class,0.0,0.0014789253142716,0.0039331366764995,0.0,0.0,7.663305030193421e-06,0.0007718713818528,0.0,0.0,0.0476190476190476,0.0,0.0,0.0,0.0009082652134423,0.0,0.0,0.0049504950495049,0.0150753768844221,0.0,0.0,0.0,0.0,0.0074906367041198,0.0,0.0,0.0,0.0002633426966292,0.0,0.0025929127052722,0.0,0.0007806401249024,0.0009487666034155,0.0,0.0055913978494623,0.0009082652134423,0.0021310602024507,0.0,0.0,0.0,0.0,0.0,0.0,0.0,0.0,0.0
350,TBStack-LR,0,0,TreeStacking,Rename Class,0.0,0.002464875523786,0.1111111111111111,0.0,0.0,1.2261288048309477e-05,0.0044687290528325,0.0,0.0002510040160642,0.1428571428571428,0.0,0.0,0.0,0.0009082652134423,0.0003029385034837,0.0,0.005569306930693,0.0150753768844221,0.0054945054945054,0.0,0.0,0.0,0.0074906367041198,0.0,0.0009090909090909,0.0,0.0,0.0,0.006914433880726,0.0145395799676898,0.0087431693989071,0.0009487666034155,0.0091324200913242,0.0189247311827957,0.0030275507114744,0.0034629728289824,0.8333333333333334,0.0,0.0013371230937592,6.282590940503864e-05,0.1538461538461538,0.0,0.0188679245283018,0.0016901408450704,0.0025974025974025
351,TBStack-LR,0,0,TreeStacking,Rename Class,0.0,0.0253882178949963,0.0530973451327433,0.0060344827586206,0.0,8.276369432608895e-05,0.0094655806300907,0.0491400491400491,0.0092871485943775,0.3333333333333333,0.005731922398589,0.0,0.0,0.0024220405691795,0.0021205695243865,0.0,0.0099009900990099,0.0100502512562814,0.0659340659340659,0.0,0.0,0.0018165304268846,0.0037453183520599,0.002119285498032,0.0,0.0,0.004125702247191,0.0012850717498393,0.0095073465859982,0.1486268174474959,0.0073380171740827,0.0009487666034155,0.0228310502283105,0.0954838709677419,0.0227066303360581,0.0215769845498135,0.4683544303797468,0.04406364749082,0.0046463160017778,0.0058051140290255,0.3076923076923077,0.0571428571428571,0.0943396226415094,0.0222535211267605,0.0112554112554112
352,TBStack-LR,0,0,TreeStacking,Rename Class,0.0,0.0088735518856297,0.0462143559488692,0.0025862068965517,0.0,0.0001295098550102,0.0059312221973959,0.0147420147420147,0.002008032128514,0.2857142857142857,0.001763668430335,0.0,0.0,0.0060551014229488,0.0024235080278703,0.0,0.0117574257425742,0.0452261306532663,0.0054945054945054,0.0,0.0175438596491228,0.0009082652134423,0.0140449438202247,0.0024220405691795,0.0018181818181818,0.0,0.000438904494382,0.0,0.017286084701815,0.0557350565428109,0.0043715846994535,0.0018975332068311,0.0136986301369863,0.0670967741935483,0.0133212231304874,0.0109216835375599,0.5888888888888889,0.0281517747858017,0.0009524200807502,0.0022868631023434,0.3846153846153846,0.019047619047619,0.0660377358490566,0.0253521126760563,0.0051948051948051
353,TBStack-LR,0,0,TreeStacking,Rename Class,0.0,0.0066551639142223,0.031465093411996,0.0034482758620689,0.0,0.0001410048125555,0.0043671670289045,0.0024570024570024,0.002008032128514,0.1428571428571428,0.0004409171075837,0.0,0.0,0.0039358159249167,0.0018176310209027,0.0,0.0173267326732673,0.0251256281407035,0.0109890109890109,0.0,0.0,0.0018165304268846,0.0234082397003745,0.0,0.0,0.0,0.000438904494382,0.0,0.020743301642178,0.0420032310177706,0.0020296643247462,0.0009487666034155,0.0091324200913242,0.0464516129032258,0.0066606115652437,0.014917421417155,0.4754098360655737,0.02203182374541,0.0009449501193326,0.0012439530062197,0.2307692307692307,0.0095238095238095,0.0377358490566037,0.0171830985915492,0.0095238095238095
354,TBStack-LR,0,0,TreeStacking,Rename Class,0.0137457044673539,0.0313039191520828,0.0491642084562438,0.021551724137931,0.0,0.0,0.0250451951006479,0.0073710073710073,0.0095381526104417,0.2857142857142857,0.0008818342151675,0.0,0.0,0.0051468362095065,0.0030293850348379,0.0,0.0092821782178217,0.0703517587939698,0.0384615384615384,0.0,0.0116959064327485,0.0,0.0056179775280898,0.0003027550711474,0.0018181818181818,0.0126582278481012,0.0053546348314606,0.0042835724994645,0.0319792566983578,0.1025848142164781,0.0132708821233411,0.0037950664136622,0.0410958904109589,0.0984946236559139,0.0217983651226158,0.0687266915290357,0.9122137404580152,0.1150550795593635,0.0041719734517571,0.0034177294716341,0.0769230769230769,0.0952380952380952,0.1037735849056603,0.0738028169014084,0.0337662337662337
355,TBStack-LR,0,0,TreeStacking,Rename Class,0.0,0.001232437761893,0.0088495575221238,0.0,0.0,7.663305030193422e-07,0.0109077613698685,0.0,0.0,0.0476190476190476,0.0004409171075837,0.0,0.0,0.0006055101422948,0.0,0.0,0.0012376237623762,0.0050251256281407,0.0,0.0081967213114754,0.0,0.0,0.0018726591760299,0.0006055101422948,0.0,0.0,0.0,0.0,0.0008643042350907,0.0048465266558966,0.0,0.0018975332068311,0.0,0.0825806451612903,0.0015137753557372,0.0005327650506126,0.0,0.0,0.0,0.0,0.0,0.0,0.0,0.0,0.0
356,TBStack-LR,0,0,TreeStacking,Rename Class,0.0171821305841924,0.0066551639142223,0.0137659783677482,0.0034482758620689,0.0,0.0,0.0034327964087668,0.0024570024570024,0.0007530120481927,0.1904761904761904,0.0,0.0,0.0,0.0030275507114744,0.0021205695243865,0.0,0.0030940594059405,0.0351758793969849,0.0219780219780219,0.0,0.0,0.0009082652134423,0.0009363295880149,0.0009082652134423,0.0,0.0,0.000877808988764,0.0,0.003457216940363,0.029886914378029,0.0018735362997658,0.0009487666034155,0.0091324200913242,0.0378494623655914,0.0072661217075386,0.0053276505061267,0.3666666666666666,0.0085679314565483,0.0221596405454565,0.000113086636929,0.4615384615384615,0.0380952380952381,0.0943396226415094,0.0084507042253521,0.0008658008658008
357,TBStack-LR,0,0,TreeStacking,Rename Class,0.0034364261168384,0.0135568153808232,0.0245821042281219,0.0025862068965517,0.0,3.678386414492843e-05,0.0057890353638967,0.0122850122850122,0.0027610441767068,0.1904761904761904,0.0,0.0,0.0,0.0057523463518013,0.0039382005452893,0.0,0.0099009900990099,0.0954773869346733,0.0384615384615384,0.0,0.0,0.0,0.0084269662921348,0.0006055101422948,0.0,0.0,0.0007900280898876,0.0006425358749196,0.013828867761452,0.0444264943457189,0.0040593286494925,0.0018975332068311,0.0228310502283105,0.064516129032258,0.0154405086285195,0.0138518913159296,0.0,0.0,0.0,0.0,0.0,0.0,0.0,0.0,0.0
358,TBStack-LR,0,0,TreeStacking,Rename Class,0.0034364261168384,0.0347547448853832,0.015732546705998,0.0112068965517241,0.0,0.0010544707721546,0.0142389957547074,0.0368550368550368,0.0138052208835341,0.2857142857142857,0.0255731922398589,0.0,0.0,0.0006055101422948,0.0006058770069675,0.0,0.0327970297029703,0.0050251256281407,0.0109890109890109,0.0,0.0,0.0003027550711474,0.047752808988764,0.0006055101422948,0.0481818181818181,0.0,0.0058813202247191,0.0029985007496251,0.0527225583405358,0.1025848142164781,0.0135831381733021,0.0018975332068311,0.1141552511415525,0.1419354838709677,0.0342113230396609,0.0426212040490143,0.0,0.0,0.0,0.0,0.0,0.0,0.0,0.0,0.0
359,TBStack-LR,0,0,TreeStacking,Rename Class,0.0,0.0382055706186837,0.0973451327433628,0.0051724137931034,0.0,0.0,0.0325607848713209,0.0,0.0017570281124497,0.1428571428571428,0.0030864197530864,0.0,0.0,0.0145322434150772,0.0009088155104513,0.010840108401084,0.0507425742574257,0.2211055276381909,0.0439560439560439,0.0327868852459016,0.0350877192982456,0.0,0.0636704119850187,0.0,0.0,0.0,0.0003511235955056,0.0,0.118409680207433,0.0751211631663974,0.0165495706479313,0.0009487666034155,0.5570776255707762,0.0821505376344086,0.0314865273993339,0.0897709110282365,0.0,0.0,0.0,0.0,0.0,0.0,0.0,0.0,0.0
360,TBStack-LR,0,0,TreeStacking,Rename Class,0.0,0.0004929751047572,0.0058997050147492,0.0,0.0,4.5979830181160536e-06,0.000609372143568,0.0,0.0002510040160642,0.0952380952380952,0.0004409171075837,0.0,0.0,0.0,0.0,0.0,0.0024752475247524,0.0,0.0054945054945054,0.0,0.0058479532163742,0.0,0.0018726591760299,0.0,0.0,0.0,0.0001755617977528,0.0,0.0,0.0121163166397415,0.0009367681498829,0.0009487666034155,0.0,0.0116129032258064,0.0006055101422948,0.0013319126265316,1.0,0.0,7.843459488531741e-05,0.000138217000691,0.0769230769230769,0.0,0.0094339622641509,0.0019718309859154,0.0017316017316017
361,TBStack-LR,0,0,TreeStacking,Rename Class,0.0103092783505154,0.0007394626571358,0.007866273352999,0.0,0.0,0.0,0.0013406187158497,0.0,0.0,0.0952380952380952,0.0,0.0,0.0,0.0009082652134423,0.0,0.0,0.0024752475247524,0.0150753768844221,0.0054945054945054,0.0,0.0,0.0,0.0028089887640449,0.0,0.0,0.0,0.0,0.0,0.0008643042350907,0.0048465266558966,0.0004683840749414,0.0009487666034155,0.0045662100456621,0.0129032258064516,0.0009082652134423,0.0013319126265316,0.9090909090909092,0.0048959608323133,0.0002315688039471,0.0009046930954325,0.1538461538461538,0.0,0.0188679245283018,0.0030985915492957,0.0008658008658008
362,TBStack-LR,0,0,TreeStacking,Rename Class,0.0,0.0,0.0009832841691248,0.0,0.0,0.0,2.031240478560257e-05,0.0,0.0,0.0,0.0,0.0,0.0,0.0,0.0,0.0,0.0006188118811881,0.0,0.0,0.0,0.0,0.0,0.0,0.0,0.0,0.0,0.0,0.0,0.0,0.0,0.0,0.0009487666034155,0.0,0.0008602150537634,0.0,0.0002663825253063,0.72,0.00734394124847,0.0009337451772061,0.0,0.2307692307692307,0.0095238095238095,0.0377358490566037,0.0140845070422535,0.0
363,TBStack-LR,0,0,TreeStacking,Rename Class,0.0,0.013063840276066,0.0127826941986234,0.0034482758620689,0.0,6.054010973852803e-05,0.0044687290528325,0.0073710073710073,0.0027610441767068,0.1904761904761904,0.015432098765432,0.0,0.0,0.0042385709960641,0.004241139048773,0.010840108401084,0.0086633663366336,0.0703517587939698,0.0109890109890109,0.0,0.0,0.0,0.0037453183520599,0.0042385709960641,0.0118181818181818,0.0,0.000877808988764,0.0004283572499464,0.0155574762316335,0.0581583198707592,0.0064012490241998,0.0009487666034155,0.0136986301369863,0.0567741935483871,0.015137753557372,0.0095897709110282,1.0,0.0,0.0014753173799857,0.0,0.0769230769230769,0.0,0.0094339622641509,0.000281690140845,0.0008658008658008
364,TBStack-LR,0,0,TreeStacking,Rename Class,0.0,0.0638402760660586,0.0009832841691248,0.0,0.0,0.0,0.0053421624586134,0.0,0.0032630522088353,0.0476190476190476,0.001763668430335,0.0,0.0,0.0784135634271874,0.0784610724023023,0.0,0.0006188118811881,0.0,0.0054945054945054,0.0,0.0,0.0784135634271874,0.0,0.0784135634271874,0.0,0.0,0.0040379213483146,0.0,0.0,0.0016155088852988,0.033255269320843,0.0009487666034155,0.0,0.0133333333333333,0.0784135634271874,0.0002663825253063,0.0,0.0,0.0,0.0,0.0,0.0,0.0,0.0,0.0
365,TBStack-LR,0,0,TreeStacking,Rename Class,0.0,0.0007394626571358,0.0019665683382497,0.0,0.0,2.758789810869632e-05,0.000710934167496,0.0024570024570024,0.0002510040160642,0.0952380952380952,0.0008818342151675,0.0,0.0,0.0003027550711474,0.0003029385034837,0.0,0.005569306930693,0.0,0.0,0.0,0.0,0.0,0.0074906367041198,0.0,0.0,0.0,0.0002633426966292,0.0,0.006914433880726,0.0040387722132471,0.0012490241998438,0.0009487666034155,0.0,0.0133333333333333,0.0006055101422948,0.0026638252530633,0.0,0.0,0.0,0.0,0.0,0.0,0.0,0.0,0.0
366,TBStack-LR,0,0,TreeStacking,Rename Class,0.0034364261168384,0.0051762385999507,0.0108161258603736,0.0008620689655172,0.0256410256410256,4.138184716304448e-05,0.0027624870508419,0.0024570024570024,0.0012550200803212,0.1428571428571428,0.005731922398589,0.0,0.0,0.0006055101422948,0.0003029385034837,0.0,0.0074257425742574,0.0050251256281407,0.0109890109890109,0.0,0.0,0.0003027550711474,0.0093632958801498,0.0006055101422948,0.0109090909090909,0.0,0.000438904494382,0.0,0.0146931719965427,0.0476575121163166,0.0040593286494925,0.0009487666034155,0.0228310502283105,0.0503225806451612,0.0057523463518013,0.0061267980820458,0.4545454545454545,0.0012239902080783,0.0002801235531618,0.0012565181881007,0.1538461538461538,0.019047619047619,0.0377358490566037,0.0061971830985915,0.0025974025974025
367,TBStack-LR,0,0,TreeStacking,Rename Class,0.0206185567010309,0.0056692137047079,0.0147492625368731,0.0034482758620689,0.0,9.732397388345644e-05,0.0055249741016838,0.0,0.0025100401606425,0.1428571428571428,0.0,0.0,0.0,0.004844081138359,0.0027264465313541,0.0,0.0111386138613861,0.0804020100502512,0.0714285714285714,0.0,0.0,0.0,0.0046816479400749,0.0033303057826218,0.0,0.0,0.0007900280898876,0.0014992503748125,0.0,0.0266558966074313,0.0021857923497267,0.0018975332068311,0.0,0.0498924731182795,0.0072661217075386,0.0077250932338838,1.0,0.0,4.85547492147203e-05,8.795627316705409e-05,0.0769230769230769,0.0,0.0094339622641509,0.0022535211267605,0.0017316017316017
368,TBStack-LR,0,0,TreeStacking,Rename Class,0.0,0.0,0.0,0.0,0.0,0.0,0.0100343279640876,0.0,0.0,0.0,0.0,0.0,0.0,0.0,0.0,0.0,0.0,0.0,0.0,0.0,0.0,0.0,0.0,0.0,0.0,0.0,0.0,0.0,0.0,0.0,0.0,0.0,0.0,0.0,0.0,0.0,0.0,0.0,0.0,0.0,0.0,0.0,0.0,0.0,0.0
369,TBStack-LR,0,0,TreeStacking,Rename Class,0.0,0.0027113630761646,0.0137659783677482,0.0,0.0,0.0,0.0010968698584225,0.0,0.0012550200803212,0.0476190476190476,0.0004409171075837,0.0,0.0,0.0,0.0,0.0,0.0006188118811881,0.0,0.0,0.0,0.0,0.0,0.0009363295880149,0.0,0.0009090909090909,0.0,0.0003511235955056,0.0,0.0,0.0201938610662358,0.0012490241998438,0.0009487666034155,0.0,0.0189247311827957,0.0033303057826218,0.0002663825253063,0.0,0.0,0.0,0.0,0.0,0.0,0.0,0.0,0.0
370,TBStack-LR,0,0,TreeStacking,Rename Class,0.0,0.0014789253142716,0.0255653883972468,0.0,0.0,0.0,0.0024171761694867,0.0,0.0,0.0952380952380952,0.0052910052910052,0.0,0.0,0.0012110202845897,0.0,0.0,0.0018564356435643,0.0,0.0,0.0,0.0,0.0012110202845897,0.0028089887640449,0.0012110202845897,0.0009090909090909,0.0,0.0208040730337078,0.0,0.0,0.0137318255250403,0.0065573770491803,0.0009487666034155,0.0,0.0210752688172043,0.002119285498032,0.0010655301012253,0.44,0.00734394124847,0.0009673600035855,0.0011308663692906,0.2307692307692307,0.0285714285714285,0.0566037735849056,0.0070422535211267,0.0017316017316017
371,TBStack-LR,0,0,TreeStacking,Rename Class,0.0,0.0032043381809218,0.0196656833824975,0.0025862068965517,0.0,0.0004559666492965,0.0047734151246166,0.0024570024570024,0.0002510040160642,0.0476190476190476,0.0246913580246913,0.0,0.0568720379146919,0.0,0.0,0.0,0.0216584158415841,0.0,0.0,0.0,0.0,0.0,0.0149812734082397,0.0,0.02,0.0,0.0006144662921348,0.0,0.0319792566983578,0.0355411954765751,0.0003122560499609,0.0056925996204933,0.0,0.0262365591397849,0.0036330608537693,0.0106553010122535,0.0,0.0,0.0,0.0,0.0,0.0,0.0,0.0,0.0
372,TBStack-LR,0,0,TreeStacking,Rename Class,0.0,0.0,0.0,0.0,0.0,0.0,6.09372143568077e-05,0.0,0.0,0.0476190476190476,0.0,0.0,0.0,0.0,0.0,0.0,0.0006188118811881,0.0,0.0,0.0,0.0,0.0,0.0009363295880149,0.0,0.0,0.0,0.0,0.0,0.0008643042350907,0.0,0.0001561280249804,0.0009487666034155,0.0,0.0021505376344086,0.0,0.0002663825253063,0.78,0.0281517747858017,0.0004369927429324,0.0012439530062197,0.1538461538461538,0.0571428571428571,0.0754716981132075,0.028169014084507,0.0
373,TBStack-LR,0,0,TreeStacking,Rename Class,0.0,0.0007394626571358,0.007866273352999,0.0,0.0,2.1457254084541585e-05,0.0003656232861408,0.0,0.0,0.0,0.0,0.0,0.0,0.0009082652134423,0.0009088155104513,0.0,0.0049504950495049,0.0,0.0,0.0,0.0,0.0009082652134423,0.0074906367041198,0.0009082652134423,0.0,0.0,0.0,0.0,0.0,0.0,0.0004683840749414,0.0009487666034155,0.0,0.0116129032258064,0.0009082652134423,0.0021310602024507,0.0,0.0,0.0,0.0,0.0,0.0,0.0,0.0,0.0
374,TBStack-LR,0,1,TreeStacking,Rename Class,0.0,0.003697313285679,0.0,0.0068965517241379,0.0,4.5979830181160536e-06,0.0010562450488513,0.0,0.0002510040160642,0.1904761904761904,0.0026455026455026,0.0,0.0,0.002119285498032,0.0021205695243865,0.0,0.0030940594059405,0.0100502512562814,0.0054945054945054,0.0,0.0,0.0015137753557372,0.0037453183520599,0.002119285498032,0.0036363636363636,0.0,0.001316713483146,0.0,0.0095073465859982,0.0024232633279483,0.0007806401249024,0.0009487666034155,0.0,0.0150537634408602,0.0045413260672116,0.0050612679808204,0.84,0.0232558139534883,0.0029767796249332,0.008205063768298,0.1538461538461538,0.019047619047619,0.0377358490566037,0.1830985915492957,0.0
375,TBStack-LR,1,1,TreeStacking,Rename Class,0.0103092783505154,0.0046832634951934,0.0137659783677482,0.0025862068965517,0.0,0.0,0.0031890475513396,0.0049140049140049,0.0007530120481927,0.238095238095238,0.0008818342151675,0.0,0.0,0.0027247956403269,0.0012117540139351,0.0,0.0030940594059405,0.0452261306532663,0.0054945054945054,0.0,0.0,0.0,0.0028089887640449,0.0003027550711474,0.0,0.0,0.0007900280898876,0.0,0.0008643042350907,0.0306946688206785,0.0026541764246682,0.0018975332068311,0.0,0.0468817204301075,0.0054495912806539,0.0034629728289824,0.0,0.0,0.0,0.0,0.0,0.0,0.0,0.0,0.0
376,TBStack-LR,1,1,TreeStacking,Rename Class,0.0068728522336769,0.02119792950456,0.0403146509341199,0.0146551724137931,0.0,0.0001854519817306,0.0122280676809327,0.0073710073710073,0.0005020080321285,0.238095238095238,0.0008818342151675,0.0,0.0,0.0057523463518013,0.0024235080278703,0.0,0.0154702970297029,0.0904522613065326,0.0329670329670329,0.0081967213114754,0.0175438596491228,0.0,0.0149812734082397,0.0024220405691795,0.0,0.0,0.0009655898876404,0.0006425358749196,0.0121002592912705,0.0872374798061389,0.0020296643247462,0.0379506641366223,0.0136986301369863,0.1049462365591397,0.0157432636996669,0.0285029302077783,0.35,0.0709914320685434,0.0025472568434184,0.0035685116542061,0.3846153846153846,0.1714285714285714,0.2169811320754716,0.028169014084507,0.0051948051948051
377,TBStack-LR,1,1,TreeStacking,Rename Class,0.0137457044673539,0.0029578506285432,0.0245821042281219,0.0,0.0,9.962296539251448e-05,0.0037374824805508,0.0,0.0002510040160642,0.0952380952380952,0.0,0.0,0.0,0.0003027550711474,0.0,0.0,0.010519801980198,0.0,0.0384615384615384,0.0,0.0,0.0,0.0074906367041198,0.0,0.0,0.0,0.0005266853932584,0.0002141786249732,0.010371650821089,0.0169628432956381,0.0015612802498048,0.0018975332068311,0.0,0.0533333333333333,0.0036330608537693,0.0050612679808204,0.0,0.0,0.0,0.0,0.0,0.0,0.0,0.0,0.0
378,TBStack-LR,1,1,TreeStacking,Rename Class,0.0446735395189003,0.0073946265713581,0.0176991150442477,0.0,0.0,1.3027618551328815e-05,0.0075765269850297,0.0,0.0005020080321285,0.0952380952380952,0.0,0.0,0.0,0.0012110202845897,0.0,0.0,0.0043316831683168,0.0201005025125628,0.0,0.0,0.0,0.0,0.0065543071161048,0.0003027550711474,0.0,0.0,0.0005266853932584,0.0004283572499464,0.0051858254105445,0.0153473344103392,0.0,0.0018975332068311,0.0,0.0580645161290322,0.0090826521344232,0.002397442727757,0.5,0.0048959608323133,0.0014790523606945,0.0002764340013821,0.4615384615384615,0.0,0.0566037735849056,0.0050704225352112,0.0008658008658008
379,TBStack-LR,1,1,TreeStacking,Rename Class,0.0,0.0138033029332018,0.0108161258603736,0.0198275862068965,0.0,2.1457254084541585e-05,0.0078405882472425,0.0319410319410319,0.0007530120481927,0.4285714285714285,0.0008818342151675,0.0,0.0,0.0030275507114744,0.0027264465313541,0.0,0.0074257425742574,0.0301507537688442,0.0219780219780219,0.0,0.0,0.0012110202845897,0.0074906367041198,0.0015137753557372,0.0018181818181818,0.0,0.0035990168539325,0.0002141786249732,0.0086430423509075,0.0331179321486268,0.0006245120999219,0.0037950664136622,0.0,0.0498924731182795,0.010293672419013,0.0170484816196057,0.6666666666666666,0.0024479804161566,0.0010980843283944,0.000113086636929,0.2307692307692307,0.0,0.0283018867924528,0.0016901408450704,0.0008658008658008
380,TBStack-LR,1,1,TreeStacking,Rename Class,0.0,0.0051762385999507,0.0039331366764995,0.0,0.0,1.0728627042270793e-05,0.0015640551684913,0.0,0.001004016064257,0.0952380952380952,0.0008818342151675,0.0,0.0,0.0027247956403269,0.0006058770069675,0.0,0.0049504950495049,0.0452261306532663,0.0,0.0,0.0292397660818713,0.0,0.0028089887640449,0.0,0.0,0.0,0.0023700842696629,0.0,0.0025929127052722,0.0137318255250403,0.0009367681498829,0.0009487666034155,0.0,0.0223655913978494,0.0027247956403269,0.002397442727757,0.0,0.0,0.0,0.0,0.0,0.0,0.0,0.0,0.0
381,TBStack-LR,1,1,TreeStacking,Rename Class,0.0549828178694158,0.0241557801331032,0.0501474926253687,0.0198275862068965,0.0,5.134414370229593e-05,0.0373341999959375,0.0073710073710073,0.002008032128514,0.2857142857142857,0.0044091710758377,0.0,0.0,0.0096881622767181,0.0063617085731596,0.0,0.0142326732673267,0.1608040201005025,0.0439560439560439,0.0,0.0,0.0,0.0140449438202247,0.004844081138359,0.0018181818181818,0.0,0.0043012640449438,0.001927607624759,0.0224719101123595,0.1195476575121163,0.004527712724434,0.0332068311195445,0.0091324200913242,0.166021505376344,0.0211928549803209,0.0324986680873734,0.375,0.055079559363525,0.0104392710811648,0.00660928566941,0.3846153846153846,0.0285714285714285,0.0754716981132075,0.0315492957746478,0.0051948051948051
382,TBStack-LR,1,1,TreeStacking,Rename Class,0.0,0.0,0.0039331366764995,0.0,0.0,0.0,2.031240478560257e-05,0.0,0.0,0.0,0.0,0.0,0.0,0.0,0.0,0.0,0.0006188118811881,0.0,0.0,0.0,0.0,0.0,0.0,0.0,0.0,0.0,0.0,0.0,0.0,0.0,0.0,0.0009487666034155,0.0,0.003010752688172,0.0,0.0002663825253063,0.0,0.0,0.0,0.0,0.0,0.0,0.0,0.0,0.0
383,TBStack-LR,1,1,TreeStacking,Rename Class,0.0,0.0128173527236874,0.007866273352999,0.0086206896551724,0.0,2.069092358152224e-05,0.0038187320996932,0.0049140049140049,0.0027610441767068,0.1428571428571428,0.0035273368606701,0.0,0.0,0.004844081138359,0.0036352620418055,0.0,0.0092821782178217,0.0753768844221105,0.0439560439560439,0.0,0.0,0.0,0.0056179775280898,0.0027247956403269,0.0018181818181818,0.0,0.0053546348314606,0.0017134289997858,0.0129645635263612,0.0250403877221324,0.0017174082747853,0.0009487666034155,0.0,0.043010752688172,0.0108991825613079,0.0127863612147043,0.0,0.0,0.0,0.0,0.0,0.0,0.0,0.0,0.0
384,TBStack-LR,1,1,TreeStacking,Rename Class,0.0,0.0009859502095144,0.0009832841691248,0.0,0.0,0.0,0.0003453108813552,0.0,0.0,0.0476190476190476,0.0,0.0,0.0,0.0006055101422948,0.0,0.0,0.0024752475247524,0.0,0.0,0.0163934426229508,0.0,0.0,0.0037453183520599,0.0,0.0,0.0,0.0003511235955056,0.0,0.0017286084701815,0.0,0.0,0.0009487666034155,0.0,0.0038709677419354,0.0006055101422948,0.0010655301012253,0.0,0.0,0.0,0.0,0.0,0.0,0.0,0.0,0.0
385,TBStack-LR,1,1,TreeStacking,Rename Class,0.0,0.0310574315997042,0.0186823992133726,0.0008620689655172,0.0,7.586671979891487e-05,0.008531210009953,0.0,0.0047690763052208,0.238095238095238,0.0004409171075837,0.0,0.0,0.0003027550711474,0.0003029385034837,0.0,0.0092821782178217,0.0,0.0,0.0,0.0,0.0003027550711474,0.0140449438202247,0.0003027550711474,0.0,0.0,0.0003511235955056,0.0002141786249732,0.0008643042350907,0.0492730210016155,0.0218579234972677,0.0009487666034155,0.0091324200913242,0.050752688172043,0.033605812897366,0.0261054874800213,0.3076923076923077,0.0012239902080783,0.0019982146792211,0.0001884777282151,0.3846153846153846,0.0,0.0471698113207547,0.0036619718309859,0.0008658008658008
386,TBStack-LR,1,1,TreeStacking,Rename Class,0.0,0.3238846438254868,0.0648967551622418,0.0629310344827586,0.0,0.001823100266683,0.0874855274115902,0.1031941031941031,0.0351405622489959,0.7142857142857142,0.1009700176366843,0.0,0.0,0.0242204056917953,0.021811572250833,0.0,0.0563118811881188,0.3919597989949749,0.0824175824175824,0.0081967213114754,0.0935672514619883,0.0,0.0561797752808988,0.0224038752649106,0.0018181818181818,0.0,0.0333567415730337,0.0672520882415934,0.0224719101123595,0.3053311793214863,0.1358313817330211,0.01707779886148,0.1872146118721461,0.2202150537634408,0.2824704813805631,0.1742141715503463,0.5555555555555556,0.0134638922888616,0.0005116923571089,0.0019476031915561,0.2307692307692307,0.0380952380952381,0.0660377358490566,0.0101408450704225,0.0129870129870129
387,TBStack-LR,1,1,TreeStacking,Rename Class,0.0309278350515463,0.0613754005422726,0.0707964601769911,0.0232758620689655,0.0,0.0094143702295926,0.0393045032601409,0.054054054054054,0.0075301204819277,0.3809523809523809,0.0004409171075837,0.0,0.0,0.0105964274901604,0.0045440775522568,0.0,0.0983910891089109,0.0804020100502512,0.0384615384615384,0.0,0.0994152046783625,0.0,0.1235955056179775,0.0060551014229488,0.0045454545454545,0.0,0.008690308988764,0.0124223602484472,0.125324114088159,0.1841680129240711,0.0037470725995316,0.00853889943074,0.1141552511415525,0.1913978494623656,0.0566151983045716,0.0892381459776238,0.0,0.0,0.0,0.0,0.0,0.0,0.0,0.0,0.0
388,TBStack-LR,1,0,TreeStacking,Rename Class,0.0034364261168384,0.0160216909046093,0.0226155358898721,0.0043103448275862,0.0,8.736167734420501e-05,0.0041437305762629,0.0221130221130221,0.001004016064257,0.1428571428571428,0.0070546737213403,0.0,0.0,0.0009082652134423,0.0,0.0,0.0099009900990099,0.0150753768844221,0.0219780219780219,0.0,0.0,0.0,0.0112359550561797,0.0,0.0118181818181818,0.0,0.0012289325842696,0.0004283572499464,0.0216076058772687,0.048465266558966,0.0004683840749414,0.0018975332068311,0.0,0.0494623655913978,0.0187708144111413,0.0127863612147043,0.7307692307692307,0.0097919216646266,0.0013221831709239,0.0006031287302883,0.1538461538461538,0.0,0.0188679245283018,0.0073239436619718,0.0025974025974025
389,TBStack-LR,1,1,TreeStacking,Rename Class,0.0,0.0009859502095144,0.0049164208456243,0.0,0.0,2.2989915090580268e-06,0.000710934167496,0.0,0.0002510040160642,0.1428571428571428,0.0,0.0,0.0,0.0,0.0,0.0,0.0018564356435643,0.0,0.0,0.0,0.0116959064327485,0.0,0.0009363295880149,0.0,0.0,0.0,0.0,0.0,0.0017286084701815,0.0088852988691437,0.0004683840749414,0.0009487666034155,0.0,0.0098924731182795,0.0012110202845897,0.002397442727757,0.28,0.0122399020807833,0.0127250792749655,1.2565181881007728e-05,0.3076923076923077,0.0666666666666666,0.1037735849056603,0.0140845070422535,0.0
390,TBStack-LR,1,1,TreeStacking,Rename Class,0.0,0.0350012324377618,0.0,0.0017241379310344,0.0,0.0,0.0029249862891267,0.0,0.0,0.0476190476190476,0.0,0.0,0.0,0.0423857099606418,0.0003029385034837,0.0,0.0,0.0050251256281407,0.0,0.0,0.0,0.0402664244626097,0.0,0.0423857099606418,0.0,0.0,0.0043890449438202,0.0004283572499464,0.0,0.0,0.0001561280249804,0.0009487666034155,0.0,0.0972043010752688,0.0423857099606418,0.0002663825253063,0.0,0.0,0.0,0.0,0.0,0.0,0.0,0.0,0.0
391,TBStack-LR,1,1,TreeStacking,Rename Class,0.0,0.0002464875523786,0.0029498525073746,0.0,0.0,7.663305030193422e-07,0.0002437488574272,0.0,0.0,0.0476190476190476,0.0,0.0,0.0,0.0003027550711474,0.0003029385034837,0.005420054200542,0.0018564356435643,0.0050251256281407,0.0,0.0,0.0,0.0,0.0028089887640449,0.0,0.0,0.0,0.0,0.0,0.0017286084701815,0.0008077544426494,0.0,0.0009487666034155,0.0,0.0034408602150537,0.0003027550711474,0.000799147575919,0.72,0.00734394124847,0.0038470301300893,1.2565181881007728e-05,0.2307692307692307,0.0095238095238095,0.0377358490566037,0.0140845070422535,0.0
392,TBStack-LR,1,1,TreeStacking,Rename Class,0.0,0.0120778900665516,0.0412979351032448,0.0051724137931034,0.0,3.2952211629831713e-05,0.0053015376490422,0.0196560196560196,0.0,0.238095238095238,0.0035273368606701,0.0,0.0,0.0006055101422948,0.0006058770069675,0.0,0.0061881188118811,0.0100502512562814,0.0164835164835164,0.0,0.0,0.0,0.0028089887640449,0.0,0.0027272727272727,0.0,0.0,0.0004283572499464,0.0129645635263612,0.0581583198707592,0.0006245120999219,0.0028462998102466,0.0273972602739726,0.061505376344086,0.0139267332727823,0.0103889184869472,0.1666666666666666,0.0085679314565483,0.0010906143669767,0.0005528680027643,0.6153846153846154,0.0476190476190476,0.1226415094339622,0.0084507042253521,0.0051948051948051
393,TBStack-LR,1,1,TreeStacking,Rename Class,0.0,0.0256347054473749,0.039331366764995,0.0267241379310344,0.0,1.9158262575483554e-05,0.0123499421096463,0.0196560196560196,0.0025100401606425,0.2857142857142857,0.0008818342151675,0.0,0.0,0.0015137753557372,0.0003029385034837,0.0,0.0086633663366336,0.0201005025125628,0.0549450549450549,0.0,0.0,0.0,0.0037453183520599,0.0003027550711474,0.0018181818181818,0.0,0.0005266853932584,0.0006425358749196,0.0155574762316335,0.1082390953150242,0.0028103044496487,0.0009487666034155,0.045662100456621,0.075268817204301,0.0245231607629427,0.0388918486947256,0.5813953488372093,0.011015911872705,0.0023679777693948,0.0011811270968147,0.2307692307692307,0.0095238095238095,0.0377358490566037,0.012112676056338,0.0086580086580086
394,TBStack-LR,1,1,TreeStacking,Rename Class,0.0068728522336769,0.002464875523786,0.0196656833824975,0.0008620689655172,0.0,0.0,0.0012593690967073,0.0,0.0,0.0952380952380952,0.0,0.0,0.0,0.0015137753557372,0.0003029385034837,0.0,0.0037128712871287,0.0201005025125628,0.0,0.0,0.0,0.0003027550711474,0.0056179775280898,0.0003027550711474,0.0,0.0,0.0001755617977528,0.0,0.0051858254105445,0.0008077544426494,0.0,0.0009487666034155,0.0,0.0232258064516129,0.002119285498032,0.0018646776771443,0.0,0.0,0.0,0.0,0.0,0.0,0.0,0.0,0.0
395,TBStack-LR,1,1,TreeStacking,Rename Class,0.0,0.0,0.0068829891838741,0.0,0.0,7.663305030193422e-07,0.0002843736669984,0.0,0.0,0.0476190476190476,0.0004409171075837,0.0,0.0,0.0,0.0,0.0,0.0012376237623762,0.0,0.0054945054945054,0.0,0.0,0.0,0.0009363295880149,0.0,0.0009090909090909,0.0,0.0,0.0,0.0008643042350907,0.0008077544426494,0.0,0.0009487666034155,0.0,0.0017204301075268,0.0,0.0005327650506126,0.0,0.0,0.0,0.0,0.0,0.0,0.0,0.0,0.0
396,TBStack-LR,1,1,TreeStacking,Rename Class,0.0,0.0071481390189795,0.0019665683382497,0.0,0.0,0.0,0.0006296845483536,0.0,0.0,0.0,0.0,0.0,0.0,0.0087798970632758,0.0087852166010299,0.0,0.0,0.0,0.0,0.0,0.0,0.0087798970632758,0.0,0.0087798970632758,0.0,0.0,0.0,0.0,0.0,0.0008077544426494,0.004527712724434,0.0009487666034155,0.0,0.010752688172043,0.0087798970632758,0.0,0.3666666666666666,0.0501835985312117,0.0345747164215896,0.0003266947289062,0.3076923076923077,0.2,0.2358490566037736,0.0422535211267605,0.0
397,TBStack-LR,1,1,TreeStacking,Rename Class,0.0309278350515463,0.0029578506285432,0.0255653883972468,0.0008620689655172,0.0,0.0,0.0051187260059718,0.0,0.003012048192771,0.1428571428571428,0.0,0.0,0.0,0.0036330608537693,0.0033323235383217,0.0,0.0006188118811881,0.0603015075376884,0.0054945054945054,0.0,0.0,0.0,0.0,0.0036330608537693,0.0009090909090909,0.0,0.000438904494382,0.0,0.0025929127052722,0.0121163166397415,0.0123341139734582,0.0018975332068311,0.0,0.104516129032258,0.0036330608537693,0.0013319126265316,0.0,0.0,0.0,0.0,0.0,0.0,0.0,0.0,0.0
398,TBStack-LR,1,1,TreeStacking,Rename Class,0.0034364261168384,0.1338427409415824,0.1956735496558505,0.1336206896551724,0.0,0.001786316402538,0.0584997257825353,0.1081081081081081,0.053714859437751,0.2857142857142857,0.005731922398589,0.0,0.0,0.0181653042688465,0.0006058770069675,0.0,0.0662128712871287,0.0150753768844221,0.0439560439560439,0.0081967213114754,0.1111111111111111,0.0,0.0749063670411985,0.0006055101422948,0.0,0.0,0.0059691011235955,0.0077104304990361,0.1071737251512532,0.3489499192245557,0.0771272443403591,0.0018975332068311,0.182648401826484,0.2894623655913979,0.1329094762337269,0.1680873734683004,0.296,0.5177478580171359,0.0350453239909015,0.0204435509203995,0.3076923076923077,0.4285714285714286,0.4622641509433962,0.2464788732394366,0.2588744588744588
399,TBStack-LR,1,1,TreeStacking,Rename Class,0.0,0.0029578506285432,0.0176991150442477,0.0,0.0,3.0653220120773688e-06,0.001787491621133,0.0,0.0,0.0952380952380952,0.0008818342151675,0.0,0.0,0.0012110202845897,0.0,0.0,0.0074257425742574,0.0201005025125628,0.0,0.0,0.0058479532163742,0.0,0.0102996254681647,0.0,0.0,0.0,0.0,0.0010708931248661,0.0086430423509075,0.011308562197092,0.0007806401249024,0.0009487666034155,0.0,0.0262365591397849,0.0030275507114744,0.0050612679808204,0.0,0.0,0.0,0.0,0.0,0.0,0.0,0.0,0.0
400,TBStack-LR,1,1,TreeStacking,Rename Class,0.0171821305841924,0.0044367759428148,0.0245821042281219,0.0,0.0,9.962296539251447e-06,0.0189108488553959,0.0049140049140049,0.0,0.1428571428571428,0.0004409171075837,0.0,0.0,0.0009082652134423,0.0009088155104513,0.0,0.0037128712871287,0.0150753768844221,0.0109890109890109,0.0,0.0,0.0,0.0037453183520599,0.0006055101422948,0.0036363636363636,0.0,0.0001755617977528,0.0,0.0043215211754537,0.011308562197092,0.0024980483996877,0.0265654648956356,0.0,0.1083870967741935,0.0024220405691795,0.003196590303676,0.4358974358974359,0.011015911872705,0.003768595535204,0.0008795627316705,0.5384615384615385,0.0095238095238095,0.0754716981132075,0.0109859154929577,0.0008658008658008
401,TBStack-LR,1,1,TreeStacking,Rename Class,0.0,0.0046832634951934,0.0019665683382497,0.0,0.0,4.0615516660025137e-05,0.0018078040259186,0.0,0.003012048192771,0.0952380952380952,0.0004409171075837,0.0,0.0,0.0027247956403269,0.0009088155104513,0.0,0.0086633663366336,0.0452261306532663,0.0,0.0,0.0,0.0,0.0131086142322097,0.0,0.0,0.0,0.0,0.0,0.010371650821089,0.0088852988691437,0.0039032006245121,0.0009487666034155,0.0045662100456621,0.024516129032258,0.004844081138359,0.0042621204049014,0.8965853658536586,0.0012239902080783,0.008157197868073,0.0257334924923038,0.1538461538461538,0.0380952380952381,0.0566037735849056,0.5774647887323944,0.0
402,TBStack-LR,1,1,TreeStacking,Rename Class,0.0068728522336769,0.001232437761893,0.007866273352999,0.0,0.0,9.962296539251448e-05,0.0067234059840344,0.0,0.0007530120481927,0.0476190476190476,0.0004409171075837,0.0,0.0,0.0009082652134423,0.0003029385034837,0.0,0.010519801980198,0.0150753768844221,0.0,0.0,0.0116959064327485,0.0,0.0140449438202247,0.0003027550711474,0.0,0.0,0.0001755617977528,0.0027843221246519,0.0077787381158167,0.0153473344103392,0.0010928961748633,0.0018975332068311,0.0,0.0443010752688172,0.0009082652134423,0.0045285029302077,0.4556962025316455,0.0391676866585067,0.0064577816455578,0.0118364013319092,0.1538461538461538,0.0380952380952381,0.0566037735849056,0.0222535211267605,0.1021645021645021
403,TBStack-LR,1,1,TreeStacking,Rename Class,0.0,0.0192260290855311,0.0462143559488692,0.0043103448275862,0.0,6.89697452717408e-06,0.0059312221973959,0.0098280098280098,0.0007530120481927,0.238095238095238,0.0008818342151675,0.0,0.0,0.0006055101422948,0.0006058770069675,0.0,0.0043316831683168,0.0100502512562814,0.0219780219780219,0.0,0.0058479532163742,0.0,0.0018726591760299,0.0003027550711474,0.0018181818181818,0.0,0.0,0.0,0.006914433880726,0.1421647819063005,0.0024980483996877,0.0018975332068311,0.0,0.0683870967741935,0.0202845897668785,0.0133191262653169,0.2771084337349397,0.0232558139534883,0.0023082180780536,0.00174656028146,0.3846153846153846,0.219047619047619,0.2641509433962264,0.0233802816901408,0.006060606060606
404,TBStack-LR,1,1,TreeStacking,Rename Class,0.0,0.0152822282474735,0.0206489675516224,0.0043103448275862,0.0,2.2989915090580263e-05,0.0053421624586134,0.0049140049140049,0.0017570281124497,0.238095238095238,0.0013227513227513,0.0,0.0,0.0015137753557372,0.0009088155104513,0.0,0.0074257425742574,0.0251256281407035,0.0329670329670329,0.0,0.0,0.0,0.0056179775280898,0.0003027550711474,0.0009090909090909,0.0,0.0005266853932584,0.0006425358749196,0.0086430423509075,0.0508885298869143,0.0015612802498048,0.0018975332068311,0.0319634703196347,0.050752688172043,0.0130184680593399,0.0114544485881726,0.0,0.0,0.0,0.0,0.0,0.0,0.0,0.0,0.0
405,TBStack-LR,1,1,TreeStacking,Rename Class,0.0,0.0179935913236381,0.031465093411996,0.0129310344827586,0.0,0.0006069337583913,0.0101968272023724,0.0098280098280098,0.0005020080321285,0.1904761904761904,0.0013227513227513,0.0211267605633802,0.0,0.0057523463518013,0.0039382005452893,0.0,0.0278465346534653,0.050251256281407,0.0054945054945054,0.0655737704918032,0.0,0.0003027550711474,0.0402621722846441,0.0006055101422948,0.0036363636363636,0.0,0.0015800561797752,0.0,0.0432152117545375,0.0767366720516962,0.0024980483996877,0.0018975332068311,0.0593607305936073,0.0567741935483871,0.0166515289131092,0.028236547682472,0.6666666666666666,0.0048959608323133,0.0010233847142179,0.0003392599107872,0.1538461538461538,0.019047619047619,0.0377358490566037,0.0092957746478873,0.0095238095238095
406,TBStack-LR,1,1,TreeStacking,Rename Class,0.0,0.0,0.0127826941986234,0.0,0.0,0.0002298991509058,0.0012593690967073,0.0,0.0,0.0476190476190476,0.0013227513227513,0.0,0.0710900473933649,0.0,0.0,0.0,0.0154702970297029,0.0,0.0,0.0,0.0,0.0,0.0,0.0,0.0,0.0,0.0,0.0,0.0129645635263612,0.0153473344103392,0.0,0.0009487666034155,0.0,0.0124731182795698,0.0,0.0066595631326584,0.0,0.0,0.0,0.0,0.0,0.0,0.0,0.0,0.0
407,TBStack-LR,1,1,TreeStacking,Rename Class,0.0,0.0022183879714074,0.0029498525073746,0.0008620689655172,0.0,0.0,0.0008124961914241,0.0,0.0,0.0952380952380952,0.001763668430335,0.0,0.0,0.0009082652134423,0.0,0.0,0.0012376237623762,0.0150753768844221,0.0,0.0,0.0,0.0,0.0018726591760299,0.0,0.0,0.0,0.0012289325842696,0.0,0.0008643042350907,0.0080775444264943,0.0,0.0009487666034155,0.0,0.0090322580645161,0.0027247956403269,0.000799147575919,0.0,0.0,0.0,0.0,0.0,0.0,0.0,0.0,0.0
408,TBStack-LR,1,1,TreeStacking,Rename Class,0.0,0.01059896475228,0.0088495575221238,0.0,0.0,0.0003134291757349,0.0079015254615993,0.0,0.0005020080321285,0.1428571428571428,0.0004409171075837,0.0,0.0,0.0093854072055706,0.0081793395940624,0.0,0.0185643564356435,0.0201005025125628,0.1208791208791209,0.0,0.023391812865497,0.0081743869209809,0.0037453183520599,0.0087798970632758,0.0036363636363636,0.0,0.0028967696629213,0.0017134289997858,0.0449438202247191,0.0403877221324717,0.0014051522248243,0.0028462998102466,0.0182648401826484,0.0593548387096774,0.0127157129881925,0.0175812466702184,0.0,0.0,0.0,0.0,0.0,0.0,0.0,0.0,0.0
409,TBStack-LR,1,1,TreeStacking,Rename Class,0.0,0.0056692137047079,0.0098328416912487,0.0,0.0,6.590442325966343e-05,0.00337185919441,0.0098280098280098,0.001004016064257,0.0952380952380952,0.0004409171075837,0.0,0.0,0.0033303057826218,0.0,0.0,0.0099009900990099,0.0,0.0,0.0901639344262295,0.0116959064327485,0.0,0.0131086142322097,0.0,0.0,0.0,0.0007022471910112,0.0,0.0060501296456352,0.0250403877221324,0.0010928961748633,0.0018975332068311,0.0,0.0335483870967741,0.0051468362095065,0.0053276505061267,0.0,0.0,0.0,0.0,0.0,0.0,0.0,0.0,0.0
410,TBStack-LR,1,1,TreeStacking,Rename Class,0.0756013745704467,0.0946512201133842,0.1553588987217306,0.0327586206896551,0.0,0.0069851025350213,0.0470435294834555,0.0196560196560196,0.0404116465863453,0.238095238095238,0.013668430335097,0.0,0.0,0.041174689676052,0.0296879733414116,0.0,0.0903465346534653,0.2462311557788944,0.0604395604395604,0.0,0.0,0.0166515289131092,0.1207865168539325,0.015137753557372,0.0018181818181818,0.0886075949367088,0.0114115168539325,0.0070678946241165,0.1305099394987035,0.2229402261712439,0.0702576112412178,0.0037950664136622,0.1917808219178082,0.3049462365591397,0.0962761126248864,0.1150772509323388,0.627906976744186,0.2839657282741737,0.0149585977388426,0.0152541308035433,0.2307692307692307,0.1428571428571428,0.1698113207547169,0.2180281690140845,0.1168831168831168
411,TBStack-LR,1,1,TreeStacking,Rename Class,0.0068728522336769,0.0157752033522307,0.0914454277286135,0.0008620689655172,0.173076923076923,1.762560156944487e-05,0.009810891511446,0.0147420147420147,0.0012550200803212,0.1904761904761904,0.0035273368606701,0.0,0.0,0.0051468362095065,0.0051499545592244,0.0,0.0092821782178217,0.0402010050251256,0.0109890109890109,0.0,0.0116959064327485,0.0027247956403269,0.0093632958801498,0.0030275507114744,0.0009090909090909,0.0126582278481012,0.0002633426966292,0.0002141786249732,0.0121002592912705,0.0888529886914378,0.0073380171740827,0.0009487666034155,0.0228310502283105,0.0817204301075268,0.0187708144111413,0.0122535961640916,0.2962962962962963,0.0269277845777233,0.0008216957559414,0.0015706477351259,0.4615384615384615,0.0952380952380952,0.1509433962264151,0.0304225352112676,0.0025974025974025
412,TBStack-LR,1,1,TreeStacking,Rename Class,0.0,0.0187330539807739,0.0255653883972468,0.0155172413793103,0.0,0.0001026882874045,0.0111108854177246,0.0343980343980344,0.0090361445783132,0.238095238095238,0.0022045855379188,0.0,0.0,0.0039358159249167,0.0015146925174189,0.0,0.0247524752475247,0.0653266331658291,0.0494505494505494,0.0,0.0,0.0,0.0290262172284644,0.0006055101422948,0.0,0.0,0.0016678370786516,0.0004283572499464,0.0363007778738115,0.0710823909531502,0.0124902419984387,0.0009487666034155,0.0730593607305936,0.0739784946236559,0.0160460187708144,0.0391582312200319,0.4117647058823529,0.0097919216646266,0.0002016889582765,0.000150782182572,0.3846153846153846,0.0,0.0471698113207547,0.0047887323943661,0.0025974025974025
413,TBStack-LR,1,1,TreeStacking,Rename Class,0.0,0.0,0.0,0.0,0.0,0.0,0.0007921837866385,0.0,0.0,0.0,0.0,0.0,0.0,0.0,0.0,0.0,0.0,0.0,0.0,0.0,0.0,0.0,0.0,0.0,0.0,0.0,0.0,0.0,0.0,0.0,0.0,0.0,0.0,0.0,0.0,0.0,0.0,0.0,0.0,0.0,0.0,0.0,0.0,0.0,0.0
414,TBStack-LR,1,1,TreeStacking,Rename Class,0.0,0.0002464875523786,0.0088495575221238,0.0,0.0,0.0,0.0006296845483536,0.0,0.0,0.0,0.0,0.0070422535211267,0.0,0.0003027550711474,0.0003029385034837,0.0,0.0006188118811881,0.0,0.0,0.0,0.0,0.0003027550711474,0.0009363295880149,0.0003027550711474,0.0,0.0,0.0,0.0,0.0,0.0,0.0,0.0028462998102466,0.0,0.0124731182795698,0.0003027550711474,0.0002663825253063,0.0,0.0,0.0,0.0,0.0,0.0,0.0,0.0,0.0
415,TBStack-LR,1,1,TreeStacking,Rename Class,0.0,0.0128173527236874,0.0108161258603736,0.0,0.0,0.0,0.003473421218338,0.0,0.0,0.0476190476190476,0.0,0.0,0.0,0.0157432636996669,0.0,0.0,0.0006188118811881,0.0,0.0,0.0,0.0,0.0157432636996669,0.0009363295880149,0.0157432636996669,0.0009090909090909,0.0,0.0001755617977528,0.0,0.0,0.0121163166397415,0.0246682279469164,0.0009487666034155,0.0,0.0344086021505376,0.0157432636996669,0.0002663825253063,0.9824561403508772,0.0024479804161566,0.0006947064118413,0.0006533894578124,0.0769230769230769,0.0095238095238095,0.0188679245283018,0.016056338028169,0.0008658008658008
416,TBStack-LR,1,1,TreeStacking,Rename Class,0.0,0.0,0.0019665683382497,0.0,0.0,0.0268062409956165,0.0107655745363693,0.0,0.0,0.0,0.0,0.0,0.0,0.0,0.0,0.0,0.1639851485148515,0.0,0.0,0.0,0.0,0.0,0.0,0.0,0.0,0.0,0.0,0.0,0.0,0.0,0.0412177985948477,0.0009487666034155,0.0,0.1101075268817204,0.0,0.07059136920618,0.0,0.0,0.0,0.0,0.0,0.0,0.0,0.0,0.0
417,TBStack-LR,1,1,TreeStacking,Rename Class,0.0,0.131624352970175,0.0019665683382497,0.0,0.0,0.0,0.0109077613698685,0.0,0.0346385542168674,0.0,0.0,0.0,0.0,0.1616712079927338,0.0,0.0,0.0,0.0,0.0,0.0,0.0,0.0,0.0,0.0,0.0,0.0,0.000438904494382,0.0,0.0,0.0048465266558966,0.1244340359094457,0.0009487666034155,0.0,0.0404301075268817,0.1616712079927338,0.0,0.73,0.0416156670746633,0.0052962026451133,0.0014449959163158,0.2307692307692307,0.019047619047619,0.0471698113207547,0.028169014084507,0.0
418,TBStack-LR,1,1,TreeStacking,Rename Class,0.0,0.0039438008380576,0.0049164208456243,0.0034482758620689,0.0,8.046470281703093e-05,0.0016656171924194,0.0024570024570024,0.0025100401606425,0.0952380952380952,0.0026455026455026,0.0,0.0,0.0,0.0,0.035230352303523,0.0092821782178217,0.0,0.0,0.0,0.0,0.0,0.0140449438202247,0.0,0.0009090909090909,0.0,0.0011411516853932,0.0004283572499464,0.0190146931719965,0.0072697899838449,0.0,0.0009487666034155,0.0,0.0202150537634408,0.0033303057826218,0.0069259456579648,1.0,0.0,7.469961417649278e-06,0.0004020858201922,0.0769230769230769,0.0,0.0094339622641509,0.0008450704225352,0.0025974025974025
419,TBStack-LR,1,1,TreeStacking,Rename Class,0.0103092783505154,0.0071481390189795,0.0294985250737463,0.0025862068965517,0.0,0.0004306777426968,0.0054843492921126,0.0024570024570024,0.0,0.1428571428571428,0.0004409171075837,0.0140845070422535,0.0,0.0045413260672116,0.0009088155104513,0.0,0.0222772277227722,0.0753768844221105,0.0384615384615384,0.0,0.0292397660818713,0.0,0.0224719101123595,0.0003027550711474,0.0009090909090909,0.0,0.0002633426966292,0.0002141786249732,0.017286084701815,0.0565428109854604,0.0006245120999219,0.0009487666034155,0.0,0.043010752688172,0.007568876778686,0.0133191262653169,0.4545454545454545,0.0048959608323133,0.0010159147528003,0.000113086636929,0.3076923076923077,0.0,0.0377358490566037,0.0030985915492957,0.0034632034632034
420,TBStack-LR,1,1,TreeStacking,Rename Class,0.0,0.0182400788760167,0.0599803343166175,0.0043103448275862,0.0,1.3027618551328815e-05,0.0114358838942942,0.0221130221130221,0.002008032128514,0.238095238095238,0.0,0.0,0.0,0.0024220405691795,0.0018176310209027,0.0,0.0191831683168316,0.0402010050251256,0.0439560439560439,0.0,0.0350877192982456,0.0,0.0159176029962546,0.0003027550711474,0.0,0.0,8.778089887640449e-05,0.0004283572499464,0.0388936905790838,0.0864297253634895,0.0059328649492583,0.0018975332068311,0.0593607305936073,0.0761290322580645,0.0172570390554041,0.0356952583910495,0.7457627118644068,0.02203182374541,0.0016060417047945,0.0010303449142426,0.3076923076923077,0.019047619047619,0.0566037735849056,0.0166197183098591,0.0294372294372294
421,TBStack-LR,1,0,TreeStacking,Rename Class,0.0,0.0103524771999014,0.0127826941986234,0.0060344827586206,0.0,1.6092940563406187e-05,0.004956226767687,0.0049140049140049,0.0017570281124497,0.1428571428571428,0.0008818342151675,0.0,0.0,0.0027247956403269,0.0003029385034837,0.0,0.0061881188118811,0.0,0.0,0.0,0.0,0.0,0.0056179775280898,0.0,0.0,0.0,0.0009655898876404,0.0006425358749196,0.010371650821089,0.0331179321486268,0.0035909445745511,0.0028462998102466,0.0,0.0550537634408602,0.0093854072055706,0.0103889184869472,0.0,0.0,0.0,0.0,0.0,0.0,0.0,0.0,0.0
422,TBStack-LR,1,1,TreeStacking,Rename Class,0.0,0.0007394626571358,0.0,0.0,0.0,0.0,0.000406248095712,0.0,0.0002510040160642,0.0476190476190476,0.0,0.0,0.0,0.0009082652134423,0.0,0.0,0.0030940594059405,0.0150753768844221,0.0,0.0,0.0,0.0,0.0046816479400749,0.0,0.0,0.0,0.0,0.0,0.003457216940363,0.0,0.0006245120999219,0.0009487666034155,0.0,0.0064516129032258,0.0009082652134423,0.0013319126265316,0.0,0.0,0.0,0.0,0.0,0.0,0.0,0.0,0.0
423,TBStack-LR,1,0,TreeStacking,Rename Class,0.0,0.0019719004190288,0.0226155358898721,0.0,0.0064102564102564,0.0,0.0013406187158497,0.0,0.0,0.0476190476190476,0.0008818342151675,0.0,0.0,0.0003027550711474,0.0003029385034837,0.0,0.0024752475247524,0.0050251256281407,0.0,0.0,0.0,0.0,0.0037453183520599,0.0,0.0,0.0,0.0,0.0,0.0025929127052722,0.024232633279483,0.0,0.0018975332068311,0.0,0.0279569892473118,0.0024220405691795,0.0010655301012253,0.2222222222222222,0.0048959608323133,0.0007283212382208,0.0005151724571213,0.9230769230769232,0.0,0.1132075471698113,0.0050704225352112,0.0008658008658008
424,TBStack-LR,1,1,TreeStacking,Rename Class,0.0034364261168384,0.0069016514666009,0.0196656833824975,0.0008620689655172,0.0,0.0,0.0034531088135524,0.0,0.0002510040160642,0.2857142857142857,0.0008818342151675,0.0,0.0,0.0042385709960641,0.0009088155104513,0.0,0.0024752475247524,0.0653266331658291,0.0,0.0081967213114754,0.0058479532163742,0.0,0.0028089887640449,0.0003027550711474,0.0,0.0,0.0024578651685393,0.0006425358749196,0.0008643042350907,0.0379644588045234,0.0054644808743169,0.0018975332068311,0.0045662100456621,0.0344086021505376,0.0057523463518013,0.0050612679808204,1.0,0.0085679314565483,0.0020318295056006,0.0015832129170069,0.0769230769230769,0.0,0.0094339622641509,0.0115492957746478,0.0051948051948051
425,TBStack-LR,1,1,TreeStacking,Rename Class,0.0,0.001232437761893,0.0570304818092428,0.0008620689655172,0.0,1.5326610060386844e-06,0.0021328025024882,0.0098280098280098,0.0,0.1428571428571428,0.0004409171075837,0.0,0.0,0.0012110202845897,0.0,0.0,0.005569306930693,0.0201005025125628,0.0109890109890109,0.0,0.0,0.0,0.0065543071161048,0.0,0.0,0.0,0.0,0.0,0.003457216940363,0.0064620355411954,0.0001561280249804,0.0009487666034155,0.0,0.0382795698924731,0.0015137753557372,0.0037293553542887,1.0,0.0,0.0004444627043501,1.2565181881007728e-05,0.0769230769230769,0.0,0.0094339622641509,0.0140845070422535,0.0
426,TBStack-LR,1,1,TreeStacking,Rename Class,0.0,0.0014789253142716,0.0294985250737463,0.0008620689655172,0.0,1.1494957545290131e-05,0.002092177692917,0.0024570024570024,0.0002510040160642,0.1428571428571428,0.0,0.0,0.0,0.0024220405691795,0.0012117540139351,0.0,0.0037128712871287,0.0,0.0,0.0,0.0,0.0024220405691795,0.0056179775280898,0.0024220405691795,0.0,0.0,0.0,0.0,0.0008643042350907,0.0169628432956381,0.0021857923497267,0.0009487666034155,0.0,0.0313978494623655,0.0024220405691795,0.0034629728289824,0.94,0.0097919216646266,0.0002875935145794,0.0006533894578124,0.0769230769230769,0.019047619047619,0.0283018867924528,0.0140845070422535,0.0
427,TBStack-LR,1,1,TreeStacking,Rename Class,0.0,0.0,0.0029498525073746,0.0,0.0,0.0,0.0001624992382848,0.0,0.0002510040160642,0.0476190476190476,0.0,0.0,0.0,0.0,0.0,0.0,0.0006188118811881,0.0,0.0,0.0,0.0,0.0,0.0009363295880149,0.0,0.0,0.0,0.0,0.0,0.0008643042350907,0.0008077544426494,0.0001561280249804,0.0009487666034155,0.0,0.0043010752688172,0.0,0.0002663825253063,0.0,0.0,0.0,0.0,0.0,0.0,0.0,0.0,0.0
428,TBStack-LR,1,1,TreeStacking,Rename Class,0.0068728522336769,0.0027113630761646,0.0167158308751229,0.0008620689655172,0.0,9.962296539251447e-06,0.0112733846560094,0.0,0.0007530120481927,0.1428571428571428,0.0,0.0140845070422535,0.0,0.0018165304268846,0.0018176310209027,0.0,0.0037128712871287,0.0,0.0,0.0,0.023391812865497,0.0015137753557372,0.0018726591760299,0.0015137753557372,0.0,0.0,0.0006144662921348,0.0002141786249732,0.003457216940363,0.024232633279483,0.0001561280249804,0.00853889943074,0.0,0.0718279569892473,0.0033303057826218,0.0037293553542887,0.0,0.0,0.0,0.0,0.0,0.0,0.0,0.0,0.0
429,TBStack-LR,1,1,TreeStacking,Rename Class,0.0103092783505154,0.0446142469805274,0.0511307767944936,0.0198275862068965,0.0,0.0001678263801612,0.0285389287237716,0.027027027027027,0.0110441767068273,0.3333333333333333,0.0088183421516754,0.0,0.0,0.004844081138359,0.0003029385034837,0.005420054200542,0.0191831683168316,0.0402010050251256,0.0274725274725274,0.0,0.0058479532163742,0.0024220405691795,0.0168539325842696,0.0,0.0,0.0,0.0083391853932584,0.0089955022488755,0.0302506482281763,0.098546042003231,0.0148321623731459,0.0056925996204933,0.0045662100456621,0.2391397849462365,0.0299727520435967,0.041555673947789,0.5283018867924528,0.02937576499388,0.0015425470327445,0.0037318590186592,0.3076923076923077,0.0571428571428571,0.0943396226415094,0.0298591549295774,0.0043290043290043
430,TBStack-LR,1,1,TreeStacking,Rename Class,0.0378006872852233,0.0014789253142716,0.0068829891838741,0.0,0.0,5.824111822947e-05,0.0051390384107574,0.0,0.0005020080321285,0.0476190476190476,0.0,0.0,0.0,0.0009082652134423,0.0003029385034837,0.0,0.0080445544554455,0.0050251256281407,0.0,0.0,0.0,0.0006055101422948,0.0121722846441947,0.0003027550711474,0.0,0.0,0.0,0.0,0.0,0.0088852988691437,0.0003122560499609,0.0009487666034155,0.0,0.0227956989247311,0.0018165304268846,0.0034629728289824,1.0,0.0024479804161566,0.0005079573764001,2.513036376201545e-05,0.0769230769230769,0.0,0.0094339622641509,0.0014084507042253,0.0017316017316017
431,TBStack-LR,1,1,TreeStacking,Rename Class,0.1683848797250859,0.0589105250184865,0.0658800393313667,0.0724137931034482,0.0,0.0100067437084265,0.0692246755093335,0.0245700245700245,0.0308734939759036,0.2857142857142857,0.0392416225749559,0.0,0.0,0.0175597941265516,0.0112087246289003,0.0,0.109529702970297,0.2914572864321608,0.3241758241758242,0.0,0.023391812865497,0.0,0.1067415730337078,0.0036330608537693,0.0081818181818181,0.050632911392405,0.0064080056179775,0.0004283572499464,0.2005185825410544,0.1938610662358643,0.0363778298204527,0.00853889943074,0.2054794520547945,0.2197849462365591,0.0693309112927641,0.1350559403303143,0.9831932773109244,0.0379436964504283,0.0065287462790254,0.0028899918326317,0.0769230769230769,0.019047619047619,0.0283018867924528,0.0335211267605633,0.0164502164502164
432,TBStack-LR,1,1,TreeStacking,Rename Class,0.0,0.0458466847424205,0.007866273352999,0.018103448275862,0.0,3.601753364190908e-05,0.0113546342751518,0.0343980343980344,0.0379016064257028,0.1904761904761904,0.0264550264550264,0.0,0.0,0.0018165304268846,0.0,0.0,0.0185643564356435,0.0301507537688442,0.0659340659340659,0.0,0.0,0.0,0.0168539325842696,0.0018165304268846,0.0272727272727272,0.0,0.027563202247191,0.0308417219961447,0.0605012964563526,0.0306946688206785,0.0035909445745511,0.0009487666034155,0.0091324200913242,0.0572043010752688,0.0393581592491674,0.0594033031433137,0.0,0.0,0.0,0.0,0.0,0.0,0.0,0.0,0.0
433,TBStack-LR,1,1,TreeStacking,Rename Class,0.0,0.0069016514666009,0.0019665683382497,0.0,0.0,0.0011372344664807,0.0044484166480469,0.0,0.0,0.0476190476190476,0.0,0.0,0.0,0.0084771419921283,0.0,0.0,0.0346534653465346,0.1407035175879397,0.0,0.0,0.0,0.0,0.0524344569288389,0.0,0.0,0.0,0.0018433988764044,0.0,0.024200518582541,0.0,0.0032786885245901,0.0009487666034155,0.0,0.0292473118279569,0.0084771419921283,0.014917421417155,0.0,0.0,0.0,0.0,0.0,0.0,0.0,0.0,0.0
434,TBStack-LR,1,1,TreeStacking,Rename Class,0.0034364261168384,0.0004929751047572,0.0049164208456243,0.0,0.0,0.0,0.0268733115313521,0.0,0.0,0.0,0.0,0.0,0.0,0.0006055101422948,0.0,0.0,0.0,0.0,0.0,0.0,0.0,0.0,0.0,0.0,0.0,0.0,0.0,0.0,0.0,0.0,0.0001561280249804,0.0436432637571157,0.0,0.1006451612903225,0.0006055101422948,0.0,0.55,0.0061199510403916,0.0038358251879629,0.0014073003706728,0.1538461538461538,0.0,0.0188679245283018,0.028169014084507,0.0
435,TBStack-LR,1,1,TreeStacking,Rename Class,0.0103092783505154,0.0231698299235888,0.0176991150442477,0.0094827586206896,0.0,0.0002651503540446,0.0210639637626698,0.0589680589680589,0.0037650602409638,0.238095238095238,0.0039682539682539,0.0070422535211267,0.0,0.0039358159249167,0.0030293850348379,0.002710027100271,0.0179455445544554,0.0050251256281407,0.0164835164835164,0.0,0.0,0.0,0.0224719101123595,0.002119285498032,0.0009090909090909,0.0,0.0053546348314606,0.0029985007496251,0.0216076058772687,0.0193861066235864,0.0,0.0161290322580645,0.0091324200913242,0.0941935483870967,0.020587344838026,0.0226425146510388,0.0,0.0,0.0,0.0,0.0,0.0,0.0,0.0,0.0
436,TBStack-LR,1,1,TreeStacking,Rename Class,0.0,0.002464875523786,0.0108161258603736,0.0,0.0,6.1306440241547375e-06,0.0010968698584225,0.0024570024570024,0.0005020080321285,0.1428571428571428,0.0,0.0,0.0,0.0003027550711474,0.0003029385034837,0.0,0.0030940594059405,0.0050251256281407,0.0109890109890109,0.0,0.0058479532163742,0.0,0.0018726591760299,0.0003027550711474,0.0,0.0,0.0001755617977528,0.0,0.0008643042350907,0.0137318255250403,0.0012490241998438,0.0009487666034155,0.0,0.0223655913978494,0.0030275507114744,0.0021310602024507,0.424,0.0869033047735618,0.090838465819324,8.795627316705409e-05,0.3846153846153846,0.2095238095238095,0.2547169811320754,0.0704225352112676,0.0
437,TBStack-LR,1,1,TreeStacking,Rename Class,0.0,0.0093665269903869,0.0068829891838741,0.0,0.0,0.0,0.0062765330787511,0.0024570024570024,0.0007530120481927,0.1428571428571428,0.0013227513227513,0.0,0.0,0.0015137753557372,0.0003029385034837,0.0,0.0024752475247524,0.0050251256281407,0.0,0.0,0.0,0.0,0.0037453183520599,0.0003027550711474,0.0,0.0,0.0087780898876404,0.0,0.0008643042350907,0.0218093699515347,0.0146760343481654,0.0028462998102466,0.0273972602739726,0.0554838709677419,0.004844081138359,0.0029302077783697,0.4444444444444444,0.01468788249694,0.0019235150650446,0.0051140290255701,0.3076923076923077,0.0380952380952381,0.0754716981132075,0.0076056338028169,0.0086580086580086
438,TBStack-LR,1,1,TreeStacking,Rename Class,0.0309278350515463,0.0115849149617944,0.0137659783677482,0.0008620689655172,0.0,1.1494957545290131e-05,0.005362474863399,0.0049140049140049,0.0,0.1428571428571428,0.0008818342151675,0.0,0.0,0.0139267332727823,0.0139351711602544,0.0,0.0043316831683168,0.0050251256281407,0.0054945054945054,0.0,0.0,0.0130184680593399,0.0056179775280898,0.0136239782016348,0.0018181818181818,0.0,0.0,0.0,0.0060501296456352,0.0088852988691437,0.0067135050741608,0.0066413662239089,0.0,0.050752688172043,0.0142294883439297,0.003196590303676,0.0,0.0,0.0,0.0,0.0,0.0,0.0,0.0,0.0
439,TBStack-LR,1,1,TreeStacking,Rename Class,0.0,0.0009859502095144,0.2468043264503441,0.0,0.0,1.1494957545290131e-05,0.0056265361256119,0.0024570024570024,0.0,0.0952380952380952,0.0030864197530864,0.0,0.0,0.0009082652134423,0.0009088155104513,0.0,0.0037128712871287,0.0,0.0054945054945054,0.0,0.0,0.0009082652134423,0.0046816479400749,0.0009082652134423,0.0045454545454545,0.0,0.0,0.0,0.0043215211754537,0.0096930533117932,0.0,0.0009487666034155,0.0,0.0133333333333333,0.0012110202845897,0.0018646776771443,0.4308300395256917,0.1395348837209302,0.0013296531323415,0.0017968210089841,0.3076923076923077,0.3238095238095238,0.3584905660377358,0.0712676056338028,0.0008658008658008
440,TBStack-LR,1,1,TreeStacking,Rename Class,0.0,0.0044367759428148,0.0088495575221238,0.0017241379310344,0.0,6.89697452717408e-06,0.0014828055493489,0.0122850122850122,0.0017570281124497,0.1428571428571428,0.0,0.0,0.0,0.0006055101422948,0.0003029385034837,0.0,0.0043316831683168,0.0100502512562814,0.0054945054945054,0.0,0.0,0.0,0.0056179775280898,0.0003027550711474,0.0,0.0,0.0006144662921348,0.0,0.0025929127052722,0.0145395799676898,0.0004683840749414,0.0009487666034155,0.0,0.0133333333333333,0.0039358159249167,0.0042621204049014,1.0,0.0024479804161566,0.0001830140547324,2.513036376201545e-05,0.0769230769230769,0.0,0.0094339622641509,0.0016901408450704,0.0008658008658008
441,TBStack-LR,1,1,TreeStacking,Rename Class,0.0,0.0103524771999014,0.0511307767944936,0.0017241379310344,0.0,0.0,0.0082671487477402,0.0073710073710073,0.0040160642570281,0.238095238095238,0.0013227513227513,0.0,0.0,0.002119285498032,0.0018176310209027,0.0,0.005569306930693,0.0351758793969849,0.0109890109890109,0.0,0.0058479532163742,0.0,0.0056179775280898,0.0006055101422948,0.0018181818181818,0.0,0.0002633426966292,0.0008567144998929,0.0077787381158167,0.0904684975767366,0.0074941451990632,0.0104364326375711,0.0228310502283105,0.1010752688172043,0.0118074477747502,0.0122535961640916,0.1304347826086956,0.0134638922888616,0.0025846066505066,0.0010177797323616,0.4615384615384615,0.1428571428571428,0.1981132075471698,0.0129577464788732,0.0008658008658008
442,TBStack-LR,1,1,TreeStacking,Rename Class,0.0068728522336769,0.0051762385999507,0.0373647984267453,0.0060344827586206,0.0,0.0002222358458756,0.0055249741016838,0.0024570024570024,0.0005020080321285,0.1428571428571428,0.0048500881834215,0.0,0.0,0.0042385709960641,0.0033323235383217,0.0,0.0179455445544554,0.0251256281407035,0.0164835164835164,0.0,0.0,0.0027247956403269,0.0224719101123595,0.0030275507114744,0.0145454545454545,0.0,8.778089887640449e-05,0.0,0.0397579948141745,0.0210016155088853,0.0034348165495706,0.0009487666034155,0.0136986301369863,0.0391397849462365,0.0054495912806539,0.0181140117208311,1.0,0.0,0.0014118227079357,2.513036376201545e-05,0.0769230769230769,0.0,0.0094339622641509,0.0008450704225352,0.0008658008658008
443,TBStack-LR,1,1,TreeStacking,Rename Class,0.0034364261168384,0.0773970914468819,0.1563421828908554,0.0629310344827586,0.0,0.0001793213377065,0.0274623712701346,0.0515970515970515,0.0180722891566265,0.238095238095238,0.0022045855379188,0.0,0.0,0.0172570390554041,0.0003029385034837,0.0,0.0297029702970297,0.0201005025125628,0.0494505494505494,0.0,0.0350877192982456,0.0,0.0308988764044943,0.0003027550711474,0.0009090909090909,0.0,0.0029845505617977,0.0023559648747055,0.0518582541054451,0.1938610662358643,0.0315378610460577,0.0018975332068311,0.0273972602739726,0.1862365591397849,0.0826521344232515,0.0615343633457645,0.3333333333333333,0.1529987760097919,0.0030328043355656,0.0076019350380096,0.3846153846153846,0.1238095238095238,0.1698113207547169,0.0507042253521126,0.0233766233766233
444,TBStack-LR,1,0,TreeStacking,Rename Class,0.0068728522336769,0.0044367759428148,0.0147492625368731,0.0,0.0,1.6859271066425527e-05,0.0020312404785602,0.0,0.0,0.0952380952380952,0.0,0.0070422535211267,0.0,0.002119285498032,0.0,0.0,0.0049504950495049,0.0100502512562814,0.0,0.040983606557377,0.0116959064327485,0.0,0.0056179775280898,0.0,0.0,0.0,0.0,0.0,0.0008643042350907,0.0096930533117932,0.0001561280249804,0.0009487666034155,0.0,0.0210752688172043,0.0030275507114744,0.0029302077783697,0.0,0.0,0.0,0.0,0.0,0.0,0.0,0.0,0.0
445,TBStack-LR,1,1,TreeStacking,Rename Class,0.0,0.0054227261523293,0.0255653883972468,0.0051724137931034,0.0,0.0002743463200809,0.0037374824805508,0.0049140049140049,0.0002510040160642,0.1428571428571428,0.0,0.0,0.0,0.0051468362095065,0.0006058770069675,0.0,0.0179455445544554,0.0804020100502512,0.0,0.0,0.0,0.0,0.0271535580524344,0.0006055101422948,0.0,0.0,0.0001755617977528,0.0,0.0164217804667242,0.0153473344103392,0.0029664324746291,0.0009487666034155,0.0,0.0288172043010752,0.0060551014229488,0.0101225359616409,1.0,0.0012239902080783,3.361482637942175e-05,7.539109128604636e-05,0.0769230769230769,0.0,0.0094339622641509,0.0016901408450704,0.0008658008658008
446,TBStack-LR,1,1,TreeStacking,Rename Class,0.0068728522336769,0.0209514419521814,0.0698131760078662,0.0025862068965517,0.0,0.0004053888360972,0.0133046251345696,0.0147420147420147,0.0027610441767068,0.4285714285714285,0.0048500881834215,0.0,0.0,0.0060551014229488,0.0015146925174189,0.0,0.0241336633663366,0.100502512562814,0.1153846153846153,0.0,0.0,0.0,0.0046816479400749,0.0006055101422948,0.0045454545454545,0.0,0.0001755617977528,0.0004283572499464,0.0190146931719965,0.1033925686591276,0.0059328649492583,0.0066413662239089,0.0639269406392694,0.1247311827956989,0.020587344838026,0.0258391049547149,0.2753623188405797,0.0195838433292533,0.0052252380116456,0.0022617327385813,0.3846153846153846,0.1428571428571428,0.1886792452830188,0.0194366197183098,0.0086580086580086
447,TBStack-LR,1,1,TreeStacking,Rename Class,0.0,0.002464875523786,0.0255653883972468,0.0,0.0,9.195966036232109e-06,0.0015031179541345,0.0,0.0,0.0952380952380952,0.0004409171075837,0.0,0.0,0.0030275507114744,0.0030293850348379,0.0,0.0049504950495049,0.050251256281407,0.0,0.0,0.0058479532163742,0.0,0.0065543071161048,0.0006055101422948,0.0036363636363636,0.0,0.0,0.0,0.0025929127052722,0.0129240710823909,0.0004683840749414,0.0009487666034155,0.0,0.024516129032258,0.0030275507114744,0.002397442727757,1.0,0.0048959608323133,0.0004594026271854,0.0002513036376201,0.0769230769230769,0.0,0.0094339622641509,0.0022535211267605,0.0017316017316017
448,TBStack-LR,1,1,TreeStacking,Rename Class,0.0,0.002464875523786,0.0009832841691248,0.0,0.0,7.663305030193422e-07,0.0007515589770672,0.0,0.001004016064257,0.0952380952380952,0.0,0.0,0.0,0.0012110202845897,0.0,0.0,0.0018564356435643,0.0,0.0,0.0327868852459016,0.0,0.0,0.0028089887640449,0.0,0.0,0.0,0.000438904494382,0.0004283572499464,0.0008643042350907,0.0048465266558966,0.0,0.0009487666034155,0.0,0.0154838709677419,0.0030275507114744,0.001598295151838,0.0,0.0,0.0,0.0,0.0,0.0,0.0,0.0,0.0
449,TBStack-LR,1,1,TreeStacking,Rename Class,0.0,0.0,0.0,0.0,0.0,0.0,0.0025390505982003,0.0,0.0,0.0,0.0,0.0,0.0,0.0,0.0,0.0,0.0,0.0,0.0,0.0,0.0,0.0,0.0,0.0,0.0,0.0,0.0,0.0,0.0,0.0,0.0,0.0,0.0,0.0,0.0,0.0,0.0,0.0,0.0,0.0,0.0,0.0,0.0,0.0,0.0
450,TBStack-LR,1,1,TreeStacking,Rename Class,0.0068728522336769,0.0103524771999014,0.0137659783677482,0.0043103448275862,0.0,0.0,0.0036562328614084,0.0122850122850122,0.0012550200803212,0.238095238095238,0.0004409171075837,0.0,0.0,0.0012110202845897,0.0009088155104513,0.0,0.0024752475247524,0.0150753768844221,0.0109890109890109,0.0,0.0,0.0003027550711474,0.0018726591760299,0.0009082652134423,0.0009090909090909,0.0,0.0011411516853932,0.0004283572499464,0.0025929127052722,0.0201938610662358,0.0004683840749414,0.0018975332068311,0.0,0.0404301075268817,0.010293672419013,0.0058604155567394,0.0,0.0,0.0,0.0,0.0,0.0,0.0,0.0,0.0
451,TBStack-LR,1,1,TreeStacking,Rename Class,0.0034364261168384,0.0170076411141237,0.0304818092428711,0.0086206896551724,0.0,0.0003632406584311,0.0315045398224695,0.0417690417690417,0.009789156626506,0.238095238095238,0.0,0.0070422535211267,0.0,0.0090826521344232,0.0018176310209027,0.005420054200542,0.0228960396039603,0.1457286432160804,0.0824175824175824,0.0,0.0409356725146198,0.0,0.0140449438202247,0.0006055101422948,0.0,0.0379746835443038,0.0049157303370786,0.0012850717498393,0.0293863439930855,0.0549273021001615,0.0131147540983606,0.0094876660341555,0.0273972602739726,0.1191397849462365,0.0172570390554041,0.0495471497069792,0.55,0.0085679314565483,0.0071263431924374,0.0016083432807689,0.2307692307692307,0.0,0.0283018867924528,0.0056338028169014,0.0043290043290043
452,TBStack-LR,1,1,TreeStacking,Rename Class,0.0,0.0584175499137293,0.0540806293018682,0.0508620689655172,0.0,0.0,0.019012410879324,0.0319410319410319,0.0366465863453815,0.4285714285714285,0.0008818342151675,0.0,0.0,0.0154405086285195,0.0,0.002710027100271,0.005569306930693,0.2311557788944723,0.0219780219780219,0.0,0.0,0.0,0.0009363295880149,0.0006055101422948,0.0009090909090909,0.0,0.0137816011235955,0.0164917541229385,0.0051858254105445,0.1098546042003231,0.0004683840749414,0.0066413662239089,0.0091324200913242,0.0808602150537634,0.0448077505298213,0.0476824720298348,0.0,0.0,0.0,0.0,0.0,0.0,0.0,0.0,0.0
453,TBStack-LR,1,1,TreeStacking,Rename Class,0.0,0.0088735518856297,0.0186823992133726,0.0017241379310344,0.0,5.134414370229593e-05,0.0065812191505352,0.0,0.0007530120481927,0.2857142857142857,0.019400352733686,0.0,0.0,0.0024220405691795,0.0024235080278703,0.0,0.0086633663366336,0.0251256281407035,0.0494505494505494,0.0,0.0,0.0009082652134423,0.0037453183520599,0.0024220405691795,0.0127272727272727,0.0,0.0014922752808988,0.0,0.006914433880726,0.0436187399030694,0.0056206088992974,0.0028462998102466,0.0,0.075268817204301,0.0108991825613079,0.0098561534363345,0.4878048780487805,0.003671970624235,0.0002166288811118,0.0006659546396934,0.3076923076923077,0.019047619047619,0.0566037735849056,0.0115492957746478,0.0017316017316017
454,TBStack-LR,1,1,TreeStacking,Rename Class,0.0137457044673539,0.0192260290855311,0.023598820058997,0.0060344827586206,0.0,0.0005417956656346,0.0270764355792082,0.0098280098280098,0.0025100401606425,0.1904761904761904,0.0039682539682539,0.0,0.0,0.0069633666363911,0.0012117540139351,0.0,0.0266089108910891,0.0050251256281407,0.0,0.1557377049180328,0.0467836257309941,0.0006055101422948,0.0327715355805243,0.0012110202845897,0.0,0.0,0.0020189606741573,0.0012850717498393,0.0293863439930855,0.0831987075928917,0.0023419203747072,0.00853889943074,0.0273972602739726,0.1436559139784946,0.0139267332727823,0.0245071923281832,0.6394849785407726,0.0942472460220318,0.0354113521003664,0.0963246842998052,0.1538461538461538,0.0380952380952381,0.0566037735849056,0.0656338028169014,0.0839826839826839
455,TBStack-LR,1,1,TreeStacking,Rename Class,0.0,0.0004929751047572,0.0068829891838741,0.0,0.0256410256410256,0.0,0.0048140399341878,0.0,0.0,0.0476190476190476,0.0066137566137566,0.0,0.0,0.0006055101422948,0.0006058770069675,0.0,0.0371287128712871,0.0100502512562814,0.0,0.0,0.0,0.0,0.0552434456928839,0.0003027550711474,0.009090909090909,0.0,0.0,0.0,0.0484010371650821,0.0444264943457189,0.0,0.0009487666034155,0.0,0.0425806451612903,0.0006055101422948,0.0159829515183803,1.0,0.0,0.0011541090390268,0.0,0.0769230769230769,0.0,0.0094339622641509,0.000281690140845,0.0025974025974025
456,TBStack-LR,1,1,TreeStacking,Rename Class,0.0,0.0029578506285432,0.0,0.0,0.0,0.0,0.0065609067457496,0.0,0.0,0.0476190476190476,0.0,0.0,0.0,0.0036330608537693,0.0036352620418055,0.0,0.0006188118811881,0.0,0.0054945054945054,0.0,0.0,0.0036330608537693,0.0,0.0036330608537693,0.0,0.0,0.0,0.0,0.0,0.0,0.0018735362997658,0.0370018975332068,0.0,0.1212903225806451,0.0036330608537693,0.0002663825253063,0.24,0.0085679314565483,0.000425787800806,0.00012565181881,0.5384615384615385,0.0476190476190476,0.1132075471698113,0.0140845070422535,0.0
457,TBStack-LR,1,1,TreeStacking,Rename Class,0.0,0.0096130145427655,0.0334316617502458,0.0043103448275862,0.032051282051282,0.0,0.0053421624586134,0.0024570024570024,0.0,0.1904761904761904,0.0022045855379188,0.0,0.0,0.0045413260672116,0.0,0.0,0.0024752475247524,0.0753768844221105,0.0054945054945054,0.0,0.0,0.0,0.0028089887640449,0.0,0.0,0.0,0.0011411516853932,0.0,0.0017286084701815,0.0541195476575121,0.0021857923497267,0.0037950664136622,0.0045662100456621,0.0464516129032258,0.0093854072055706,0.0055940330314331,1.0,0.0,0.0,0.0,0.0769230769230769,0.0,0.0094339622641509,0.000281690140845,0.0008658008658008
458,TBStack-LR,1,1,TreeStacking,Rename Class,0.0,0.0064086763618437,0.0068829891838741,0.0051724137931034,0.0,1.3027618551328815e-05,0.0042249801954053,0.0122850122850122,0.0,0.1428571428571428,0.0,0.0,0.0,0.002119285498032,0.0006058770069675,0.0,0.0068069306930693,0.0201005025125628,0.0054945054945054,0.0081967213114754,0.0,0.0006055101422948,0.0093632958801498,0.0009082652134423,0.0009090909090909,0.0,0.0005266853932584,0.0,0.006914433880726,0.0145395799676898,0.0001561280249804,0.0028462998102466,0.0,0.032258064516129,0.0066606115652437,0.0071923281832711,1.0,0.0,3.734980708824639e-06,1.2565181881007728e-05,0.0769230769230769,0.0,0.0094339622641509,0.000281690140845,0.0008658008658008
459,TBStack-LR,1,1,TreeStacking,Rename Class,0.0,0.0234163174759674,0.0403146509341199,0.0043103448275862,0.0,0.0002161052018514,0.0116390079421502,0.0122850122850122,0.0082831325301204,0.3333333333333333,0.0044091710758377,0.0,0.0,0.0081743869209809,0.0039382005452893,0.0,0.0173267326732673,0.0552763819095477,0.0549450549450549,0.0,0.0116959064327485,0.0015137753557372,0.0149812734082397,0.0015137753557372,0.0027272727272727,0.0,0.001755617977528,0.0021417862497322,0.0198789974070872,0.0759289176090468,0.0157689305230288,0.0094876660341555,0.0593607305936073,0.1019354838709677,0.0227066303360581,0.0229088971763452,0.5882352941176471,0.0452876376988984,0.002427737460736,0.0024753408305585,0.1538461538461538,0.0857142857142857,0.1037735849056603,0.0383098591549295,0.0077922077922077
460,TBStack-LR,1,1,TreeStacking,Rename Class,0.5567010309278351,0.0399309834853339,0.0373647984267453,0.0068965517241379,0.0,0.0002850749471231,0.0434888586459751,0.0049140049140049,0.0012550200803212,0.1904761904761904,0.0026455026455026,0.0,0.0,0.0432939751740841,0.0424113904877309,0.002710027100271,0.0173267326732673,0.6934673366834171,0.0989010989010989,0.0,0.023391812865497,0.0,0.0009363295880149,0.0015137753557372,0.0054545454545454,0.0,0.0001755617977528,0.0008567144998929,0.017286084701815,0.0589660743134087,0.0259172521467603,0.0028462998102466,0.0,0.2116129032258064,0.0484408113835906,0.0604688332445391,0.1432664756446991,0.2056303549571603,0.0135953297801216,0.0219765031098825,0.3846153846153846,0.6666666666666667,0.7075471698113207,0.1966197183098591,0.0086580086580086
461,TBStack-LR,1,1,TreeStacking,Rename Class,0.0103092783505154,0.0152822282474735,0.0324483775811209,0.018103448275862,0.0,0.0009104006375869,0.0100952651784444,0.0147420147420147,0.0072791164658634,0.1904761904761904,0.0039682539682539,0.0,0.0,0.004844081138359,0.0024235080278703,0.008130081300813,0.0327970297029703,0.0201005025125628,0.0274725274725274,0.0737704918032786,0.0350877192982456,0.0009082652134423,0.0393258426966292,0.0018165304268846,0.0,0.0379746835443038,0.0006144662921348,0.0006425358749196,0.0518582541054451,0.08562197092084,0.0103044496487119,0.0037950664136622,0.0319634703196347,0.0954838709677419,0.015137753557372,0.0301012253596164,0.8333333333333334,0.0024479804161566,0.0031000339883244,3.769554564302318e-05,0.1538461538461538,0.0,0.0188679245283018,0.0016901408450704,0.0008658008658008
462,TBStack-LR,1,1,TreeStacking,Rename Class,0.0,0.0150357406950948,0.0,0.0,0.0,0.0,0.0012390566919217,0.0,0.0,0.0,0.0,0.0,0.0,0.0184680593399939,0.0,0.0,0.0,0.0,0.0,0.0,0.0,0.0184680593399939,0.0,0.0184680593399939,0.0,0.0,0.0,0.0,0.0,0.0,0.0095238095238095,0.0009487666034155,0.0,0.013763440860215,0.0184680593399939,0.0,0.0,0.0,0.0,0.0,0.0,0.0,0.0,0.0,0.0
463,TBStack-LR,1,1,TreeStacking,Rename Class,0.0034364261168384,0.0322898693615972,0.0412979351032448,0.0155172413793103,0.0,0.0014575606167427,0.0234811399321565,0.0221130221130221,0.0045180722891566,0.1904761904761904,0.0008818342151675,0.0,0.0,0.0121102028458976,0.004241139048773,0.002710027100271,0.042079207920792,0.0904522613065326,0.0054945054945054,0.0737704918032786,0.0175438596491228,0.0003027550711474,0.0533707865168539,0.0012110202845897,0.0009090909090909,0.0,0.0024578651685393,0.0008567144998929,0.0492653414001728,0.0936995153473344,0.013895394223263,0.0037950664136622,0.0365296803652968,0.1556989247311828,0.0302755071147441,0.0538092701118806,0.3864306784660767,0.05140758873929,0.0098267342449176,0.0058930703021926,0.3076923076923077,0.0095238095238095,0.0471698113207547,0.0954929577464788,0.0225108225108225
464,TBStack-LR,1,1,TreeStacking,Rename Class,0.0,0.0086270643332511,0.0039331366764995,0.0060344827586206,0.0,5.057781319927659e-05,0.0024374885742723,0.0073710073710073,0.0002510040160642,0.238095238095238,0.0013227513227513,0.0,0.0,0.0036330608537693,0.0036352620418055,0.0,0.0074257425742574,0.0,0.0329670329670329,0.0,0.0,0.0036330608537693,0.0056179775280898,0.0036330608537693,0.0,0.0,0.0009655898876404,0.0002141786249732,0.0129645635263612,0.0153473344103392,0.0010928961748633,0.0009487666034155,0.0136986301369863,0.0240860215053763,0.0093854072055706,0.0066595631326584,1.0,0.0,0.0004706075693119,2.513036376201545e-05,0.0769230769230769,0.0,0.0094339622641509,0.0008450704225352,0.0017316017316017
465,TBStack-LR,1,1,TreeStacking,Rename Class,0.0,0.0298249938378111,0.0255653883972468,0.0362068965517241,0.0,2.9886889617754346e-05,0.0069265300318904,0.0098280098280098,0.0025100401606425,0.3809523809523809,0.0110229276895943,0.0,0.0,0.0015137753557372,0.0015146925174189,0.024390243902439,0.0086633663366336,0.0,0.0,0.0,0.0058479532163742,0.0015137753557372,0.0121722846441947,0.0015137753557372,0.0127272727272727,0.0,0.0024578651685393,0.0081387877489826,0.0181503889369057,0.0395799676898223,0.0001561280249804,0.0009487666034155,0.0,0.0563440860215053,0.0251286709052376,0.027437400106553,0.4428571428571428,0.0195838433292533,0.0018712253351211,0.0023873845573914,0.2307692307692307,0.019047619047619,0.0471698113207547,0.0197183098591549,0.0008658008658008
466,TBStack-LR,1,1,TreeStacking,Rename Class,0.0103092783505154,0.0231698299235888,0.0383480825958702,0.0060344827586206,0.0,0.0004176501241455,0.0108671365602973,0.0073710073710073,0.0017570281124497,0.238095238095238,0.0026455026455026,0.0,0.0,0.0145322434150772,0.0099969706149651,0.002710027100271,0.0235148514851485,0.0552763819095477,0.0109890109890109,0.0,0.0,0.0093854072055706,0.0318352059925093,0.0099909173478655,0.0036363636363636,0.0253164556962025,0.0028967696629213,0.0002141786249732,0.020743301642178,0.0735056542810985,0.0054644808743169,0.0018975332068311,0.0410958904109589,0.08,0.0254314259763851,0.0218433670751198,0.0,0.0,0.0,0.0,0.0,0.0,0.0,0.0,0.0
467,TBStack-LR,1,1,TreeStacking,Rename Class,0.0,0.0579245748089721,0.0412979351032448,0.0155172413793103,0.0,0.0003724366244674,0.0154780524466291,0.0786240786240786,0.0168172690763052,0.2857142857142857,0.0070546737213403,0.0,0.0,0.0012110202845897,0.0003029385034837,0.0,0.0198019801980198,0.0150753768844221,0.0494505494505494,0.0,0.0,0.0003027550711474,0.0215355805243445,0.0003027550711474,0.0,0.0,0.0071102528089887,0.0034268579995716,0.0198789974070872,0.1017770597738287,0.0585480093676815,0.0009487666034155,0.0045662100456621,0.0864516129032258,0.0554041780199818,0.0503462972828982,1.0,0.0,0.0046874007895749,2.513036376201545e-05,0.0769230769230769,0.0,0.0094339622641509,0.0014084507042253,0.0025974025974025
468,TBStack-LR,1,1,TreeStacking,Rename Class,0.0,0.1510968696080847,0.3628318584070796,0.0362068965517241,0.0,0.0151802409343101,0.0568341085901159,0.1179361179361179,0.0055220883534136,0.1904761904761904,0.0639329805996472,0.0,0.0,0.0166515289131092,0.0093910936079975,0.0,0.1423267326732673,0.2763819095477387,0.0604395604395604,0.0,0.0,0.0,0.2050561797752809,0.0078716318498334,0.0227272727272727,0.0,0.0033356741573033,0.0017134289997858,0.1659464131374243,0.3424878836833603,0.0237314597970335,0.0009487666034155,0.0,0.2279569892473118,0.1380563124432334,0.1851358550879062,0.8666666666666667,0.0269277845777233,0.0020878542162329,0.0010554752780046,0.2307692307692307,0.0095238095238095,0.0377358490566037,0.0169014084507042,0.0095238095238095
469,TBStack-LR,1,1,TreeStacking,Rename Class,0.0,0.0017254128666502,0.0,0.0,0.0,0.0,0.0002640612622128,0.0,0.0002510040160642,0.0476190476190476,0.0,0.0,0.0,0.002119285498032,0.0021205695243865,0.0,0.0012376237623762,0.0050251256281407,0.0,0.0,0.0,0.0018165304268846,0.0018726591760299,0.002119285498032,0.0018181818181818,0.0,0.0002633426966292,0.0,0.0008643042350907,0.0008077544426494,0.0007806401249024,0.0009487666034155,0.0,0.0086021505376344,0.002119285498032,0.0005327650506126,0.9771428571428572,0.0012239902080783,0.0015574869555798,0.0044732047496387,0.0769230769230769,0.0095238095238095,0.0188679245283018,0.0985915492957746,0.0
470,TBStack-LR,1,1,TreeStacking,Rename Class,0.0068728522336769,0.1133842740941582,0.1799410029498525,0.0594827586206896,0.0,0.0030752843086166,0.0408482460238467,0.0835380835380835,0.0128012048192771,0.3333333333333333,0.0365961199294532,0.0,0.0,0.0051468362095065,0.0024235080278703,0.0,0.0581683168316831,0.0552763819095477,0.2582417582417582,0.0,0.0116959064327485,0.0012110202845897,0.0393258426966292,0.002119285498032,0.019090909090909,0.0,0.0089536516853932,0.0194902548725637,0.1970613656006914,0.1760904684975767,0.0257611241217798,0.0018975332068311,0.0502283105022831,0.1595698924731182,0.0908265213442325,0.1539690996270644,0.4385964912280701,0.018359853121175,0.0068312797164402,0.0038323804737073,0.3846153846153846,0.1047619047619047,0.1509433962264151,0.032112676056338,0.0121212121212121
471,TBStack-LR,1,0,TreeStacking,Rename Class,0.0,0.0004929751047572,0.2940019665683382,0.0,0.0,7.663305030193422e-07,0.0061952834596087,0.0,0.0,0.0476190476190476,0.0,0.0,0.0,0.0003027550711474,0.0003029385034837,0.0,0.0018564356435643,0.0050251256281407,0.0,0.0,0.0058479532163742,0.0,0.0018726591760299,0.0,0.0,0.0,0.0,0.0,0.0008643042350907,0.0064620355411954,0.0001561280249804,0.0009487666034155,0.0,0.0081720430107526,0.0006055101422948,0.000799147575919,0.3539823008849557,0.0085679314565483,0.0031597936796656,0.001658604008293,0.3846153846153846,0.019047619047619,0.0660377358490566,0.0318309859154929,0.0008658008658008
472,TBStack-LR,1,1,TreeStacking,Rename Class,0.0137457044673539,0.0152822282474735,0.0422812192723697,0.0112068965517241,0.0,0.0001839193207246,0.0104405760597997,0.0,0.0007530120481927,0.1428571428571428,0.0114638447971781,0.0,0.0,0.0060551014229488,0.0036352620418055,0.0,0.0154702970297029,0.0954773869346733,0.0439560439560439,0.0,0.0,0.0003027550711474,0.0159176029962546,0.0033303057826218,0.0027272727272727,0.0,0.0034234550561797,0.0002141786249732,0.020743301642178,0.0815831987075929,0.0054644808743169,0.0037950664136622,0.0,0.0847311827956989,0.0154405086285195,0.0181140117208311,0.8461538461538461,0.003671970624235,0.000104579459847,0.0004649117295972,0.1538461538461538,0.0,0.0188679245283018,0.0036619718309859,0.006060606060606
473,TBStack-LR,1,1,TreeStacking,Rename Class,0.0,0.0,0.0039331366764995,0.0,0.0,8.046470281703093e-05,0.0004265605004976,0.0,0.0,0.0,0.0,0.0,0.0,0.0,0.0,0.0,0.0092821782178217,0.0,0.0,0.0,0.0,0.0,0.0,0.0,0.0,0.0,0.0,0.0,0.0,0.0,0.0,0.0009487666034155,0.0,0.0189247311827957,0.0,0.003995737879595,0.5495495495495496,0.0416156670746633,0.0610744045507004,5.026072752403091e-05,0.2307692307692307,0.1142857142857143,0.1415094339622641,0.0312676056338028,0.0008658008658008
474,TBStack-LR,1,1,TreeStacking,Rename Class,0.0,0.0004929751047572,0.0029498525073746,0.0008620689655172,0.0,8.429635533212763e-06,0.0006703093579248,0.0,0.0,0.1428571428571428,0.0,0.0,0.0,0.0006055101422948,0.0,0.0,0.0043316831683168,0.0100502512562814,0.0,0.0,0.0,0.0,0.0065543071161048,0.0,0.0,0.0,0.0,0.0,0.003457216940363,0.0040387722132471,0.0001561280249804,0.0009487666034155,0.0,0.0133333333333333,0.0006055101422948,0.0026638252530633,0.0,0.0,0.0,0.0,0.0,0.0,0.0,0.0,0.0
475,TBStack-LR,1,1,TreeStacking,Rename Class,0.0,0.0783830416563963,0.0766961651917404,0.0482758620689655,0.0,0.0008176746467216,0.027238934817493,0.0565110565110565,0.0090361445783132,0.3809523809523809,0.0171957671957671,0.0,0.0,0.0045413260672116,0.0015146925174189,0.0,0.0334158415841584,0.0703517587939698,0.1758241758241758,0.0,0.0,0.0003027550711474,0.0196629213483146,0.0009082652134423,0.0081818181818181,0.0253164556962025,0.0073735955056179,0.0017134289997858,0.0527225583405358,0.1744749596122778,0.0185792349726775,0.0018975332068311,0.1963470319634703,0.1432258064516129,0.080230093854072,0.0721896643580181,1.0,0.0,7.469961417649278e-06,2.513036376201545e-05,0.0769230769230769,0.0,0.0094339622641509,0.0005633802816901,0.0017316017316017
476,TBStack-LR,1,1,TreeStacking,Rename Class,0.0,0.0,0.0049164208456243,0.0,0.0,0.0,0.0009546830249233,0.0,0.0,0.0476190476190476,0.0,0.0,0.0,0.0,0.0,0.0,0.0006188118811881,0.0,0.0,0.0,0.0058479532163742,0.0,0.0,0.0,0.0,0.0,0.0,0.0,0.0,0.0048465266558966,0.0,0.0018975332068311,0.0,0.0133333333333333,0.0,0.0002663825253063,0.0,0.0,0.0,0.0,0.0,0.0,0.0,0.0,0.0
477,TBStack-LR,1,1,TreeStacking,Rename Class,0.0,0.0002464875523786,0.0049164208456243,0.0,0.0,0.0,0.0003859356909264,0.0,0.0002510040160642,0.0952380952380952,0.0,0.0,0.0,0.0,0.0,0.0,0.0006188118811881,0.0,0.0,0.0,0.0,0.0,0.0009363295880149,0.0,0.0,0.0,0.0,0.0,0.0,0.0048465266558966,0.0003122560499609,0.0009487666034155,0.0,0.0043010752688172,0.0003027550711474,0.0005327650506126,0.38,0.0208078335373316,0.0102263771807618,2.513036376201545e-05,0.3076923076923077,0.1142857142857143,0.1509433962264151,0.0140845070422535,0.0
478,TBStack-LR,1,1,TreeStacking,Rename Class,0.0,0.0221838797140744,0.0137659783677482,0.0112068965517241,0.0,1.6859271066425527e-05,0.005260912839471,0.0294840294840294,0.002008032128514,0.2857142857142857,0.0,0.0,0.0,0.0018165304268846,0.0,0.0,0.0049504950495049,0.0301507537688442,0.0164835164835164,0.0,0.0,0.0,0.0046816479400749,0.0018165304268846,0.0,0.0,0.0018433988764044,0.0055686442493039,0.0077787381158167,0.0436187399030694,0.0060889929742388,0.0009487666034155,0.0091324200913242,0.0516129032258064,0.017862549197699,0.0197123068726691,0.4615384615384615,0.0048959608323133,0.0011839888846974,0.0002764340013821,0.2307692307692307,0.0095238095238095,0.0377358490566037,0.0073239436619718,0.006060606060606
479,TBStack-LR,1,1,TreeStacking,Rename Class,0.1649484536082474,0.1350751787034754,0.0757128810226155,0.1603448275862068,0.0,0.0010636667381908,0.076049643517296,0.0368550368550368,0.009789156626506,0.4285714285714285,0.0070546737213403,0.0,0.0,0.0221011201937632,0.0033323235383217,0.0,0.0377475247524752,0.3618090452261306,0.1483516483516483,0.0,0.0,0.0,0.0318352059925093,0.0033303057826218,0.0,0.0,0.0369557584269662,0.0087813236239023,0.0639585133967156,0.197092084006462,0.0198282591725214,0.0028462998102466,0.0502283105022831,0.1836559139784946,0.0908265213442325,0.1774107618540223,1.0,0.04406364749082,0.0132591815163274,0.0009298234591945,0.0769230769230769,0.0,0.0094339622641509,0.0166197183098591,0.006060606060606
480,TBStack-LR,1,1,TreeStacking,Rename Class,0.0,0.0041902883904362,0.0019665683382497,0.0008620689655172,0.0,2.1457254084541585e-05,0.0016453047876338,0.0049140049140049,0.0017570281124497,0.1428571428571428,0.0013227513227513,0.0,0.0,0.0006055101422948,0.0006058770069675,0.0,0.0049504950495049,0.0,0.0054945054945054,0.0,0.0058479532163742,0.0003027550711474,0.0037453183520599,0.0006055101422948,0.0,0.0126582278481012,0.0007022471910112,0.0,0.010371650821089,0.0218093699515347,0.0014051522248243,0.0009487666034155,0.0,0.0253763440860215,0.0042385709960641,0.0053276505061267,0.2550335570469799,0.0624235006119951,0.0807951026932945,3.769554564302318e-05,0.3846153846153846,0.1809523809523809,0.2264150943396226,0.0419718309859155,0.0025974025974025
481,TBStack-LR,1,1,TreeStacking,Rename Class,0.0,0.0032043381809218,0.0167158308751229,0.0008620689655172,0.0,2.2989915090580268e-06,0.0084499603908106,0.0024570024570024,0.0002510040160642,0.1904761904761904,0.0,0.0,0.0,0.0033303057826218,0.0003029385034837,0.0,0.0037128712871287,0.0050251256281407,0.0054945054945054,0.0,0.0,0.0,0.0046816479400749,0.0003027550711474,0.0,0.0,8.778089887640449e-05,0.0010708931248661,0.0008643042350907,0.0193861066235864,0.0004683840749414,0.0028462998102466,0.0045662100456621,0.0055913978494623,0.0036330608537693,0.0042621204049014,1.0,0.0,0.0022746032516742,0.0,0.0769230769230769,0.0,0.0094339622641509,0.000281690140845,0.0017316017316017
482,TBStack-LR,1,1,TreeStacking,Rename Class,0.0,0.0147892531427162,0.0511307767944936,0.0103448275862068,0.0,0.0017725224534837,0.0175905425443318,0.0417690417690417,0.0005020080321285,0.1428571428571428,0.0,0.0,0.0,0.0018165304268846,0.0006058770069675,0.0,0.0903465346534653,0.0201005025125628,0.0054945054945054,0.0163934426229508,0.0350877192982456,0.0,0.1301498127340824,0.0003027550711474,0.0,0.0,0.0,0.0006425358749196,0.0924805531547104,0.1534733441033925,0.0024980483996877,0.0009487666034155,0.0,0.0851612903225806,0.0166515289131092,0.0500799147575919,0.44,0.0048959608323133,0.0056584957738693,0.0148646101652321,0.2307692307692307,0.0,0.0283018867924528,0.0140845070422535,0.0043290043290043
483,TBStack-LR,1,0,TreeStacking,Rename Class,0.0,0.001232437761893,0.0039331366764995,0.0,0.0,4.5979830181160536e-06,0.0019703032642034,0.0049140049140049,0.0005020080321285,0.1904761904761904,0.0004409171075837,0.0,0.0,0.0009082652134423,0.0009088155104513,0.0,0.0030940594059405,0.0150753768844221,0.0109890109890109,0.0,0.0,0.0,0.0028089887640449,0.0003027550711474,0.0018181818181818,0.0,8.778089887640449e-05,0.0,0.0025929127052722,0.0105008077544426,0.0004683840749414,0.0028462998102466,0.0045662100456621,0.0326881720430107,0.0015137753557372,0.0026638252530633,0.0,0.0,0.0,0.0,0.0,0.0,0.0,0.0,0.0
484,TBStack-LR,1,1,TreeStacking,Rename Class,0.0,0.0152822282474735,0.0471976401179941,0.0077586206896551,0.0,0.0009402875272047,0.0079015254615993,0.0343980343980344,0.0050200803212851,0.1428571428571428,0.0,0.0,0.0,0.0063578564940962,0.0006058770069675,0.0,0.0334158415841584,0.1055276381909547,0.0109890109890109,0.0,0.0,0.0,0.048689138576779,0.0009082652134423,0.0009090909090909,0.0,0.0019311797752808,0.0,0.0440795159896283,0.0226171243941841,0.0054644808743169,0.0009487666034155,0.0045662100456621,0.0640860215053763,0.0124129579170451,0.0231752797016515,0.5121951219512195,0.0048959608323133,0.0035482316733834,0.0005905635484073,0.1538461538461538,0.0,0.0188679245283018,0.0115492957746478,0.0017316017316017
485,TBStack-LR,1,1,TreeStacking,Rename Class,0.0,0.0039438008380576,0.0088495575221238,0.0017241379310344,0.0,1.1494957545290131e-05,0.0025999878125571,0.0049140049140049,0.0,0.238095238095238,0.0,0.0,0.0,0.0,0.0,0.0,0.0037128712871287,0.0,0.0,0.0,0.0292397660818713,0.0,0.0009363295880149,0.0,0.0,0.0,0.0001755617977528,0.0004283572499464,0.003457216940363,0.0250403877221324,0.0049960967993754,0.0009487666034155,0.0,0.021505376344086,0.0045413260672116,0.0103889184869472,0.84,0.0171358629130966,0.0298350259020912,1.2565181881007728e-05,0.1538461538461538,0.019047619047619,0.0377358490566037,0.0140845070422535,0.0
486,TBStack-LR,1,1,TreeStacking,Rename Class,0.0171821305841924,0.0308109440473256,0.0471976401179941,0.0086206896551724,0.0,0.0092197222818257,0.0184233511405415,0.0,0.001004016064257,0.1904761904761904,0.0008818342151675,0.0,0.0,0.0224038752649106,0.0015146925174189,0.0,0.0977722772277227,0.3517587939698492,0.0164835164835164,0.0,0.0467836257309941,0.0012110202845897,0.1376404494382022,0.0015137753557372,0.0009090909090909,0.0,0.0030723314606741,0.0,0.0743301642178046,0.0654281098546042,0.0020296643247462,0.0018975332068311,0.0045662100456621,0.1083870967741935,0.0266424462609748,0.0625998934469898,0.5876288659793815,0.0489596083231334,0.0020392994670182,0.0019601683734372,0.2307692307692307,0.0666666666666666,0.0943396226415094,0.0273239436619718,0.006060606060606
487,TBStack-LR,1,1,TreeStacking,Rename Class,0.0,0.0022183879714074,0.007866273352999,0.0008620689655172,0.0,0.0,0.0089577705104507,0.0,0.0,0.1428571428571428,0.001763668430335,0.0,0.0,0.0009082652134423,0.0,0.0,0.0061881188118811,0.0050251256281407,0.0,0.0,0.0,0.0,0.0093632958801498,0.0003027550711474,0.0,0.0,0.0007022471910112,0.0002141786249732,0.0060501296456352,0.0129240710823909,0.0001561280249804,0.0037950664136622,0.0365296803652968,0.0559139784946236,0.0024220405691795,0.0061267980820458,1.0,0.0,7.469961417649278e-06,2.513036376201545e-05,0.0769230769230769,0.0,0.0094339622641509,0.0005633802816901,0.0008658008658008
488,TBStack-LR,1,1,TreeStacking,Rename Class,0.0034364261168384,0.0014789253142716,0.0186823992133726,0.0,0.0,0.0,0.0018484288354898,0.0024570024570024,0.0,0.0952380952380952,0.0004409171075837,0.0,0.0,0.0003027550711474,0.0,0.0,0.0037128712871287,0.0050251256281407,0.0,0.0,0.0,0.0,0.0056179775280898,0.0,0.0,0.0,8.778089887640449e-05,0.0,0.0,0.005654281098546,0.004839968774395,0.0009487666034155,0.0,0.0197849462365591,0.002119285498032,0.0018646776771443,0.0,0.0,0.0,0.0,0.0,0.0,0.0,0.0,0.0
489,TBStack-LR,1,1,TreeStacking,Rename Class,0.0,0.0,0.0019665683382497,0.0,0.0,0.0,0.0119843188235055,0.0,0.0,0.0476190476190476,0.0,0.0,0.0,0.1771117166212534,0.0,0.0,0.0006188118811881,0.0,0.0,0.0,0.0,0.1771117166212534,0.0009363295880149,0.0,0.0009090909090909,0.0,0.0,0.0,0.0008643042350907,0.0008077544426494,0.0,0.0009487666034155,0.0,0.3359139784946237,0.1771117166212534,0.0002663825253063,0.16,0.0244798041615667,0.000212893900403,6.282590940503864e-05,0.4615384615384615,0.1523809523809524,0.2075471698113207,0.0140845070422535,0.0
490,TBStack-LR,1,1,TreeStacking,Rename Class,0.0,0.0165146660093665,0.0068829891838741,0.0129310344827586,0.0,0.0004506023357753,0.011395259084723,0.0122850122850122,0.0042670682730923,0.1904761904761904,0.013668430335097,0.0,0.0,0.0045413260672116,0.0030293850348379,0.0,0.0278465346534653,0.0150753768844221,0.0274725274725274,0.0245901639344262,0.0,0.0027247956403269,0.0327715355805243,0.0015137753557372,0.0136363636363636,0.0126582278481012,0.0086025280898876,0.003855215249518,0.0190146931719965,0.0573505654281098,0.0579234972677595,0.0009487666034155,0.0091324200913242,0.0554838709677419,0.0093854072055706,0.0191795418220564,0.3602484472049689,0.04406364749082,0.0024949671134948,0.0008041716403844,0.3846153846153846,0.0952380952380952,0.1415094339622641,0.0453521126760563,0.0017316017316017
491,TBStack-LR,1,1,TreeStacking,Rename Class,0.0,0.0128173527236874,0.0,0.0,0.0,3.0653220120773688e-06,0.0013812435254209,0.0,0.0005020080321285,0.0952380952380952,0.0008818342151675,0.0,0.0,0.0154405086285195,0.0148439866707058,0.0,0.0024752475247524,0.0050251256281407,0.0054945054945054,0.0,0.0,0.015137753557372,0.0028089887640449,0.0154405086285195,0.0027272727272727,0.0,0.001755617977528,0.0,0.0017286084701815,0.0040387722132471,0.0098360655737704,0.0009487666034155,0.0,0.0189247311827957,0.0154405086285195,0.0013319126265316,0.0,0.0,0.0,0.0,0.0,0.0,0.0,0.0,0.0
492,TBStack-LR,1,1,TreeStacking,Rename Class,0.0,0.0103524771999014,0.0098328416912487,0.0103448275862068,0.0,0.0,0.0033312343848388,0.0,0.0002510040160642,0.1428571428571428,0.0048500881834215,0.0,0.0,0.002119285498032,0.0006058770069675,0.0,0.0092821782178217,0.0251256281407035,0.0109890109890109,0.0,0.0,0.0006055101422948,0.0121722846441947,0.0009082652134423,0.01,0.0,0.0,0.0,0.0086430423509075,0.0048465266558966,0.0076502732240437,0.0009487666034155,0.0410958904109589,0.0219354838709677,0.0066606115652437,0.0117208311134789,0.0,0.0,0.0,0.0,0.0,0.0,0.0,0.0,0.0
493,TBStack-LR,1,1,TreeStacking,Rename Class,0.0,0.0017254128666502,0.0009832841691248,0.0,0.0,0.0,0.0001624992382848,0.0,0.0,0.0,0.0,0.0,0.0,0.002119285498032,0.0021205695243865,0.0,0.0,0.0,0.0,0.0,0.0,0.002119285498032,0.0,0.002119285498032,0.0,0.0,8.778089887640449e-05,0.0,0.0,0.0008077544426494,0.0009367681498829,0.0009487666034155,0.0,0.0094623655913978,0.002119285498032,0.0,0.0,0.0,0.0,0.0,0.0,0.0,0.0,0.0,0.0
494,TBStack-LR,1,1,TreeStacking,Rename Class,0.0,0.0029578506285432,0.0167158308751229,0.0025862068965517,0.0,1.6859271066425527e-05,0.002092177692917,0.0,0.001004016064257,0.1428571428571428,0.0004409171075837,0.0,0.0,0.0015137753557372,0.0015146925174189,0.0,0.0074257425742574,0.0251256281407035,0.0,0.0,0.0,0.0,0.0102996254681647,0.0,0.0,0.0,0.0005266853932584,0.0,0.003457216940363,0.0193861066235864,0.0003122560499609,0.0009487666034155,0.0045662100456621,0.0301075268817204,0.0030275507114744,0.0050612679808204,0.5636363636363636,0.040391676866585,0.0638868450244454,8.795627316705409e-05,0.1538461538461538,0.1238095238095238,0.1415094339622641,0.0309859154929577,0.0008658008658008
495,TBStack-LR,1,1,TreeStacking,Rename Class,0.0068728522336769,0.0071481390189795,0.023598820058997,0.0017241379310344,0.0,7.050240627777948e-05,0.0030468607178403,0.0098280098280098,0.0015060240963855,0.1428571428571428,0.0013227513227513,0.0,0.0,0.0030275507114744,0.0003029385034837,0.0,0.0099009900990099,0.0150753768844221,0.0109890109890109,0.0,0.0,0.0,0.0102996254681647,0.0006055101422948,0.0,0.0379746835443038,0.0015800561797752,0.0002141786249732,0.0077787381158167,0.0403877221324717,0.0020296643247462,0.0009487666034155,0.0,0.0408602150537634,0.0078716318498334,0.0085242408098028,0.0,0.0,0.0,0.0,0.0,0.0,0.0,0.0,0.0
496,TBStack-LR,1,1,TreeStacking,Rename Class,0.0,0.0083805767808725,0.0176991150442477,0.0008620689655172,0.0,2.605523710265764e-05,0.003574983242266,0.0049140049140049,0.0002510040160642,0.1428571428571428,0.0022045855379188,0.0,0.0,0.0045413260672116,0.0006058770069675,0.0,0.0074257425742574,0.0753768844221105,0.0054945054945054,0.0,0.0,0.0,0.0102996254681647,0.0006055101422948,0.0027272727272727,0.0,0.0001755617977528,0.0004283572499464,0.0051858254105445,0.0290791599353796,0.0071818891491022,0.0009487666034155,0.0091324200913242,0.0374193548387096,0.0057523463518013,0.0058604155567394,0.0,0.0,0.0,0.0,0.0,0.0,0.0,0.0,0.0
497,TBStack-LR,1,1,TreeStacking,Rename Class,0.0,0.0046832634951934,0.0068829891838741,0.0,0.0,3.831652515096711e-06,0.0025390505982003,0.0,0.0022590361445783,0.0952380952380952,0.0026455026455026,0.0,0.0,0.0018165304268846,0.0009088155104513,0.0,0.0043316831683168,0.0100502512562814,0.0109890109890109,0.0,0.023391812865497,0.0006055101422948,0.0009363295880149,0.0012110202845897,0.0009090909090909,0.0,0.0006144662921348,0.0010708931248661,0.006914433880726,0.0177705977382875,0.0020296643247462,0.0028462998102466,0.0091324200913242,0.035268817204301,0.0045413260672116,0.0045285029302077,0.0,0.0,0.0,0.0,0.0,0.0,0.0,0.0,0.0
498,TBStack-LR,1,1,TreeStacking,Rename Class,0.0,0.0017254128666502,0.0039331366764995,0.0,0.0,2.2989915090580268e-06,0.001889053645061,0.0049140049140049,0.0002510040160642,0.1428571428571428,0.0008818342151675,0.0,0.0,0.0,0.0,0.0,0.0018564356435643,0.0,0.0,0.0,0.0,0.0,0.0028089887640449,0.0,0.0,0.0,0.0001755617977528,0.0,0.0008643042350907,0.0161550888529886,0.0004683840749414,0.0028462998102466,0.0045662100456621,0.0335483870967741,0.002119285498032,0.001598295151838,0.0,0.0,0.0,0.0,0.0,0.0,0.0,0.0,0.0
499,TBStack-LR,1,1,TreeStacking,Rename Class,0.0,0.0054227261523293,0.0009832841691248,0.0008620689655172,0.0,7.663305030193421e-06,0.0025187381934147,0.0,0.0027610441767068,0.1904761904761904,0.005731922398589,0.0,0.0,0.0033303057826218,0.0027264465313541,0.013550135501355,0.005569306930693,0.0050251256281407,0.0109890109890109,0.0,0.0,0.0030275507114744,0.0065543071161048,0.0033303057826218,0.0081818181818181,0.0,0.0016678370786516,0.0,0.0181503889369057,0.0105008077544426,0.0049960967993754,0.0009487666034155,0.0228310502283105,0.024516129032258,0.0063578564940962,0.0095897709110282,0.995,0.1285189718482252,0.0016321865697563,0.0025004711943205,0.0769230769230769,0.0095238095238095,0.0188679245283018,0.056338028169014,0.0
500,TBStack-LR,1,1,TreeStacking,Rename Class,0.0412371134020618,0.0458466847424205,0.0432645034414945,0.0198275862068965,0.0,0.0008284032737639,0.0209420893339562,0.0245700245700245,0.0276104417670682,0.1904761904761904,0.015432098765432,0.0,0.0,0.0105964274901604,0.0048470160557406,0.0,0.0334158415841584,0.050251256281407,0.0659340659340659,0.040983606557377,0.0,0.0039358159249167,0.0187265917602996,0.0045413260672116,0.0109090909090909,0.0632911392405063,0.0115870786516853,0.003855215249518,0.0579083837510803,0.1268174474959612,0.013895394223263,0.0037950664136622,0.0091324200913242,0.1384946236559139,0.0429912201029367,0.0519445924347362,0.8888888888888888,0.0024479804161566,0.0049264395549396,0.000150782182572,0.1538461538461538,0.0,0.0188679245283018,0.0025352112676056,0.0069264069264069
501,TBStack-LR,1,1,TreeStacking,Rename Class,0.0,0.0,0.007866273352999,0.0,0.0,3.44848726358704e-05,0.0003656232861408,0.0,0.0,0.0,0.0,0.0,0.0,0.0,0.0,0.0,0.0061881188118811,0.0,0.0,0.0,0.0,0.0,0.0093632958801498,0.0,0.0,0.0,0.0,0.0,0.0,0.0,0.0,0.0009487666034155,0.0,0.0129032258064516,0.0,0.0026638252530633,0.0,0.0,0.0,0.0,0.0,0.0,0.0,0.0,0.0
502,TBStack-LR,1,0,TreeStacking,Rename Class,0.0,0.0007394626571358,0.0058997050147492,0.0,0.0,0.0,0.0003656232861408,0.0024570024570024,0.0,0.0952380952380952,0.0,0.0,0.0,0.0,0.0,0.0,0.0006188118811881,0.0,0.0,0.0,0.0058479532163742,0.0,0.0,0.0,0.0,0.0,0.0003511235955056,0.0,0.0008643042350907,0.0016155088852988,0.0006245120999219,0.0009487666034155,0.0,0.0133333333333333,0.0009082652134423,0.0005327650506126,0.0,0.0,0.0,0.0,0.0,0.0,0.0,0.0,0.0
503,TBStack-LR,1,1,TreeStacking,Rename Class,0.0,0.0,0.0019665683382497,0.0,0.0,1.6092940563406187e-05,0.0026406126221283,0.0,0.0,0.0476190476190476,0.0,0.0,0.0,0.0,0.0,0.0,0.0043316831683168,0.0,0.0,0.0,0.0,0.0,0.0065543071161048,0.0,0.0,0.0,0.0,0.0,0.0,0.0008077544426494,0.0334113973458235,0.0009487666034155,0.0,0.016774193548387,0.0,0.0018646776771443,1.0,0.0048959608323133,0.0004780775307295,2.513036376201545e-05,0.0769230769230769,0.0,0.0094339622641509,0.0045070422535211,0.0025974025974025
504,TBStack-LR,1,1,TreeStacking,Rename Class,0.0549828178694158,0.0073946265713581,0.0098328416912487,0.0034482758620689,0.0,1.1494957545290131e-05,0.039913875403709,0.0,0.0007530120481927,0.1428571428571428,0.0030864197530864,0.0,0.0,0.0042385709960641,0.0018176310209027,0.0,0.0043316831683168,0.0703517587939698,0.0,0.0,0.0,0.0,0.0065543071161048,0.0042385709960641,0.0063636363636363,0.0,0.0002633426966292,0.0002141786249732,0.0086430423509075,0.0201938610662358,0.0031225604996096,0.0028462998102466,0.0182648401826484,0.1303225806451612,0.007568876778686,0.0050612679808204,0.9152215799614644,0.1419828641370868,0.0088705791834585,0.0118364013319092,0.0769230769230769,0.0380952380952381,0.0471698113207547,0.1461971830985915,0.0086580086580086
505,TBStack-LR,1,1,TreeStacking,Rename Class,0.1374570446735395,0.0391915208281981,0.0619469026548672,0.0172413793103448,0.0,0.0014023848205253,0.0297982978204789,0.0171990171990172,0.0037650602409638,0.1904761904761904,0.0035273368606701,0.0,0.0,0.0105964274901604,0.0003029385034837,0.0,0.0445544554455445,0.0452261306532663,0.0164835164835164,0.0,0.0,0.002119285498032,0.0646067415730337,0.0003027550711474,0.0,0.0126582278481012,0.001755617977528,0.0059970014992503,0.0259291270527225,0.1324717285945073,0.0196721311475409,0.0028462998102466,0.0319634703196347,0.181505376344086,0.0348168331819557,0.0436867341502397,0.8477366255144033,0.0673194614443084,0.0079629788712141,0.0093107997738267,0.1538461538461538,0.0476190476190476,0.0660377358490566,0.0684507042253521,0.0138528138528138
506,TBStack-LR,1,0,TreeStacking,Rename Class,0.0068728522336769,0.0076411141237367,0.0255653883972468,0.0025862068965517,0.0,1.0728627042270793e-05,0.0031890475513396,0.0073710073710073,0.0,0.1904761904761904,0.0013227513227513,0.0,0.0,0.0024220405691795,0.0,0.0,0.005569306930693,0.0,0.0109890109890109,0.0,0.0,0.0,0.0065543071161048,0.0,0.0009090909090909,0.0253164556962025,0.0040379213483146,0.0,0.0017286084701815,0.0355411954765751,0.0029664324746291,0.0009487666034155,0.0,0.0365591397849462,0.0084771419921283,0.0055940330314331,1.0,0.0,1.1204942126473916e-05,3.769554564302318e-05,0.0769230769230769,0.0,0.0094339622641509,0.0005633802816901,0.0008658008658008
507,TBStack-LR,1,1,TreeStacking,Rename Class,0.0103092783505154,0.0135568153808232,0.0363815142576204,0.0060344827586206,0.0,5.4409465714373296e-05,0.0187280372123255,0.0221130221130221,0.0045180722891566,0.238095238095238,0.0026455026455026,0.0,0.0,0.004844081138359,0.0027264465313541,0.0,0.0136138613861386,0.0753768844221105,0.0219780219780219,0.0081967213114754,0.0058479532163742,0.0,0.0140449438202247,0.0009082652134423,0.0,0.0,0.0012289325842696,0.0004283572499464,0.017286084701815,0.0751211631663974,0.0064012490241998,0.0066413662239089,0.0273972602739726,0.1178494623655913,0.0148349984862246,0.0221097496004262,0.6666666666666666,0.003671970624235,2.240988425294784e-05,0.000100521455048,0.1538461538461538,0.0,0.0188679245283018,0.0016901408450704,0.0008658008658008
508,TBStack-LR,1,1,TreeStacking,Rename Class,0.0,0.0081340892284939,0.015732546705998,0.0034482758620689,0.0,5.364313521135396e-06,0.003676545266194,0.0098280098280098,0.0032630522088353,0.238095238095238,0.0,0.0,0.0,0.0012110202845897,0.0,0.0,0.0043316831683168,0.0201005025125628,0.0054945054945054,0.0,0.0175438596491228,0.0,0.0028089887640449,0.0,0.0,0.0,0.0009655898876404,0.0,0.0155574762316335,0.0452342487883683,0.0015612802498048,0.0009487666034155,0.0182648401826484,0.0288172043010752,0.0090826521344232,0.0093233883857218,0.0,0.0,0.0,0.0,0.0,0.0,0.0,0.0,0.0
509,TBStack-LR,1,1,TreeStacking,Rename Class,0.0274914089347079,0.0202119792950456,0.0540806293018682,0.0163793103448275,0.0,0.0001302761855132,0.0154577400418435,0.0442260442260442,0.0067771084337349,0.5238095238095237,0.0026455026455026,0.0,0.0,0.0039358159249167,0.0018176310209027,0.0,0.0129950495049504,0.0653266331658291,0.0329670329670329,0.0,0.0,0.0,0.0140449438202247,0.0003027550711474,0.0,0.0,0.0028089887640449,0.0012850717498393,0.0190146931719965,0.104200323101777,0.0067135050741608,0.0056925996204933,0.0502283105022831,0.1040860215053763,0.0224038752649106,0.0322322855620671,0.34,0.0085679314565483,0.0028609952229596,0.0011936922786957,0.3846153846153846,0.0,0.0471698113207547,0.0140845070422535,0.0112554112554112
510,TBStack-LR,1,1,TreeStacking,Rename Class,0.0034364261168384,0.0177471037712595,0.0216322517207472,0.0120689655172413,0.0,0.0,0.0534825618004915,0.0319410319410319,0.0050200803212851,0.1904761904761904,0.0044091710758377,0.0,0.0,0.0045413260672116,0.0006058770069675,0.0,0.0185643564356435,0.0753768844221105,0.1318681318681318,0.0,0.0,0.0,0.0018726591760299,0.0006055101422948,0.0045454545454545,0.0,0.0019311797752808,0.0012850717498393,0.0086430423509075,0.0977382875605815,0.0324746291959406,0.0104364326375711,0.0,0.1556989247311828,0.0187708144111413,0.0327650506126798,0.0,0.0,0.0,0.0,0.0,0.0,0.0,0.0,0.0
511,TBStack-LR,1,1,TreeStacking,Rename Class,0.0,0.0101059896475228,0.0108161258603736,0.0129310344827586,0.0,3.0653220120773686e-05,0.0030874855274115,0.0171990171990172,0.0,0.1904761904761904,0.0,0.0,0.0,0.0015137753557372,0.0,0.0,0.0099009900990099,0.0,0.0,0.040983606557377,0.0,0.0,0.0149812734082397,0.0,0.0,0.0,0.000877808988764,0.0044977511244377,0.013828867761452,0.0193861066235864,0.0,0.0009487666034155,0.0,0.0223655913978494,0.0081743869209809,0.0138518913159296,0.7692307692307693,0.00734394124847,0.0007283212382208,0.0002764340013821,0.2307692307692307,0.0,0.0283018867924528,0.0036619718309859,0.0034632034632034
512,TBStack-LR,1,1,TreeStacking,Rename Class,0.0,0.0014789253142716,0.023598820058997,0.0017241379310344,0.0,0.0001716580326763,0.003270297170482,0.0,0.0002510040160642,0.0952380952380952,0.0004409171075837,0.0,0.0,0.0015137753557372,0.0012117540139351,0.0,0.0154702970297029,0.0251256281407035,0.0164835164835164,0.0,0.0,0.0,0.0205992509363295,0.0003027550711474,0.0,0.0,0.0,0.0002141786249732,0.006914433880726,0.0145395799676898,0.0018735362997658,0.0009487666034155,0.0,0.0305376344086021,0.0018165304268846,0.0079914757591901,0.4411764705882353,0.0061199510403916,0.0011578440197356,0.0007790412766224,0.3846153846153846,0.0,0.0471698113207547,0.0095774647887323,0.0043290043290043
513,TBStack-LR,1,0,TreeStacking,Rename Class,0.0034364261168384,0.0076411141237367,0.007866273352999,0.0051724137931034,0.0,0.0,0.0044484166480469,0.0294840294840294,0.0,0.238095238095238,0.0004409171075837,0.0,0.0,0.0012110202845897,0.0012117540139351,0.0,0.0018564356435643,0.0201005025125628,0.0,0.0,0.0,0.0,0.0,0.0003027550711474,0.0,0.0,0.0006144662921348,0.0,0.0060501296456352,0.0258481421647819,0.0004683840749414,0.0028462998102466,0.0045662100456621,0.0283870967741935,0.0069633666363911,0.0082578582844965,0.5,0.003671970624235,0.0012698934410003,0.0003895206383112,0.3846153846153846,0.0,0.0471698113207547,0.0033802816901408,0.0008658008658008
514,TBStack-LR,1,0,TreeStacking,Rename Class,0.0,0.0086270643332511,0.0019665683382497,0.0,0.0,1.6092940563406187e-05,0.0009140582153521,0.0,0.0047690763052208,0.0,0.0,0.0,0.0,0.0105964274901604,0.0106028476219327,0.0,0.0043316831683168,0.0,0.0,0.0,0.0,0.0,0.0,0.0105964274901604,0.0,0.0,0.0,0.0,0.0,0.0,0.0054644808743169,0.0009487666034155,0.0,0.016774193548387,0.0105964274901604,0.0018646776771443,0.0,0.0,0.0,0.0,0.0,0.0,0.0,0.0,0.0
515,TBStack-LR,1,0,TreeStacking,Rename Class,0.0,0.0004929751047572,0.0039331366764995,0.0,0.0,7.663305030193421e-06,0.0003453108813552,0.0,0.0,0.0476190476190476,0.0008818342151675,0.0,0.0,0.0,0.0,0.0,0.0030940594059405,0.0,0.0,0.0,0.0,0.0,0.0046816479400749,0.0,0.0,0.0,8.778089887640449e-05,0.0,0.0008643042350907,0.0040387722132471,0.0,0.0009487666034155,0.0,0.0051612903225806,0.0006055101422948,0.0013319126265316,0.0,0.0,0.0,0.0,0.0,0.0,0.0,0.0,0.0
516,TBStack-LR,1,1,TreeStacking,Rename Class,0.0034364261168384,0.0276066058664037,0.0285152409046214,0.0112068965517241,0.0,0.0002613187015295,0.0091202697487355,0.0196560196560196,0.0017570281124497,0.2857142857142857,0.0035273368606701,0.0,0.0,0.0015137753557372,0.0015146925174189,0.0,0.0167079207920792,0.0201005025125628,0.0109890109890109,0.0,0.0,0.0003027550711474,0.0037453183520599,0.0015137753557372,0.0036363636363636,0.0,0.0002633426966292,0.0032126793745984,0.0190146931719965,0.0888529886914378,0.0046838407494145,0.0009487666034155,0.0547945205479452,0.0477419354838709,0.0208900999091734,0.0293020777836973,0.0,0.0,0.0,0.0,0.0,0.0,0.0,0.0,0.0
517,TBStack-LR,1,1,TreeStacking,Rename Class,0.0,0.0,0.0,0.0,0.0,0.0,0.0137311856350673,0.0,0.0,0.0,0.0,0.0,0.0,0.0,0.0,0.0,0.0,0.0,0.0,0.0,0.0,0.0,0.0,0.0,0.0,0.0,0.0,0.0,0.0,0.0,0.0,0.0,0.0,0.0,0.0,0.0,0.92,0.025703794369645,0.0019982146792211,0.0060941132122887,0.1538461538461538,0.0095238095238095,0.0283018867924528,0.0140845070422535,0.0
518,TBStack-LR,1,1,TreeStacking,Rename Class,0.0,0.0039438008380576,0.007866273352999,0.0008620689655172,0.0,0.0,0.0011374946679937,0.0073710073710073,0.0002510040160642,0.1428571428571428,0.0004409171075837,0.0,0.0,0.0045413260672116,0.0,0.0,0.0006188118811881,0.0,0.0,0.0,0.0,0.0045413260672116,0.0009363295880149,0.0,0.0,0.0,8.778089887640449e-05,0.0,0.0,0.0145395799676898,0.0006245120999219,0.0009487666034155,0.0,0.0236559139784946,0.0057523463518013,0.001598295151838,1.0,0.003671970624235,0.0002689186110353,2.513036376201545e-05,0.0769230769230769,0.0,0.0094339622641509,0.0014084507042253,0.0008658008658008
519,TBStack-LR,1,1,TreeStacking,Rename Class,0.0,0.0041902883904362,0.0,0.0,0.0,4.521349967814119e-05,0.0012390566919217,0.0,0.0,0.0476190476190476,0.0,0.0,0.0,0.0030275507114744,0.0009088155104513,0.0,0.0092821782178217,0.050251256281407,0.0,0.0,0.0,0.0,0.0140449438202247,0.0009082652134423,0.0,0.0,0.0002633426966292,0.0,0.0060501296456352,0.0,0.0004683840749414,0.0009487666034155,0.0,0.0184946236559139,0.0030275507114744,0.003995737879595,0.0,0.0,0.0,0.0,0.0,0.0,0.0,0.0,0.0
520,TBStack-LR,1,1,TreeStacking,Rename Class,0.0,0.0002464875523786,0.0049164208456243,0.0,0.0,7.663305030193422e-07,0.0002640612622128,0.0,0.0,0.0952380952380952,0.0,0.0,0.0,0.0,0.0,0.0,0.0012376237623762,0.0,0.0,0.0,0.0,0.0,0.0018726591760299,0.0,0.0,0.0,0.0,0.0,0.0008643042350907,0.0024232633279483,0.0001561280249804,0.0009487666034155,0.0,0.0081720430107526,0.0003027550711474,0.000799147575919,0.74,0.0085679314565483,0.0033091929080186,1.2565181881007728e-05,0.2307692307692307,0.0095238095238095,0.0377358490566037,0.0140845070422535,0.0
521,TBStack-LR,1,1,TreeStacking,Rename Class,0.0,0.0046832634951934,0.0019665683382497,0.0,0.0,4.0615516660025137e-05,0.0018078040259186,0.0,0.003012048192771,0.0952380952380952,0.0004409171075837,0.0,0.0,0.0027247956403269,0.0009088155104513,0.0,0.0086633663366336,0.0452261306532663,0.0,0.0,0.0,0.0,0.0131086142322097,0.0,0.0,0.0,0.0,0.0,0.010371650821089,0.0088852988691437,0.0039032006245121,0.0009487666034155,0.0045662100456621,0.024516129032258,0.004844081138359,0.0042621204049014,0.9833333333333332,0.0012239902080783,0.0016209816276298,0.0037444242005403,0.0769230769230769,0.0285714285714285,0.0377358490566037,0.0845070422535211,0.0
522,TBStack-LR,1,1,TreeStacking,Rename Class,0.0034364261168384,0.0007394626571358,0.0039331366764995,0.0008620689655172,0.0,1.5326610060386844e-06,0.00050781011964,0.0,0.0,0.0476190476190476,0.0004409171075837,0.0,0.0,0.0006055101422948,0.0003029385034837,0.005420054200542,0.0030940594059405,0.0100502512562814,0.0054945054945054,0.0,0.0,0.0,0.0037453183520599,0.0,0.0018181818181818,0.0,8.778089887640449e-05,0.0,0.003457216940363,0.0016155088852988,0.0001561280249804,0.0009487666034155,0.0,0.0047311827956989,0.0009082652134423,0.001598295151838,0.7647058823529411,0.0085679314565483,0.0055539163140222,5.026072752403091e-05,0.2307692307692307,0.0095238095238095,0.0377358490566037,0.0143661971830985,0.0008658008658008
523,TBStack-LR,1,0,TreeStacking,Rename Class,0.0,0.030564456494947,0.0167158308751229,0.0163793103448275,0.0,8.276369432608895e-05,0.0101358899880156,0.0073710073710073,0.0040160642570281,0.3809523809523809,0.0260141093474426,0.0,0.0,0.0009082652134423,0.0009088155104513,0.002710027100271,0.0099009900990099,0.0100502512562814,0.0494505494505494,0.0,0.0,0.0003027550711474,0.0046816479400749,0.0003027550711474,0.0045454545454545,0.0,0.0029845505617977,0.0004283572499464,0.0259291270527225,0.0492730210016155,0.0708821233411397,0.0009487666034155,0.0228310502283105,0.0658064516129032,0.0257341810475325,0.02983484283431,1.0,0.0024479804161566,0.0013782078815562,0.000113086636929,0.0769230769230769,0.0,0.0094339622641509,0.0025352112676056,0.0034632034632034
524,TBStack-LR,1,1,TreeStacking,Rename Class,0.0,0.0337687946758688,0.087512291052114,0.0310344827586206,0.2948717948717949,0.0,0.0175905425443318,0.0221130221130221,0.0002510040160642,0.2857142857142857,0.0035273368606701,0.0,0.0,0.0036330608537693,0.0003029385034837,0.0,0.0377475247524752,0.0603015075376884,0.0879120879120879,0.0,0.0,0.0,0.0383895131086142,0.0003027550711474,0.0009090909090909,0.0,0.0028967696629213,0.0044977511244377,0.024200518582541,0.0743134087237479,0.0003122560499609,0.0009487666034155,0.0,0.0963440860215053,0.0333030578262185,0.0487480021310602,0.36,0.0048959608323133,0.0004967524342736,0.0011559967330527,0.2307692307692307,0.0380952380952381,0.0660377358490566,0.0070422535211267,0.0025974025974025
525,TBStack-LR,1,0,TreeStacking,Rename Class,0.0,0.0751787034754744,0.1563421828908554,0.0568965517241379,0.0,0.0015433896330809,0.0237452011943694,0.0786240786240786,0.0032630522088353,0.1428571428571428,0.1234567901234567,0.0,0.0,0.0009082652134423,0.0009088155104513,0.0,0.0396039603960396,0.0150753768844221,0.3131868131868132,0.0,0.0,0.0,0.0065543071161048,0.0003027550711474,0.0563636363636363,0.0,0.0021945224719101,0.0184193617476975,0.0086430423509075,0.0630048465266559,0.0037470725995316,0.0009487666034155,0.0,0.0890322580645161,0.0417801998183469,0.0753862546616941,0.9615384615384616,0.0061199510403916,0.0022372534445859,0.0002261732738581,0.0769230769230769,0.0095238095238095,0.0188679245283018,0.0073239436619718,0.0017316017316017
526,TBStack-LR,1,1,TreeStacking,Rename Class,0.0137457044673539,0.0276066058664037,0.0452310717797443,0.0060344827586206,0.0,0.0014238420746099,0.014767118279133,0.0196560196560196,0.0072791164658634,0.238095238095238,0.0044091710758377,0.0,0.0,0.004844081138359,0.0039382005452893,0.0,0.0451732673267326,0.0301507537688442,0.2307692307692307,0.0,0.0058479532163742,0.0003027550711474,0.0280898876404494,0.0033303057826218,0.0,0.0,0.0099192415730337,0.0040693938744913,0.03457216940363,0.1025848142164781,0.0117096018735362,0.0009487666034155,0.0593607305936073,0.1182795698924731,0.0275507114744171,0.04075652637187,0.6086956521739131,0.0195838433292533,0.0008665155244473,0.0023622541936294,0.2307692307692307,0.0476190476190476,0.0754716981132075,0.0194366197183098,0.0173160173160173
527,TBStack-LR,1,1,TreeStacking,Rename Class,0.0,0.0064086763618437,0.0275319567354965,0.0043103448275862,0.0,7.433405879287619e-05,0.0033109219800532,0.0,0.0,0.0952380952380952,0.0,0.0,0.0,0.0012110202845897,0.0,0.0,0.0092821782178217,0.0,0.0,0.0327868852459016,0.0,0.0,0.0140449438202247,0.0,0.0,0.0,0.0,0.0023559648747055,0.0121002592912705,0.0185783521809369,0.0020296643247462,0.0009487666034155,0.0,0.0202150537634408,0.0072661217075386,0.0058604155567394,0.0,0.0,0.0,0.0,0.0,0.0,0.0,0.0,0.0
528,TBStack-LR,1,1,TreeStacking,Rename Class,0.0,0.0017254128666502,0.0019665683382497,0.0,0.0,5.900744873248935e-05,0.0010562450488513,0.0,0.0,0.0476190476190476,0.0,0.0,0.0,0.002119285498032,0.0,0.0,0.0086633663366336,0.0351758793969849,0.0,0.0,0.0,0.0,0.0131086142322097,0.0,0.0,0.0,0.0001755617977528,0.0,0.0060501296456352,0.0,0.0003122560499609,0.0009487666034155,0.0,0.0111827956989247,0.002119285498032,0.0037293553542887,0.0,0.0,0.0,0.0,0.0,0.0,0.0,0.0,0.0
529,TBStack-LR,1,1,TreeStacking,Rename Class,0.0,0.0051762385999507,0.007866273352999,0.0,0.0,2.9886889617754346e-05,0.0030468607178403,0.0049140049140049,0.0022590361445783,0.238095238095238,0.001763668430335,0.0,0.0,0.0012110202845897,0.0012117540139351,0.0,0.0061881188118811,0.0201005025125628,0.0109890109890109,0.0,0.0,0.0,0.0074906367041198,0.0003027550711474,0.0,0.0,0.0003511235955056,0.0010708931248661,0.0077787381158167,0.0218093699515347,0.0043715846994535,0.0009487666034155,0.0273972602739726,0.0374193548387096,0.0054495912806539,0.0071923281832711,1.0,0.0,7.469961417649278e-06,0.0,0.0769230769230769,0.0,0.0094339622641509,0.0005633802816901,0.0017316017316017
530,TBStack-LR,1,1,TreeStacking,Rename Class,0.0034364261168384,0.0004929751047572,0.0029498525073746,0.0,0.0,0.0,0.0207592776908858,0.0,0.0,0.0,0.0,0.0,0.0,0.0006055101422948,0.0,0.0,0.0,0.0,0.0,0.0,0.0,0.0,0.0,0.0,0.0,0.0,0.0,0.0,0.0,0.0,0.0001561280249804,0.0313092979127134,0.0,0.0821505376344086,0.0006055101422948,0.0,1.0,0.003671970624235,0.0030328043355656,0.0008041716403844,0.0769230769230769,0.0,0.0094339622641509,0.0140845070422535,0.0
531,TBStack-LR,1,1,TreeStacking,Rename Class,0.0,0.0184865664283953,0.0127826941986234,0.0008620689655172,0.0,1.6859271066425527e-05,0.0073530905323881,0.0196560196560196,0.0060240963855421,0.1904761904761904,0.0008818342151675,0.0,0.0,0.0006055101422948,0.0006058770069675,0.0,0.0049504950495049,0.0100502512562814,0.0219780219780219,0.0,0.0,0.0,0.0037453183520599,0.0006055101422948,0.0009090909090909,0.0,0.0151860955056179,0.0,0.0008643042350907,0.0541195476575121,0.0112412177985948,0.0009487666034155,0.0,0.0313978494623655,0.0090826521344232,0.0183803942461374,0.75,0.0012239902080783,0.0019011051807917,3.769554564302318e-05,0.1538461538461538,0.0,0.0188679245283018,0.0011267605633802,0.0008658008658008
532,TBStack-LR,1,1,TreeStacking,Rename Class,0.0034364261168384,0.0966231205324131,0.1337266470009833,0.0672413793103448,0.0,0.0020292431719952,0.0408076212142755,0.1351351351351351,0.010793172690763,0.2857142857142857,0.0061728395061728,0.0,0.0,0.0172570390554041,0.0081793395940624,0.0,0.0501237623762376,0.1809045226130653,0.2142857142857143,0.0163934426229508,0.0058479532163742,0.0054495912806539,0.0252808988764044,0.0084771419921283,0.0009090909090909,0.0,0.0065835674157303,0.0064253587491968,0.1011235955056179,0.2237479806138934,0.0120218579234972,0.0123339658444022,0.1004566210045662,0.2309677419354838,0.0899182561307901,0.1044219499200852,0.3611111111111111,0.0134638922888616,0.0132666514777451,0.0018722121002701,0.3076923076923077,0.0857142857142857,0.1226415094339622,0.020281690140845,0.0112554112554112
533,TBStack-LR,1,1,TreeStacking,Rename Class,0.0034364261168384,0.001232437761893,0.0127826941986234,0.0017241379310344,0.0,1.1494957545290131e-05,0.0022546769312018,0.0073710073710073,0.0005020080321285,0.1428571428571428,0.0022045855379188,0.0,0.0,0.0,0.0,0.0,0.0037128712871287,0.0,0.0219780219780219,0.0,0.0,0.0,0.0018726591760299,0.0,0.0,0.0,8.778089887640449e-05,0.0002141786249732,0.0025929127052722,0.0218093699515347,0.0079625292740046,0.0009487666034155,0.0045662100456621,0.0210752688172043,0.0015137753557372,0.0066595631326584,0.9487179487179488,0.003671970624235,0.0006648265661707,0.0008544323679085,0.1538461538461538,0.0,0.0188679245283018,0.0109859154929577,0.0025974025974025
534,TBStack-LR,1,1,TreeStacking,Rename Class,0.0171821305841924,0.0157752033522307,0.023598820058997,0.0068965517241379,0.0,0.0,0.0062359082691799,0.0098280098280098,0.001004016064257,0.1904761904761904,0.0,0.0,0.0,0.0060551014229488,0.0015146925174189,0.0,0.0074257425742574,0.0753768844221105,0.0054945054945054,0.0,0.0,0.0,0.0102996254681647,0.0015137753557372,0.0,0.0,0.0032478932584269,0.0008567144998929,0.0077787381158167,0.0347334410339256,0.0006245120999219,0.0018975332068311,0.0045662100456621,0.0486021505376344,0.0139267332727823,0.0093233883857218,0.0,0.0,0.0,0.0,0.0,0.0,0.0,0.0,0.0
535,TBStack-LR,1,1,TreeStacking,Rename Class,0.0,0.0076411141237367,0.0216322517207472,0.0025862068965517,0.0,0.0001379394905434,0.0037577948853364,0.0,0.0,0.0952380952380952,0.0,0.0,0.0,0.0015137753557372,0.0,0.0,0.0129950495049504,0.0,0.0,0.040983606557377,0.0,0.0,0.0196629213483146,0.0,0.0,0.0,0.0,0.0025701434996787,0.0129645635263612,0.0210016155088853,0.0017174082747853,0.0009487666034155,0.0,0.0197849462365591,0.0078716318498334,0.0069259456579648,0.0,0.0,0.0,0.0,0.0,0.0,0.0,0.0,0.0
536,TBStack-LR,1,1,TreeStacking,Rename Class,0.0,0.0401774710377125,0.0255653883972468,0.0,0.0,0.0001080526009257,0.0093233937965915,0.0122850122850122,0.0042670682730923,0.1904761904761904,0.0039682539682539,0.0,0.0,0.030881017257039,0.0272644653135413,0.0,0.0111386138613861,0.0100502512562814,0.0054945054945054,0.0,0.0,0.0263396911898274,0.0140449438202247,0.030881017257039,0.0163636363636363,0.0,0.0023700842696629,0.0004283572499464,0.013828867761452,0.0759289176090468,0.0252927400468384,0.0018975332068311,0.0273972602739726,0.1191397849462365,0.0463215258855585,0.0175812466702184,0.6482412060301508,0.03671970624235,0.0034847370013333,0.0068354589432682,0.2307692307692307,0.0666666666666666,0.0943396226415094,0.056056338028169,0.0129870129870129
537,TBStack-LR,1,1,TreeStacking,Rename Class,0.0,0.003697313285679,0.0186823992133726,0.0025862068965517,0.0,1.6092940563406187e-05,0.0030062359082691,0.0122850122850122,0.001004016064257,0.3809523809523809,0.0008818342151675,0.0,0.0,0.0,0.0,0.0,0.0043316831683168,0.0,0.0054945054945054,0.0,0.0,0.0,0.0056179775280898,0.0,0.0054545454545454,0.0,0.0006144662921348,0.0002141786249732,0.0129645635263612,0.0234248788368336,0.0015612802498048,0.0009487666034155,0.0,0.0275268817204301,0.0039358159249167,0.015716568993074,0.0,0.0,0.0,0.0,0.0,0.0,0.0,0.0,0.0
538,TBStack-LR,1,1,TreeStacking,Rename Class,0.0,0.0027113630761646,0.0009832841691248,0.0,0.0,0.0,0.0008937458105665,0.0,0.0002510040160642,0.0952380952380952,0.0,0.0,0.0,0.0006055101422948,0.0,0.0,0.0061881188118811,0.0100502512562814,0.0,0.0,0.0,0.0,0.0093632958801498,0.0,0.0,0.0,0.0,0.0,0.0043215211754537,0.0008077544426494,0.0003122560499609,0.0009487666034155,0.0,0.0077419354838709,0.0009082652134423,0.003196590303676,0.28,0.011015911872705,0.0208150474902797,0.0,0.3076923076923077,0.0857142857142857,0.1226415094339622,0.0140845070422535,0.0
539,TBStack-LR,1,0,TreeStacking,Rename Class,0.0,0.0046832634951934,0.0019665683382497,0.0060344827586206,0.0,0.0002444594304631,0.0090999573439499,0.0024570024570024,0.0075301204819277,0.1428571428571428,0.0978835978835978,0.056338028169014,0.0,0.0009082652134423,0.0003029385034837,0.0,0.016089108910891,0.0100502512562814,0.0,0.0081967213114754,0.023391812865497,0.0,0.0205992509363295,0.0006055101422948,0.0009090909090909,0.0,0.0098314606741573,0.0,0.0181503889369057,0.0444264943457189,0.0658860265417642,0.0009487666034155,0.0091324200913242,0.0378494623655914,0.0051468362095065,0.0119872136387852,0.99812382739212,0.1260709914320685,0.005580061178984,0.0094741471382798,0.0769230769230769,0.0095238095238095,0.0188679245283018,0.1501408450704225,0.0164502164502164
540,TBStack-LR,1,1,TreeStacking,Rename Class,0.0,0.0231698299235888,0.0,0.0,0.0,0.0,0.0019093660498466,0.0,0.0,0.0,0.0,0.0,0.0,0.0284589766878595,0.0284762193274765,0.0,0.0,0.0,0.0,0.0,0.0,0.0284589766878595,0.0,0.0284589766878595,0.0,0.0,0.0,0.0,0.0,0.0,0.0188914910226385,0.0009487666034155,0.0,0.0124731182795698,0.0284589766878595,0.0,0.0,0.0,0.0,0.0,0.0,0.0,0.0,0.0,0.0
541,TBStack-LR,1,1,TreeStacking,Rename Class,0.0,0.0110919398570372,0.023598820058997,0.0060344827586206,0.0,5.670845722343132e-05,0.0058296601734679,0.0098280098280098,0.0042670682730923,0.238095238095238,0.0013227513227513,0.0,0.0,0.0018165304268846,0.0018176310209027,0.0,0.0080445544554455,0.0301507537688442,0.0164835164835164,0.0,0.0,0.0,0.0093632958801498,0.0015137753557372,0.0009090909090909,0.0,0.000877808988764,0.0008567144998929,0.0112359550561797,0.0306946688206785,0.0079625292740046,0.0047438330170777,0.0365296803652968,0.0576344086021505,0.0108991825613079,0.014917421417155,0.33,0.03671970624235,0.1649442180631137,2.513036376201545e-05,0.3076923076923077,0.1428571428571428,0.1792452830188679,0.028169014084507,0.0
542,TBStack-LR,1,1,TreeStacking,Rename Class,0.0,0.0004929751047572,0.0039331366764995,0.0025862068965517,0.0,0.0,0.0008531210009953,0.0,0.0,0.0952380952380952,0.0008818342151675,0.0,0.0,0.0,0.0,0.0,0.0006188118811881,0.0,0.0,0.0,0.0,0.0,0.0009363295880149,0.0,0.0009090909090909,0.0,0.0007900280898876,0.0,0.0060501296456352,0.005654281098546,0.0020296643247462,0.0009487666034155,0.0045662100456621,0.0081720430107526,0.0006055101422948,0.003196590303676,0.4,0.0012239902080783,0.0003436182252118,0.00012565181881,0.2307692307692307,0.0,0.0283018867924528,0.0014084507042253,0.0017316017316017
543,TBStack-LR,1,1,TreeStacking,Rename Class,0.0,0.001232437761893,0.0039331366764995,0.0008620689655172,0.0,4.291450816908317e-05,0.0011984318823505,0.0,0.0002510040160642,0.0952380952380952,0.0,0.0,0.0,0.0015137753557372,0.0009088155104513,0.0,0.0080445544554455,0.0050251256281407,0.0,0.0081967213114754,0.0058479532163742,0.0,0.0102996254681647,0.0,0.0,0.0253164556962025,0.0001755617977528,0.0004283572499464,0.010371650821089,0.0040387722132471,0.0003122560499609,0.0009487666034155,0.0,0.0163440860215053,0.0015137753557372,0.0042621204049014,0.7272727272727273,0.00734394124847,0.0005751870291589,0.0006031287302883,0.1538461538461538,0.0095238095238095,0.0283018867924528,0.0061971830985915,0.0034632034632034
544,TBStack-LR,1,1,TreeStacking,Rename Class,0.0,0.0017254128666502,0.0039331366764995,0.0,0.0,9.195966036232109e-06,0.0008328085962097,0.0,0.0,0.0476190476190476,0.0,0.0,0.0,0.0009082652134423,0.0,0.0,0.005569306930693,0.0150753768844221,0.0,0.0,0.0,0.0,0.0084269662921348,0.0,0.0,0.0,0.0002633426966292,0.0,0.0025929127052722,0.0,0.0007806401249024,0.0009487666034155,0.0,0.0051612903225806,0.0009082652134423,0.002397442727757,0.0,0.0,0.0,0.0,0.0,0.0,0.0,0.0,0.0
545,TBStack-LR,1,1,TreeStacking,Rename Class,0.0,0.0704954399802809,0.039331366764995,0.0025862068965517,0.0,0.0007517702234619,0.0328654709431049,0.0442260442260442,0.0022590361445783,0.238095238095238,0.0462962962962962,0.0,0.0,0.0036330608537693,0.0,0.0,0.0507425742574257,0.0603015075376884,0.1483516483516483,0.0,0.0,0.0,0.0505617977528089,0.0,0.0063636363636363,0.0,0.0104459269662921,0.0,0.0691443388072601,0.1421647819063005,0.0469945355191256,0.0009487666034155,0.3698630136986301,0.0821505376344086,0.0584317287314562,0.1110815130527437,0.5112781954887218,0.05875152998776,0.008411176556273,0.0026889489225356,0.1538461538461538,0.0095238095238095,0.0283018867924528,0.0374647887323943,0.0216450216450216
546,TBStack-LR,1,1,TreeStacking,Rename Class,0.0,0.0399309834853339,0.0176991150442477,0.0120689655172413,0.0,0.0,0.0167577339481221,0.0319410319410319,0.0062751004016064,0.2857142857142857,0.0008818342151675,0.0,0.0,0.0042385709960641,0.0012117540139351,0.0,0.0185643564356435,0.0653266331658291,0.0549450549450549,0.0,0.0,0.0,0.0187265917602996,0.0015137753557372,0.0009090909090909,0.0126582278481012,0.001755617977528,0.0,0.0129645635263612,0.0783521809369951,0.0474629195940671,0.0009487666034155,0.1598173515981735,0.1311827956989247,0.0296699969724492,0.0450186467767714,0.2432432432432432,0.0171358629130966,0.0018413454894505,0.0143117421624678,0.5384615384615385,0.0476190476190476,0.1132075471698113,0.0208450704225352,0.0164502164502164
547,TBStack-LR,1,1,TreeStacking,Rename Class,0.0,0.0226768548188316,0.0186823992133726,0.0206896551724137,0.0,1.45602795573675e-05,0.0049968515772582,0.0221130221130221,0.0025100401606425,0.1428571428571428,0.005731922398589,0.0,0.0,0.0024220405691795,0.0,0.0,0.0061881188118811,0.0,0.0274725274725274,0.0,0.0,0.0,0.0018726591760299,0.0,0.0045454545454545,0.0,0.001755617977528,0.0012850717498393,0.013828867761452,0.029886914378029,0.0095238095238095,0.0018975332068311,0.0,0.0184946236559139,0.0154405086285195,0.0210442194992008,1.0,0.003671970624235,0.0013670029394298,0.0003015643651441,0.0769230769230769,0.0,0.0094339622641509,0.0047887323943661,0.0025974025974025
548,TBStack-LR,1,1,TreeStacking,Rename Class,0.0378006872852233,0.0226768548188316,0.0530973451327433,0.0224137931034482,0.0,0.0003770346074855,0.0138733724685665,0.0049140049140049,0.0055220883534136,0.2857142857142857,0.0008818342151675,0.0,0.0,0.0115046927036027,0.0033323235383217,0.0,0.0247524752475247,0.1758793969849246,0.0549450549450549,0.0,0.0643274853801169,0.0009082652134423,0.0159176029962546,0.0012110202845897,0.0,0.0,0.0038623595505617,0.0008567144998929,0.0216076058772687,0.1187399030694668,0.004215456674473,0.0009487666034155,0.0091324200913242,0.1049462365591397,0.0227066303360581,0.0295684603090037,0.3584905660377358,0.0195838433292533,0.0979461341082173,0.0008544323679085,0.2307692307692307,0.0666666666666666,0.0943396226415094,0.0149295774647887,0.0164502164502164
549,TBStack-LR,1,1,TreeStacking,Rename Class,0.0274914089347079,0.0039438008380576,0.0491642084562438,0.0043103448275862,0.0,0.0001118842534408,0.0080843371046698,0.0024570024570024,0.0007530120481927,0.1428571428571428,0.0008818342151675,0.0,0.0,0.0042385709960641,0.0,0.0,0.0129950495049504,0.0703517587939698,0.0109890109890109,0.0,0.023391812865497,0.0,0.0121722846441947,0.0,0.0,0.0,0.0005266853932584,0.0004283572499464,0.0129645635263612,0.0468497576736672,0.0067135050741608,0.0018975332068311,0.0091324200913242,0.0726881720430107,0.0063578564940962,0.0093233883857218,0.4571428571428571,0.0012239902080783,0.0004967524342736,0.0008795627316705,0.2307692307692307,0.0,0.0283018867924528,0.0098591549295774,0.0129870129870129
550,TBStack-LR,1,1,TreeStacking,Rename Class,0.0034364261168384,0.0162681784569879,0.015732546705998,0.0,0.0,0.0,0.0019093660498466,0.0,0.0,0.0,0.0,0.0,0.0,0.0199818346957311,0.0199939412299303,0.0,0.0,0.0452261306532663,0.0,0.0,0.0,0.0172570390554041,0.0,0.0199818346957311,0.0,0.0,0.0011411516853932,0.0,0.0,0.0129240710823909,0.0014051522248243,0.0009487666034155,0.0,0.0219354838709677,0.0199818346957311,0.0,0.0,0.0,0.0,0.0,0.0,0.0,0.0,0.0,0.0
551,TBStack-LR,1,1,TreeStacking,Rename Class,0.0034364261168384,0.0027113630761646,0.0068829891838741,0.0,0.0,9.962296539251447e-06,0.0025999878125571,0.0049140049140049,0.0005020080321285,0.2857142857142857,0.0008818342151675,0.0,0.0,0.0012110202845897,0.0,0.0,0.0037128712871287,0.0,0.0,0.0081967213114754,0.0175438596491228,0.0009082652134423,0.0028089887640449,0.0,0.0,0.0,0.0007022471910112,0.0,0.0025929127052722,0.0177705977382875,0.0015612802498048,0.0009487666034155,0.0045662100456621,0.0258064516129032,0.0024220405691795,0.0047948854555141,0.0,0.0,0.0,0.0,0.0,0.0,0.0,0.0,0.0
552,TBStack-LR,1,1,TreeStacking,Rename Class,0.0,0.0216909046093172,0.015732546705998,0.0189655172413793,0.0,0.0,0.0048749771485446,0.0147420147420147,0.0050200803212851,0.238095238095238,0.0092592592592592,0.0,0.0,0.0,0.0,0.0,0.0006188118811881,0.0,0.0,0.0,0.0,0.0,0.0009363295880149,0.0,0.0009090909090909,0.0,0.0038623595505617,0.0081387877489826,0.0043215211754537,0.0710823909531502,0.0188914910226385,0.0009487666034155,0.0,0.0378494623655914,0.0172570390554041,0.0143846563665423,0.8590604026845637,0.0526315789473684,0.0014417025536063,0.0023873845573914,0.0769230769230769,0.0761904761904762,0.0849056603773584,0.0419718309859155,0.0121212121212121
553,TBStack-LR,1,1,TreeStacking,Rename Class,0.0,0.0044367759428148,0.0658800393313667,0.0,0.0,4.138184716304448e-05,0.0039812313379781,0.0,0.0,0.1428571428571428,0.0004409171075837,0.0,0.0,0.0018165304268846,0.0003029385034837,0.0,0.0080445544554455,0.0301507537688442,0.0329670329670329,0.0,0.0,0.0,0.0065543071161048,0.0003027550711474,0.0018181818181818,0.0,0.0,0.0,0.0060501296456352,0.0226171243941841,0.0006245120999219,0.0009487666034155,0.0136986301369863,0.0266666666666666,0.0036330608537693,0.0055940330314331,0.9285714285714286,0.0048959608323133,0.0009860349071297,0.000100521455048,0.1538461538461538,0.0,0.0188679245283018,0.0039436619718309,0.0008658008658008
554,TBStack-LR,1,1,TreeStacking,Rename Class,0.0,0.091693369484841,0.0019665683382497,0.0,0.0,1.3027618551328815e-05,0.0140155593020657,0.0049140049140049,0.0301204819277108,0.1428571428571428,0.0026455026455026,0.0,0.0,0.043899485316379,0.0439260830051499,0.005420054200542,0.0043316831683168,0.0,0.0054945054945054,0.0,0.0,0.0435967302452316,0.0056179775280898,0.043899485316379,0.0036363636363636,0.0,0.0384480337078651,0.0,0.010371650821089,0.0072697899838449,0.0368462138953942,0.0009487666034155,0.0091324200913242,0.1195698924731182,0.0469270360278534,0.0394246137453383,0.0,0.0,0.0,0.0,0.0,0.0,0.0,0.0,0.0
555,TBStack-LR,1,1,TreeStacking,Rename Class,0.0,0.0029578506285432,0.0098328416912487,0.0077586206896551,0.0,2.2989915090580268e-06,0.0059109097926103,0.0024570024570024,0.001004016064257,0.1428571428571428,0.0004409171075837,0.0,0.0,0.0006055101422948,0.0006058770069675,0.0,0.0018564356435643,0.0,0.0,0.0,0.0,0.0006055101422948,0.0028089887640449,0.0006055101422948,0.0027272727272727,0.0,0.0006144662921348,0.0,0.03457216940363,0.0080775444264943,0.0201405152224824,0.0009487666034155,0.0,0.0163440860215053,0.0027247956403269,0.0138518913159296,1.0,0.0,0.0,0.0,0.0769230769230769,0.0,0.0094339622641509,0.000281690140845,0.0008658008658008
556,TBStack-LR,1,1,TreeStacking,Rename Class,0.0,0.0009859502095144,0.0137659783677482,0.0017241379310344,0.0,7.663305030193421e-06,0.0010359326440657,0.0,0.0,0.0952380952380952,0.0,0.0,0.0,0.0,0.0,0.0,0.0030940594059405,0.0,0.0054945054945054,0.0,0.0,0.0,0.0037453183520599,0.0,0.0,0.0,8.778089887640449e-05,0.0002141786249732,0.0025929127052722,0.0064620355411954,0.0024980483996877,0.0009487666034155,0.0,0.0176344086021505,0.0006055101422948,0.0018646776771443,0.875,0.0024479804161566,0.0001942189968588,6.282590940503864e-05,0.1538461538461538,0.0,0.0188679245283018,0.0045070422535211,0.0008658008658008
557,TBStack-LR,1,1,TreeStacking,Rename Class,0.0,0.0019719004190288,0.0029498525073746,0.0008620689655172,0.0,9.962296539251447e-06,0.008124961914241,0.0,0.0,0.0952380952380952,0.0,0.0,0.0,0.0009082652134423,0.0,0.0,0.0068069306930693,0.0,0.0,0.0245901639344262,0.0058479532163742,0.0,0.0093632958801498,0.0,0.0,0.0,8.778089887640449e-05,0.0,0.0051858254105445,0.0032310177705977,0.0,0.0037950664136622,0.0,0.0318279569892473,0.0018165304268846,0.003196590303676,0.0,0.0,0.0,0.0,0.0,0.0,0.0,0.0,0.0
558,TBStack-LR,1,1,TreeStacking,Rename Class,0.0,0.0300714813901897,0.0068829891838741,0.0206896551724137,0.0,1.992459307850289e-05,0.0116796327517214,0.0073710073710073,0.0052710843373493,0.1904761904761904,0.027336860670194,0.0,0.0,0.0057523463518013,0.0,0.0,0.010519801980198,0.0150753768844221,0.0219780219780219,0.0,0.0,0.004844081138359,0.0121722846441947,0.0009082652134423,0.0154545454545454,0.0,0.0044768258426966,0.0029985007496251,0.0847018150388937,0.0767366720516962,0.0163934426229508,0.0009487666034155,0.0045662100456621,0.0494623655913978,0.0211928549803209,0.0498135322322855,0.0,0.0,0.0,0.0,0.0,0.0,0.0,0.0,0.0
559,TBStack-LR,1,1,TreeStacking,Rename Class,0.0,0.0046832634951934,0.015732546705998,0.0,0.0,3.0653220120773686e-05,0.0030468607178403,0.0024570024570024,0.0017570281124497,0.1428571428571428,0.0008818342151675,0.0,0.0,0.0045413260672116,0.0003029385034837,0.0,0.0080445544554455,0.0653266331658291,0.0054945054945054,0.0,0.0,0.0,0.0102996254681647,0.0003027550711474,0.0,0.0,0.0002633426966292,0.0,0.006914433880726,0.0274636510500807,0.0026541764246682,0.0028462998102466,0.0,0.006021505376344,0.0060551014229488,0.0045285029302077,0.0,0.0,0.0,0.0,0.0,0.0,0.0,0.0,0.0
560,TBStack-LR,1,1,TreeStacking,Rename Class,0.0,0.134089228493961,0.0648967551622418,0.0775862068965517,0.0,0.0089844588173987,0.0447279153378968,0.0565110565110565,0.0461847389558232,0.238095238095238,0.0388007054673721,0.0211267605633802,0.0,0.0330003027550711,0.0115116631323841,0.0,0.1021039603960396,0.3165829145728643,0.0934065934065934,0.0819672131147541,0.0643274853801169,0.0009082652134423,0.1207865168539325,0.0027247956403269,0.0036363636363636,0.6582278481012658,0.0203651685393258,0.0162775754979653,0.1469317199654278,0.1978998384491115,0.0482435597189695,0.0018975332068311,0.1324200913242009,0.2563440860215054,0.1065697850438994,0.1502397442727757,0.6244725738396625,0.1787025703794369,0.0113132565670298,0.0113212288747879,0.2307692307692307,0.0952380952380952,0.1226415094339622,0.1335211267605633,0.0865800865800865
561,TBStack-LR,1,1,TreeStacking,Rename Class,0.0,0.0,0.0,0.0,0.0,0.0,0.0112530722512238,0.0,0.0,0.0,0.0,0.0,0.0,0.0,0.0,0.0,0.0,0.0,0.0,0.0,0.0,0.0,0.0,0.0,0.0,0.0,0.0,0.0,0.0,0.0,0.0,0.0104364326375711,0.0,0.4309677419354839,0.0,0.0,0.0,0.0,0.0,0.0,0.0,0.0,0.0,0.0,0.0
562,TBStack-LR,1,0,TreeStacking,Rename Class,0.0,0.0165146660093665,0.0471976401179941,0.0094827586206896,0.0,0.0005119087760169,0.0095468302492332,0.0245700245700245,0.0017570281124497,0.1428571428571428,0.009700176366843,0.0,0.0,0.002119285498032,0.0021205695243865,0.0,0.0253712871287128,0.0351758793969849,0.2142857142857143,0.0,0.0,0.0,0.0018726591760299,0.0003027550711474,0.0,0.0,0.0002633426966292,0.0004283572499464,0.0570440795159896,0.1308562197092084,0.004527712724434,0.0009487666034155,0.0,0.0726881720430107,0.0190735694822888,0.0348961108151305,0.7375,0.02937576499388,0.0017853207788181,0.001759125463341,0.2307692307692307,0.0095238095238095,0.0377358490566037,0.0225352112676056,0.0129870129870129
563,TBStack-LR,1,1,TreeStacking,Rename Class,0.0,0.0298249938378111,0.0,0.0,0.0,0.0,0.0024984257886291,0.0,0.0,0.0476190476190476,0.0,0.0,0.0,0.0366333636088404,0.0366555589215389,0.0,0.0006188118811881,0.0,0.0054945054945054,0.0,0.0,0.0366333636088404,0.0,0.0366333636088404,0.0,0.0,8.778089887640449e-05,0.0,0.0,0.0,0.018735362997658,0.0009487666034155,0.0,0.0120430107526881,0.0366333636088404,0.0002663825253063,1.0,0.0171358629130966,0.0017778508174005,0.0006408242759313,0.0769230769230769,0.0,0.0094339622641509,0.028169014084507,0.0
564,TBStack-LR,1,1,TreeStacking,Rename Class,0.0,0.0712349026374168,0.0255653883972468,0.0068965517241379,0.0,0.0,0.0169405455911925,0.054054054054054,0.0148092369477911,0.1428571428571428,0.009700176366843,0.0,0.0,0.0003027550711474,0.0003029385034837,0.018970189701897,0.021039603960396,0.0050251256281407,0.0329670329670329,0.0,0.0058479532163742,0.0,0.0252808988764044,0.0,0.0036363636363636,0.0,0.024754213483146,0.0023559648747055,0.003457216940363,0.1082390953150242,0.028415300546448,0.0009487666034155,0.0410958904109589,0.1268817204301075,0.0653950953678474,0.0199786893979754,0.40625,0.0244798041615667,0.0055688562368575,0.0048752905698309,0.3846153846153846,0.0,0.0471698113207547,0.0090140845070422,0.0051948051948051
565,TBStack-LR,1,1,TreeStacking,Rename Class,0.0,0.0022183879714074,0.015732546705998,0.0017241379310344,0.0,0.0015449222940869,0.0048343523389734,0.0049140049140049,0.0012550200803212,0.1428571428571428,0.0,0.0,0.0,0.0,0.0,0.062330623306233,0.0396039603960396,0.0,0.0,0.0,0.0,0.0,0.0599250936329588,0.0,0.0,0.0,0.0006144662921348,0.0,0.0328435609334485,0.0177705977382875,0.0012490241998438,0.0009487666034155,0.0,0.0632258064516129,0.002119285498032,0.0191795418220564,0.0,0.0,0.0,0.0,0.0,0.0,0.0,0.0,0.0
566,TBStack-LR,1,1,TreeStacking,Rename Class,0.0,0.0,0.0,0.0,0.0,0.0,0.0040015437427637,0.0,0.0,0.0,0.0,0.0,0.0,0.0,0.0,0.0,0.0,0.0,0.0,0.0,0.0,0.0,0.0,0.0,0.0,0.0,0.0,0.0,0.0,0.0,0.0,0.0,0.0,0.0,0.0,0.0,0.1,0.00734394124847,0.0010308546756356,0.0003266947289062,0.6153846153846154,0.1714285714285714,0.2452830188679245,0.0140845070422535,0.0
567,TBStack-LR,1,1,TreeStacking,Rename Class,0.0,0.0431353216662558,0.0422812192723697,0.0241379310344827,0.0,0.0006544462495785,0.018037415449615,0.1007371007371007,0.0055220883534136,0.5238095238095237,0.0074955908289241,0.0,0.0,0.0024220405691795,0.0,0.0,0.0272277227722772,0.0402010050251256,0.1978021978021978,0.0,0.0,0.0,0.0046816479400749,0.0,0.0018181818181818,0.0,0.0051790730337078,0.0034268579995716,0.041486603284356,0.1623586429725363,0.0060889929742388,0.0018975332068311,0.0365296803652968,0.1079569892473118,0.043899485316379,0.0633990410229089,0.0,0.0,0.0,0.0,0.0,0.0,0.0,0.0,0.0
568,TBStack-LR,1,1,TreeStacking,Rename Class,0.0,0.0182400788760167,0.0127826941986234,0.0112068965517241,0.0,0.0,0.0054030996729702,0.0417690417690417,0.0052710843373493,0.1904761904761904,0.0052910052910052,0.0,0.0,0.002119285498032,0.0009088155104513,0.0,0.0099009900990099,0.0,0.0164835164835164,0.0,0.0,0.0009082652134423,0.0121722846441947,0.0,0.0,0.0,0.0019311797752808,0.0006425358749196,0.0155574762316335,0.0395799676898223,0.0143637782982045,0.0009487666034155,0.0045662100456621,0.0662365591397849,0.0181653042688465,0.0170484816196057,0.6129032258064516,0.0048959608323133,0.0012624234795827,0.0005026072752403,0.1538461538461538,0.0380952380952381,0.0566037735849056,0.0087323943661971,0.0008658008658008
569,TBStack-LR,1,1,TreeStacking,Rename Class,0.0,0.0,0.0039331366764995,0.0,0.0,8.046470281703093e-05,0.0007515589770672,0.0,0.0005020080321285,0.0,0.0,0.0,0.0,0.0,0.0,0.0,0.0092821782178217,0.0,0.0,0.0,0.0,0.0,0.0,0.0,0.0,0.0,0.0,0.0,0.0,0.0,0.0074941451990632,0.0009487666034155,0.0,0.0335483870967741,0.0,0.003995737879595,0.0,0.0,0.0,0.0,0.0,0.0,0.0,0.0,0.0
570,TBStack-LR,1,1,TreeStacking,Rename Class,0.0,0.0002464875523786,0.0009832841691248,0.0,0.0,7.663305030193422e-07,0.0003453108813552,0.0,0.0017570281124497,0.0476190476190476,0.0,0.0,0.0,0.0,0.0,0.0,0.0012376237623762,0.0,0.0054945054945054,0.0,0.0,0.0,0.0009363295880149,0.0,0.0009090909090909,0.0,0.000438904494382,0.0,0.0008643042350907,0.0121163166397415,0.0040593286494925,0.0009487666034155,0.0,0.0262365591397849,0.0003027550711474,0.0005327650506126,0.0,0.0,0.0,0.0,0.0,0.0,0.0,0.0,0.0
571,TBStack-LR,1,1,TreeStacking,Rename Class,0.0,0.0426423465614986,0.0334316617502458,0.0474137931034482,0.0,0.0001938816172638,0.0152749283987731,0.0319410319410319,0.019578313253012,0.238095238095238,0.0251322751322751,0.0,0.0,0.0,0.0,0.002710027100271,0.0142326732673267,0.0,0.0384615384615384,0.0,0.0,0.0,0.0149812734082397,0.0,0.0209090909090909,0.0,0.0069346910112359,0.0126365388734204,0.0630942091616248,0.1090468497576736,0.0494925839188134,0.0009487666034155,0.1095890410958904,0.1010752688172043,0.0429912201029367,0.0450186467767714,0.7570093457943925,0.0881272949816401,0.0042205282009718,0.0039329019287554,0.2307692307692307,0.0571428571428571,0.0849056603773584,0.060281690140845,0.0225108225108225
572,TBStack-LR,1,1,TreeStacking,Rename Class,0.0,0.0263741681045107,0.1583087512291052,0.0034482758620689,0.0,0.0002475247524752,0.0105421380837277,0.0049140049140049,0.0002510040160642,0.1428571428571428,0.0,0.0,0.0,0.0003027550711474,0.0,0.005420054200542,0.016089108910891,0.0,0.0109890109890109,0.0081967213114754,0.0,0.0,0.0224719101123595,0.0003027550711474,0.0,0.0,0.0111481741573033,0.0002141786249732,0.0613656006914433,0.0331179321486268,0.0282591725214676,0.0009487666034155,0.0,0.0713978494623655,0.0027247956403269,0.0324986680873734,0.344,0.040391676866585,0.0012026637882415,0.0013696048250298,0.2307692307692307,0.0285714285714285,0.0566037735849056,0.0352112676056338,0.0034632034632034
573,TBStack-LR,1,1,TreeStacking,Rename Class,0.0,0.0990879960561991,0.0019665683382497,0.0,0.0,0.0,0.0163921106619812,0.0,0.0130522088353413,0.0,0.0,0.0,0.0,0.1217075386012715,0.0,0.0,0.0,0.0,0.0,0.0,0.0,0.0,0.0,0.0,0.0,0.0,0.0,0.0,0.0,0.0,0.1620608899297423,0.0009487666034155,0.0,0.3049462365591397,0.1217075386012715,0.0,0.0,0.0,0.0,0.0,0.0,0.0,0.0,0.0,0.0
574,TBStack-LR,1,1,TreeStacking,Rename Class,0.0,0.0115849149617944,0.0088495575221238,0.0284482758620689,0.0,3.0653220120773688e-06,0.0053421624586134,0.0049140049140049,0.0007530120481927,0.1904761904761904,0.0035273368606701,0.0,0.0,0.0012110202845897,0.0,0.0,0.0049504950495049,0.0,0.0164835164835164,0.0,0.0,0.0,0.0,0.0,0.0054545454545454,0.0,0.0014922752808988,0.0006425358749196,0.0112359550561797,0.0210016155088853,0.0160811865729898,0.0009487666034155,0.0,0.0348387096774193,0.0078716318498334,0.0183803942461374,0.8888888888888888,0.0024479804161566,0.0013595329780121,5.026072752403091e-05,0.1538461538461538,0.0,0.0188679245283018,0.0025352112676056,0.0017316017316017
575,TBStack-LR,1,0,TreeStacking,Rename Class,0.0,0.0,0.0019665683382497,0.0,0.0448717948717948,7.663305030193422e-07,0.0051187260059718,0.0,0.0,0.0952380952380952,0.0044091710758377,0.0,0.0,0.0,0.0,0.0,0.0012376237623762,0.0,0.0054945054945054,0.0,0.0,0.0,0.0009363295880149,0.0,0.0009090909090909,0.0,0.0,0.0,0.0,0.0088852988691437,0.0,0.0028462998102466,0.0045662100456621,0.0447311827956989,0.0,0.000799147575919,0.64,0.0195838433292533,0.0013221831709239,0.0007162153672174,0.1538461538461538,0.0,0.0188679245283018,0.0140845070422535,0.0
576,TBStack-LR,1,1,TreeStacking,Rename Class,0.0,0.0833127927039684,0.0029498525073746,0.0,0.0,0.0,0.0157421137088419,0.0,0.0,0.0,0.0,0.0,0.0,0.1023312140478353,0.0,0.0,0.0,0.0,0.0,0.0,0.0,0.0,0.0,0.0,0.0,0.0,0.0,0.0,0.0,0.0,0.0527712724434035,0.0018975332068311,0.0,0.0653763440860215,0.1023312140478353,0.0,1.0,0.047735618115055,0.004470771908463,0.0055412452095244,0.0769230769230769,0.0,0.0094339622641509,0.0704225352112676,0.0
577,TBStack-LR,1,1,TreeStacking,Rename Class,0.0,0.0046832634951934,0.007866273352999,0.0,0.0,7.663305030193421e-06,0.0040218561475493,0.0024570024570024,0.0022590361445783,0.238095238095238,0.0004409171075837,0.0,0.0,0.0,0.0,0.0,0.0030940594059405,0.0,0.0219780219780219,0.0,0.0,0.0,0.0009363295880149,0.0,0.0,0.0,0.005003511235955,0.0014992503748125,0.003457216940363,0.0557350565428109,0.0039032006245121,0.0009487666034155,0.0410958904109589,0.0382795698924731,0.0042385709960641,0.0114544485881726,0.0,0.0,0.0,0.0,0.0,0.0,0.0,0.0,0.0
578,TBStack-LR,1,1,TreeStacking,Rename Class,0.0,0.0054227261523293,0.0226155358898721,0.0051724137931034,0.0,0.0001356404990344,0.0059718470069671,0.0,0.003012048192771,0.1904761904761904,0.0008818342151675,0.0,0.0,0.0027247956403269,0.0012117540139351,0.0,0.0191831683168316,0.0100502512562814,0.0,0.0163934426229508,0.0116959064327485,0.0,0.0271535580524344,0.0003027550711474,0.0,0.0379746835443038,0.0030723314606741,0.0006425358749196,0.0293863439930855,0.0226171243941841,0.0039032006245121,0.0009487666034155,0.0136986301369863,0.0481720430107526,0.0054495912806539,0.0215769845498135,0.8809523809523809,0.0244798041615667,0.0012512185374562,0.0010806056417666,0.1538461538461538,0.0285714285714285,0.0471698113207547,0.0236619718309859,0.006060606060606
579,TBStack-LR,1,1,TreeStacking,Rename Class,0.0034364261168384,0.0,0.0,0.0,0.0,0.0,0.000609372143568,0.0,0.0,0.0476190476190476,0.0,0.0,0.0,0.0,0.0,0.0,0.0006188118811881,0.0,0.0,0.0,0.0,0.0,0.0009363295880149,0.0,0.0,0.0,0.0,0.0,0.0008643042350907,0.0,0.0001561280249804,0.0,0.0,0.0,0.0,0.0002663825253063,0.0,0.0,0.0,0.0,0.0,0.0,0.0,0.0,0.0
580,TBStack-LR,1,1,TreeStacking,Rename Class,0.0,0.0004929751047572,0.0039331366764995,0.0,0.0,0.0,0.0246186346001503,0.0,0.0,0.0,0.0,0.0,0.0,0.0006055101422948,0.0,0.0,0.0,0.0,0.0,0.0,0.0,0.0,0.0,0.0,0.0,0.0,0.0,0.0,0.0,0.0,0.0001561280249804,0.01707779886148,0.0,0.0916129032258064,0.0006055101422948,0.0,0.6333333333333333,0.0085679314565483,0.0041645034903394,0.0020481246466042,0.1538461538461538,0.0,0.0188679245283018,0.0422535211267605,0.0
581,TBStack-LR,1,1,TreeStacking,Rename Class,0.0756013745704467,0.0175006162188809,0.0806293018682399,0.0094827586206896,0.0,0.0007992827146491,0.0148889927078466,0.0098280098280098,0.0012550200803212,0.238095238095238,0.0030864197530864,0.0,0.0,0.0069633666363911,0.0036352620418055,0.005420054200542,0.0334158415841584,0.0854271356783919,0.1153846153846153,0.0,0.0467836257309941,0.0012110202845897,0.0234082397003745,0.0018165304268846,0.0018181818181818,0.0126582278481012,0.0015800561797752,0.0032126793745984,0.0190146931719965,0.1147011308562197,0.0010928961748633,0.0018975332068311,0.0136986301369863,0.112258064516129,0.0166515289131092,0.0316995205114544,0.965665236051502,0.0354957160342717,0.0030925640269068,0.0055663755732864,0.0769230769230769,0.0380952380952381,0.0471698113207547,0.0656338028169014,0.0259740259740259
582,TBStack-LR,1,1,TreeStacking,Rename Class,0.0,0.0285925560759181,0.0,0.0,0.0,0.0,0.0023562389551298,0.0,0.0215863453815261,0.0,0.0,0.0,0.0,0.0351195882531032,0.0351408664041199,0.0,0.0,0.0,0.0,0.0,0.0,0.0351195882531032,0.0,0.0351195882531032,0.0,0.0,0.0,0.0,0.0,0.0,0.0179547228727556,0.0009487666034155,0.0,0.0369892473118279,0.0351195882531032,0.0,0.0,0.0,0.0,0.0,0.0,0.0,0.0,0.0,0.0
583,TBStack-LR,1,1,TreeStacking,Rename Class,0.2164948453608247,0.0216909046093172,0.015732546705998,0.0155172413793103,0.0,1.6092940563406187e-05,0.0337998415632426,0.0491400491400491,0.0484437751004016,0.238095238095238,0.0291005291005291,0.0,0.0,0.0018165304268846,0.0018176310209027,0.0,0.0043316831683168,0.0301507537688442,0.0054945054945054,0.0,0.0,0.0,0.0056179775280898,0.0015137753557372,0.0,0.0,0.6892556179775281,0.0085671449989291,0.003457216940363,0.0977382875605815,0.1298985167837626,0.0009487666034155,0.0182648401826484,0.1376344086021505,0.0112019376324553,0.0266382525306339,0.7623762376237624,0.0416156670746633,0.0044670369277542,0.017917949362317,0.2307692307692307,0.0476190476190476,0.0754716981132075,0.0284507042253521,0.0008658008658008
584,TBStack-LR,1,1,TreeStacking,Rename Class,0.0,0.0310574315997042,0.015732546705998,0.0155172413793103,0.0,0.0008276369432608,0.0141780585403505,0.0098280098280098,0.0075301204819277,0.2857142857142857,0.0074955908289241,0.0,0.0,0.0087798970632758,0.0009088155104513,0.0,0.0321782178217821,0.0603015075376884,0.1263736263736264,0.0,0.0994152046783625,0.0,0.0112359550561797,0.0006055101422948,0.0,0.0126582278481012,0.001316713483146,0.0012850717498393,0.0397579948141745,0.0936995153473344,0.014207650273224,0.0028462998102466,0.0365296803652968,0.1101075268817204,0.0221011201937632,0.0442194992008524,0.4461538461538462,0.0195838433292533,0.0118959135576064,0.0013947351887918,0.2307692307692307,0.0,0.0283018867924528,0.0183098591549295,0.0103896103896103
585,TBStack-LR,1,1,TreeStacking,Rename Class,0.0,0.0054227261523293,0.0137659783677482,0.0,0.0,2.605523710265764e-05,0.0013406187158497,0.0,0.001004016064257,0.0952380952380952,0.0004409171075837,0.0,0.0,0.0003027550711474,0.0003029385034837,0.0,0.005569306930693,0.0050251256281407,0.0384615384615384,0.0,0.0,0.0,0.0018726591760299,0.0,0.0018181818181818,0.0,0.0001755617977528,0.0,0.0060501296456352,0.0145395799676898,0.0001561280249804,0.0009487666034155,0.0091324200913242,0.0176344086021505,0.0054495912806539,0.0026638252530633,1.0,0.0,0.000425787800806,8.795627316705409e-05,0.0769230769230769,0.0,0.0094339622641509,0.0008450704225352,0.0034632034632034
586,TBStack-LR,1,1,TreeStacking,Rename Class,0.0,0.0032043381809218,0.007866273352999,0.0,0.0,2.2989915090580268e-06,0.0008124961914241,0.0,0.0005020080321285,0.0476190476190476,0.0004409171075837,0.0,0.0,0.0,0.0,0.0,0.0018564356435643,0.0,0.0,0.0,0.0,0.0,0.0028089887640449,0.0,0.0,0.0,0.0001755617977528,0.0004283572499464,0.0,0.0145395799676898,0.0020296643247462,0.0009487666034155,0.0,0.0159139784946236,0.0024220405691795,0.0021310602024507,0.0,0.0,0.0,0.0,0.0,0.0,0.0,0.0,0.0
587,TBStack-LR,1,1,TreeStacking,Rename Class,0.0274914089347079,0.0027113630761646,0.0206489675516224,0.0,0.0,0.0,0.0043265422193333,0.0098280098280098,0.0,0.1904761904761904,0.0008818342151675,0.0,0.0,0.0024220405691795,0.0,0.0,0.0092821782178217,0.0351758793969849,0.0054945054945054,0.0081967213114754,0.0058479532163742,0.0,0.0121722846441947,0.0,0.0,0.0,0.0011411516853932,0.0004283572499464,0.0008643042350907,0.0274636510500807,0.0046838407494145,0.0028462998102466,0.0,0.0464516129032258,0.0033303057826218,0.0058604155567394,0.35,0.0097919216646266,0.0011727839425709,0.0004397813658352,0.3076923076923077,0.0,0.0377358490566037,0.0056338028169014,0.006060606060606
588,TBStack-LR,1,1,TreeStacking,Rename Class,0.0,0.0073946265713581,0.0058997050147492,0.0008620689655172,0.0,3.831652515096711e-05,0.0021531149072738,0.0073710073710073,0.002008032128514,0.1904761904761904,0.0008818342151675,0.0140845070422535,0.0,0.0033303057826218,0.0006058770069675,0.0,0.0080445544554455,0.0150753768844221,0.0054945054945054,0.0655737704918032,0.0526315789473684,0.0,0.0028089887640449,0.0,0.0,0.0,0.0021945224719101,0.0004283572499464,0.010371650821089,0.0072697899838449,0.0003122560499609,0.0009487666034155,0.0,0.0331182795698924,0.0060551014229488,0.0066595631326584,0.0,0.0,0.0,0.0,0.0,0.0,0.0,0.0,0.0
589,TBStack-LR,1,1,TreeStacking,Rename Class,0.0,0.0,0.0058997050147492,0.0,0.0,0.0,0.0097499542970892,0.0,0.0,0.0,0.0,0.0,0.0,0.0,0.0,0.0,0.0006188118811881,0.0,0.0,0.0,0.0,0.0,0.0,0.0,0.0,0.0,0.0,0.0,0.0,0.0,0.0,0.0113851992409867,0.0,0.0524731182795698,0.0,0.0002663825253063,0.0,0.0,0.0,0.0,0.0,0.0,0.0,0.0,0.0
590,TBStack-LR,1,1,TreeStacking,Rename Class,0.0,0.0014789253142716,0.0019665683382497,0.0,0.0,4.138184716304448e-05,0.0009343706201377,0.0,0.0,0.0476190476190476,0.0,0.0,0.0,0.0018165304268846,0.0,0.0,0.0074257425742574,0.0301507537688442,0.0,0.0,0.0,0.0,0.0112359550561797,0.0,0.0,0.0,0.0001755617977528,0.0,0.0051858254105445,0.0,0.0003122560499609,0.0009487666034155,0.0,0.010752688172043,0.0018165304268846,0.003196590303676,0.0,0.0,0.0,0.0,0.0,0.0,0.0,0.0,0.0
591,TBStack-LR,1,1,TreeStacking,Rename Class,0.0068728522336769,0.0103524771999014,0.0334316617502458,0.0077586206896551,0.0,0.0003709039634613,0.0052812252442566,0.0098280098280098,0.0042670682730923,0.1904761904761904,0.0048500881834215,0.0,0.0,0.0036330608537693,0.0,0.0,0.0204207920792079,0.0452261306532663,0.0,0.0081967213114754,0.0175438596491228,0.0,0.0271535580524344,0.002119285498032,0.0172727272727272,0.0,0.0030723314606741,0.0027843221246519,0.0129645635263612,0.0444264943457189,0.0074941451990632,0.0028462998102466,0.0273972602739726,0.0490322580645161,0.010293672419013,0.0186467767714437,0.0,0.0,0.0,0.0,0.0,0.0,0.0,0.0,0.0
592,TBStack-LR,1,1,TreeStacking,Rename Class,0.0,0.0019719004190288,0.0029498525073746,0.0008620689655172,0.0,9.962296539251447e-06,0.0329873453718185,0.0,0.0,0.0952380952380952,0.0,0.0,0.0,0.0009082652134423,0.0,0.0,0.0068069306930693,0.0,0.0,0.0245901639344262,0.0058479532163742,0.0,0.0093632958801498,0.0,0.0,0.0,8.778089887640449e-05,0.0,0.0051858254105445,0.0032310177705977,0.0,0.0037950664136622,0.0,0.0404301075268817,0.0018165304268846,0.003196590303676,0.0,0.0,0.0,0.0,0.0,0.0,0.0,0.0,0.0
593,TBStack-LR,1,1,TreeStacking,Rename Class,0.0034364261168384,0.0216909046093172,0.079646017699115,0.0129310344827586,0.0,8.276369432608895e-05,0.0144014949929922,0.0024570024570024,0.0040160642570281,0.1904761904761904,0.0052910052910052,0.0070422535211267,0.0,0.0124129579170451,0.007270524083611,0.0,0.0179455445544554,0.185929648241206,0.0714285714285714,0.0327868852459016,0.0058479532163742,0.0,0.0140449438202247,0.0030275507114744,0.0036363636363636,0.0,0.0010533707865168,0.001927607624759,0.020743301642178,0.0928917609046849,0.0043715846994535,0.0132827324478178,0.0730593607305936,0.1096774193548387,0.0263396911898274,0.0154501864677677,0.7142857142857143,0.0,3.361482637942175e-05,5.026072752403091e-05,0.1538461538461538,0.0,0.0188679245283018,0.0019718309859154,0.0017316017316017
594,TBStack-LR,1,1,TreeStacking,Rename Class,0.0034364261168384,0.0288390436282967,0.031465093411996,0.0103448275862068,0.0,0.0003709039634613,0.0213483374296683,0.0294840294840294,0.0102911646586345,0.238095238095238,0.0035273368606701,0.0,0.0,0.0084771419921283,0.004241139048773,0.0,0.0247524752475247,0.1306532663316583,0.0934065934065934,0.0,0.0058479532163742,0.0,0.0205992509363295,0.0006055101422948,0.0045454545454545,0.0253164556962025,0.0073735955056179,0.0027843221246519,0.0328435609334485,0.0888529886914378,0.0118657298985167,0.0018975332068311,0.0273972602739726,0.1010752688172043,0.0293672419013018,0.054075652637187,0.8235294117647058,0.04406364749082,0.0028497902808331,0.0022366023748193,0.1538461538461538,0.0476190476190476,0.0660377358490566,0.0383098591549295,0.0216450216450216
595,TBStack-LR,1,1,TreeStacking,Rename Class,0.0,0.0059157012570865,0.0167158308751229,0.0008620689655172,0.0,0.0,0.001787491621133,0.0024570024570024,0.0022590361445783,0.1904761904761904,0.0008818342151675,0.0,0.0,0.0012110202845897,0.0009088155104513,0.0,0.0018564356435643,0.0150753768844221,0.0,0.0,0.0,0.0003027550711474,0.0028089887640449,0.0012110202845897,0.0027272727272727,0.0126582278481012,0.0,0.0004283572499464,0.0017286084701815,0.0306946688206785,0.0021857923497267,0.0009487666034155,0.0,0.0275268817204301,0.0060551014229488,0.0042621204049014,0.0,0.0,0.0,0.0,0.0,0.0,0.0,0.0,0.0
596,TBStack-LR,1,1,TreeStacking,Rename Class,0.0,0.0002464875523786,0.0108161258603736,0.0,0.0,0.0,0.0003249984765696,0.0,0.0,0.0476190476190476,0.0,0.0,0.0,0.0003027550711474,0.0003029385034837,0.002710027100271,0.0024752475247524,0.0,0.0,0.0081967213114754,0.0,0.0,0.0037453183520599,0.0,0.0009090909090909,0.0,0.0,0.0,0.0025929127052722,0.0008077544426494,0.0,0.0009487666034155,0.0,0.0043010752688172,0.0003027550711474,0.0010655301012253,0.0,0.0,0.0,0.0,0.0,0.0,0.0,0.0,0.0
597,TBStack-LR,1,1,TreeStacking,Rename Class,0.0068728522336769,0.0019719004190288,0.0196656833824975,0.0008620689655172,0.0,4.5979830181160536e-06,0.0030671731226259,0.0,0.0,0.1904761904761904,0.0,0.0,0.0,0.0009082652134423,0.0,0.0,0.0030940594059405,0.0150753768844221,0.0,0.0,0.0,0.0,0.0046816479400749,0.0,0.0,0.0,0.0005266853932584,0.0,0.0008643042350907,0.0137318255250403,0.0003122560499609,0.0028462998102466,0.0,0.0335483870967741,0.0024220405691795,0.001598295151838,0.0,0.0,0.0,0.0,0.0,0.0,0.0,0.0,0.0
598,TBStack-LR,1,1,TreeStacking,Rename Class,0.0,0.0,0.0,0.0,0.0,0.0,0.0009140582153521,0.0,0.0,0.0,0.0,0.0,0.0,0.0,0.0,0.0,0.0,0.0,0.0,0.0,0.0,0.0,0.0,0.0,0.0,0.0,0.0,0.0,0.0,0.0,0.0,0.0047438330170777,0.0,0.0184946236559139,0.0,0.0,0.24,0.0061199510403916,0.0003212083409589,0.0003895206383112,0.3076923076923077,0.0761904761904762,0.1132075471698113,0.0140845070422535,0.0
599,TBStack-LR,1,1,TreeStacking,Rename Class,0.0,0.0014789253142716,0.0039331366764995,0.0008620689655172,0.0,1.6092940563406187e-05,0.0010156202392801,0.0024570024570024,0.0,0.1428571428571428,0.001763668430335,0.0,0.0,0.0,0.0,0.0,0.0043316831683168,0.0,0.0054945054945054,0.0,0.0116959064327485,0.0,0.0037453183520599,0.0,0.0,0.0,0.0,0.0,0.0025929127052722,0.0064620355411954,0.0,0.0009487666034155,0.0045662100456621,0.013763440860215,0.0015137753557372,0.0029302077783697,0.416,0.0881272949816401,0.0887057918345851,0.0,0.3846153846153846,0.2476190476190476,0.2924528301886792,0.0704225352112676,0.0
600,TBStack-LR,1,1,TreeStacking,Rename Class,0.0,0.0096130145427655,0.0088495575221238,0.0017241379310344,0.0,1.992459307850289e-05,0.0030468607178403,0.0024570024570024,0.001004016064257,0.1428571428571428,0.0004409171075837,0.0,0.0,0.002119285498032,0.0021205695243865,0.0,0.005569306930693,0.0351758793969849,0.0219780219780219,0.0,0.0,0.0,0.0046816479400749,0.0015137753557372,0.0,0.0,0.000438904494382,0.0,0.0051858254105445,0.0282714054927302,0.0012490241998438,0.0009487666034155,0.0273972602739726,0.0395698924731182,0.0118074477747502,0.0047948854555141,0.3928571428571428,0.0208078335373316,0.0476471489024759,0.000138217000691,0.3076923076923077,0.0571428571428571,0.0943396226415094,0.0157746478873239,0.0034632034632034
601,TBStack-LR,1,1,TreeStacking,Rename Class,0.0274914089347079,0.014296278037959,0.0668633235004916,0.0077586206896551,0.0,0.0016905250896606,0.0130202514675712,0.0491400491400491,0.0112951807228915,0.2857142857142857,0.033068783068783,0.0,0.0,0.0012110202845897,0.0012117540139351,0.0,0.042079207920792,0.0100502512562814,0.0,0.0,0.0,0.0006055101422948,0.0636704119850187,0.0012110202845897,0.0618181818181818,0.0,0.0003511235955056,0.0072820732490897,0.0432152117545375,0.1365105008077544,0.0192037470725995,0.0009487666034155,0.0410958904109589,0.1144086021505376,0.0148349984862246,0.0404901438465636,0.4736842105263157,0.0232558139534883,0.0026144864961772,0.001733995099579,0.2307692307692307,0.019047619047619,0.0471698113207547,0.0267605633802816,0.0103896103896103
602,TBStack-LR,1,1,TreeStacking,Rename Class,0.0,0.0004929751047572,0.0009832841691248,0.0,0.0,7.663305030193422e-07,0.000304686071784,0.0,0.0,0.0952380952380952,0.0,0.0,0.0,0.0,0.0,0.0,0.0012376237623762,0.0,0.0,0.0,0.0,0.0,0.0009363295880149,0.0,0.0,0.0,0.0,0.0,0.0025929127052722,0.0040387722132471,0.0001561280249804,0.0009487666034155,0.0,0.0055913978494623,0.0006055101422948,0.0010655301012253,0.0,0.0,0.0,0.0,0.0,0.0,0.0,0.0,0.0
603,TBStack-LR,1,1,TreeStacking,Rename Class,0.0,0.0017254128666502,0.0127826941986234,0.0025862068965517,0.0,0.0002298991509058,0.0030468607178403,0.0098280098280098,0.0002510040160642,0.1904761904761904,0.0110229276895943,0.0,0.0,0.0003027550711474,0.0003029385034837,0.0,0.0154702970297029,0.0050251256281407,0.0109890109890109,0.0,0.0,0.0,0.0215355805243445,0.0003027550711474,0.0218181818181818,0.0,0.0,0.0,0.024200518582541,0.0331179321486268,0.0017174082747853,0.0009487666034155,0.0,0.0275268817204301,0.002119285498032,0.0125199786893979,1.0,0.0048959608323133,0.010222642200053,0.0156059558962115,0.0769230769230769,0.0,0.0094339622641509,0.0349295774647887,0.0017316017316017
604,TBStack-LR,1,1,TreeStacking,Rename Class,0.0240549828178694,0.0135568153808232,0.0304818092428711,0.0051724137931034,0.0,0.0001333415075253,0.0084702727955962,0.0024570024570024,0.0025100401606425,0.1904761904761904,0.0013227513227513,0.0,0.0,0.0057523463518013,0.0009088155104513,0.0,0.0148514851485148,0.0954773869346733,0.0879120879120879,0.0,0.0,0.0,0.0074906367041198,0.0009082652134423,0.0,0.0,0.0007900280898876,0.0010708931248661,0.0121002592912705,0.0549273021001615,0.0029664324746291,0.0018975332068311,0.0136986301369863,0.0756989247311828,0.010293672419013,0.0154501864677677,0.6421052631578947,0.0416156670746633,0.0009038653315355,0.0025381667399635,0.3076923076923077,0.0095238095238095,0.0471698113207547,0.0267605633802816,0.0121212121212121
605,TBStack-LR,1,1,TreeStacking,Rename Class,0.0240549828178694,0.0064086763618437,0.0245821042281219,0.0060344827586206,0.0,0.0003364190908254,0.0090796449391643,0.0073710073710073,0.0002510040160642,0.1428571428571428,0.0,0.0,0.0,0.0015137753557372,0.0,0.0,0.0191831683168316,0.0251256281407035,0.0439560439560439,0.0,0.0467836257309941,0.0,0.0140449438202247,0.0,0.0,0.0,0.000438904494382,0.0004283572499464,0.017286084701815,0.0718901453957996,0.0024980483996877,0.0009487666034155,0.0,0.0683870967741935,0.0072661217075386,0.0143846563665423,0.1956521739130435,0.025703794369645,0.0030066594706038,0.0013067789156248,0.3846153846153846,0.1333333333333333,0.1792452830188679,0.0129577464788732,0.0077922077922077
606,TBStack-LR,1,0,TreeStacking,Rename Class,0.0034364261168384,0.0041902883904362,0.0127826941986234,0.0068965517241379,0.0,1.1494957545290131e-05,0.0023765513599155,0.0,0.0,0.1904761904761904,0.0004409171075837,0.0,0.0,0.0006055101422948,0.0006058770069675,0.0,0.0037128712871287,0.0,0.0,0.0,0.0175438596491228,0.0006055101422948,0.0028089887640449,0.0006055101422948,0.0,0.0,0.0001755617977528,0.0,0.003457216940363,0.0411954765751211,0.0003122560499609,0.0009487666034155,0.0045662100456621,0.0318279569892473,0.0024220405691795,0.0077250932338838,0.0,0.0,0.0,0.0,0.0,0.0,0.0,0.0,0.0
607,TBStack-LR,1,1,TreeStacking,Rename Class,0.0,0.0150357406950948,0.0088495575221238,0.0,0.0,0.0,0.0012999939062785,0.0,0.0067771084337349,0.0,0.0,0.0,0.0,0.0184680593399939,0.0,0.0,0.0,0.0,0.0,0.0,0.0,0.0,0.0,0.0,0.0,0.0,0.0,0.0,0.0,0.0080775444264943,0.0088992974238875,0.0009487666034155,0.0,0.0129032258064516,0.0184680593399939,0.0,0.98,0.02937576499388,0.0011989288075327,0.0003141295470251,0.0769230769230769,0.0095238095238095,0.0188679245283018,0.0140845070422535,0.0
608,TBStack-LR,1,1,TreeStacking,Rename Class,0.1649484536082474,0.0663051515898447,0.0147492625368731,0.0077586206896551,0.0,0.0006506145970634,0.0324389104426073,0.0712530712530712,0.0110441767068273,0.3333333333333333,0.0061728395061728,0.0,0.0,0.033605812897366,0.0,0.0,0.0334158415841584,0.3567839195979899,0.1868131868131868,0.0,0.0,0.0027247956403269,0.0046816479400749,0.0015137753557372,0.0009090909090909,0.0,0.0266853932584269,0.004711929749411,0.0017286084701815,0.1114701130856219,0.0296643247462919,0.0009487666034155,0.1324200913242009,0.1647311827956989,0.0653950953678474,0.0519445924347362,0.6130268199233716,0.2215422276621786,0.0019758047949682,0.004887855751712,0.1538461538461538,0.0285714285714285,0.0471698113207547,0.0735211267605633,0.0051948051948051
609,TBStack-LR,1,1,TreeStacking,Rename Class,0.0034364261168384,0.0483115602662065,0.0363815142576204,0.0224137931034482,0.0,0.0004161174631395,0.0137921228494241,0.0712530712530712,0.0087851405622489,0.2857142857142857,0.0260141093474426,0.0,0.0,0.0027247956403269,0.0003029385034837,0.0,0.021039603960396,0.0452261306532663,0.0604395604395604,0.0,0.0,0.0,0.0215355805243445,0.0012110202845897,0.0281818181818181,0.0,0.0078125,0.0055686442493039,0.0458081244598098,0.0904684975767366,0.0015612802498048,0.0018975332068311,0.0,0.1006451612903225,0.0487435664547381,0.0514118273841236,0.3820224719101123,0.0538555691554467,0.0023642427886859,0.0024879060124395,0.3076923076923077,0.0095238095238095,0.0471698113207547,0.0250704225352112,0.0034632034632034
610,TBStack-LR,1,1,TreeStacking,Rename Class,0.0,0.0014789253142716,0.0009832841691248,0.0,0.0,0.0,0.000203124047856,0.0,0.0,0.0,0.0,0.0,0.0,0.0018165304268846,0.0018176310209027,0.0,0.0,0.0,0.0,0.0,0.0,0.0018165304268846,0.0,0.0018165304268846,0.0,0.0,0.0,0.0,0.0,0.0,0.0,0.0009487666034155,0.0,0.0086021505376344,0.0018165304268846,0.0,0.0,0.0,0.0,0.0,0.0,0.0,0.0,0.0,0.0
611,TBStack-LR,1,1,TreeStacking,Rename Class,0.0,0.0032043381809218,0.0098328416912487,0.0017241379310344,0.0,2.2989915090580263e-05,0.0015031179541345,0.0024570024570024,0.0,0.0952380952380952,0.0,0.0,0.0,0.0018165304268846,0.0003029385034837,0.0,0.005569306930693,0.0301507537688442,0.0054945054945054,0.0,0.0,0.0,0.0074906367041198,0.0,0.0,0.0,0.000877808988764,0.0,0.0060501296456352,0.0064620355411954,0.0,0.0009487666034155,0.0,0.0223655913978494,0.0027247956403269,0.0047948854555141,0.0,0.0,0.0,0.0,0.0,0.0,0.0,0.0,0.0
612,TBStack-LR,1,1,TreeStacking,Rename Class,0.0,0.0234163174759674,0.0137659783677482,0.0017241379310344,0.0,0.0002582533795175,0.0077796510328857,0.0393120393120393,0.0077811244979919,0.238095238095238,0.001763668430335,0.0,0.0,0.0006055101422948,0.0003029385034837,0.0,0.0167079207920792,0.0050251256281407,0.0769230769230769,0.0081967213114754,0.0175438596491228,0.0,0.0093632958801498,0.0006055101422948,0.0,0.0,0.0007022471910112,0.0002141786249732,0.0112359550561797,0.1009693053311793,0.0092115534738485,0.0009487666034155,0.0045662100456621,0.0658064516129032,0.023312140478353,0.0223761321257325,0.0,0.0,0.0,0.0,0.0,0.0,0.0,0.0,0.0
613,TBStack-LR,1,1,TreeStacking,Rename Class,0.0103092783505154,0.004929751047572,0.0088495575221238,0.0025862068965517,0.0064102564102564,2.6821567605676978e-05,0.0030062359082691,0.0024570024570024,0.0037650602409638,0.0952380952380952,0.0,0.0,0.0,0.0015137753557372,0.0003029385034837,0.0,0.0068069306930693,0.0,0.0,0.0327868852459016,0.0116959064327485,0.0003027550711474,0.0084269662921348,0.0006055101422948,0.0,0.0,0.0015800561797752,0.0,0.0025929127052722,0.024232633279483,0.0004683840749414,0.0009487666034155,0.0,0.0253763440860215,0.0042385709960641,0.0058604155567394,1.0,0.0012239902080783,1.8674903544123192e-05,3.769554564302318e-05,0.0769230769230769,0.0,0.0094339622641509,0.0011267605633802,0.0017316017316017
614,TBStack-LR,1,1,TreeStacking,Rename Class,0.0,0.0359871826472763,0.0373647984267453,0.0094827586206896,0.0,0.000478190233884,0.0150514919461315,0.0393120393120393,0.0055220883534136,0.238095238095238,0.0044091710758377,0.0,0.0,0.0015137753557372,0.0006058770069675,0.0,0.0228960396039603,0.0201005025125628,0.1153846153846153,0.0,0.0,0.0003027550711474,0.0140449438202247,0.0003027550711474,0.0009090909090909,0.0,0.001755617977528,0.0002141786249732,0.013828867761452,0.1074313408723748,0.0260733801717408,0.0009487666034155,0.0319634703196347,0.0825806451612903,0.0257341810475325,0.0428875865743207,0.4137931034482758,0.0452876376988984,0.003555701634801,0.0036062071998492,0.3846153846153846,0.0476190476190476,0.0943396226415094,0.0326760563380281,0.0086580086580086
615,TBStack-LR,1,1,TreeStacking,Rename Class,0.0,0.0263741681045107,0.0412979351032448,0.0129310344827586,0.0,5.364313521135396e-06,0.0086733968434522,0.0122850122850122,0.0057730923694779,0.2857142857142857,0.0008818342151675,0.0,0.0,0.0145322434150772,0.0054528930627082,0.0,0.0061881188118811,0.0100502512562814,0.0,0.0,0.0058479532163742,0.0139267332727823,0.0084269662921348,0.0145322434150772,0.009090909090909,0.0,0.0092169943820224,0.0027843221246519,0.0025929127052722,0.04281098546042,0.0299765807962529,0.0009487666034155,0.0045662100456621,0.1105376344086021,0.0263396911898274,0.0191795418220564,0.9393939393939394,0.0195838433292533,0.001680741318971,0.0003392599107872,0.1538461538461538,0.0,0.0188679245283018,0.0092957746478873,0.0034632034632034
616,TBStack-LR,1,1,TreeStacking,Rename Class,0.0,0.0002464875523786,0.007866273352999,0.0,0.0,0.0,0.020698340476529,0.0,0.0,0.0476190476190476,0.0,0.0,0.0,0.0003027550711474,0.0,0.0,0.0012376237623762,0.0050251256281407,0.0054945054945054,0.0,0.0,0.0,0.0009363295880149,0.0,0.0,0.0,0.0,0.0,0.0008643042350907,0.0,0.0,0.0683111954459203,0.0,0.0950537634408602,0.0003027550711474,0.0005327650506126,0.74,0.011015911872705,0.004343782564363,0.0004397813658352,0.0769230769230769,0.0857142857142857,0.0943396226415094,0.0140845070422535,0.0
617,TBStack-LR,1,1,TreeStacking,Rename Class,0.2027491408934708,0.2265220606359378,0.0816125860373648,0.1043103448275862,0.0,0.0074709560739355,0.0883995856269423,0.0982800982800982,0.0394076305220883,0.2857142857142857,0.0163139329805996,0.0,0.0,0.036330608537693,0.0090881551045137,0.0,0.1008663366336633,0.5979899497487438,0.4560439560439561,0.0081967213114754,0.0526315789473684,0.0,0.0664794007490636,0.0115046927036027,0.0009090909090909,0.0,0.0326544943820224,0.032983508245877,0.1002592912705272,0.27140549273021,0.0113973458235753,0.0018975332068311,0.0867579908675799,0.2223655913978494,0.1613684529215864,0.232019179541822,0.4758064516129032,0.0599755201958384,0.0025584617855448,0.0074511528554375,0.2307692307692307,0.0095238095238095,0.0377358490566037,0.0349295774647887,0.0380952380952381
618,TBStack-LR,1,1,TreeStacking,Rename Class,0.0240549828178694,0.0009859502095144,0.0226155358898721,0.0017241379310344,0.0064102564102564,4.214817766606382e-05,0.0078405882472425,0.0,0.0,0.0952380952380952,0.0008818342151675,0.0,0.0236966824644549,0.0012110202845897,0.0,0.0,0.0068069306930693,0.0,0.0,0.0,0.0,0.0012110202845897,0.0102996254681647,0.0012110202845897,0.0,0.0,0.0,0.0,0.0043215211754537,0.0072697899838449,0.0006245120999219,0.0151802656546489,0.0045662100456621,0.0778494623655914,0.0012110202845897,0.0037293553542887,0.5185185185185185,0.0097919216646266,0.0010159147528003,0.0010931708236476,0.1538461538461538,0.0095238095238095,0.0283018867924528,0.0152112676056338,0.0008658008658008
619,TBStack-LR,1,1,TreeStacking,Rename Class,0.0,0.0014789253142716,0.0068829891838741,0.0008620689655172,0.0,5.824111822947e-05,0.0036968576709796,0.0,0.0002510040160642,0.1428571428571428,0.0026455026455026,0.028169014084507,0.0,0.0009082652134423,0.0003029385034837,0.0,0.0080445544554455,0.0050251256281407,0.0164835164835164,0.0081967213114754,0.0058479532163742,0.0003027550711474,0.0084269662921348,0.0003027550711474,0.0054545454545454,0.0,0.0,0.0,0.0043215211754537,0.0129240710823909,0.0003122560499609,0.0028462998102466,0.0,0.0236559139784946,0.0012110202845897,0.0047948854555141,0.0,0.0,0.0,0.0,0.0,0.0,0.0,0.0,0.0
620,TBStack-LR,1,1,TreeStacking,Rename Class,0.0,0.0017254128666502,0.1268436578171091,0.0017241379310344,0.1346153846153846,0.0044278576464457,0.0088968332960939,0.0,0.0002510040160642,0.0952380952380952,0.0119047619047619,0.0,0.0,0.0003027550711474,0.0003029385034837,0.1924119241192411,0.0668316831683168,0.0,0.0109890109890109,0.0,0.0058479532163742,0.0,0.098314606741573,0.0003027550711474,0.0281818181818181,0.0,0.000438904494382,0.0,0.1019878997407087,0.0573505654281098,0.0034348165495706,0.0009487666034155,0.0,0.0774193548387096,0.0018165304268846,0.0324986680873734,0.9482758620689656,0.0232558139534883,0.0024090625571918,0.0043726832945906,0.0769230769230769,0.0285714285714285,0.0377358490566037,0.0326760563380281,0.0051948051948051
621,TBStack-LR,1,1,TreeStacking,Rename Class,0.0,0.0184865664283953,0.0068829891838741,0.0,0.0,0.0,0.0028640490747699,0.0,0.0002510040160642,0.0476190476190476,0.033068783068783,0.0,0.0,0.0217983651226158,0.021811572250833,0.0,0.0049504950495049,0.0050251256281407,0.0,0.0,0.0,0.0196790796245837,0.0028089887640449,0.0217983651226158,0.0036363636363636,0.0,0.0,0.0,0.0051858254105445,0.0088852988691437,0.0202966432474629,0.0009487666034155,0.0,0.0236559139784946,0.0227066303360581,0.0029302077783697,0.24,0.1248470012239902,0.0029730446442244,0.003317208016586,0.4615384615384615,0.3047619047619048,0.3584905660377358,0.0704225352112676,0.0
622,TBStack-LR,1,1,TreeStacking,Rename Class,0.0,0.0044367759428148,0.0127826941986234,0.0017241379310344,0.0,4.138184716304448e-05,0.0021734273120594,0.0049140049140049,0.001004016064257,0.1428571428571428,0.0,0.0,0.0,0.0009082652134423,0.0,0.0,0.0080445544554455,0.0,0.0,0.0,0.0,0.0,0.0102996254681647,0.0,0.0,0.0,0.000438904494382,0.0002141786249732,0.0060501296456352,0.0234248788368336,0.0028103044496487,0.0009487666034155,0.0,0.0283870967741935,0.0042385709960641,0.0079914757591901,0.0,0.0,0.0,0.0,0.0,0.0,0.0,0.0,0.0
623,TBStack-LR,1,1,TreeStacking,Rename Class,0.0,0.0007394626571358,0.0,0.0,0.0,0.0,0.000101562023928,0.0,0.0,0.0476190476190476,0.0,0.0,0.0,0.0009082652134423,0.0009088155104513,0.0,0.0006188118811881,0.0,0.0054945054945054,0.0,0.0,0.0009082652134423,0.0,0.0009082652134423,0.0,0.0,0.0002633426966292,0.0,0.0,0.0,0.0,0.0009487666034155,0.0,0.0081720430107526,0.0009082652134423,0.0002663825253063,0.0,0.0,0.0,0.0,0.0,0.0,0.0,0.0,0.0
624,TBStack-LR,1,1,TreeStacking,Rename Class,0.0171821305841924,0.0059157012570865,0.0088495575221238,0.0008620689655172,0.0,2.2989915090580268e-06,0.0053015376490422,0.0073710073710073,0.0005020080321285,0.1428571428571428,0.0013227513227513,0.0,0.0,0.0042385709960641,0.0006058770069675,0.0,0.0037128712871287,0.0703517587939698,0.0219780219780219,0.0,0.0,0.0,0.0009363295880149,0.0,0.0,0.0,0.0031601123595505,0.0008567144998929,0.0008643042350907,0.0508885298869143,0.0009367681498829,0.0037950664136622,0.0,0.0434408602150537,0.007568876778686,0.0029302077783697,0.0,0.0,0.0,0.0,0.0,0.0,0.0,0.0,0.0
625,TBStack-LR,1,1,TreeStacking,Rename Class,0.0,0.0162681784569879,0.007866273352999,0.0112068965517241,0.0,2.6821567605676978e-05,0.0041843553858341,0.0221130221130221,0.0022590361445783,0.2857142857142857,0.0004409171075837,0.0,0.0,0.0057523463518013,0.0021205695243865,0.0,0.0068069306930693,0.0954773869346733,0.0219780219780219,0.0,0.0,0.0,0.0065543071161048,0.004844081138359,0.0018181818181818,0.0126582278481012,0.0030723314606741,0.0036410366245448,0.0043215211754537,0.0323101777059773,0.0031225604996096,0.0009487666034155,0.0228310502283105,0.043010752688172,0.0142294883439297,0.0125199786893979,0.8,0.0012239902080783,0.0013520630165945,2.513036376201545e-05,0.1538461538461538,0.0,0.0188679245283018,0.0014084507042253,0.0008658008658008
626,TBStack-LR,1,1,TreeStacking,Rename Class,0.0,0.0093665269903869,0.0,0.0,0.0,0.0,0.0007718713818528,0.0,0.0,0.0,0.0,0.0,0.0,0.0115046927036027,0.0,0.0,0.0,0.0,0.0,0.0,0.0,0.0115046927036027,0.0,0.0115046927036027,0.0,0.0,0.0007022471910112,0.0,0.0,0.0,0.0,0.0009487666034155,0.0,0.0378494623655914,0.0115046927036027,0.0,0.0,0.0,0.0,0.0,0.0,0.0,0.0,0.0,0.0
627,TBStack-LR,1,1,TreeStacking,Rename Class,0.0,0.1163421247227015,0.2251720747295968,0.1172413793103448,0.0,0.002535787634491,0.0542950579919156,0.0884520884520884,0.0135542168674698,0.2857142857142857,0.0141093474426807,0.0,0.0,0.0006055101422948,0.0006058770069675,0.0,0.0507425742574257,0.0050251256281407,0.0439560439560439,0.0,0.0,0.0003027550711474,0.0692883895131086,0.0003027550711474,0.0,0.0,0.0060568820224719,0.0122081816234739,0.0786516853932584,0.5920840064620356,0.0220140515222482,0.0009487666034155,0.0045662100456621,0.1518279569892473,0.1229185588858613,0.1206712839637719,0.354054054054054,0.3121175030599755,0.0232166400860539,0.0456870013193441,0.5384615384615385,0.1333333333333333,0.1981132075471698,0.104225352112676,0.0181818181818181
628,TBStack-LR,1,1,TreeStacking,Rename Class,0.0,0.0069016514666009,0.015732546705998,0.0034482758620689,0.0,4.138184716304448e-05,0.0055046616968982,0.0049140049140049,0.0042670682730923,0.238095238095238,0.0004409171075837,0.0,0.0,0.0018165304268846,0.0012117540139351,0.0,0.0154702970297029,0.0100502512562814,0.0054945054945054,0.0,0.0175438596491228,0.0,0.0187265917602996,0.0003027550711474,0.0,0.050632911392405,0.0006144662921348,0.0017134289997858,0.03457216940363,0.0339256865912762,0.0056206088992974,0.0009487666034155,0.0091324200913242,0.0481720430107526,0.0063578564940962,0.0199786893979754,0.975609756097561,0.01468788249694,0.0012474835567474,0.0004020858201922,0.0769230769230769,0.0095238095238095,0.0188679245283018,0.0115492957746478,0.0017316017316017
629,TBStack-LR,1,1,TreeStacking,Rename Class,0.0,0.0,0.0127826941986234,0.0,0.0,0.0002115072188333,0.0007312465722816,0.0,0.0,0.0,0.0,0.0,0.0,0.0,0.0,0.0,0.0148514851485148,0.0,0.0,0.0,0.0,0.0,0.0009363295880149,0.0,0.0,0.0,0.0,0.0,0.0,0.0,0.0,0.0009487666034155,0.0,0.0172043010752688,0.0,0.0063931806073521,0.0,0.0,0.0,0.0,0.0,0.0,0.0,0.0,0.0
630,TBStack-LR,1,1,TreeStacking,Rename Class,0.0378006872852233,0.0069016514666009,0.0206489675516224,0.0025862068965517,0.0,0.0,0.0065812191505352,0.0,0.0,0.0952380952380952,0.0,0.0,0.0,0.0039358159249167,0.0021205695243865,0.0,0.0018564356435643,0.0301507537688442,0.0,0.0,0.0,0.002119285498032,0.0028089887640449,0.0,0.0,0.0,0.0002633426966292,0.0,0.0025929127052722,0.0185783521809369,0.0,0.0028462998102466,0.0,0.0567741935483871,0.0081743869209809,0.001598295151838,0.0,0.0,0.0,0.0,0.0,0.0,0.0,0.0,0.0
631,TBStack-LR,1,1,TreeStacking,Rename Class,0.0,0.0004929751047572,0.0029498525073746,0.0,0.0,3.0653220120773688e-06,0.0004468729052832,0.0,0.0,0.0476190476190476,0.0,0.0,0.0,0.0006055101422948,0.0,0.0,0.0024752475247524,0.0100502512562814,0.0,0.0,0.0058479532163742,0.0,0.0028089887640449,0.0,0.0,0.0,0.0,0.0,0.0008643042350907,0.0024232633279483,0.0003122560499609,0.0018975332068311,0.0,0.0124731182795698,0.0009082652134423,0.0010655301012253,0.0,0.0,0.0,0.0,0.0,0.0,0.0,0.0,0.0
632,TBStack-LR,1,1,TreeStacking,Rename Class,0.0,0.0046832634951934,0.0019665683382497,0.0,0.0,4.0615516660025137e-05,0.0018078040259186,0.0,0.003012048192771,0.0952380952380952,0.0004409171075837,0.0,0.0,0.0027247956403269,0.0009088155104513,0.0,0.0086633663366336,0.0452261306532663,0.0,0.0,0.0,0.0,0.0131086142322097,0.0,0.0,0.0,0.0,0.0,0.010371650821089,0.0088852988691437,0.0039032006245121,0.0009487666034155,0.0045662100456621,0.024516129032258,0.004844081138359,0.0042621204049014,0.8354545454545454,0.0012239902080783,0.0087174449743967,0.0276182697744549,0.1538461538461538,0.0380952380952381,0.0566037735849056,0.619718309859155,0.0
633,TBStack-LR,1,1,TreeStacking,Rename Class,0.0,0.002464875523786,0.0009832841691248,0.0,0.0,1.6092940563406187e-05,0.0007921837866385,0.0,0.0002510040160642,0.0476190476190476,0.0,0.0,0.0,0.0012110202845897,0.0,0.0,0.0061881188118811,0.0201005025125628,0.0,0.0,0.0,0.0,0.0093632958801498,0.0,0.0,0.0,0.0001755617977528,0.0,0.003457216940363,0.0,0.0001561280249804,0.0009487666034155,0.0,0.0120430107526881,0.0012110202845897,0.0029302077783697,0.0,0.0,0.0,0.0,0.0,0.0,0.0,0.0,0.0
634,TBStack-LR,1,1,TreeStacking,Rename Class,0.0,0.0160216909046093,0.0176991150442477,0.0068965517241379,0.0,5.670845722343132e-05,0.0041843553858341,0.0147420147420147,0.0012550200803212,0.1904761904761904,0.0,0.0,0.0,0.0006055101422948,0.0,0.0,0.0080445544554455,0.0100502512562814,0.0549450549450549,0.0,0.0,0.0,0.0028089887640449,0.0,0.0,0.0,0.0021067415730337,0.0006425358749196,0.0077787381158167,0.048465266558966,0.0020296643247462,0.0018975332068311,0.0,0.0335483870967741,0.0130184680593399,0.0117208311134789,0.0,0.0,0.0,0.0,0.0,0.0,0.0,0.0,0.0
635,TBStack-LR,1,1,TreeStacking,Rename Class,0.0,0.0034508257333004,0.0098328416912487,0.0,0.0,0.0,0.0009749954297089,0.0098280098280098,0.0,0.1428571428571428,0.0,0.0,0.0,0.0009082652134423,0.0006058770069675,0.0,0.0018564356435643,0.0150753768844221,0.0,0.0,0.0,0.0,0.0028089887640449,0.0,0.0,0.0,0.0006144662921348,0.0002141786249732,0.0008643042350907,0.011308562197092,0.0003122560499609,0.0009487666034155,0.0045662100456621,0.0180645161290322,0.0033303057826218,0.0037293553542887,0.0,0.0,0.0,0.0,0.0,0.0,0.0,0.0,0.0
636,TBStack-LR,1,1,TreeStacking,Rename Class,0.0824742268041237,0.002464875523786,0.0206489675516224,0.0,0.0,0.0,0.0109280737746541,0.0,0.0,0.0952380952380952,0.0,0.0,0.0,0.0015137753557372,0.0009088155104513,0.0,0.0012376237623762,0.0050251256281407,0.0,0.0,0.0,0.0,0.0018726591760299,0.0009082652134423,0.0,0.0,8.778089887640449e-05,0.0,0.0,0.0032310177705977,0.0035909445745511,0.01707779886148,0.0,0.0692473118279569,0.0015137753557372,0.000799147575919,1.0,0.00734394124847,0.0005677170677413,0.0015329521894829,0.0769230769230769,0.0,0.0094339622641509,0.0092957746478873,0.0008658008658008
637,TBStack-LR,1,1,TreeStacking,Rename Class,0.0068728522336769,0.0138033029332018,0.0255653883972468,0.0155172413793103,0.0,0.0002935045826564,0.0222014584306636,0.0147420147420147,0.0032630522088353,0.238095238095238,0.0127865961199294,0.0,0.0,0.0024220405691795,0.0015146925174189,0.0,0.0191831683168316,0.0402010050251256,0.0164835164835164,0.0,0.0,0.0,0.0262172284644194,0.0024220405691795,0.0272727272727272,0.0,0.0003511235955056,0.0004283572499464,0.0250648228176318,0.0533117932148626,0.0054644808743169,0.0037950664136622,0.0319634703196347,0.1840860215053763,0.0133212231304874,0.0258391049547149,0.3548387096774194,0.0159118727050183,0.0009673600035855,0.0022617327385813,0.3846153846153846,0.0571428571428571,0.1037735849056603,0.0174647887323943,0.0225108225108225
638,TBStack-LR,1,1,TreeStacking,Rename Class,0.0,0.0009859502095144,0.0019665683382497,0.0,0.0,1.5326610060386844e-06,0.0004468729052832,0.0,0.0,0.0476190476190476,0.0,0.0,0.0,0.0012110202845897,0.0,0.0,0.0030940594059405,0.0201005025125628,0.0,0.0,0.0,0.0,0.0046816479400749,0.0,0.0,0.0,0.000438904494382,0.0,0.003457216940363,0.0008077544426494,0.0,0.0009487666034155,0.0,0.0068817204301075,0.0012110202845897,0.0013319126265316,0.0,0.0,0.0,0.0,0.0,0.0,0.0,0.0,0.0
639,TBStack-LR,1,1,TreeStacking,Rename Class,0.0,0.0046832634951934,0.0019665683382497,0.0051724137931034,0.0,0.0,0.0012999939062785,0.0073710073710073,0.001004016064257,0.0952380952380952,0.0008818342151675,0.0,0.0,0.0009082652134423,0.0003029385034837,0.0,0.0043316831683168,0.0150753768844221,0.0,0.0,0.0,0.0,0.0065543071161048,0.0,0.0,0.0,0.0014044943820224,0.0004283572499464,0.0051858254105445,0.0048465266558966,0.0010928961748633,0.0009487666034155,0.0,0.013763440860215,0.0039358159249167,0.0050612679808204,0.33,0.0354957160342717,0.0528761218948304,0.0,0.3076923076923077,0.1428571428571428,0.1792452830188679,0.028169014084507,0.0
640,TBStack-LR,1,1,TreeStacking,Rename Class,0.0,0.0054227261523293,0.0009832841691248,0.0008620689655172,0.0,7.663305030193421e-06,0.0025187381934147,0.0,0.0027610441767068,0.1904761904761904,0.005731922398589,0.0,0.0,0.0033303057826218,0.0027264465313541,0.013550135501355,0.005569306930693,0.0050251256281407,0.0109890109890109,0.0,0.0,0.0030275507114744,0.0065543071161048,0.0033303057826218,0.0081818181818181,0.0,0.0016678370786516,0.0,0.0181503889369057,0.0105008077544426,0.0049960967993754,0.0009487666034155,0.0228310502283105,0.024516129032258,0.0063578564940962,0.0095897709110282,0.996,0.1591187270501836,0.0018189356051975,0.0031287302883709,0.0769230769230769,0.0095238095238095,0.0188679245283018,0.0704225352112676,0.0
641,TBStack-LR,1,1,TreeStacking,Rename Class,0.0,0.0372196204091693,0.0098328416912487,0.0103448275862068,0.0,0.0002551880575054,0.0088358960817371,0.027027027027027,0.0087851405622489,0.1428571428571428,0.0074955908289241,0.0,0.0,0.0018165304268846,0.0009088155104513,0.0,0.0191831683168316,0.0,0.0879120879120879,0.0,0.0,0.0009082652134423,0.0140449438202247,0.0,0.0,0.0,0.0028967696629213,0.0008567144998929,0.0363007778738115,0.0500807754442649,0.0195160031225605,0.0009487666034155,0.0,0.0791397849462365,0.0345140781108083,0.0314331379861481,0.3934426229508196,0.0122399020807833,0.0020542393898535,0.0013696048250298,0.3076923076923077,0.0285714285714285,0.0660377358490566,0.0171830985915492,0.0043290043290043
642,TBStack-LR,1,1,TreeStacking,Rename Class,0.0,0.0007394626571358,0.007866273352999,0.0,0.0,0.0,0.0009546830249233,0.0,0.0002510040160642,0.0476190476190476,0.0,0.0,0.0,0.0003027550711474,0.0003029385034837,0.0,0.0074257425742574,0.0050251256281407,0.0054945054945054,0.0,0.0,0.0,0.0093632958801498,0.0,0.0,0.0,0.0,0.0,0.003457216940363,0.0129240710823909,0.0001561280249804,0.0009487666034155,0.0,0.0172043010752688,0.0009082652134423,0.003196590303676,0.7368421052631579,0.0085679314565483,0.0043549875064895,1.2565181881007728e-05,0.2307692307692307,0.0,0.0283018867924528,0.0053521126760563,0.0008658008658008
643,TBStack-LR,1,1,TreeStacking,Rename Class,0.0446735395189003,0.0054227261523293,0.0521140609636184,0.0008620689655172,0.0,0.0006582779020936,0.0199874063090329,0.0147420147420147,0.0002510040160642,0.1904761904761904,0.0074955908289241,0.0,0.0,0.0003027550711474,0.0003029385034837,0.0,0.0259900990099009,0.0,0.0164835164835164,0.0,0.0,0.0,0.0215355805243445,0.0003027550711474,0.0372727272727272,0.0,0.0002633426966292,0.0008567144998929,0.041486603284356,0.0379644588045234,0.0004683840749414,0.01707779886148,0.0091324200913242,0.0688172043010752,0.0060551014229488,0.0159829515183803,0.0,0.0,0.0,0.0,0.0,0.0,0.0,0.0,0.0
644,TBStack-LR,1,1,TreeStacking,Rename Class,0.0,0.0054227261523293,0.015732546705998,0.0,0.0,1.839193207246421e-05,0.0034327964087668,0.0073710073710073,0.0002510040160642,0.1904761904761904,0.0004409171075837,0.0,0.0,0.002119285498032,0.0,0.0,0.005569306930693,0.0,0.0,0.0,0.0058479532163742,0.0,0.0074906367041198,0.0,0.0,0.0,0.0002633426966292,0.0,0.0043215211754537,0.0129240710823909,0.0012490241998438,0.0037950664136622,0.0136986301369863,0.0391397849462365,0.0060551014229488,0.0055940330314331,0.0,0.0,0.0,0.0,0.0,0.0,0.0,0.0,0.0
645,TBStack-LR,1,1,TreeStacking,Rename Class,0.0068728522336769,0.0093665269903869,0.0147492625368731,0.0086206896551724,0.0,3.44848726358704e-05,0.00387966931405,0.0,0.0015060240963855,0.1428571428571428,0.0013227513227513,0.0,0.0,0.002119285498032,0.0009088155104513,0.0,0.0086633663366336,0.0251256281407035,0.0164835164835164,0.0081967213114754,0.0292397660818713,0.0,0.0037453183520599,0.0003027550711474,0.0,0.0,0.001755617977528,0.0,0.0112359550561797,0.0290791599353796,0.0018735362997658,0.0009487666034155,0.0,0.0438709677419354,0.0081743869209809,0.0103889184869472,0.5703703703703704,0.0501835985312117,0.1425567436944188,0.0006408242759313,0.2307692307692307,0.1333333333333333,0.160377358490566,0.0380281690140845,0.0077922077922077
646,TBStack-LR,1,1,TreeStacking,Rename Class,0.0,0.0064086763618437,0.0196656833824975,0.0,0.0,0.0,0.0019703032642034,0.0098280098280098,0.0007530120481927,0.1904761904761904,0.0004409171075837,0.0,0.0,0.0003027550711474,0.0003029385034837,0.0,0.0006188118811881,0.0050251256281407,0.0,0.0,0.0,0.0,0.0009363295880149,0.0003027550711474,0.0,0.0,0.0001755617977528,0.0,0.0008643042350907,0.0290791599353796,0.0024980483996877,0.0009487666034155,0.0045662100456621,0.0219354838709677,0.0072661217075386,0.0026638252530633,1.0,0.0,0.0003212083409589,5.026072752403091e-05,0.0769230769230769,0.0,0.0094339622641509,0.0025352112676056,0.0025974025974025
647,TBStack-LR,1,1,TreeStacking,Rename Class,0.0,0.0,0.0019665683382497,0.0,0.0,0.0,2.031240478560257e-05,0.0,0.0,0.0,0.0,0.0,0.0,0.0,0.0,0.0,0.0006188118811881,0.0,0.0,0.0,0.0,0.0,0.0,0.0,0.0,0.0,0.0,0.0,0.0,0.0,0.0,0.0009487666034155,0.0,0.0021505376344086,0.0,0.0002663825253063,0.0,0.0,0.0,0.0,0.0,0.0,0.0,0.0,0.0
648,TBStack-LR,1,1,TreeStacking,Rename Class,0.0,0.0019719004190288,0.0029498525073746,0.0008620689655172,0.0,9.962296539251447e-06,0.0336373423249578,0.0,0.0,0.0952380952380952,0.0,0.0,0.0,0.0009082652134423,0.0,0.0,0.0068069306930693,0.0,0.0,0.0245901639344262,0.0058479532163742,0.0,0.0093632958801498,0.0,0.0,0.0,8.778089887640449e-05,0.0,0.0051858254105445,0.0032310177705977,0.0,0.0037950664136622,0.0,0.0421505376344086,0.0018165304268846,0.003196590303676,0.0,0.0,0.0,0.0,0.0,0.0,0.0,0.0,0.0
649,TBStack-LR,1,1,TreeStacking,Rename Class,0.0343642611683848,0.03179689425684,0.0629301868239921,0.0025862068965517,0.0,6.820341476872145e-05,0.0247201966240783,0.0073710073710073,0.001004016064257,0.1904761904761904,0.0022045855379188,0.0,0.0,0.0027247956403269,0.0,0.0,0.0111386138613861,0.0452261306532663,0.0054945054945054,0.0,0.0701754385964912,0.0,0.0028089887640449,0.0,0.0027272727272727,0.0,0.005003511235955,0.0,0.017286084701815,0.0920840064620355,0.0074941451990632,0.0284629981024667,0.0045662100456621,0.1531182795698924,0.0190735694822888,0.0133191262653169,0.5114503816793893,0.1003671970624234,0.0036602810946481,0.0058176792109065,0.3076923076923077,0.0476190476190476,0.0849056603773584,0.0369014084507042,0.0164502164502164
650,TBStack-LR,1,1,TreeStacking,Rename Class,0.0,0.0041902883904362,0.0058997050147492,0.0008620689655172,0.0,1.2261288048309477e-05,0.0026609250269139,0.0122850122850122,0.0007530120481927,0.1428571428571428,0.0,0.0,0.0,0.0015137753557372,0.0009088155104513,0.0,0.0049504950495049,0.0251256281407035,0.0219780219780219,0.0,0.0,0.0,0.0037453183520599,0.0,0.0,0.0,0.0011411516853932,0.0002141786249732,0.0129645635263612,0.0201938610662358,0.0014051522248243,0.0009487666034155,0.0,0.024516129032258,0.0042385709960641,0.0093233883857218,0.428,0.0893512851897184,0.226384650723279,2.513036376201545e-05,0.3846153846153846,0.2095238095238095,0.2547169811320754,0.0704225352112676,0.0
651,TBStack-LR,1,1,TreeStacking,Rename Class,0.0,0.0,0.0,0.0,0.0,0.0,0.0020515528833458,0.0,0.0,0.0,0.0,0.0,0.0,0.0,0.0,0.0,0.0,0.0,0.0,0.0,0.0,0.0,0.0,0.0,0.0,0.0,0.0,0.0,0.0,0.0,0.0,0.0,0.0,0.0,0.0,0.0,0.0,0.0,0.0,0.0,0.0,0.0,0.0,0.0,0.0
652,TBStack-LR,1,1,TreeStacking,Rename Class,0.0034364261168384,0.0438747843233916,0.0186823992133726,0.0387931034482758,0.0,7.969837231401159e-05,0.0109077613698685,0.0245700245700245,0.0336345381526104,0.238095238095238,0.0048500881834215,0.0,0.0,0.0063578564940962,0.0012117540139351,0.0,0.0154702970297029,0.0854271356783919,0.0329670329670329,0.0,0.0,0.0003027550711474,0.0168539325842696,0.0009082652134423,0.0,0.0,0.0148349719101123,0.0072820732490897,0.0224719101123595,0.0638126009693053,0.0,0.0009487666034155,0.0,0.0705376344086021,0.0314865273993339,0.04075652637187,0.696969696969697,0.0122399020807833,0.0040487190883659,0.0009046930954325,0.1538461538461538,0.019047619047619,0.0377358490566037,0.0092957746478873,0.0069264069264069
653,TBStack-LR,1,1,TreeStacking,Rename Class,0.0,0.0022183879714074,0.0147492625368731,0.0025862068965517,0.032051282051282,4.214817766606382e-05,0.0021124900977026,0.0098280098280098,0.0,0.1904761904761904,0.0039682539682539,0.0,0.0,0.0,0.0,0.0,0.0068069306930693,0.0,0.0,0.0,0.023391812865497,0.0,0.0065543071161048,0.0,0.01,0.0,0.0001755617977528,0.0,0.0086430423509075,0.024232633279483,0.0,0.0009487666034155,0.0,0.0159139784946236,0.0018165304268846,0.0071923281832711,0.0,0.0,0.0,0.0,0.0,0.0,0.0,0.0,0.0
654,TBStack-LR,1,1,TreeStacking,Rename Class,0.0,0.001232437761893,0.007866273352999,0.0008620689655172,0.0,0.0,0.0016046799780626,0.0049140049140049,0.0,0.1428571428571428,0.0,0.0,0.0,0.0003027550711474,0.0,0.0,0.0024752475247524,0.0050251256281407,0.0109890109890109,0.0,0.0,0.0,0.0018726591760299,0.0,0.0009090909090909,0.0,0.000438904494382,0.0006425358749196,0.0017286084701815,0.0234248788368336,0.0007806401249024,0.0009487666034155,0.0,0.0141935483870967,0.0018165304268846,0.0037293553542887,0.0,0.0,0.0,0.0,0.0,0.0,0.0,0.0,0.0
655,TBStack-LR,1,1,TreeStacking,Rename Class,0.0034364261168384,0.1136307616465368,0.0629301868239921,0.0560344827586206,0.0,0.0145480182693191,0.0570981698523288,0.1179361179361179,0.0082831325301204,0.5238095238095237,0.0696649029982363,0.0,0.0,0.0490463215258855,0.0166616176916086,0.0,0.1287128712871287,0.2160804020100502,0.1868131868131868,0.1147540983606557,0.0,0.0227066303360581,0.1451310861423221,0.023312140478353,0.08,0.0,0.012816011235955,0.0040693938744913,0.0708729472774416,0.2261712439418416,0.0538641686182669,0.0075901328273244,0.0273972602739726,0.272258064516129,0.103542234332425,0.1723494938732019,0.3513513513513513,0.0195838433292533,0.0022970131359271,0.0004272161839542,0.3076923076923077,0.019047619047619,0.0566037735849056,0.0104225352112676,0.0051948051948051
656,TBStack-LR,1,1,TreeStacking,Rename Class,0.0,0.0041902883904362,0.0098328416912487,0.0043103448275862,0.0,0.0,0.0019499908594178,0.0,0.0017570281124497,0.1428571428571428,0.0,0.0,0.0,0.0003027550711474,0.0,0.0,0.0012376237623762,0.0050251256281407,0.0,0.0,0.0,0.0,0.0018726591760299,0.0,0.0,0.0,0.0006144662921348,0.0004283572499464,0.006914433880726,0.0226171243941841,0.0046838407494145,0.0009487666034155,0.0,0.0296774193548387,0.0033303057826218,0.0053276505061267,0.0,0.0,0.0,0.0,0.0,0.0,0.0,0.0,0.0
657,TBStack-LR,1,1,TreeStacking,Rename Class,0.0,0.0002464875523786,0.0029498525073746,0.0,0.0,7.663305030193422e-07,0.0002437488574272,0.0,0.0,0.0476190476190476,0.0,0.0,0.0,0.0,0.0,0.0,0.0012376237623762,0.0,0.0054945054945054,0.0,0.0,0.0,0.0009363295880149,0.0,0.0009090909090909,0.0,8.778089887640449e-05,0.0,0.0008643042350907,0.0048465266558966,0.0,0.0009487666034155,0.0,0.0043010752688172,0.0003027550711474,0.0005327650506126,0.0,0.0,0.0,0.0,0.0,0.0,0.0,0.0,0.0
658,TBStack-LR,1,1,TreeStacking,Rename Class,0.0,0.1483855065319201,0.1514257620452311,0.0068965517241379,0.0,0.0017556631824173,0.030813918059759,0.0171990171990172,0.0007530120481927,0.1904761904761904,0.4285714285714285,0.0,0.0,0.1229185588858613,0.1196607088760981,0.02710027100271,0.0464108910891089,0.0150753768844221,0.0164835164835164,0.0491803278688524,0.0,0.1201937632455343,0.0674157303370786,0.1201937632455343,0.0145454545454545,0.0,0.0677668539325842,0.0029985007496251,0.0803802938634399,0.0678513731825525,0.0103044496487119,0.0009487666034155,0.0228310502283105,0.0636559139784946,0.1335149863760218,0.0412892914224826,0.34,0.0195838433292533,0.0012997732866709,0.001646038826412,0.3846153846153846,0.0285714285714285,0.0754716981132075,0.0140845070422535,0.0
659,TBStack-LR,1,1,TreeStacking,Rename Class,0.0137457044673539,0.0064086763618437,0.0127826941986234,0.0,0.0064102564102564,9.962296539251448e-05,0.0041843553858341,0.0,0.0,0.0952380952380952,0.0013227513227513,0.0,0.0,0.004844081138359,0.0009088155104513,0.0,0.010519801980198,0.0804020100502512,0.0604395604395604,0.0,0.0058479532163742,0.0,0.0046816479400749,0.0006055101422948,0.0,0.0,0.0020189606741573,0.0,0.0043215211754537,0.0533117932148626,0.0035909445745511,0.0018975332068311,0.0,0.0455913978494623,0.0078716318498334,0.0055940330314331,0.0,0.0,0.0,0.0,0.0,0.0,0.0,0.0,0.0
660,TBStack-LR,1,1,TreeStacking,Rename Class,0.0,0.0029578506285432,0.0098328416912487,0.0,0.0,0.0,0.0011171822632081,0.0,0.0,0.0952380952380952,0.0004409171075837,0.0,0.0,0.0036330608537693,0.0030293850348379,0.016260162601626,0.0068069306930693,0.0,0.0054945054945054,0.0,0.0,0.0033303057826218,0.0084269662921348,0.0036330608537693,0.009090909090909,0.0,0.0,0.0,0.003457216940363,0.0072697899838449,0.0014051522248243,0.0009487666034155,0.0,0.0189247311827957,0.0036330608537693,0.003196590303676,0.9891304347826086,0.0208078335373316,0.0009598900421679,0.0024879060124395,0.0769230769230769,0.0095238095238095,0.0188679245283018,0.0259154929577464,0.019047619047619
661,TBStack-LR,1,1,TreeStacking,Rename Class,0.0,0.0103524771999014,0.0127826941986234,0.0034482758620689,0.0,1.3027618551328815e-05,0.0067843431983912,0.0073710073710073,0.0055220883534136,0.1904761904761904,0.0008818342151675,0.0,0.0,0.0015137753557372,0.0012117540139351,0.0,0.0043316831683168,0.0251256281407035,0.0164835164835164,0.0,0.0058479532163742,0.0,0.0028089887640449,0.0012110202845897,0.0,0.0,0.0034234550561797,0.0036410366245448,0.0017286084701815,0.0420032310177706,0.0084309133489461,0.0047438330170777,0.0182648401826484,0.0709677419354838,0.0099909173478655,0.0133191262653169,0.6071428571428571,0.0097919216646266,0.0010756744441414,0.0003895206383112,0.2307692307692307,0.019047619047619,0.0471698113207547,0.0078873239436619,0.0043290043290043
662,TBStack-LR,1,1,TreeStacking,Rename Class,0.0,0.0041902883904362,0.0127826941986234,0.0043103448275862,0.0,0.0,0.0021124900977026,0.0,0.0,0.0952380952380952,0.0004409171075837,0.0,0.0,0.0009082652134423,0.0,0.0,0.0074257425742574,0.0,0.0,0.0245901639344262,0.0,0.0,0.0112359550561797,0.0,0.0,0.0,0.0002633426966292,0.0002141786249732,0.0112359550561797,0.0234248788368336,0.0039032006245121,0.0009487666034155,0.0,0.016774193548387,0.0042385709960641,0.0058604155567394,0.0,0.0,0.0,0.0,0.0,0.0,0.0,0.0,0.0
663,TBStack-LR,1,1,TreeStacking,Rename Class,0.0,0.002464875523786,0.0088495575221238,0.0017241379310344,0.0,1.45602795573675e-05,0.0024578009790579,0.0049140049140049,0.0002510040160642,0.1428571428571428,0.0,0.0,0.0,0.0006055101422948,0.0006058770069675,0.0,0.0043316831683168,0.0100502512562814,0.0164835164835164,0.0,0.0058479532163742,0.0,0.0028089887640449,0.0006055101422948,0.0027272727272727,0.0,0.0019311797752808,0.0006425358749196,0.0025929127052722,0.0121163166397415,0.0012490241998438,0.0009487666034155,0.0,0.0318279569892473,0.0024220405691795,0.0061267980820458,0.2941176470588235,0.0012239902080783,0.0001157844019735,0.0005277376390023,0.5384615384615385,0.0,0.0660377358490566,0.0047887323943661,0.0051948051948051
664,TBStack-LR,1,1,TreeStacking,Rename Class,0.0034364261168384,0.0204584668474242,0.0540806293018682,0.0129310344827586,0.0,6.437176225362475e-05,0.0164327354715524,0.0,0.0002510040160642,0.1428571428571428,0.0,0.0,0.0,0.0169542839842567,0.0099969706149651,0.0,0.0148514851485148,0.1105527638190954,0.0219780219780219,0.0,0.0058479532163742,0.0093854072055706,0.0168539325842696,0.0099909173478655,0.0,0.0,0.0022823033707865,0.0004283572499464,0.0155574762316335,0.0702746365105008,0.0010928961748633,0.0028462998102466,0.0,0.0993548387096774,0.020587344838026,0.0210442194992008,0.388235294117647,0.0734394124847001,0.0010906143669767,0.0075642394923666,0.4615384615384615,0.0952380952380952,0.1509433962264151,0.0239436619718309,0.0112554112554112
665,TBStack-LR,1,1,TreeStacking,Rename Class,0.0,0.0152822282474735,0.0275319567354965,0.0043103448275862,0.0,0.0001003892958955,0.0075562145802441,0.0049140049140049,0.0015060240963855,0.2857142857142857,0.0,0.0,0.0,0.0060551014229488,0.0045440775522568,0.0,0.0111386138613861,0.0100502512562814,0.0,0.1393442622950819,0.0058479532163742,0.0003027550711474,0.0159176029962546,0.0009082652134423,0.0,0.0,0.0009655898876404,0.0,0.0129645635263612,0.0848142164781906,0.0209211553473848,0.0009487666034155,0.0091324200913242,0.0666666666666666,0.017862549197699,0.0109216835375599,0.225,0.0342717258261933,0.0015388120520357,0.0012816485518627,0.6153846153846154,0.019047619047619,0.0943396226415094,0.0112676056338028,0.0051948051948051
666,TBStack-LR,1,1,TreeStacking,Rename Class,0.0,0.0359871826472763,0.0334316617502458,0.0094827586206896,0.0,0.0001325751770223,0.0099733907497308,0.0565110565110565,0.0047690763052208,0.3333333333333333,0.0,0.0,0.0,0.0042385709960641,0.0,0.0,0.0142326732673267,0.0703517587939698,0.1098901098901099,0.0,0.0,0.0,0.0028089887640449,0.0,0.0,0.0,0.0010533707865168,0.0049261083743842,0.006914433880726,0.0912762520193861,0.0074941451990632,0.0009487666034155,0.0,0.0653763440860215,0.038449894035725,0.02983484283431,0.0,0.0,0.0,0.0,0.0,0.0,0.0,0.0,0.0
667,TBStack-LR,1,1,TreeStacking,Rename Class,0.0,0.0069016514666009,0.0432645034414945,0.0025862068965517,0.1666666666666666,0.0058440364160255,0.0131218134914992,0.0049140049140049,0.0002510040160642,0.0476190476190476,0.0524691358024691,0.0,0.2227488151658768,0.0,0.0,0.0,0.0767326732673267,0.0,0.0,0.0,0.0,0.0,0.0,0.0,0.0536363636363636,0.0,0.0007022471910112,0.0,0.0933448573898012,0.1017770597738287,0.0010928961748633,0.0094876660341555,0.0,0.0701075268817204,0.0078716318498334,0.0348961108151305,0.7450980392156863,0.00734394124847,0.0083812967106024,0.0154803040774015,0.2307692307692307,0.0095238095238095,0.0377358490566037,0.0143661971830985,0.0008658008658008
668,TBStack-LR,1,1,TreeStacking,Rename Class,0.0,0.0004929751047572,0.0029498525073746,0.0,0.0,2.2989915090580268e-06,0.0005281225244256,0.0,0.0005020080321285,0.0476190476190476,0.0,0.0,0.0,0.0,0.0,0.0,0.0018564356435643,0.0,0.0054945054945054,0.0,0.0,0.0,0.0018726591760299,0.0,0.0018181818181818,0.0,0.0003511235955056,0.0002141786249732,0.0060501296456352,0.0008077544426494,0.0001561280249804,0.0009487666034155,0.0,0.0073118279569892,0.0003027550711474,0.0021310602024507,0.0,0.0,0.0,0.0,0.0,0.0,0.0,0.0,0.0
669,TBStack-LR,1,1,TreeStacking,Rename Class,0.0240549828178694,0.0187330539807739,0.0530973451327433,0.021551724137931,0.0,0.0013533396683321,0.0118624443947919,0.0319410319410319,0.0017570281124497,0.3333333333333333,0.0127865961199294,0.0,0.0,0.0009082652134423,0.0006058770069675,0.002710027100271,0.0371287128712871,0.0150753768844221,0.0494505494505494,0.0,0.0116959064327485,0.0,0.045880149812734,0.0006055101422948,0.0009090909090909,0.0,0.0021067415730337,0.0002141786249732,0.0475367329299913,0.0815831987075929,0.0087431693989071,0.0009487666034155,0.0365296803652968,0.0748387096774193,0.0157432636996669,0.0404901438465636,0.6666666666666666,0.0,2.987984567059711e-05,3.769554564302318e-05,0.2307692307692307,0.0,0.0283018867924528,0.0016901408450704,0.0017316017316017
670,TBStack-LR,1,1,TreeStacking,Rename Class,0.0,0.0177471037712595,0.0304818092428711,0.0051724137931034,0.0,0.0001387058210465,0.0121671304665759,0.0,0.0,0.1904761904761904,0.0022045855379188,0.0,0.0,0.010293672419013,0.005755831566192,0.0,0.0191831683168316,0.1457286432160804,0.0604395604395604,0.0,0.0,0.0015137753557372,0.0168539325842696,0.002119285498032,0.0009090909090909,0.0,0.0007900280898876,0.0,0.010371650821089,0.0363489499192245,0.0,0.0104364326375711,0.045662100456621,0.0606451612903225,0.0160460187708144,0.0223761321257325,1.0,0.0024479804161566,0.0023829176922301,0.0012188226424577,0.0769230769230769,0.0,0.0094339622641509,0.024225352112676,0.0095238095238095
671,TBStack-LR,1,1,TreeStacking,Rename Class,0.0,0.0004929751047572,0.0,0.0,0.0,0.0,4.062480957120514e-05,0.0,0.0,0.0,0.0,0.0,0.0,0.0006055101422948,0.0006058770069675,0.0,0.0,0.0,0.0,0.0,0.0,0.0006055101422948,0.0,0.0006055101422948,0.0,0.0,0.0,0.0,0.0,0.0,0.0003122560499609,0.0009487666034155,0.0,0.0038709677419354,0.0006055101422948,0.0,0.72,0.0,0.0003137383795412,0.0006031287302883,0.1538461538461538,0.0,0.0188679245283018,0.0140845070422535,0.0
672,TBStack-LR,1,1,TreeStacking,Rename Class,0.0,0.0069016514666009,0.0176991150442477,0.0017241379310344,0.0,0.0001011556263985,0.0038390445044788,0.0024570024570024,0.0017570281124497,0.238095238095238,0.0,0.0,0.0,0.0036330608537693,0.0,0.0,0.0148514851485148,0.0603015075376884,0.0109890109890109,0.0,0.0,0.0,0.0205992509363295,0.0003027550711474,0.0,0.0,0.0003511235955056,0.0,0.0077787381158167,0.0379644588045234,0.0009367681498829,0.0009487666034155,0.0273972602739726,0.035268817204301,0.0051468362095065,0.0117208311134789,1.0,0.0012239902080783,0.0010345896563444,0.0,0.0769230769230769,0.0,0.0094339622641509,0.0005633802816901,0.0008658008658008
673,TBStack-LR,1,1,TreeStacking,Rename Class,0.0,0.0,0.0,0.0,0.0,0.0,0.0150514919461315,0.0,0.0,0.0,0.0,0.0,0.0,0.0,0.0,0.0,0.0,0.0,0.0,0.0,0.0,0.0,0.0,0.0,0.0,0.0,0.0,0.0,0.0,0.0,0.0,0.0,0.0,0.0,0.0,0.0,0.98,0.018359853121175,0.0002614486496177,0.0006785198215744,0.0769230769230769,0.0095238095238095,0.0188679245283018,0.0140845070422535,0.0
674,TBStack-LR,1,1,TreeStacking,Rename Class,0.4914089347079037,0.0655656889327089,0.0167158308751229,0.0,0.0,4.5979830181160536e-06,0.0231155166460157,0.0,0.0,0.0,0.060405643738977,0.0070422535211267,0.0,0.0805328489252194,0.0,0.0,0.0024752475247524,0.0,0.0,0.0,0.0,0.0,0.0009363295880149,0.0,0.0,0.0,8.778089887640449e-05,0.0,0.0,0.0040387722132471,0.0,0.0094876660341555,0.0,0.0412903225806451,0.0805328489252194,0.0010655301012253,0.5,0.0134638922888616,0.0170277770515315,0.029364830055915,0.1538461538461538,0.1047619047619047,0.1226415094339622,0.0704225352112676,0.0
675,TBStack-LR,1,1,TreeStacking,Rename Class,0.0034364261168384,0.0601429627803795,0.0580137659783677,0.0344827586206896,0.0,0.0004414063697391,0.0182811643070423,0.081081081081081,0.038152610441767,0.238095238095238,0.0145502645502645,0.028169014084507,0.0,0.0169542839842567,0.0069675855801272,0.0,0.0272277227722772,0.0703517587939698,0.0109890109890109,0.0327868852459016,0.0350877192982456,0.0115046927036027,0.0337078651685393,0.0112019376324553,0.0036363636363636,0.0,0.0153616573033707,0.0104947526236881,0.0622299049265341,0.0735056542810985,0.0084309133489461,0.0009487666034155,0.0,0.093763440860215,0.0387526491068725,0.0729888119339371,0.0,0.0,0.0,0.0,0.0,0.0,0.0,0.0,0.0
676,TBStack-LR,1,1,TreeStacking,Rename Class,0.0,0.0086270643332511,0.0147492625368731,0.0017241379310344,0.0,2.9886889617754346e-05,0.0031484227417683,0.0,0.0,0.1428571428571428,0.0,0.0,0.0,0.0033303057826218,0.0006058770069675,0.0,0.0061881188118811,0.0552763819095477,0.0054945054945054,0.0,0.0,0.0,0.0084269662921348,0.0006055101422948,0.0,0.0,0.0029845505617977,0.0070678946241165,0.010371650821089,0.0226171243941841,0.0065573770491803,0.0009487666034155,0.0,0.0356989247311827,0.0060551014229488,0.0058604155567394,0.0,0.0,0.0,0.0,0.0,0.0,0.0,0.0,0.0
677,TBStack-LR,1,1,TreeStacking,Rename Class,0.0034364261168384,0.034261769780626,0.0530973451327433,0.0405172413793103,0.0,0.0003272231247892,0.0133452499441408,0.0049140049140049,0.0045180722891566,0.1904761904761904,0.0052910052910052,0.0,0.0,0.0045413260672116,0.0018176310209027,0.0,0.0259900990099009,0.0753768844221105,0.0164835164835164,0.0,0.0175438596491228,0.0,0.0327715355805243,0.0,0.0,0.0253164556962025,0.0023700842696629,0.0021417862497322,0.0423509075194468,0.0605815831987075,0.0118657298985167,0.0009487666034155,0.0273972602739726,0.0881720430107526,0.0124129579170451,0.0516782099094299,0.8043478260869565,0.0611995104039167,0.0024762922099507,0.0026261230131306,0.1538461538461538,0.0476190476190476,0.0660377358490566,0.0388732394366197,0.0103896103896103
678,TBStack-LR,1,1,TreeStacking,Rename Class,0.0,0.0022183879714074,0.0,0.0,0.0,4.5979830181160536e-06,0.0010562450488513,0.0147420147420147,0.0,0.1428571428571428,0.0,0.0,0.0,0.0003027550711474,0.0003029385034837,0.0,0.0024752475247524,0.0050251256281407,0.0,0.0,0.0,0.0,0.0037453183520599,0.0003027550711474,0.0,0.0,0.0010533707865168,0.0002141786249732,0.0051858254105445,0.0129240710823909,0.0,0.0009487666034155,0.0,0.016774193548387,0.0027247956403269,0.0042621204049014,0.0,0.0,0.0,0.0,0.0,0.0,0.0,0.0,0.0
679,TBStack-LR,1,1,TreeStacking,Rename Class,0.0068728522336769,0.0978555582943061,0.0304818092428711,0.046551724137931,0.0,5.211047420531527e-05,0.0241108244805102,0.1154791154791154,0.0353915662650602,0.3333333333333333,0.0260141093474426,0.0,0.0,0.0066606115652437,0.0021205695243865,0.0,0.010519801980198,0.1055276381909547,0.0604395604395604,0.0,0.0,0.0003027550711474,0.0056179775280898,0.0066606115652437,0.0154545454545454,0.0,0.0216818820224719,0.0070678946241165,0.0146931719965427,0.1429725363489499,0.0260733801717408,0.0037950664136622,0.0547945205479452,0.1182795698924731,0.0711474417196488,0.0868407032498668,0.4,0.0024479804161566,0.0070516435782609,3.769554564302318e-05,0.3076923076923077,0.0,0.0377358490566037,0.0014084507042253,0.0017316017316017
680,TBStack-LR,1,1,TreeStacking,Rename Class,0.0,0.0113384274094158,0.0009832841691248,0.0,0.0,0.0,0.0009546830249233,0.0,0.0,0.0,0.0013227513227513,0.0,0.0,0.0139267332727823,0.0139351711602544,0.0,0.0,0.0,0.0,0.0,0.0,0.0,0.0,0.0139267332727823,0.0,0.0,0.0016678370786516,0.0,0.0,0.0008077544426494,0.0040593286494925,0.0009487666034155,0.0,0.0154838709677419,0.0139267332727823,0.0,0.0,0.0,0.0,0.0,0.0,0.0,0.0,0.0,0.0
681,TBStack-LR,1,1,TreeStacking,Rename Class,0.0034364261168384,0.0098595020951441,0.0688298918387414,0.0025862068965517,0.0,0.0002498237439843,0.0301436087018342,0.0196560196560196,0.0045180722891566,0.238095238095238,0.0008818342151675,0.0,0.0,0.0057523463518013,0.0039382005452893,0.021680216802168,0.0204207920792079,0.0100502512562814,0.0439560439560439,0.0,0.0058479532163742,0.0,0.0196629213483146,0.0003027550711474,0.0009090909090909,0.0,0.0028089887640449,0.0017134289997858,0.0198789974070872,0.0581583198707592,0.0003122560499609,0.0123339658444022,0.0045662100456621,0.170752688172043,0.0118074477747502,0.0181140117208311,0.0,0.0,0.0,0.0,0.0,0.0,0.0,0.0,0.0
682,TBStack-LR,1,1,TreeStacking,Rename Class,0.0068728522336769,0.023662805028346,0.0226155358898721,0.0017241379310344,0.0,0.0003425497348496,0.0090593325343787,0.027027027027027,0.0072791164658634,0.3333333333333333,0.0070546737213403,0.0,0.0,0.0063578564940962,0.0012117540139351,0.0,0.021039603960396,0.0954773869346733,0.0714285714285714,0.0163934426229508,0.023391812865497,0.0,0.0159176029962546,0.0012110202845897,0.0036363636363636,0.0,0.0011411516853932,0.0006425358749196,0.0146931719965427,0.0848142164781906,0.0101483216237314,0.0018975332068311,0.0319634703196347,0.0778494623655914,0.0269452013321223,0.028236547682472,0.4411764705882353,0.01468788249694,0.0026331613997213,0.0004900420933593,0.2307692307692307,0.0761904761904762,0.1037735849056603,0.0095774647887323,0.0112554112554112
683,TBStack-LR,1,1,TreeStacking,Rename Class,0.0,0.004929751047572,0.0019665683382497,0.0,0.0,4.981148269625724e-05,0.0019093660498466,0.0,0.003012048192771,0.0952380952380952,0.0004409171075837,0.0,0.0,0.0030275507114744,0.0012117540139351,0.0,0.0092821782178217,0.050251256281407,0.0,0.0,0.0,0.0,0.0140449438202247,0.0,0.0,0.0,0.0,0.0,0.0112359550561797,0.0088852988691437,0.004215456674473,0.0009487666034155,0.0045662100456621,0.0253763440860215,0.0051468362095065,0.0045285029302077,0.6026229508196721,0.0012239902080783,0.0126615846029155,0.0408242759313941,0.1538461538461538,0.0571428571428571,0.0754716981132075,0.8591549295774649,0.0
684,TBStack-LR,1,1,TreeStacking,Rename Class,0.0,0.438501355681538,0.0009832841691248,0.0,0.0,7.663305030193422e-07,0.036440454185371,0.0,0.0150602409638554,0.0476190476190476,0.0008818342151675,0.0,0.0,0.5386012715712988,0.5389275976976674,0.0,0.0012376237623762,0.0,0.0,0.0,0.0,0.5386012715712988,0.0018726591760299,0.5386012715712988,0.0018181818181818,0.0,0.0,0.0,0.0017286084701815,0.0016155088852988,0.2807181889149102,0.0009487666034155,0.0,0.5131182795698924,0.5386012715712988,0.0005327650506126,0.0,0.0,0.0,0.0,0.0,0.0,0.0,0.0,0.0
685,TBStack-LR,1,1,TreeStacking,Rename Class,0.0034364261168384,0.051762385999507,0.031465093411996,0.0043103448275862,0.0,0.0005471599791558,0.0368873270906542,0.0343980343980344,0.0112951807228915,0.2857142857142857,0.0022045855379188,0.0,0.0,0.0087798970632758,0.0033323235383217,0.0,0.0303217821782178,0.0301507537688442,0.0054945054945054,0.1721311475409836,0.0701754385964912,0.0006055101422948,0.0337078651685393,0.0036330608537693,0.0,0.0,0.005003511235955,0.001927607624759,0.0224719101123595,0.1074313408723748,0.01935987509758,0.0075901328273244,0.0958904109589041,0.2116129032258064,0.0475325461701483,0.0351624933404368,0.5,0.0061199510403916,6.72296527588435e-05,0.0002010429100961,0.2307692307692307,0.0,0.0283018867924528,0.0016901408450704,0.0008658008658008
686,TBStack-LR,1,1,TreeStacking,Rename Class,0.0,0.0027113630761646,0.0039331366764995,0.0,0.0,9.962296539251447e-06,0.0014421807397777,0.0,0.0002510040160642,0.0952380952380952,0.0004409171075837,0.0,0.0,0.0027247956403269,0.0021205695243865,0.0,0.0111386138613861,0.0301507537688442,0.0,0.0,0.0,0.0009082652134423,0.0168539325842696,0.0012110202845897,0.0,0.0,0.000438904494382,0.0,0.0095073465859982,0.0153473344103392,0.0001561280249804,0.0009487666034155,0.0,0.0236559139784946,0.0033303057826218,0.0050612679808204,0.0,0.0,0.0,0.0,0.0,0.0,0.0,0.0,0.0
687,TBStack-LR,1,1,TreeStacking,Rename Class,0.0,0.0019719004190288,0.0,0.0017241379310344,0.0,0.0,0.00050781011964,0.0,0.0005020080321285,0.0952380952380952,0.0004409171075837,0.0,0.0,0.0009082652134423,0.0009088155104513,0.0,0.0024752475247524,0.0150753768844221,0.0,0.0,0.0,0.0,0.0037453183520599,0.0003027550711474,0.0,0.0,0.000438904494382,0.0,0.0025929127052722,0.0032310177705977,0.0001561280249804,0.0009487666034155,0.0045662100456621,0.0124731182795698,0.002119285498032,0.0018646776771443,0.0,0.0,0.0,0.0,0.0,0.0,0.0,0.0,0.0
688,TBStack-LR,1,1,TreeStacking,Rename Class,0.0,0.0017254128666502,0.0019665683382497,0.0,0.0,2.2989915090580268e-06,0.0005484349292112,0.0,0.0,0.0476190476190476,0.0,0.0,0.0,0.0006055101422948,0.0,0.0,0.0043316831683168,0.0100502512562814,0.0,0.0,0.0,0.0,0.0065543071161048,0.0,0.0,0.0,0.0001755617977528,0.0,0.0017286084701815,0.0008077544426494,0.0,0.0009487666034155,0.0,0.0068817204301075,0.0006055101422948,0.0018646776771443,0.2823529411764706,0.0281517747858017,0.0198551574481117,5.026072752403091e-05,0.3076923076923077,0.1619047619047619,0.1981132075471698,0.0239436619718309,0.0008658008658008
689,TBStack-LR,1,1,TreeStacking,Rename Class,0.0,0.0,0.0009832841691248,0.0,0.0,0.0,0.0027624870508419,0.0,0.0,0.0,0.0,0.0,0.0,0.0,0.0,0.0,0.0,0.0,0.0,0.0,0.0,0.0,0.0,0.0,0.0,0.0,0.0,0.0,0.0,0.0,0.0,0.0037950664136622,0.0,0.043010752688172,0.0,0.0,0.0,0.0,0.0,0.0,0.0,0.0,0.0,0.0,0.0
690,TBStack-LR,1,1,TreeStacking,Rename Class,0.0034364261168384,0.0571851121518363,0.039331366764995,0.0732758620689655,0.0,7.510038929589554e-05,0.0149296175174178,0.0589680589680589,0.0042670682730923,0.2857142857142857,0.0013227513227513,0.0,0.0,0.0087798970632758,0.0030293850348379,0.010840108401084,0.010519801980198,0.1155778894472361,0.0439560439560439,0.0081967213114754,0.0,0.0003027550711474,0.0065543071161048,0.0009082652134423,0.0,0.0,0.0058813202247191,0.0107089312486613,0.0293863439930855,0.0961227786752827,0.00967993754879,0.0037950664136622,0.0319634703196347,0.1320430107526881,0.041174689676052,0.0418220564730953,0.0,0.0,0.0,0.0,0.0,0.0,0.0,0.0,0.0
691,TBStack-LR,1,1,TreeStacking,Rename Class,0.0,0.0241557801331032,0.0334316617502458,0.0129310344827586,0.0,4.36808386721025e-05,0.0077796510328857,0.0,0.0070281124497991,0.1904761904761904,0.0008818342151675,0.0,0.0,0.0030275507114744,0.0024235080278703,0.0,0.0117574257425742,0.0452261306532663,0.0,0.0,0.023391812865497,0.0,0.0140449438202247,0.0,0.0,0.0,0.0003511235955056,0.0004283572499464,0.0198789974070872,0.0420032310177706,0.0101483216237314,0.0009487666034155,0.0410958904109589,0.0692473118279569,0.0127157129881925,0.0239744272775705,0.75,0.047735618115055,0.0021438789268653,0.0021109505560092,0.1538461538461538,0.0380952380952381,0.0566037735849056,0.028169014084507,0.0199134199134199
692,TBStack-LR,1,1,TreeStacking,Rename Class,0.0,0.0,0.0471976401179941,0.0,0.0,0.0,0.001990615668989,0.0,0.0,0.0476190476190476,0.0,0.0,0.0,0.0,0.0,0.0,0.0006188118811881,0.0,0.0,0.0,0.0,0.0,0.0009363295880149,0.0,0.0009090909090909,0.0,0.0,0.0,0.0,0.0008077544426494,0.0074941451990632,0.0009487666034155,0.0,0.0141935483870967,0.0,0.0002663825253063,0.0,0.0,0.0,0.0,0.0,0.0,0.0,0.0,0.0
693,TBStack-LR,1,1,TreeStacking,Rename Class,0.0,0.0150357406950948,0.0255653883972468,0.0043103448275862,0.0,0.0001471354565797,0.0060124718165383,0.0171990171990172,0.0062751004016064,0.1904761904761904,0.0008818342151675,0.0,0.0,0.0066606115652437,0.0036352620418055,0.0,0.0154702970297029,0.1105527638190954,0.0219780219780219,0.0,0.0,0.0,0.0168539325842696,0.0,0.0,0.0,0.0037745786516853,0.0006425358749196,0.0129645635263612,0.0525040387722132,0.0006245120999219,0.0018975332068311,0.0,0.0473118279569892,0.015137753557372,0.0159829515183803,0.3846153846153846,0.0232558139534883,0.0744941902375074,0.000100521455048,0.3846153846153846,0.1047619047619047,0.1509433962264151,0.0146478873239436,0.0043290043290043
694,TBStack-LR,1,1,TreeStacking,Rename Class,0.1649484536082474,0.0271136307616465,0.0226155358898721,0.0025862068965517,0.0,0.0002306654814088,0.0213483374296683,0.0024570024570024,0.001004016064257,0.238095238095238,0.0132275132275132,0.0,0.0,0.0196790796245837,0.0012117540139351,0.0,0.0167079207920792,0.2914572864321608,0.0934065934065934,0.0,0.0058479532163742,0.0012110202845897,0.0084269662921348,0.0012110202845897,0.0,0.0,0.0052668539325842,0.0004283572499464,0.0,0.0961227786752827,0.0202966432474629,0.0018975332068311,0.0091324200913242,0.0993548387096774,0.0260369361186799,0.0151838039424613,1.0,0.003671970624235,0.0041869133745924,0.0015078218257209,0.0769230769230769,0.0,0.0094339622641509,0.0230985915492957,0.0025974025974025
695,TBStack-LR,1,1,TreeStacking,Rename Class,0.0,0.0034508257333004,0.0,0.0,0.0,0.0,0.0002843736669984,0.0,0.0032630522088353,0.0,0.0,0.0,0.0,0.0042385709960641,0.004241139048773,0.0,0.0,0.0,0.0,0.0,0.0,0.0042385709960641,0.0,0.0042385709960641,0.0,0.0,0.0,0.0,0.0,0.0,0.0021857923497267,0.0009487666034155,0.0,0.0098924731182795,0.0042385709960641,0.0,0.0,0.0,0.0,0.0,0.0,0.0,0.0,0.0,0.0
696,TBStack-LR,1,1,TreeStacking,Rename Class,0.1134020618556701,0.0189795415331525,0.0117994100294985,0.0008620689655172,0.0,0.0,0.0140764965164225,0.0073710073710073,0.001004016064257,0.2857142857142857,0.0013227513227513,0.0,0.0,0.0115046927036027,0.0021205695243865,0.0,0.0043316831683168,0.1809045226130653,0.0164835164835164,0.0,0.0,0.0006055101422948,0.0028089887640449,0.002119285498032,0.0,0.0,0.0124648876404494,0.0002141786249732,0.0025929127052722,0.0654281098546042,0.0131147540983606,0.0018975332068311,0.0,0.0843010752688172,0.0211928549803209,0.0125199786893979,0.8888888888888888,0.00734394124847,0.0032195533710068,0.0008544323679085,0.1538461538461538,0.0095238095238095,0.0283018867924528,0.0126760563380281,0.0025974025974025
697,TBStack-LR,1,1,TreeStacking,Rename Class,0.0068728522336769,0.0182400788760167,0.0432645034414945,0.0017241379310344,0.0,0.000277411642093,0.0107858869411549,0.0196560196560196,0.0052710843373493,0.2857142857142857,0.0066137566137566,0.0,0.0,0.0030275507114744,0.0012117540139351,0.002710027100271,0.0204207920792079,0.0251256281407035,0.0109890109890109,0.0081967213114754,0.0350877192982456,0.0012110202845897,0.0234082397003745,0.0015137753557372,0.0018181818181818,0.0,0.000438904494382,0.0010708931248661,0.0155574762316335,0.098546042003231,0.024199843871975,0.0009487666034155,0.0319634703196347,0.1109677419354838,0.0133212231304874,0.0189131592967501,0.2631578947368421,0.0171358629130966,0.0013259181516327,0.0011057360055286,0.4615384615384615,0.0476190476190476,0.1037735849056603,0.0107042253521126,0.0043290043290043
698,TBStack-LR,1,1,TreeStacking,Rename Class,0.0171821305841924,0.0071481390189795,0.0344149459193707,0.0,0.0,0.0002115072188333,0.0022140521216306,0.0,0.0025100401606425,0.0,0.0,0.0,0.0,0.0087798970632758,0.0087852166010299,0.0,0.0148514851485148,0.0,0.0,0.0,0.0,0.0084771419921283,0.0,0.0087798970632758,0.0,0.0,0.0,0.0,0.0,0.0024232633279483,0.0037470725995316,0.0009487666034155,0.0,0.0559139784946236,0.0087798970632758,0.0063931806073521,0.238095238095238,0.0024479804161566,0.0014192926693533,0.0004272161839542,0.3846153846153846,0.0380952380952381,0.0849056603773584,0.0059154929577464,0.0008658008658008
699,TBStack-LR,1,1,TreeStacking,Rename Class,0.0,0.0002464875523786,0.0019665683382497,0.0,0.0,0.0,0.0001828116430704,0.0,0.0,0.0476190476190476,0.0,0.0,0.0,0.0003027550711474,0.0003029385034837,0.0,0.0012376237623762,0.0050251256281407,0.0,0.0,0.0,0.0,0.0009363295880149,0.0,0.0,0.0,0.0,0.0002141786249732,0.0008643042350907,0.0016155088852988,0.0001561280249804,0.0009487666034155,0.0,0.006021505376344,0.0003027550711474,0.0005327650506126,0.0,0.0,0.0,0.0,0.0,0.0,0.0,0.0,0.0
700,TBStack-LR,1,0,TreeStacking,Rename Class,0.0,0.0310574315997042,0.1101278269419862,0.0094827586206896,0.0,0.0024216043895411,0.0132640003249984,0.0417690417690417,0.0100401606425702,0.2857142857142857,0.0052910052910052,0.0,0.3791469194312796,0.0,0.0,0.0,0.0495049504950495,0.0,0.0,0.0,0.0,0.0,0.0,0.0,0.0,0.0,0.0083391853932584,0.0008567144998929,0.0950734658599827,0.0654281098546042,0.0196721311475409,0.0009487666034155,0.0,0.1212903225806451,0.0254314259763851,0.0442194992008524,0.0,0.0,0.0,0.0,0.0,0.0,0.0,0.0,0.0
701,TBStack-LR,1,1,TreeStacking,Rename Class,0.0,0.0093665269903869,0.0255653883972468,0.0043103448275862,0.0,3.0653220120773688e-06,0.0109280737746541,0.0073710073710073,0.003012048192771,0.238095238095238,0.001763668430335,0.0,0.0,0.004844081138359,0.0048470160557406,0.0,0.0024752475247524,0.0804020100502512,0.0109890109890109,0.0,0.0,0.0,0.0009363295880149,0.004844081138359,0.0009090909090909,0.0,0.0002633426966292,0.0004283572499464,0.0017286084701815,0.0444264943457189,0.0046838407494145,0.00853889943074,0.0045662100456621,0.0950537634408602,0.0096881622767181,0.0050612679808204,0.0,0.0,0.0,0.0,0.0,0.0,0.0,0.0,0.0
702,TBStack-LR,1,1,TreeStacking,Rename Class,0.0034364261168384,0.0027113630761646,0.0688298918387414,0.0008620689655172,0.0,4.5979830181160536e-06,0.0281936178424163,0.0,0.0005020080321285,0.0952380952380952,0.0022045855379188,0.0,0.0,0.0003027550711474,0.0003029385034837,0.0,0.0024752475247524,0.0050251256281407,0.0164835164835164,0.0,0.0,0.0,0.0009363295880149,0.0003027550711474,0.0036363636363636,0.0,0.0003511235955056,0.0,0.0008643042350907,0.0210016155088853,0.0018735362997658,0.0673624288425047,0.0091324200913242,0.2619354838709677,0.0024220405691795,0.0021310602024507,0.0,0.0,0.0,0.0,0.0,0.0,0.0,0.0,0.0
703,TBStack-LR,1,1,TreeStacking,Rename Class,0.0,0.0081340892284939,0.0127826941986234,0.0,0.0,2.2989915090580268e-06,0.0039609189331925,0.0049140049140049,0.003012048192771,0.1904761904761904,0.0119047619047619,0.0,0.0,0.0018165304268846,0.0006058770069675,0.0,0.0037128712871287,0.0,0.0164835164835164,0.0,0.0,0.0018165304268846,0.0028089887640449,0.0018165304268846,0.0054545454545454,0.0,0.0011411516853932,0.0,0.0,0.0621970920840064,0.0078064012490242,0.0009487666034155,0.0228310502283105,0.0593548387096774,0.0081743869209809,0.0095897709110282,0.7,0.01468788249694,0.0005751870291589,0.001683734372055,0.1538461538461538,0.0095238095238095,0.0283018867924528,0.0140845070422535,0.0
704,TBStack-LR,1,1,TreeStacking,Rename Class,0.0859106529209622,0.0110919398570372,0.0098328416912487,0.0017241379310344,0.0,3.601753364190908e-05,0.0269951859600658,0.0073710073710073,0.002008032128514,0.1904761904761904,0.0008818342151675,0.0070422535211267,0.0,0.004844081138359,0.0003029385034837,0.0,0.0086633663366336,0.0050251256281407,0.0,0.1229508196721311,0.0467836257309941,0.0,0.0056179775280898,0.0006055101422948,0.0,0.0,0.001755617977528,0.0010708931248661,0.0077787381158167,0.0274636510500807,0.0084309133489461,0.0066413662239089,0.0045662100456621,0.1040860215053763,0.0105964274901604,0.0095897709110282,0.0,0.0,0.0,0.0,0.0,0.0,0.0,0.0,0.0
705,TBStack-LR,1,1,TreeStacking,Rename Class,0.0034364261168384,0.0216909046093172,0.0432645034414945,0.0086206896551724,0.0,0.0001770223461974,0.0142389957547074,0.0393120393120393,0.0002510040160642,0.1428571428571428,0.013668430335097,0.0,0.0,0.0,0.0,0.0,0.0136138613861386,0.0,0.0494505494505494,0.0,0.0,0.0,0.0121722846441947,0.0,0.019090909090909,0.0,0.004564606741573,0.0012850717498393,0.010371650821089,0.2609046849757674,0.0004683840749414,0.0009487666034155,0.0,0.0559139784946236,0.0242204056917953,0.0287693127330847,0.6842105263157895,0.0024479804161566,0.002853525261542,0.0001759125463341,0.3076923076923077,0.0,0.0377358490566037,0.0053521126760563,0.0095238095238095
706,TBStack-LR,1,1,TreeStacking,Rename Class,0.0,0.0867636184372689,0.0629301868239921,0.0439655172413793,0.0897435897435897,0.0,0.0268529991265665,0.0073710073710073,0.1608935742971887,0.3333333333333333,0.0568783068783068,0.0,0.0,0.0166515289131092,0.0024235080278703,0.0,0.0117574257425742,0.2763819095477387,0.0879120879120879,0.0,0.0058479532163742,0.0,0.0018726591760299,0.0024220405691795,0.0,0.0,0.0701369382022471,0.0059970014992503,0.003457216940363,0.1995153473344103,0.0034348165495706,0.0009487666034155,0.0,0.1023655913978494,0.0744777475022706,0.0583377730420884,0.0,0.0,0.0,0.0,0.0,0.0,0.0,0.0,0.0
707,TBStack-LR,1,0,TreeStacking,Rename Class,0.0,0.0285925560759181,0.0186823992133726,0.0241379310344827,0.0,0.0012138675167826,0.0209420893339562,0.0049140049140049,0.0002510040160642,0.1428571428571428,0.005731922398589,0.0,0.0,0.0069633666363911,0.0045440775522568,0.0,0.0445544554455445,0.0753768844221105,0.0109890109890109,0.0,0.0,0.0024220405691795,0.0646067415730337,0.0039358159249167,0.0027272727272727,0.0,0.004125702247191,0.0042835724994645,0.0812445980985306,0.0573505654281098,0.0078064012490242,0.0047438330170777,0.0091324200913242,0.0705376344086021,0.0163487738419618,0.0578050079914757,1.0,0.0024479804161566,0.0091656426594556,2.513036376201545e-05,0.0769230769230769,0.0,0.0094339622641509,0.0011267605633802,0.0424242424242424
708,TBStack-LR,1,1,TreeStacking,Rename Class,0.0,0.0,0.0029498525073746,0.0,0.0,0.0,6.09372143568077e-05,0.0,0.0,0.0476190476190476,0.0,0.0,0.0,0.0,0.0,0.0,0.0006188118811881,0.0,0.0,0.0,0.0,0.0,0.0009363295880149,0.0,0.0,0.0,0.0,0.0,0.0008643042350907,0.0,0.0,0.0009487666034155,0.0,0.0017204301075268,0.0,0.0002663825253063,0.0,0.0,0.0,0.0,0.0,0.0,0.0,0.0,0.0
709,TBStack-LR,1,1,TreeStacking,Rename Class,0.0,0.0098595020951441,0.0127826941986234,0.0,0.1923076923076923,0.0,0.0186061627836119,0.0,0.0022590361445783,0.1904761904761904,0.0004409171075837,0.0,0.0,0.0024220405691795,0.0,0.0,0.0006188118811881,0.0402010050251256,0.0,0.0,0.0,0.0,0.0009363295880149,0.0,0.0,0.0,8.778089887640449e-05,0.0010708931248661,0.0,0.0258481421647819,0.0101483216237314,0.0037950664136622,0.0091324200913242,0.1062365591397849,0.0130184680593399,0.0095897709110282,1.0,0.0,0.0,0.0,0.0769230769230769,0.0,0.0094339622641509,0.000281690140845,0.0008658008658008
710,TBStack-LR,1,1,TreeStacking,Rename Class,0.0,0.0039438008380576,0.0137659783677482,0.0008620689655172,0.0,1.6859271066425527e-05,0.0026203002173427,0.0,0.0,0.1428571428571428,0.0022045855379188,0.0,0.0,0.0018165304268846,0.0018176310209027,0.0,0.0074257425742574,0.0301507537688442,0.0,0.0,0.0116959064327485,0.0,0.0084269662921348,0.0006055101422948,0.0009090909090909,0.0,0.0001755617977528,0.0004283572499464,0.0129645635263612,0.0250403877221324,0.0004683840749414,0.0009487666034155,0.0,0.0301075268817204,0.0030275507114744,0.0058604155567394,1.0,0.011015911872705,0.0017442359910211,0.0003643902745492,0.0769230769230769,0.0,0.0094339622641509,0.0059154929577464,0.0008658008658008
711,TBStack-LR,1,1,TreeStacking,Rename Class,0.0,0.0059157012570865,0.015732546705998,0.0017241379310344,0.0,0.0003241578027771,0.0030874855274115,0.0024570024570024,0.0,0.1904761904761904,0.0,0.0,0.0,0.0042385709960641,0.0003029385034837,0.0,0.0191831683168316,0.0703517587939698,0.0,0.0,0.0,0.0,0.0290262172284644,0.0003027550711474,0.0,0.0,0.0006144662921348,0.0004283572499464,0.0146931719965427,0.0137318255250403,0.0004683840749414,0.0009487666034155,0.0,0.0331182795698924,0.0045413260672116,0.0101225359616409,0.1153846153846153,0.0195838433292533,0.0032195533710068,0.0027266444681786,0.6153846153846154,0.1333333333333333,0.2075471698113207,0.0146478873239436,0.070995670995671
712,TBStack-LR,1,1,TreeStacking,Rename Class,0.0,0.002464875523786,0.0049164208456243,0.0,0.0,7.663305030193422e-07,0.0005687473339968,0.0024570024570024,0.0005020080321285,0.1904761904761904,0.0004409171075837,0.0070422535211267,0.0,0.0,0.0,0.0,0.0012376237623762,0.0,0.0,0.0,0.0058479532163742,0.0,0.0,0.0,0.0,0.0,8.778089887640449e-05,0.0,0.0008643042350907,0.0105008077544426,0.0006245120999219,0.0009487666034155,0.0045662100456621,0.0146236559139784,0.0027247956403269,0.0013319126265316,0.0,0.0,0.0,0.0,0.0,0.0,0.0,0.0,0.0
713,TBStack-LR,1,1,TreeStacking,Rename Class,0.0,0.0002464875523786,0.0,0.0,0.0,0.0,2.031240478560257e-05,0.0,0.0,0.0,0.0,0.0,0.0,0.0003027550711474,0.0003029385034837,0.0,0.0,0.0,0.0,0.0,0.0,0.0003027550711474,0.0,0.0003027550711474,0.0,0.0,0.0,0.0,0.0,0.0,0.0001561280249804,0.0009487666034155,0.0,0.0017204301075268,0.0003027550711474,0.0,0.0,0.0,0.0,0.0,0.0,0.0,0.0,0.0,0.0
714,TBStack-LR,1,1,TreeStacking,Rename Class,0.0,0.0904609317229479,0.0255653883972468,0.0284482758620689,0.0,3.525120313888974e-05,0.0229327050029452,0.0024570024570024,0.0474397590361445,0.238095238095238,0.0044091710758377,0.0,0.0,0.0251286709052376,0.0245380187821872,0.0,0.0099009900990099,0.2010050251256281,0.0329670329670329,0.0163934426229508,0.0,0.0121102028458976,0.0093632958801498,0.0248259158340902,0.0,0.0,0.0093925561797752,0.0002141786249732,0.020743301642178,0.0702746365105008,0.0854020296643247,0.0009487666034155,0.0410958904109589,0.0911827956989247,0.0526793823796548,0.0492807671816728,0.9821428571428572,0.0061199510403916,0.0007357911996384,0.0011936922786957,0.0769230769230769,0.0095238095238095,0.0188679245283018,0.0157746478873239,0.0025974025974025
715,TBStack-LR,1,1,TreeStacking,Rename Class,0.0,0.0004929751047572,0.0019665683382497,0.0,0.0,7.663305030193421e-06,0.0001624992382848,0.0,0.0,0.0,0.0,0.0,0.0,0.0006055101422948,0.0,0.0,0.0030940594059405,0.0,0.0,0.0,0.0,0.0,0.0,0.0,0.0,0.0,0.0001755617977528,0.0,0.0,0.0,0.0,0.0009487666034155,0.0,0.013763440860215,0.0006055101422948,0.0013319126265316,0.0,0.0,0.0,0.0,0.0,0.0,0.0,0.0,0.0
716,TBStack-LR,1,1,TreeStacking,Rename Class,0.0,0.0160216909046093,0.023598820058997,0.0155172413793103,0.0,0.0002835422861171,0.0061343462452519,0.0049140049140049,0.0022590361445783,0.3333333333333333,0.0035273368606701,0.0,0.0,0.0051468362095065,0.0,0.0,0.0198019801980198,0.0,0.0109890109890109,0.0,0.0,0.0,0.0243445692883895,0.0003027550711474,0.0,0.0,0.0069346910112359,0.0032126793745984,0.0250648228176318,0.0258481421647819,0.0012490241998438,0.0018975332068311,0.0273972602739726,0.046021505376344,0.0093854072055706,0.0207778369738945,0.5769230769230769,0.0134638922888616,0.0003772330515912,0.0011183011874096,0.1538461538461538,0.0,0.0188679245283018,0.0073239436619718,0.006060606060606
717,TBStack-LR,1,1,TreeStacking,Rename Class,0.0171821305841924,0.0160216909046093,0.0245821042281219,0.0103448275862068,0.0,3.141955062379303e-05,0.0110093233937965,0.0098280098280098,0.0015060240963855,0.1428571428571428,0.0030864197530864,0.0,0.0,0.0012110202845897,0.0,0.0,0.0086633663366336,0.0201005025125628,0.0604395604395604,0.0,0.0,0.0,0.0028089887640449,0.0,0.0,0.0,0.0014922752808988,0.0,0.0086430423509075,0.0597738287560581,0.0035909445745511,0.0009487666034155,0.0045662100456621,0.0529032258064516,0.015137753557372,0.0098561534363345,0.7647058823529411,0.0134638922888616,0.0034660620977892,0.0009926493685996,0.1538461538461538,0.0095238095238095,0.0283018867924528,0.0095774647887323,0.0008658008658008
718,TBStack-LR,1,1,TreeStacking,Rename Class,0.0,0.0002464875523786,0.0049164208456243,0.0,0.0,0.0,0.0008531210009953,0.0,0.0,0.0476190476190476,0.0,0.0,0.0,0.0003027550711474,0.0,0.0,0.0006188118811881,0.0050251256281407,0.0,0.0,0.0,0.0,0.0009363295880149,0.0,0.0,0.0,0.0,0.0,0.0,0.0008077544426494,0.0,0.0018975332068311,0.0,0.0098924731182795,0.0003027550711474,0.0002663825253063,0.0,0.0,0.0,0.0,0.0,0.0,0.0,0.0,0.0
719,TBStack-LR,1,1,TreeStacking,Rename Class,0.0034364261168384,0.0073946265713581,0.0707964601769911,0.0,0.0,1.1494957545290131e-05,0.0066218439601064,0.0024570024570024,0.0012550200803212,0.1428571428571428,0.0004409171075837,0.0,0.0,0.0018165304268846,0.0003029385034837,0.0,0.0043316831683168,0.0201005025125628,0.0109890109890109,0.0,0.0,0.0,0.0046816479400749,0.0009082652134423,0.0,0.0,0.0002633426966292,0.0,0.0051858254105445,0.0347334410339256,0.0118657298985167,0.0047438330170777,0.0045662100456621,0.0468817204301075,0.0078716318498334,0.0053276505061267,0.4285714285714285,0.0024479804161566,0.0010943493476856,0.0004146510020732,0.2307692307692307,0.0380952380952381,0.0660377358490566,0.0098591549295774,0.0008658008658008
720,TBStack-LR,1,1,TreeStacking,Rename Class,1.0,0.1212718757702736,0.0363815142576204,0.0008620689655172,0.0,0.0013656009563804,0.0540513091344884,0.0442260442260442,0.0022590361445783,0.1428571428571428,0.1199294532627865,0.0,0.0,0.1447169240084771,0.1448046046652529,0.1246612466124661,0.0377475247524752,0.0100502512562814,0.0054945054945054,0.0,0.0,0.1441114138661822,0.0552434456928839,0.1447169240084771,0.0545454545454545,0.0,0.0039501404494382,0.0,0.0674157303370786,0.0355411954765751,0.0916471506635441,0.0009487666034155,0.0,0.1019354838709677,0.1489554950045413,0.028236547682472,0.4361702127659574,0.02937576499388,0.0056547607931605,0.0042093359301375,0.2307692307692307,0.0285714285714285,0.0566037735849056,0.1323943661971831,0.0216450216450216
721,TBStack-LR,1,1,TreeStacking,Rename Class,0.0,0.0009859502095144,0.0058997050147492,0.0,0.0,7.663305030193422e-07,0.0005687473339968,0.0,0.0,0.0476190476190476,0.0,0.0,0.0,0.0003027550711474,0.0,0.0,0.0012376237623762,0.0050251256281407,0.0,0.0,0.0116959064327485,0.0,0.0,0.0,0.0,0.0,0.0,0.0,0.0008643042350907,0.0048465266558966,0.0009367681498829,0.0009487666034155,0.0,0.0129032258064516,0.0015137753557372,0.0005327650506126,0.0,0.0,0.0,0.0,0.0,0.0,0.0,0.0,0.0
722,TBStack-LR,1,1,TreeStacking,Rename Class,0.0,0.0,0.0452310717797443,0.0,0.0,0.0005678509027373,0.0017468668115618,0.0,0.0,0.0,0.0,0.0,0.0,0.0,0.0,0.0,0.0241336633663366,0.0,0.0,0.0,0.0,0.0,0.0,0.0,0.0,0.0,0.0,0.0,0.0,0.0,0.0,0.0009487666034155,0.0,0.0266666666666666,0.0,0.0103889184869472,0.0,0.0,0.0,0.0,0.0,0.0,0.0,0.0,0.0
723,TBStack-LR,1,1,TreeStacking,Rename Class,0.0,0.0,0.007866273352999,0.0,0.0,8.046470281703093e-05,0.0004265605004976,0.0,0.0,0.0,0.0,0.0,0.0,0.0,0.0,0.0,0.0092821782178217,0.0,0.0,0.0,0.0,0.0,0.0,0.0,0.0,0.0,0.0,0.0,0.0,0.0,0.0,0.0009487666034155,0.0,0.0120430107526881,0.0,0.003995737879595,0.75,0.0012239902080783,0.0001680741318971,0.0008167368222655,0.1538461538461538,0.0,0.0188679245283018,0.0045070422535211,0.0173160173160173
724,TBStack-LR,1,0,TreeStacking,Rename Class,0.0103092783505154,0.0064086763618437,0.0147492625368731,0.0017241379310344,0.0,3.831652515096711e-06,0.0026812374316995,0.0,0.0,0.1428571428571428,0.0,0.0,0.0,0.0018165304268846,0.0006058770069675,0.0,0.0037128712871287,0.0301507537688442,0.0109890109890109,0.0,0.0175438596491228,0.0,0.0,0.0006055101422948,0.0,0.0,8.778089887640449e-05,0.0,0.003457216940363,0.0315024232633279,0.0001561280249804,0.0009487666034155,0.0,0.032258064516129,0.0060551014229488,0.0066595631326584,0.8552631578947368,0.02203182374541,0.0486219788674791,0.0001759125463341,0.1538461538461538,0.019047619047619,0.0377358490566037,0.0214084507042253,0.0017316017316017
725,TBStack-LR,1,1,TreeStacking,Rename Class,0.0,0.0,0.0019665683382497,0.0051724137931034,0.0,1.1494957545290131e-05,0.0008124961914241,0.0,0.0,0.1428571428571428,0.0,0.0,0.0,0.0,0.0,0.0,0.0037128712871287,0.0,0.0,0.0,0.0,0.0,0.0056179775280898,0.0,0.0,0.0,0.0,0.0,0.0060501296456352,0.0008077544426494,0.0,0.0009487666034155,0.0,0.0141935483870967,0.0,0.002397442727757,0.0,0.0,0.0,0.0,0.0,0.0,0.0,0.0,0.0
726,TBStack-LR,1,1,TreeStacking,Rename Class,0.1099656357388316,0.013063840276066,0.0324483775811209,0.0025862068965517,0.0,2.758789810869632e-05,0.0208811521195994,0.0024570024570024,0.0,0.1904761904761904,0.0013227513227513,0.0,0.0,0.0093854072055706,0.0009088155104513,0.0,0.0074257425742574,0.1457286432160804,0.0439560439560439,0.0,0.0,0.0006055101422948,0.0037453183520599,0.0093854072055706,0.01,0.0,0.000438904494382,0.0006425358749196,0.010371650821089,0.0234248788368336,0.0179547228727556,0.0009487666034155,0.0410958904109589,0.1131182795698924,0.0160460187708144,0.0106553010122535,0.6,0.0024479804161566,6.72296527588435e-05,0.0002889991832631,0.1538461538461538,0.0,0.0188679245283018,0.0014084507042253,0.0008658008658008
727,TBStack-LR,1,1,TreeStacking,Rename Class,0.0,0.0054227261523293,0.4886922320550639,0.0060344827586206,0.0,0.1295642644759832,0.0618512725721598,0.0073710073710073,0.0027610441767068,0.1428571428571428,0.2826278659611992,0.0,0.0,0.0,0.0,0.0,0.3601485148514851,0.0,0.0384615384615384,0.0,0.023391812865497,0.0,0.5205992509363296,0.0,0.5227272727272727,0.0,0.0021067415730337,0.0014992503748125,0.4987035436473639,0.178513731825525,0.2444964871194379,0.0009487666034155,0.0,0.1901075268817204,0.004844081138359,0.1595631326584976,1.0,0.0048959608323133,0.0177635682511699,0.0038952063831123,0.0769230769230769,0.0,0.0094339622641509,0.0107042253521126,0.0017316017316017
728,TBStack-LR,1,1,TreeStacking,Rename Class,0.0,0.0,0.0,0.0,0.0,7.663305030193422e-07,4.062480957120514e-05,0.0,0.0,0.0,0.0,0.0,0.0,0.0,0.0,0.0,0.0012376237623762,0.0,0.0,0.0,0.0,0.0,0.0018726591760299,0.0,0.0,0.0,0.0,0.0,0.0,0.0,0.0,0.0009487666034155,0.0,0.0021505376344086,0.0,0.0005327650506126,0.0,0.0,0.0,0.0,0.0,0.0,0.0,0.0,0.0
729,TBStack-LR,1,1,TreeStacking,Rename Class,0.0,0.0,0.0,0.0,0.0,0.0,0.0036968576709796,0.0,0.0,0.0,0.0,0.0,0.0,0.0,0.0,0.0,0.0,0.0,0.0,0.0,0.0,0.0,0.0,0.0,0.0,0.0,0.0,0.0,0.0,0.0,0.0,0.0,0.0,0.0,0.0,0.0,0.12,0.0465116279069767,0.0009188052543708,0.0006031287302883,0.5384615384615385,0.2095238095238095,0.2735849056603773,0.028169014084507,0.0
730,TBStack-LR,1,1,TreeStacking,Rename Class,0.0,0.0004929751047572,0.0098328416912487,0.0,0.0,0.0,0.000304686071784,0.0,0.0,0.0476190476190476,0.0,0.0,0.0,0.0006055101422948,0.0006058770069675,0.0,0.0024752475247524,0.0100502512562814,0.0054945054945054,0.0,0.0,0.0,0.0028089887640449,0.0,0.0009090909090909,0.0,0.0,0.0,0.0025929127052722,0.0016155088852988,0.0,0.0009487666034155,0.0,0.0051612903225806,0.0006055101422948,0.0010655301012253,0.0,0.0,0.0,0.0,0.0,0.0,0.0,0.0,0.0
731,TBStack-LR,1,1,TreeStacking,Rename Class,0.0068728522336769,0.0009859502095144,0.0058997050147492,0.0,0.0961538461538461,7.663305030193422e-07,0.0057077857447543,0.0,0.0,0.0476190476190476,0.0004409171075837,0.0,0.0,0.0009082652134423,0.0006058770069675,0.0,0.0012376237623762,0.0150753768844221,0.0,0.0,0.0,0.0,0.0018726591760299,0.0003027550711474,0.0,0.0,0.0,0.0,0.0,0.0072697899838449,0.0004683840749414,0.0009487666034155,0.0,0.0713978494623655,0.0012110202845897,0.0005327650506126,0.64,0.0097919216646266,0.0011541090390268,0.0010429100961236,0.1538461538461538,0.0095238095238095,0.0283018867924528,0.0140845070422535,0.0
732,TBStack-LR,1,1,TreeStacking,Rename Class,0.0,0.0391915208281981,0.0226155358898721,0.0094827586206896,0.0,0.0002298991509058,0.0186670999979687,0.0466830466830466,0.0168172690763052,0.2857142857142857,0.0026455026455026,0.0,0.0,0.0003027550711474,0.0003029385034837,0.0,0.0154702970297029,0.0,0.0,0.0,0.1228070175438596,0.0003027550711474,0.0037453183520599,0.0003027550711474,0.0,0.0,0.0019311797752808,0.0070678946241165,0.0060501296456352,0.1114701130856219,0.0345042935206869,0.0009487666034155,0.0319634703196347,0.0864516129032258,0.0396609143203148,0.0649973361747469,1.0,0.0,0.0049861992462808,0.0,0.0769230769230769,0.0,0.0094339622641509,0.000281690140845,0.0008658008658008
733,TBStack-LR,1,1,TreeStacking,Rename Class,0.0,0.0,0.0,0.0,0.0,2.2989915090580268e-06,0.0001828116430704,0.0,0.0,0.0476190476190476,0.0,0.0,0.0,0.0,0.0,0.0,0.0018564356435643,0.0,0.0,0.0,0.0,0.0,0.0028089887640449,0.0,0.0,0.0,0.0,0.0,0.0,0.0024232633279483,0.0,0.0009487666034155,0.0,0.0025806451612903,0.0,0.000799147575919,0.0,0.0,0.0,0.0,0.0,0.0,0.0,0.0,0.0
734,TBStack-LR,1,1,TreeStacking,Rename Class,0.0,0.0,0.0009832841691248,0.0,0.0,2.2989915090580268e-06,8.124961914241028e-05,0.0,0.0,0.0,0.0,0.0,0.0,0.0,0.0,0.0,0.0018564356435643,0.0,0.0,0.0,0.0,0.0,0.0028089887640449,0.0,0.0,0.0,0.0,0.0,0.0,0.0,0.0,0.0009487666034155,0.0,0.0038709677419354,0.0,0.000799147575919,0.504950495049505,0.0379436964504283,0.0153246258483074,1.2565181881007728e-05,0.1538461538461538,0.1428571428571428,0.160377358490566,0.0284507042253521,0.0008658008658008
735,TBStack-LR,1,1,TreeStacking,Rename Class,0.0,0.0007394626571358,0.0117994100294985,0.0008620689655172,0.0,0.0,0.0023359265503442,0.0,0.0,0.0952380952380952,0.0013227513227513,0.0,0.0,0.0006055101422948,0.0006058770069675,0.0,0.0012376237623762,0.0050251256281407,0.0,0.0081967213114754,0.0,0.0,0.0018726591760299,0.0,0.0,0.0,8.778089887640449e-05,0.0,0.0017286084701815,0.0064620355411954,0.0,0.0018975332068311,0.0,0.0301075268817204,0.0009082652134423,0.000799147575919,0.0,0.0,0.0,0.0,0.0,0.0,0.0,0.0,0.0
736,TBStack-LR,1,1,TreeStacking,Rename Class,0.1374570446735395,0.0133103278284446,0.0580137659783677,0.0112068965517241,0.0,5.287680470833461e-05,0.0195405334037496,0.0073710073710073,0.0005020080321285,0.2857142857142857,0.0,0.0,0.0,0.0039358159249167,0.0003029385034837,0.0,0.0111386138613861,0.0402010050251256,0.0329670329670329,0.0,0.0058479532163742,0.0009082652134423,0.0102996254681647,0.0003027550711474,0.0,0.0,0.0019311797752808,0.0023559648747055,0.0112359550561797,0.1033925686591276,0.0053083528493364,0.0028462998102466,0.0045662100456621,0.1113978494623656,0.0136239782016348,0.0234416622269579,0.6590909090909091,0.0660954712362301,0.0047508954616249,0.0019099076459131,0.1538461538461538,0.0571428571428571,0.0754716981132075,0.0247887323943662,0.0025974025974025
737,TBStack-LR,1,1,TreeStacking,Rename Class,0.0,0.0138033029332018,0.0058997050147492,0.0,0.0,0.0008828127394782,0.0043062298145477,0.0,0.0,0.0476190476190476,0.0,0.0,0.0,0.007568876778686,0.0003029385034837,0.0,0.0321782178217821,0.1256281407035175,0.0,0.0,0.0,0.0,0.048689138576779,0.0003027550711474,0.0,0.0,8.778089887640449e-05,0.0,0.0216076058772687,0.0024232633279483,0.0001561280249804,0.0009487666034155,0.0,0.0382795698924731,0.007568876778686,0.0138518913159296,0.5,0.003671970624235,0.00212893900403,0.0002261732738581,0.2307692307692307,0.0,0.0283018867924528,0.0016901408450704,0.0424242424242424
738,TBStack-LR,1,1,TreeStacking,Rename Class,0.0,0.0081340892284939,0.0206489675516224,0.0077586206896551,0.0,0.005708395916991,0.0110093233937965,0.0,0.0007530120481927,0.1428571428571428,0.060405643738977,0.0,0.0,0.0078716318498334,0.0078764010905786,0.0,0.0761138613861386,0.0,0.0494505494505494,0.0,0.0,0.0078716318498334,0.1039325842696629,0.0078716318498334,0.1118181818181818,0.0,0.0009655898876404,0.0004283572499464,0.0976663785652549,0.0654281098546042,0.0049960967993754,0.0009487666034155,0.0045662100456621,0.0950537634408602,0.0099909173478655,0.0343633457645178,0.4545454545454545,0.0024479804161566,0.000616271816956,0.0009298234591945,0.4615384615384615,0.0571428571428571,0.1132075471698113,0.0154929577464788,0.0077922077922077
739,TBStack-LR,1,1,TreeStacking,Rename Class,0.0,0.0088735518856297,0.0599803343166175,0.0,0.0,6.973607577476014e-05,0.0029452986939123,0.0,0.0,0.0952380952380952,0.0,0.0,0.0,0.0,0.0,0.0,0.0086633663366336,0.0,0.0,0.0,0.0,0.0,0.0131086142322097,0.0,0.0,0.0,0.0050912921348314,0.0,0.0198789974070872,0.0088852988691437,0.009367681498829,0.0009487666034155,0.0,0.0275268817204301,0.0012110202845897,0.0095897709110282,0.0,0.0,0.0,0.0,0.0,0.0,0.0,0.0,0.0
740,TBStack-LR,1,1,TreeStacking,Rename Class,0.0,0.0,0.0019665683382497,0.0,0.0,0.0,4.062480957120514e-05,0.0,0.0,0.0,0.0,0.0070422535211267,0.0,0.0,0.0,0.0,0.0006188118811881,0.0,0.0,0.0,0.0,0.0,0.0,0.0,0.0,0.0,0.0,0.0,0.0,0.0,0.0,0.0009487666034155,0.0,0.0025806451612903,0.0,0.0002663825253063,0.0,0.0,0.0,0.0,0.0,0.0,0.0,0.0,0.0
741,TBStack-LR,1,0,TreeStacking,Rename Class,0.0,0.1257086517130884,0.2350049164208456,0.1275862068965517,0.0,0.0027917420224994,0.0588450366638906,0.1007371007371007,0.0148092369477911,0.2857142857142857,0.0158730158730158,0.0,0.0,0.0006055101422948,0.0006058770069675,0.0,0.0532178217821782,0.0050251256281407,0.0439560439560439,0.0,0.0,0.0003027550711474,0.0730337078651685,0.0003027550711474,0.0,0.0,0.0063202247191011,0.0134932533733133,0.0821089023336214,0.6340872374798062,0.0257611241217798,0.0009487666034155,0.0045662100456621,0.1574193548387096,0.1332122313048743,0.1326584976025572,0.3060747663551402,0.3598531211750305,0.0241840000896395,0.0467676069611107,0.3846153846153846,0.1809523809523809,0.2264150943396226,0.1205633802816901,0.019047619047619
742,TBStack-LR,1,1,TreeStacking,Rename Class,0.0068728522336769,0.0064086763618437,0.0098328416912487,0.0,0.0,9.502498237439844e-05,0.0027015498364851,0.0,0.0,0.1428571428571428,0.0,0.0422535211267605,0.0,0.002119285498032,0.0,0.0,0.010519801980198,0.0,0.0,0.0573770491803278,0.0350877192982456,0.0,0.0102996254681647,0.0,0.0,0.0,8.778089887640449e-05,0.0,0.0077787381158167,0.0234248788368336,0.0010928961748633,0.0009487666034155,0.0,0.0232258064516129,0.0042385709960641,0.0077250932338838,0.0,0.0,0.0,0.0,0.0,0.0,0.0,0.0,0.0
743,TBStack-LR,1,0,TreeStacking,Rename Class,0.0,0.0039438008380576,0.0324483775811209,0.0,0.0,0.0,0.0028437366699843,0.0024570024570024,0.0017570281124497,0.1904761904761904,0.0035273368606701,0.0,0.0,0.0009082652134423,0.0009088155104513,0.0,0.005569306930693,0.0150753768844221,0.0,0.0,0.0058479532163742,0.0,0.0074906367041198,0.0003027550711474,0.0,0.0,8.778089887640449e-05,0.0,0.006914433880726,0.0153473344103392,0.0029664324746291,0.0009487666034155,0.0,0.0356989247311827,0.0042385709960641,0.0034629728289824,0.0,0.0,0.0,0.0,0.0,0.0,0.0,0.0,0.0
744,TBStack-LR,1,1,TreeStacking,Rename Class,0.0,0.0007394626571358,0.0009832841691248,0.0,0.0,0.0,0.000406248095712,0.0,0.0,0.0476190476190476,0.0,0.0,0.0,0.0009082652134423,0.0009088155104513,0.0,0.0024752475247524,0.0150753768844221,0.0,0.0,0.0,0.0,0.0037453183520599,0.0,0.0,0.0,0.0,0.0,0.0025929127052722,0.0,0.0,0.0009487666034155,0.0,0.0043010752688172,0.0009082652134423,0.0010655301012253,0.0,0.0,0.0,0.0,0.0,0.0,0.0,0.0,0.0
745,TBStack-LR,1,1,TreeStacking,Rename Class,0.0,0.0278530934187823,0.0422812192723697,0.0163793103448275,0.0,0.0002689820065597,0.0093233937965915,0.0,0.0015060240963855,0.2857142857142857,0.0048500881834215,0.0,0.0,0.0042385709960641,0.0018176310209027,0.0,0.0216584158415841,0.0703517587939698,0.0219780219780219,0.0,0.0116959064327485,0.0,0.0271535580524344,0.0,0.0,0.0126582278481012,0.0014044943820224,0.001927607624759,0.0267934312878133,0.0468497576736672,0.0071818891491022,0.0009487666034155,0.0319634703196347,0.0688172043010752,0.0121102028458976,0.030633990410229,0.9148936170212766,0.0269277845777233,0.001404352746518,0.0009298234591945,0.1538461538461538,0.0,0.0188679245283018,0.0132394366197183,0.0069264069264069
746,TBStack-LR,1,1,TreeStacking,Rename Class,0.0,0.0,0.0,0.0,0.0,0.0,0.0127358778005728,0.0,0.0,0.0,0.0,0.0,0.0,0.0,0.0,0.0,0.0,0.0,0.0,0.0,0.0,0.0,0.0,0.0,0.0,0.0,0.0,0.0,0.0,0.0,0.0,0.0,0.0,0.0,0.0,0.0,0.14,0.0746634026927784,0.0026032815540507,0.0003895206383112,0.4615384615384615,0.1523809523809524,0.2075471698113207,0.028169014084507,0.0
747,TBStack-LR,1,1,TreeStacking,Rename Class,0.0,0.0093665269903869,0.0058997050147492,0.0017241379310344,0.0,4.5979830181160536e-06,0.0028234242651987,0.0049140049140049,0.0012550200803212,0.1904761904761904,0.0044091710758377,0.0,0.0,0.0,0.0,0.0,0.0024752475247524,0.0,0.0,0.0,0.0,0.0,0.0037453183520599,0.0,0.0036363636363636,0.0,0.0043890449438202,0.0042835724994645,0.0051858254105445,0.0258481421647819,0.0192037470725995,0.0009487666034155,0.0,0.021505376344086,0.0057523463518013,0.0114544485881726,0.0,0.0,0.0,0.0,0.0,0.0,0.0,0.0,0.0
748,TBStack-LR,1,1,TreeStacking,Rename Class,0.0,0.0004929751047572,0.0009832841691248,0.0,0.0,0.0,0.000304686071784,0.0,0.0005020080321285,0.0476190476190476,0.0004409171075837,0.0,0.0,0.0003027550711474,0.0,0.0,0.0012376237623762,0.0050251256281407,0.0,0.0,0.0,0.0,0.0018726591760299,0.0,0.0,0.0,8.778089887640449e-05,0.0002141786249732,0.0,0.0048465266558966,0.0,0.0009487666034155,0.0,0.0077419354838709,0.0003027550711474,0.0005327650506126,0.0,0.0,0.0,0.0,0.0,0.0,0.0,0.0,0.0
749,TBStack-LR,1,1,TreeStacking,Rename Class,0.0171821305841924,0.0078876016761153,0.0373647984267453,0.0025862068965517,0.0,2.3756245593599606e-05,0.0064593447218216,0.0,0.0002510040160642,0.238095238095238,0.0,0.0,0.0,0.0033303057826218,0.0009088155104513,0.0,0.0111386138613861,0.0552763819095477,0.0109890109890109,0.0,0.0409356725146198,0.0,0.0056179775280898,0.0003027550711474,0.0,0.0,0.0007022471910112,0.0004283572499464,0.0086430423509075,0.0743134087237479,0.0037470725995316,0.0009487666034155,0.0182648401826484,0.0580645161290322,0.0090826521344232,0.0130527437400106,0.3156028368794326,0.0966952264381884,0.5979704114828247,0.0263868819501162,0.3846153846153846,0.2666666666666667,0.3113207547169811,0.0794366197183098,0.0242424242424242
